MANDT,CARRID,CONNID,FLDATE,PRICE,CURRENCY,PLANETYPE,SEATSMAX,SEATSOCC,PAYMENTSUM,SEATSMAX_B,SEATSOCC_B,SEATSMAX_F,SEATSOCC_F
000,LH,0400,2023-05-28,899.00,DEM,A319,350,3,2639.00,0,0,0,0
000,LH,0454,2023-08-19,1499.00,DEM,A319,350,2,2949.00,0,0,0,0
000,LH,0455,2023-06-28,1090.00,USD,A319,220,1,1499.00,0,0,0,0
000,LH,3577,2023-06-15,6000.00,LIT,A319,220,1,600.00,0,0,0,0
000,SQ,0026,2023-05-28,849.00,DEM,DC-10-10,380,2,1684.00,0,0,0,0
001,LH,0400,2023-05-28,899.00,DEM,A319,350,3,2639.00,0,0,0,0
001,LH,0454,2023-08-19,1499.00,DEM,A319,350,2,2949.00,0,0,0,0
001,LH,0455,2023-06-28,1090.00,USD,A319,220,1,1499.00,0,0,0,0
001,LH,3577,2023-06-15,6000.00,LIT,A319,220,1,600.00,0,0,0,0
001,SQ,0026,2023-05-28,849.00,DEM,DC-10-10,380,2,1684.00,0,0,0,0
000,AC,0820,2025-11-22,1222.00,CAD,A330-300,320,12,0.00,20,1,0,0
001,AC,0820,2025-11-22,1222.00,CAD,A330-300,320,12,0.00,20,1,0,0
000,AF,0820,2025-11-23,2222.00,EUR,A330-300,320,2,0.00,20,1,0,0
000,LH,9981,2025-11-23,222.00,EUR,A330-300,320,12,0.00,20,1,0,0
001,AF,0820,2025-11-23,2222.00,EUR,A330-300,320,2,0.00,20,1,0,0
001,LH,9981,2025-11-23,222.00,EUR,A330-300,320,12,0.00,20,1,0,0
300,SQ,0158,2025-03-26,494.79,SGD,A321,220,220,135611.84,22,22,11,11
300,SQ,0161,2025-03-26,494.79,SGD,A321,220,220,135948.28,22,22,11,11
300,UA,3516,2025-03-26,611.01,USD,DC-10-10,380,367,281291.06,41,39,18,18
300,SQ,0863,2025-03-26,512.99,SGD,A319,220,219,139379.17,22,22,10,10
300,SQ,0866,2025-03-26,512.99,SGD,DC-10-10,380,380,244500.90,41,41,18,18
300,SQ,0988,2025-03-26,910.15,SGD,DC-10-10,380,380,435698.51,41,41,18,18
300,SQ,0002,2025-03-26,2320.04,SGD,A319,220,214,611887.43,22,21,10,10
300,AZ,0789,2025-03-26,1030.00,EUR,747-400,385,372,467640.60,31,30,21,20
300,SQ,0015,2025-03-26,2320.04,SGD,DC-10-10,380,372,1090859.87,41,40,18,18
300,AZ,0790,2025-03-26,1014.00,EUR,A310-300,280,271,319835.88,22,21,10,10
300,AZ,0791,2025-03-26,1014.00,EUR,A319,220,201,255365.76,22,21,10,10
300,SQ,0325,2025-03-26,1737.55,SGD,747-400,385,378,807596.46,31,30,21,21
300,UA,0941,2025-03-26,879.82,USD,A319,220,213,233091.14,22,22,10,10
300,AA,0017,2025-03-26,422.94,USD,747-400,385,366,189549.14,31,28,21,20
300,AA,0026,2025-03-26,611.01,USD,A310-300,280,265,189321.71,22,22,10,9
300,AZ,0555,2025-03-26,185.00,EUR,DC-10-10,380,365,85545.85,41,39,18,18
300,AZ,0788,2025-03-26,1030.00,EUR,DC-10-10,380,360,464674.20,41,39,18,17
300,QF,0006,2025-03-26,788.64,AUD,A310-300,280,271,250377.58,22,21,10,10
300,LH,0454,2025-03-27,965.00,EUR,A310-300,280,266,302527.50,22,21,10,10
300,LH,2402,2025-03-27,242.00,EUR,A321,220,213,64374.42,22,22,11,10
300,LH,2407,2025-03-27,242.00,EUR,A321,220,213,64713.22,22,21,11,11
300,UA,3504,2025-03-27,879.82,USD,DC-10-10,380,361,399456.53,41,37,18,18
300,LH,2415,2025-03-27,242.00,EUR,727-200,189,184,55418.00,18,17,11,10
300,LH,2436,2025-03-27,242.00,EUR,737-200,130,119,34555.18,10,9,8,6
300,LH,2462,2025-03-27,242.00,EUR,A319,220,212,63796.04,22,22,10,9
300,SQ,0997,2025-03-27,910.15,SGD,747-400,385,385,427470.78,31,31,21,21
300,JL,0408,2025-03-27,1061.36,JPY,A319,220,213,278277.95,22,21,10,10
300,LH,0400,2025-03-27,666.00,EUR,DC-10-10,380,365,306919.44,41,40,18,18
300,LH,0401,2025-03-27,666.00,EUR,DC-10-10,380,368,309643.38,41,41,18,18
300,SQ,0326,2025-03-27,1737.55,SGD,A310-300,280,273,556607.10,22,21,10,10
300,JL,0407,2025-03-27,1061.36,JPY,A310-300,280,271,337767.19,22,22,10,10
300,UA,0007,2025-03-27,422.94,USD,A310-300,280,264,131090.43,22,21,10,10
300,LH,2463,2025-03-27,242.00,EUR,A321,220,213,64108.22,22,21,11,10
300,LH,3577,2025-03-27,185.00,EUR,A321,220,211,49147.10,22,22,11,11
300,AA,0064,2025-03-27,422.94,USD,A319,220,214,111719.76,22,21,10,10
300,QF,0005,2025-03-27,788.64,AUD,747-400,385,369,357348.71,31,30,21,21
300,SQ,0114,2025-03-28,357.44,SGD,737-200,130,130,57758.78,10,10,8,8
300,LH,0455,2025-03-28,965.00,EUR,A319,220,211,253553.75,22,22,10,10
300,SQ,0117,2025-03-28,357.44,SGD,A319,220,220,96498.08,22,22,10,10
300,SQ,0158,2025-03-28,494.79,SGD,A321,220,219,135784.99,22,22,11,11
300,SQ,0161,2025-03-28,494.79,SGD,A321,220,219,136497.50,22,22,11,11
300,UA,3516,2025-03-28,611.01,USD,DC-10-10,380,366,283215.70,41,39,18,18
300,SQ,0863,2025-03-28,512.99,SGD,A319,220,220,139835.73,22,22,10,10
300,UA,3517,2025-03-28,611.01,USD,747-400,385,372,277185.04,31,30,21,19
300,AZ,0789,2025-03-28,1030.00,EUR,747-400,385,374,471812.10,31,29,21,21
300,SQ,0015,2025-03-28,2320.04,SGD,DC-10-10,380,371,1085639.80,41,40,18,18
300,AZ,0790,2025-03-28,1014.00,EUR,A310-300,280,265,314137.20,22,21,10,9
300,LH,0402,2025-03-28,666.00,EUR,747-400,385,369,300599.10,31,30,21,20
300,SQ,0325,2025-03-28,1737.55,SGD,747-400,385,385,823338.61,31,31,21,21
300,DL,0106,2025-03-28,611.01,USD,DC-10-10,380,364,275785.85,41,37,18,17
300,DL,1699,2025-03-28,422.94,USD,DC-10-10,380,368,195119.32,41,39,18,17
300,DL,1984,2025-03-28,422.94,USD,747-400,385,371,192805.90,31,30,21,20
300,SQ,0066,2025-03-28,329.31,SGD,DC-10-10,380,373,155071.15,41,40,18,18
300,SQ,0067,2025-03-28,329.31,SGD,747-400,385,383,155295.03,31,31,21,21
300,AA,0017,2025-03-28,422.94,USD,747-400,385,368,191676.61,31,31,21,20
300,AA,0026,2025-03-28,611.01,USD,A310-300,280,267,191197.50,22,22,10,9
300,AZ,0555,2025-03-28,185.00,EUR,DC-10-10,380,357,83586.70,41,39,18,17
300,AZ,0788,2025-03-28,1030.00,EUR,DC-10-10,380,368,480556.80,41,41,18,18
300,QF,0006,2025-03-28,788.64,AUD,A310-300,280,271,249604.75,22,21,10,10
300,LH,0454,2025-03-29,965.00,EUR,A310-300,280,271,303772.35,22,21,10,9
300,LH,2402,2025-03-29,242.00,EUR,A321,220,209,63750.06,22,21,11,11
300,LH,2407,2025-03-29,242.00,EUR,A321,220,211,63174.10,22,22,11,9
300,UA,3504,2025-03-29,879.82,USD,DC-10-10,380,362,403398.17,41,40,18,18
300,LH,2415,2025-03-29,242.00,EUR,727-200,189,182,55865.70,18,17,11,11
300,LH,2436,2025-03-29,242.00,EUR,737-200,130,120,36815.46,10,10,8,8
300,SQ,0866,2025-03-29,512.99,SGD,DC-10-10,380,370,240397.02,41,40,18,18
300,SQ,0988,2025-03-29,910.15,SGD,DC-10-10,380,380,434442.53,41,41,18,18
300,LH,2462,2025-03-29,242.00,EUR,A319,220,212,63537.10,22,22,10,9
300,SQ,0997,2025-03-29,910.15,SGD,747-400,385,385,429272.93,31,31,21,21
300,JL,0408,2025-03-29,1061.36,JPY,A319,220,213,281950.19,22,21,10,10
300,SQ,0002,2025-03-29,2320.04,SGD,A319,220,215,621260.47,22,22,10,10
300,LH,0400,2025-03-29,666.00,EUR,DC-10-10,380,368,309223.80,41,41,18,18
300,LH,0401,2025-03-29,666.00,EUR,DC-10-10,380,364,302297.40,41,37,18,17
300,AZ,0791,2025-03-29,1014.00,EUR,A319,220,213,268314.54,22,22,10,10
300,SQ,0326,2025-03-29,1737.55,SGD,A310-300,280,280,572627.29,22,22,10,10
300,JL,0407,2025-03-29,1061.36,JPY,A310-300,280,271,340123.16,22,22,10,10
300,UA,0007,2025-03-29,422.94,USD,A310-300,280,272,134478.16,22,22,10,9
300,UA,0941,2025-03-29,879.82,USD,A319,220,215,229994.17,22,21,10,9
300,LH,2463,2025-03-29,242.00,EUR,A321,220,214,64437.34,22,21,11,11
300,LH,3577,2025-03-29,185.00,EUR,A321,220,205,47783.65,22,21,11,11
300,AA,0064,2025-03-29,422.94,USD,A319,220,214,111614.03,22,20,10,10
300,QF,0005,2025-03-29,788.64,AUD,747-400,385,373,363137.45,31,31,21,21
300,SQ,0114,2025-03-30,357.44,SGD,737-200,130,130,57805.25,10,10,8,8
300,LH,0455,2025-03-30,965.00,EUR,A319,220,212,255676.75,22,22,10,10
300,SQ,0117,2025-03-30,357.44,SGD,A319,220,210,93066.80,22,21,10,10
300,SQ,0158,2025-03-30,494.79,SGD,A321,220,220,136047.26,22,22,11,11
300,SQ,0161,2025-03-30,494.79,SGD,A321,220,217,134122.49,22,22,11,11
300,UA,3516,2025-03-30,611.01,USD,DC-10-10,380,368,284162.79,41,40,18,18
300,UA,3517,2025-03-30,611.01,USD,747-400,385,372,279451.88,31,30,21,20
300,LH,0402,2025-03-30,666.00,EUR,747-400,385,363,297955.08,31,30,21,20
300,DL,0106,2025-03-30,611.01,USD,DC-10-10,380,367,283527.33,41,41,18,17
300,DL,1699,2025-03-30,422.94,USD,DC-10-10,380,368,195664.94,41,41,18,17
300,DL,1984,2025-03-30,422.94,USD,747-400,385,373,194721.81,31,31,21,21
300,SQ,0066,2025-03-30,329.31,SGD,DC-10-10,380,380,157287.60,41,41,18,18
300,SQ,0067,2025-03-30,329.31,SGD,747-400,385,385,154761.60,31,31,21,21
300,AZ,0788,2025-03-30,1030.00,EUR,DC-10-10,380,368,473449.80,41,39,18,17
300,LH,0454,2025-03-31,965.00,EUR,A310-300,280,269,307178.80,22,21,10,10
300,LH,2402,2025-03-31,242.00,EUR,A321,220,214,63643.58,22,22,11,9
300,LH,2407,2025-03-31,242.00,EUR,A321,220,214,64575.28,22,21,11,11
300,UA,3504,2025-03-31,879.82,USD,DC-10-10,380,370,406064.11,41,40,18,17
300,SQ,0863,2025-03-31,512.99,SGD,A319,220,220,139779.30,22,22,10,10
300,LH,2415,2025-03-31,242.00,EUR,727-200,189,175,54232.20,18,17,11,11
300,LH,2436,2025-03-31,242.00,EUR,737-200,130,128,37882.68,10,10,8,7
300,SQ,0866,2025-03-31,512.99,SGD,DC-10-10,380,380,245644.89,41,41,18,18
300,SQ,0988,2025-03-31,910.15,SGD,DC-10-10,380,380,433477.69,41,41,18,18
300,LH,2462,2025-03-31,242.00,EUR,A319,220,211,63800.88,22,22,10,10
300,SQ,0997,2025-03-31,910.15,SGD,747-400,385,385,429372.98,31,31,21,21
300,JL,0408,2025-03-31,1061.36,JPY,A319,220,214,277757.68,22,21,10,9
300,QF,0006,2025-03-31,788.64,AUD,A310-300,280,263,242159.95,22,20,10,10
300,SQ,0002,2025-03-31,2320.04,SGD,A319,220,211,601609.65,22,21,10,10
300,LH,0400,2025-03-31,666.00,EUR,DC-10-10,380,368,306366.66,41,40,18,16
300,AZ,0789,2025-03-31,1030.00,EUR,747-400,385,371,468207.10,31,30,21,20
300,LH,0401,2025-03-31,666.00,EUR,DC-10-10,380,359,302943.42,41,40,18,17
300,SQ,0015,2025-03-31,2320.04,SGD,DC-10-10,380,372,1086567.80,41,40,18,18
300,AZ,0790,2025-03-31,1014.00,EUR,A310-300,280,263,311186.46,22,20,10,9
300,AZ,0791,2025-03-31,1014.00,EUR,A319,220,213,266823.96,22,20,10,10
300,SQ,0325,2025-03-31,1737.55,SGD,747-400,385,375,801271.67,31,30,21,20
300,SQ,0326,2025-03-31,1737.55,SGD,A310-300,280,274,558014.65,22,22,10,10
300,JL,0407,2025-03-31,1061.36,JPY,A310-300,280,266,330878.95,22,21,10,10
300,UA,0007,2025-03-31,422.94,USD,A310-300,280,267,132160.43,22,21,10,9
300,UA,0941,2025-03-31,879.82,USD,A319,220,204,219691.46,22,20,10,9
300,AA,0017,2025-03-31,422.94,USD,747-400,385,370,191926.11,31,29,21,21
300,AA,0026,2025-03-31,611.01,USD,A310-300,280,267,192871.67,22,22,10,10
300,LH,2463,2025-03-31,242.00,EUR,A321,220,214,64004.16,22,20,11,11
300,LH,3577,2025-03-31,185.00,EUR,A321,220,213,48871.45,22,20,11,11
300,AA,0064,2025-03-31,422.94,USD,A319,220,208,109469.70,22,21,10,10
300,AZ,0555,2025-03-31,185.00,EUR,DC-10-10,380,363,85273.90,41,40,18,18
300,QF,0005,2025-03-31,788.64,AUD,747-400,385,363,350937.25,31,29,21,20
300,SQ,0114,2025-04-01,357.44,SGD,737-200,130,122,54624.02,10,9,8,8
300,LH,0455,2025-04-01,965.00,EUR,A319,220,213,255252.15,22,21,10,10
300,SQ,0117,2025-04-01,357.44,SGD,A319,220,220,97316.84,22,22,10,10
300,SQ,0158,2025-04-01,494.79,SGD,A321,220,213,132648.09,22,21,11,11
300,SQ,0161,2025-04-01,494.79,SGD,A321,220,220,135948.29,22,22,11,11
300,UA,3516,2025-04-01,611.01,USD,DC-10-10,380,361,278211.53,41,39,18,17
300,UA,3517,2025-04-01,611.01,USD,747-400,385,369,277331.69,31,29,21,21
300,LH,0402,2025-04-01,666.00,EUR,747-400,385,365,296469.90,31,29,21,20
300,DL,0106,2025-04-01,611.01,USD,DC-10-10,380,369,283698.42,41,39,18,18
300,DL,1699,2025-04-01,422.94,USD,DC-10-10,380,365,193875.93,41,38,18,18
300,DL,1984,2025-04-01,422.94,USD,747-400,385,373,190251.25,31,30,21,19
300,SQ,0066,2025-04-01,329.31,SGD,DC-10-10,380,380,157168.94,41,41,18,18
300,SQ,0067,2025-04-01,329.31,SGD,747-400,385,385,155739.75,31,31,21,21
300,AZ,0788,2025-04-01,1030.00,EUR,DC-10-10,380,360,467125.60,41,40,18,17
300,UA,3504,2025-04-02,879.82,USD,DC-10-10,380,363,400978.65,41,39,18,17
300,SQ,0863,2025-04-02,512.99,SGD,A319,220,220,140076.84,22,22,10,10
300,LH,2415,2025-04-02,242.00,EUR,727-200,189,184,55957.66,18,17,11,11
300,SQ,0866,2025-04-02,512.99,SGD,DC-10-10,380,378,243987.92,41,41,18,18
300,SQ,0988,2025-04-02,910.15,SGD,DC-10-10,380,375,429163.61,41,40,18,18
300,LH,2462,2025-04-02,242.00,EUR,A319,220,213,64018.68,22,22,10,10
300,SQ,0997,2025-04-02,910.15,SGD,747-400,385,385,430829.00,31,31,21,21
300,QF,0006,2025-04-02,788.64,AUD,A310-300,280,267,248153.67,22,21,10,10
300,SQ,0002,2025-04-02,2320.04,SGD,A319,220,212,607293.89,22,21,10,10
300,AZ,0789,2025-04-02,1030.00,EUR,747-400,385,371,472193.20,31,31,21,21
300,LH,0401,2025-04-02,666.00,EUR,DC-10-10,380,361,300192.84,41,37,18,18
300,SQ,0015,2025-04-02,2320.04,SGD,DC-10-10,380,378,1101276.84,41,41,18,18
300,AZ,0790,2025-04-02,1014.00,EUR,A310-300,280,271,316702.62,22,20,10,9
300,AZ,0791,2025-04-02,1014.00,EUR,A319,220,214,270525.06,22,22,10,10
300,SQ,0325,2025-04-02,1737.55,SGD,747-400,385,385,819915.73,31,31,21,21
300,SQ,0326,2025-04-02,1737.55,SGD,A310-300,280,280,569204.49,22,22,10,10
300,JL,0407,2025-04-02,1061.36,JPY,A310-300,280,271,337225.71,22,21,10,10
300,UA,0941,2025-04-02,879.82,USD,A319,220,213,230275.74,22,21,10,10
300,AA,0017,2025-04-02,422.94,USD,747-400,385,371,192091.11,31,30,21,20
300,AA,0026,2025-04-02,611.01,USD,A310-300,280,262,185753.40,22,20,10,9
300,AA,0064,2025-04-02,422.94,USD,A319,220,213,112307.54,22,21,10,10
300,AZ,0555,2025-04-02,185.00,EUR,DC-10-10,380,367,85377.50,41,40,18,17
300,QF,0005,2025-04-02,788.64,AUD,747-400,385,373,364627.90,31,31,21,21
300,LH,0454,2025-04-03,965.00,EUR,A310-300,280,266,298937.70,22,21,10,9
300,SQ,0114,2025-04-03,357.44,SGD,737-200,130,123,54863.55,10,9,8,8
300,LH,0455,2025-04-03,965.00,EUR,A319,220,205,243324.75,22,21,10,8
300,LH,2402,2025-04-03,242.00,EUR,A321,220,208,63188.62,22,21,11,10
300,SQ,0117,2025-04-03,357.44,SGD,A319,220,220,97137.95,22,22,10,10
300,LH,2407,2025-04-03,242.00,EUR,A321,220,214,64241.32,22,21,11,10
300,LH,2436,2025-04-03,242.00,EUR,737-200,130,121,36244.34,10,9,8,8
300,UA,3517,2025-04-03,611.01,USD,747-400,385,370,278559.83,31,30,21,21
300,JL,0408,2025-04-03,1061.36,JPY,A319,220,208,274435.68,22,21,10,10
300,LH,0400,2025-04-03,666.00,EUR,DC-10-10,380,361,304641.72,41,40,18,18
300,LH,0402,2025-04-03,666.00,EUR,747-400,385,372,309317.04,31,31,21,21
300,DL,0106,2025-04-03,611.01,USD,DC-10-10,380,360,275932.50,41,38,18,18
300,DL,1699,2025-04-03,422.94,USD,DC-10-10,380,361,192209.51,41,39,18,17
300,DL,1984,2025-04-03,422.94,USD,747-400,385,372,193905.42,31,31,21,21
300,UA,0007,2025-04-03,422.94,USD,A310-300,280,271,133200.91,22,21,10,9
300,SQ,0066,2025-04-03,329.31,SGD,DC-10-10,380,375,154975.65,41,40,18,18
300,SQ,0067,2025-04-03,329.31,SGD,747-400,385,383,154428.97,31,31,21,21
300,LH,2463,2025-04-03,242.00,EUR,A321,220,208,63624.22,22,21,11,11
300,LH,3577,2025-04-03,185.00,EUR,A321,220,214,49909.30,22,22,11,11
300,SQ,0158,2025-04-04,494.79,SGD,A321,220,216,134073.01,22,22,11,11
300,SQ,0161,2025-04-04,494.79,SGD,A321,220,220,135626.69,22,22,11,11
300,UA,3516,2025-04-04,611.01,USD,DC-10-10,380,360,279531.33,41,40,18,18
300,SQ,0863,2025-04-04,512.99,SGD,A319,220,210,134428.83,22,21,10,10
300,SQ,0866,2025-04-04,512.99,SGD,DC-10-10,380,380,245398.65,41,41,18,18
300,SQ,0988,2025-04-04,910.15,SGD,DC-10-10,380,380,433259.27,41,41,18,18
300,QF,0006,2025-04-04,788.64,AUD,A310-300,280,271,247585.81,22,21,10,9
300,SQ,0002,2025-04-04,2320.04,SGD,A319,220,211,605855.28,22,21,10,10
300,AZ,0789,2025-04-04,1030.00,EUR,747-400,385,373,469350.40,31,30,21,19
300,SQ,0015,2025-04-04,2320.04,SGD,DC-10-10,380,376,1103179.35,41,41,18,18
300,AZ,0790,2025-04-04,1014.00,EUR,A310-300,280,271,323749.92,22,22,10,10
300,AZ,0791,2025-04-04,1014.00,EUR,A319,220,205,253155.24,22,19,10,9
300,SQ,0325,2025-04-04,1737.55,SGD,747-400,385,385,819759.24,31,31,21,21
300,UA,0941,2025-04-04,879.82,USD,A319,220,213,231305.11,22,21,10,10
300,AA,0017,2025-04-04,422.94,USD,747-400,385,375,194260.62,31,31,21,19
300,AA,0026,2025-04-04,611.01,USD,A310-300,280,271,192376.76,22,20,10,10
300,AZ,0555,2025-04-04,185.00,EUR,DC-10-10,380,364,85553.25,41,41,18,18
300,AZ,0788,2025-04-04,1030.00,EUR,DC-10-10,380,369,475056.60,41,38,18,18
300,LH,0454,2025-04-05,965.00,EUR,A310-300,280,263,296814.70,22,20,10,10
300,LH,2402,2025-04-05,242.00,EUR,A321,220,210,63014.38,22,21,11,10
300,LH,2407,2025-04-05,242.00,EUR,A321,220,204,62022.18,22,21,11,10
300,UA,3504,2025-04-05,879.82,USD,DC-10-10,380,369,407023.09,41,39,18,18
300,LH,2415,2025-04-05,242.00,EUR,727-200,189,179,54198.32,18,15,11,11
300,LH,2436,2025-04-05,242.00,EUR,737-200,130,123,36738.02,10,9,8,8
300,LH,2462,2025-04-05,242.00,EUR,A319,220,212,62738.50,22,20,10,10
300,SQ,0997,2025-04-05,910.15,SGD,747-400,385,385,428972.61,31,31,21,21
300,JL,0408,2025-04-05,1061.36,JPY,A319,220,205,273130.15,22,21,10,10
300,LH,0400,2025-04-05,666.00,EUR,DC-10-10,380,369,307012.68,41,39,18,17
300,LH,0401,2025-04-05,666.00,EUR,DC-10-10,380,360,302024.34,41,39,18,18
300,SQ,0326,2025-04-05,1737.55,SGD,A310-300,280,272,557354.32,22,21,10,10
300,JL,0407,2025-04-05,1061.36,JPY,A310-300,280,271,337958.08,22,21,10,10
300,UA,0007,2025-04-05,422.94,USD,A310-300,280,272,134799.55,22,22,10,9
300,LH,2463,2025-04-05,242.00,EUR,A321,220,209,63624.22,22,21,11,11
300,LH,3577,2025-04-05,185.00,EUR,A321,220,215,48764.15,22,20,11,10
300,AA,0064,2025-04-05,422.94,USD,A319,220,209,110408.51,22,21,10,10
300,QF,0005,2025-04-05,788.64,AUD,747-400,385,374,358863.04,31,29,21,19
300,SQ,0114,2025-04-06,357.44,SGD,737-200,130,130,57097.50,10,10,8,8
300,LH,0455,2025-04-06,965.00,EUR,A319,220,215,254441.55,22,20,10,10
300,SQ,0117,2025-04-06,357.44,SGD,A319,220,217,96745.02,22,22,10,10
300,SQ,0158,2025-04-06,494.79,SGD,A321,220,220,136477.72,22,22,11,11
300,SQ,0161,2025-04-06,494.79,SGD,A321,220,212,131133.98,22,21,11,11
300,UA,3516,2025-04-06,611.01,USD,DC-10-10,380,369,280093.46,41,39,18,16
300,SQ,0863,2025-04-06,512.99,SGD,A319,220,211,134941.82,22,21,10,10
300,UA,3517,2025-04-06,611.01,USD,747-400,385,371,280570.05,31,31,21,21
300,QF,0006,2025-04-06,788.64,AUD,A310-300,280,271,249368.21,22,21,10,10
300,AZ,0789,2025-04-06,1030.00,EUR,747-400,385,364,461985.90,31,30,21,21
300,SQ,0015,2025-04-06,2320.04,SGD,DC-10-10,380,378,1110046.63,41,41,18,18
300,AZ,0790,2025-04-06,1014.00,EUR,A310-300,280,271,318294.60,22,20,10,10
300,LH,0402,2025-04-06,666.00,EUR,747-400,385,368,299853.18,31,29,21,20
300,SQ,0325,2025-04-06,1737.55,SGD,747-400,385,382,818004.48,31,31,21,21
300,DL,0106,2025-04-06,611.01,USD,DC-10-10,380,370,283955.04,41,40,18,17
300,DL,1699,2025-04-06,422.94,USD,DC-10-10,380,370,194806.39,41,40,18,16
300,DL,1984,2025-04-06,422.94,USD,747-400,385,374,192662.10,31,29,21,20
300,SQ,0066,2025-04-06,329.31,SGD,DC-10-10,380,380,157682.59,41,41,18,18
300,SQ,0067,2025-04-06,329.31,SGD,747-400,385,380,153872.37,31,31,21,21
300,AA,0017,2025-04-06,422.94,USD,747-400,385,372,191198.77,31,30,21,20
300,AA,0026,2025-04-06,611.01,USD,A310-300,280,265,190439.85,22,21,10,10
300,AZ,0555,2025-04-06,185.00,EUR,DC-10-10,380,364,83825.35,41,38,18,17
300,AZ,0788,2025-04-06,1030.00,EUR,DC-10-10,380,360,466826.90,41,39,18,17
300,LH,0454,2025-04-07,965.00,EUR,A310-300,280,271,308095.55,22,22,10,10
300,LH,2402,2025-04-07,242.00,EUR,A321,220,204,61816.48,22,20,11,11
300,LH,2407,2025-04-07,242.00,EUR,A321,220,213,64432.50,22,22,11,10
300,UA,3504,2025-04-07,879.82,USD,DC-10-10,380,366,404040.44,41,40,18,17
300,LH,2415,2025-04-07,242.00,EUR,727-200,189,179,55505.12,18,17,11,11
300,LH,2436,2025-04-07,242.00,EUR,737-200,130,116,34172.82,10,8,8,7
300,SQ,0866,2025-04-07,512.99,SGD,DC-10-10,380,380,246080.94,41,41,18,18
300,SQ,0988,2025-04-07,910.15,SGD,DC-10-10,380,373,427161.23,41,40,18,18
300,LH,2462,2025-04-07,242.00,EUR,A319,220,211,64110.64,22,22,10,10
300,SQ,0997,2025-04-07,910.15,SGD,747-400,385,385,428945.10,31,31,21,21
300,JL,0408,2025-04-07,1061.36,JPY,A319,220,213,281366.48,22,22,10,10
300,SQ,0002,2025-04-07,2320.04,SGD,A319,220,217,624485.28,22,22,10,10
300,LH,0400,2025-04-07,666.00,EUR,DC-10-10,380,360,302124.24,41,39,18,18
300,LH,0401,2025-04-07,666.00,EUR,DC-10-10,380,369,308477.88,41,39,18,18
300,AZ,0791,2025-04-07,1014.00,EUR,A319,220,213,268061.04,22,21,10,10
300,SQ,0326,2025-04-07,1737.55,SGD,A310-300,280,280,569412.95,22,22,10,10
300,JL,0407,2025-04-07,1061.36,JPY,A310-300,280,271,337225.70,22,21,10,10
300,UA,0007,2025-04-07,422.94,USD,A310-300,280,271,133095.09,22,21,10,9
300,UA,0941,2025-04-07,879.82,USD,A319,220,212,231806.58,22,21,10,10
300,LH,2463,2025-04-07,242.00,EUR,A321,220,213,64696.28,22,21,11,11
300,LH,3577,2025-04-07,185.00,EUR,A321,220,213,48590.25,22,21,11,10
300,AA,0064,2025-04-07,422.94,USD,A319,220,204,107498.81,22,21,10,9
300,QF,0005,2025-04-07,788.64,AUD,747-400,385,372,359730.38,31,31,21,20
300,SQ,0114,2025-04-08,357.44,SGD,737-200,130,126,56221.86,10,10,8,8
300,LH,0455,2025-04-08,965.00,EUR,A319,220,213,251314.95,22,21,10,9
300,SQ,0117,2025-04-08,357.44,SGD,A319,220,210,93317.04,22,21,10,10
300,SQ,0158,2025-04-08,494.79,SGD,A321,220,212,131227.99,22,21,11,11
300,SQ,0161,2025-04-08,494.79,SGD,A321,220,216,133231.89,22,22,11,11
300,UA,3516,2025-04-08,611.01,USD,DC-10-10,380,366,281639.33,41,41,18,17
300,SQ,0863,2025-04-08,512.99,SGD,A319,220,220,139189.35,22,22,10,10
300,UA,3517,2025-04-08,611.01,USD,747-400,385,367,279115.81,31,30,21,21
300,QF,0006,2025-04-08,788.64,AUD,A310-300,280,265,241379.25,22,21,10,8
300,AZ,0789,2025-04-08,1030.00,EUR,747-400,385,374,469525.50,31,29,21,20
300,SQ,0015,2025-04-08,2320.04,SGD,DC-10-10,380,380,1111322.64,41,41,18,18
300,AZ,0790,2025-04-08,1014.00,EUR,A310-300,280,271,326041.56,22,22,10,10
300,LH,0402,2025-04-08,666.00,EUR,747-400,385,369,303409.62,31,31,21,20
300,SQ,0325,2025-04-08,1737.55,SGD,747-400,385,381,810081.23,31,31,21,21
300,DL,0106,2025-04-08,611.01,USD,DC-10-10,380,365,280741.14,41,39,18,18
300,DL,1699,2025-04-08,422.94,USD,DC-10-10,380,359,190801.22,41,39,18,17
300,DL,1984,2025-04-08,422.94,USD,747-400,385,372,192374.54,31,30,21,20
300,SQ,0066,2025-04-08,329.31,SGD,DC-10-10,380,379,157402.66,41,41,18,18
300,SQ,0067,2025-04-08,329.31,SGD,747-400,385,385,156144.88,31,31,21,21
300,AA,0017,2025-04-08,422.94,USD,747-400,385,374,194582.21,31,29,21,21
300,AA,0026,2025-04-08,611.01,USD,A310-300,280,264,188075.22,22,20,10,9
300,AZ,0555,2025-04-08,185.00,EUR,DC-10-10,380,367,85669.80,41,40,18,18
300,AZ,0788,2025-04-08,1030.00,EUR,DC-10-10,380,370,473449.80,41,40,18,16
300,LH,0454,2025-04-09,965.00,EUR,A310-300,280,266,304187.30,22,22,10,10
300,LH,2402,2025-04-09,242.00,EUR,A321,220,210,63970.28,22,22,11,11
300,LH,2407,2025-04-09,242.00,EUR,A321,220,213,63820.24,22,21,11,10
300,UA,3504,2025-04-09,879.82,USD,DC-10-10,380,368,414519.03,41,41,18,18
300,LH,2415,2025-04-09,242.00,EUR,727-200,189,175,53573.96,18,17,11,10
300,LH,2436,2025-04-09,242.00,EUR,737-200,130,124,37461.60,10,9,8,8
300,SQ,0866,2025-04-09,512.99,SGD,DC-10-10,380,380,246501.60,41,41,18,18
300,SQ,0988,2025-04-09,910.15,SGD,DC-10-10,380,380,433623.45,41,41,18,18
300,LH,2462,2025-04-09,242.00,EUR,A319,220,206,60727.48,22,19,10,9
300,SQ,0997,2025-04-09,910.15,SGD,747-400,385,376,420735.61,31,30,21,21
300,JL,0408,2025-04-09,1061.36,JPY,A319,220,206,269341.19,22,19,10,10
300,SQ,0002,2025-04-09,2320.04,SGD,A319,220,217,625598.88,22,22,10,10
300,LH,0400,2025-04-09,666.00,EUR,DC-10-10,380,366,307525.50,41,39,18,18
300,LH,0401,2025-04-09,666.00,EUR,DC-10-10,380,367,305614.08,41,39,18,17
300,AZ,0791,2025-04-09,1014.00,EUR,A319,220,208,262737.54,22,21,10,10
300,SQ,0326,2025-04-09,1737.55,SGD,A310-300,280,274,558223.12,22,22,10,10
300,JL,0407,2025-04-09,1061.36,JPY,A310-300,280,271,333426.11,22,20,10,9
300,UA,0007,2025-04-09,422.94,USD,A310-300,280,261,128755.69,22,19,10,10
300,UA,0941,2025-04-09,879.82,USD,A319,220,211,233592.59,22,22,10,10
300,LH,2463,2025-04-09,242.00,EUR,A321,220,203,61380.88,22,21,11,10
300,LH,3577,2025-04-09,185.00,EUR,A321,220,211,48906.60,22,22,11,10
300,AA,0064,2025-04-09,422.94,USD,A319,220,207,109960.24,22,22,10,10
300,QF,0005,2025-04-09,788.64,AUD,747-400,385,374,359281.05,31,29,21,21
300,SQ,0114,2025-04-10,357.44,SGD,737-200,130,130,57351.35,10,10,8,8
300,LH,0455,2025-04-10,965.00,EUR,A319,220,213,253939.75,22,22,10,9
300,SQ,0117,2025-04-10,357.44,SGD,A319,220,220,97116.56,22,22,10,10
300,SQ,0158,2025-04-10,494.79,SGD,A321,220,220,135626.66,22,22,11,11
300,SQ,0161,2025-04-10,494.79,SGD,A321,220,220,135374.32,22,22,11,11
300,UA,3516,2025-04-10,611.01,USD,DC-10-10,380,360,275944.70,41,37,18,18
300,UA,3517,2025-04-10,611.01,USD,747-400,385,372,282048.68,31,31,21,21
300,LH,0402,2025-04-10,666.00,EUR,747-400,385,372,305594.10,31,29,21,21
300,DL,0106,2025-04-10,611.01,USD,DC-10-10,380,366,281627.10,41,39,18,18
300,DL,1699,2025-04-10,422.94,USD,DC-10-10,380,365,193744.91,41,39,18,18
300,DL,1984,2025-04-10,422.94,USD,747-400,385,374,193863.20,31,30,21,20
300,SQ,0066,2025-04-10,329.31,SGD,DC-10-10,380,376,156477.38,41,41,18,18
300,SQ,0067,2025-04-10,329.31,SGD,747-400,385,385,156273.13,31,31,21,21
300,AZ,0788,2025-04-10,1030.00,EUR,DC-10-10,380,365,469844.80,41,40,18,17
300,UA,3504,2025-04-11,879.82,USD,DC-10-10,380,368,403160.65,41,40,18,16
300,SQ,0863,2025-04-11,512.99,SGD,A319,220,220,139769.04,22,22,10,10
300,LH,2415,2025-04-11,242.00,EUR,727-200,189,175,53675.60,18,17,11,10
300,SQ,0866,2025-04-11,512.99,SGD,DC-10-10,380,380,245470.47,41,41,18,18
300,SQ,0988,2025-04-11,910.15,SGD,DC-10-10,380,372,425459.23,41,40,18,18
300,LH,2462,2025-04-11,242.00,EUR,A319,220,213,63595.18,22,21,10,10
300,SQ,0997,2025-04-11,910.15,SGD,747-400,385,378,422328.46,31,30,21,21
300,QF,0006,2025-04-11,788.64,AUD,A310-300,280,271,248713.45,22,21,10,10
300,SQ,0002,2025-04-11,2320.04,SGD,A319,220,212,610240.25,22,21,10,10
300,AZ,0789,2025-04-11,1030.00,EUR,747-400,385,369,469649.10,31,31,21,20
300,LH,0401,2025-04-11,666.00,EUR,DC-10-10,380,364,302530.50,41,38,18,18
300,SQ,0015,2025-04-11,2320.04,SGD,DC-10-10,380,373,1084340.58,41,40,18,18
300,AZ,0790,2025-04-11,1014.00,EUR,A310-300,280,271,324317.76,22,22,10,10
300,AZ,0791,2025-04-11,1014.00,EUR,A319,220,207,259979.46,22,20,10,10
300,SQ,0325,2025-04-11,1737.55,SGD,747-400,385,383,817587.40,31,31,21,21
300,SQ,0326,2025-04-11,1737.55,SGD,A310-300,280,278,564530.47,22,22,10,10
300,JL,0407,2025-04-11,1061.36,JPY,A310-300,280,270,339274.07,22,22,10,10
300,UA,0941,2025-04-11,879.82,USD,A319,220,208,229501.47,22,22,10,10
300,AA,0017,2025-04-11,422.94,USD,747-400,385,367,190137.13,31,30,21,20
300,AA,0026,2025-04-11,611.01,USD,A310-300,280,271,192737.27,22,21,10,10
300,AA,0064,2025-04-11,422.94,USD,A319,220,213,112971.61,22,22,10,10
300,AZ,0555,2025-04-11,185.00,EUR,DC-10-10,380,369,86028.70,41,39,18,18
300,QF,0005,2025-04-11,788.64,AUD,747-400,385,365,356702.19,31,30,21,20
300,LH,0454,2025-04-12,965.00,EUR,A310-300,280,265,299786.90,22,21,10,10
300,SQ,0114,2025-04-12,357.44,SGD,737-200,130,120,52836.86,10,9,8,7
300,LH,0455,2025-04-12,965.00,EUR,A319,220,205,244338.00,22,21,10,9
300,LH,2402,2025-04-12,242.00,EUR,A321,220,212,64560.76,22,22,11,11
300,SQ,0117,2025-04-12,357.44,SGD,A319,220,214,94346.48,22,21,10,10
300,LH,2407,2025-04-12,242.00,EUR,A321,220,212,64536.56,22,22,11,10
300,LH,2436,2025-04-12,242.00,EUR,737-200,130,118,35680.48,10,9,8,8
300,UA,3517,2025-04-12,611.01,USD,747-400,385,374,277417.22,31,29,21,19
300,JL,0408,2025-04-12,1061.36,JPY,A319,220,214,284837.00,22,22,10,10
300,LH,0400,2025-04-12,666.00,EUR,DC-10-10,380,366,306786.24,41,39,18,18
300,LH,0402,2025-04-12,666.00,EUR,747-400,385,370,302057.64,31,30,21,20
300,DL,0106,2025-04-12,611.01,USD,DC-10-10,380,362,280869.42,41,39,18,18
300,DL,1699,2025-04-12,422.94,USD,DC-10-10,380,366,193034.24,41,40,18,17
300,DL,1984,2025-04-12,422.94,USD,747-400,385,372,192234.90,31,30,21,20
300,UA,0007,2025-04-12,422.94,USD,A310-300,280,271,134165.13,22,22,10,10
300,SQ,0066,2025-04-12,329.31,SGD,DC-10-10,380,374,155370.89,41,40,18,18
300,SQ,0067,2025-04-12,329.31,SGD,747-400,385,385,155150.19,31,31,21,21
300,LH,2463,2025-04-12,242.00,EUR,A321,220,211,64142.10,22,22,11,11
300,LH,3577,2025-04-12,185.00,EUR,A321,220,204,46899.35,22,20,11,10
300,SQ,0158,2025-04-13,494.79,SGD,A321,220,218,134933.96,22,22,11,11
300,SQ,0161,2025-04-13,494.79,SGD,A321,220,220,135854.25,22,22,11,11
300,UA,3516,2025-04-13,611.01,USD,DC-10-10,380,358,274686.03,41,39,18,17
300,SQ,0863,2025-04-13,512.99,SGD,A319,220,217,138096.69,22,22,10,10
300,SQ,0866,2025-04-13,512.99,SGD,DC-10-10,380,380,246958.17,41,41,18,18
300,SQ,0988,2025-04-13,910.15,SGD,DC-10-10,380,377,431320.79,41,41,18,18
300,QF,0006,2025-04-13,788.64,AUD,A310-300,280,271,252230.99,22,22,10,10
300,SQ,0002,2025-04-13,2320.04,SGD,A319,220,211,605739.40,22,21,10,10
300,AZ,0788,2025-04-13,1030.00,EUR,DC-10-10,380,369,477600.70,41,39,18,18
300,AZ,0789,2025-04-13,1030.00,EUR,747-400,385,374,472502.20,31,29,21,21
300,SQ,0015,2025-04-13,2320.04,SGD,DC-10-10,380,378,1103689.67,41,41,18,18
300,AZ,0790,2025-04-13,1014.00,EUR,A310-300,280,271,323648.52,22,21,10,10
300,AZ,0791,2025-04-13,1014.00,EUR,A319,220,207,263143.14,22,22,10,9
300,SQ,0325,2025-04-13,1737.55,SGD,747-400,385,385,817952.26,31,31,21,21
300,UA,0941,2025-04-13,879.82,USD,A319,220,210,227407.49,22,20,10,10
300,AA,0017,2025-04-13,422.94,USD,747-400,385,370,194307.32,31,31,21,21
300,AA,0026,2025-04-13,611.01,USD,A310-300,280,263,188496.85,22,21,10,10
300,AZ,0555,2025-04-13,185.00,EUR,DC-10-10,380,361,84432.15,41,38,18,17
300,LH,0454,2025-04-14,965.00,EUR,A310-300,280,271,307680.60,22,22,10,9
300,LH,2402,2025-04-14,242.00,EUR,A321,220,206,62005.24,22,20,11,11
300,LH,2407,2025-04-14,242.00,EUR,A321,220,211,64156.62,22,22,11,11
300,UA,3504,2025-04-14,879.82,USD,DC-10-10,380,368,410181.57,41,41,18,17
300,LH,2415,2025-04-14,242.00,EUR,727-200,189,181,55004.18,18,16,11,11
300,LH,2436,2025-04-14,242.00,EUR,737-200,130,123,37415.62,10,10,8,8
300,LH,2462,2025-04-14,242.00,EUR,A319,220,208,62849.82,22,21,10,10
300,SQ,0997,2025-04-14,910.15,SGD,747-400,385,385,427752.91,31,31,21,21
300,JL,0408,2025-04-14,1061.36,JPY,A319,220,209,267027.50,22,19,10,9
300,LH,0400,2025-04-14,666.00,EUR,DC-10-10,380,370,308604.42,41,39,18,18
300,LH,0401,2025-04-14,666.00,EUR,DC-10-10,380,366,307645.38,41,39,18,18
300,SQ,0326,2025-04-14,1737.55,SGD,A310-300,280,280,568995.87,22,22,10,10
300,JL,0407,2025-04-14,1061.36,JPY,A310-300,280,262,326123.85,22,19,10,10
300,UA,0007,2025-04-14,422.94,USD,A310-300,280,263,129398.66,22,19,10,10
300,LH,2463,2025-04-14,242.00,EUR,A321,220,209,63737.96,22,22,11,11
300,LH,3577,2025-04-14,185.00,EUR,A321,220,207,48316.45,22,21,11,11
300,AA,0064,2025-04-14,422.94,USD,A319,220,214,111288.28,22,21,10,9
300,QF,0005,2025-04-14,788.64,AUD,747-400,385,375,359596.42,31,31,21,19
300,SQ,0114,2025-04-15,357.44,SGD,737-200,130,130,57551.46,10,10,8,8
300,LH,0455,2025-04-15,965.00,EUR,A319,220,212,254045.90,22,21,10,10
300,SQ,0117,2025-04-15,357.44,SGD,A319,220,215,95436.61,22,22,10,10
300,SQ,0158,2025-04-15,494.79,SGD,A321,220,219,135987.88,22,22,11,11
300,SQ,0161,2025-04-15,494.79,SGD,A321,220,220,136517.30,22,22,11,11
300,UA,3516,2025-04-15,611.01,USD,DC-10-10,380,368,281486.58,41,40,18,17
300,SQ,0863,2025-04-15,512.99,SGD,A319,220,219,139091.89,22,22,10,10
300,SQ,0866,2025-04-15,512.99,SGD,DC-10-10,380,380,245219.10,41,41,18,18
300,UA,3517,2025-04-15,611.01,USD,747-400,385,368,276103.58,31,31,21,20
300,SQ,0988,2025-04-15,910.15,SGD,DC-10-10,380,376,432303.65,41,41,18,18
300,QF,0006,2025-04-15,788.64,AUD,A310-300,280,271,250969.14,22,22,10,10
300,SQ,0002,2025-04-15,2320.04,SGD,A319,220,220,630007.08,22,22,10,10
300,AZ,0788,2025-04-15,1030.00,EUR,DC-10-10,380,360,467537.60,41,39,18,17
300,AZ,0789,2025-04-15,1030.00,EUR,747-400,385,366,463530.90,31,30,21,20
300,SQ,0015,2025-04-15,2320.04,SGD,DC-10-10,380,371,1089560.63,41,40,18,18
300,AZ,0790,2025-04-15,1014.00,EUR,A310-300,280,271,321427.86,22,21,10,10
300,LH,0402,2025-04-15,666.00,EUR,747-400,385,373,303602.76,31,31,21,19
300,AZ,0791,2025-04-15,1014.00,EUR,A319,220,208,262909.92,22,22,10,10
300,SQ,0325,2025-04-15,1737.55,SGD,747-400,385,385,820523.82,31,31,21,21
300,DL,0106,2025-04-15,611.01,USD,DC-10-10,380,362,281352.13,41,40,18,18
300,DL,1699,2025-04-15,422.94,USD,DC-10-10,380,368,196138.71,41,41,18,18
300,DL,1984,2025-04-15,422.94,USD,747-400,385,365,187405.01,31,28,21,20
300,SQ,0066,2025-04-15,329.31,SGD,DC-10-10,380,380,158226.00,41,41,18,18
300,UA,0941,2025-04-15,879.82,USD,A319,220,212,233838.96,22,22,10,10
300,SQ,0067,2025-04-15,329.31,SGD,747-400,385,385,155044.83,31,31,21,21
300,AA,0017,2025-04-15,422.94,USD,747-400,385,373,191782.40,31,30,21,19
300,AA,0026,2025-04-15,611.01,USD,A310-300,280,271,195364.59,22,22,10,10
300,AZ,0555,2025-04-15,185.00,EUR,DC-10-10,380,370,86076.80,41,39,18,18
300,LH,0454,2025-04-16,965.00,EUR,A310-300,280,271,305432.15,22,21,10,10
300,LH,2402,2025-04-16,242.00,EUR,A321,220,214,64720.48,22,22,11,10
300,LH,2407,2025-04-16,242.00,EUR,A321,220,206,63440.30,22,21,11,11
300,UA,3504,2025-04-16,879.82,USD,DC-10-10,380,369,405439.36,41,38,18,18
300,LH,2415,2025-04-16,242.00,EUR,727-200,189,181,56335.18,18,18,11,11
300,LH,2436,2025-04-16,242.00,EUR,737-200,130,118,36423.42,10,10,8,8
300,LH,2462,2025-04-16,242.00,EUR,A319,220,206,62051.22,22,21,10,9
300,SQ,0997,2025-04-16,910.15,SGD,747-400,385,384,427407.02,31,31,21,21
300,JL,0408,2025-04-16,1061.36,JPY,A319,220,205,269426.19,22,20,10,10
300,LH,0400,2025-04-16,666.00,EUR,DC-10-10,380,365,304988.04,41,39,18,18
300,LH,0401,2025-04-16,666.00,EUR,DC-10-10,380,368,308191.50,41,40,18,18
300,SQ,0326,2025-04-16,1737.55,SGD,A310-300,280,280,571237.38,22,22,10,10
300,JL,0407,2025-04-16,1061.36,JPY,A310-300,280,264,330868.16,22,21,10,10
300,UA,0007,2025-04-16,422.94,USD,A310-300,280,271,135027.99,22,22,10,10
300,LH,2463,2025-04-16,242.00,EUR,A321,220,207,61664.02,22,20,11,10
300,LH,3577,2025-04-16,185.00,EUR,A321,220,206,48414.50,22,22,11,11
300,AA,0064,2025-04-16,422.94,USD,A319,220,214,112079.18,22,21,10,10
300,QF,0005,2025-04-16,788.64,AUD,747-400,385,372,359793.57,31,30,21,20
300,SQ,0114,2025-04-17,357.44,SGD,737-200,130,130,57304.82,10,10,8,8
300,LH,0455,2025-04-17,965.00,EUR,A319,220,211,254113.45,22,22,10,10
300,SQ,0117,2025-04-17,357.44,SGD,A319,220,220,97441.91,22,22,10,10
300,SQ,0158,2025-04-17,494.79,SGD,A321,220,219,135770.17,22,22,11,11
300,SQ,0161,2025-04-17,494.79,SGD,A321,220,218,134968.61,22,22,11,11
300,UA,3516,2025-04-17,611.01,USD,DC-10-10,380,367,281517.12,41,40,18,17
300,SQ,0863,2025-04-17,512.99,SGD,A319,220,212,135034.15,22,21,10,10
300,UA,3517,2025-04-17,611.01,USD,747-400,385,366,275718.60,31,28,21,21
300,QF,0006,2025-04-17,788.64,AUD,A310-300,280,269,248303.44,22,21,10,10
300,AZ,0788,2025-04-17,1030.00,EUR,DC-10-10,380,361,471194.10,41,40,18,18
300,AZ,0789,2025-04-17,1030.00,EUR,747-400,385,368,464385.80,31,30,21,19
300,SQ,0015,2025-04-17,2320.04,SGD,DC-10-10,380,380,1112853.88,41,41,18,18
300,AZ,0790,2025-04-17,1014.00,EUR,A310-300,280,263,312170.04,22,20,10,10
300,LH,0402,2025-04-17,666.00,EUR,747-400,385,372,304661.70,31,30,21,20
300,SQ,0325,2025-04-17,1737.55,SGD,747-400,385,385,816805.51,31,31,21,21
300,DL,0106,2025-04-17,611.01,USD,DC-10-10,380,368,280790.02,41,39,18,17
300,DL,1699,2025-04-17,422.94,USD,DC-10-10,380,368,194319.96,41,40,18,16
300,DL,1984,2025-04-17,422.94,USD,747-400,385,371,193199.24,31,29,21,21
300,SQ,0066,2025-04-17,329.31,SGD,DC-10-10,380,371,154422.52,41,40,18,18
300,SQ,0067,2025-04-17,329.31,SGD,747-400,385,382,155051.47,31,31,21,21
300,AA,0017,2025-04-17,422.94,USD,747-400,385,370,193474.11,31,31,21,21
300,AA,0026,2025-04-17,611.01,USD,A310-300,280,271,194167.01,22,21,10,10
300,AZ,0555,2025-04-17,185.00,EUR,DC-10-10,380,357,83185.25,41,38,18,18
300,LH,0454,2025-04-18,965.00,EUR,A310-300,280,271,306049.75,22,21,10,10
300,LH,2402,2025-04-18,242.00,EUR,A321,220,214,64130.00,22,20,11,11
300,LH,2407,2025-04-18,242.00,EUR,A321,220,214,64640.62,22,21,11,10
300,UA,3504,2025-04-18,879.82,USD,DC-10-10,380,364,403917.24,41,40,18,17
300,LH,2415,2025-04-18,242.00,EUR,727-200,189,181,55323.62,18,17,11,11
300,LH,2436,2025-04-18,242.00,EUR,737-200,130,127,38090.80,10,10,8,8
300,SQ,0866,2025-04-18,512.99,SGD,DC-10-10,380,380,245116.50,41,41,18,18
300,SQ,0988,2025-04-18,910.15,SGD,DC-10-10,380,380,436499.39,41,41,18,18
300,LH,2462,2025-04-18,242.00,EUR,A319,220,207,63014.38,22,22,10,10
300,SQ,0997,2025-04-18,910.15,SGD,747-400,385,377,420398.84,31,30,21,21
300,JL,0408,2025-04-18,1061.36,JPY,A319,220,213,279997.27,22,21,10,10
300,SQ,0002,2025-04-18,2320.04,SGD,A319,220,220,630378.25,22,22,10,10
300,LH,0400,2025-04-18,666.00,EUR,DC-10-10,380,368,310888.80,41,41,18,18
300,LH,0401,2025-04-18,666.00,EUR,DC-10-10,380,360,300825.54,41,39,18,17
300,AZ,0791,2025-04-18,1014.00,EUR,A319,220,213,271082.76,22,22,10,10
300,SQ,0326,2025-04-18,1737.55,SGD,A310-300,280,280,567327.96,22,22,10,10
300,JL,0407,2025-04-18,1061.36,JPY,A310-300,280,271,339008.82,22,22,10,10
300,UA,0007,2025-04-18,422.94,USD,A310-300,280,262,130231.84,22,21,10,10
300,UA,0941,2025-04-18,879.82,USD,A319,220,208,224037.77,22,20,10,9
300,LH,2463,2025-04-18,242.00,EUR,A321,220,214,64957.64,22,21,11,11
300,LH,3577,2025-04-18,185.00,EUR,A321,220,210,49200.75,22,22,11,11
300,AA,0064,2025-04-18,422.94,USD,A319,220,214,111609.69,22,20,10,10
300,QF,0005,2025-04-18,788.64,AUD,747-400,385,370,357301.38,31,29,21,21
300,SQ,0114,2025-04-19,357.44,SGD,737-200,130,130,57168.98,10,10,8,8
300,LH,0455,2025-04-19,965.00,EUR,A319,220,211,252366.80,22,22,10,10
300,SQ,0117,2025-04-19,357.44,SGD,A319,220,220,96798.48,22,22,10,10
300,SQ,0158,2025-04-19,494.79,SGD,A321,220,220,136141.28,22,22,11,11
300,SQ,0161,2025-04-19,494.79,SGD,A321,220,218,134750.90,22,22,11,11
300,UA,3516,2025-04-19,611.01,USD,DC-10-10,380,362,276580.18,41,38,18,18
300,UA,3517,2025-04-19,611.01,USD,747-400,385,370,277032.30,31,30,21,20
300,AZ,0788,2025-04-19,1030.00,EUR,DC-10-10,380,360,465003.80,41,39,18,17
300,LH,0402,2025-04-19,666.00,EUR,747-400,385,374,305480.88,31,29,21,21
300,DL,0106,2025-04-19,611.01,USD,DC-10-10,380,364,281517.11,41,41,18,17
300,DL,1699,2025-04-19,422.94,USD,DC-10-10,380,362,194290.39,41,40,18,17
300,DL,1984,2025-04-19,422.94,USD,747-400,385,365,190648.81,31,29,21,21
300,SQ,0066,2025-04-19,329.31,SGD,DC-10-10,380,380,157323.71,41,41,18,18
300,SQ,0067,2025-04-19,329.31,SGD,747-400,385,385,156075.61,31,31,21,21
300,UA,3504,2025-04-20,879.82,USD,DC-10-10,380,370,403336.67,41,40,18,16
300,SQ,0863,2025-04-20,512.99,SGD,A319,220,220,138984.15,22,22,10,10
300,LH,2415,2025-04-20,242.00,EUR,727-200,189,182,56156.10,18,18,11,11
300,SQ,0866,2025-04-20,512.99,SGD,DC-10-10,380,380,244398.30,41,41,18,18
300,SQ,0988,2025-04-20,910.15,SGD,DC-10-10,380,377,434305.89,41,41,18,18
300,LH,2462,2025-04-20,242.00,EUR,A319,220,211,63631.48,22,22,10,10
300,SQ,0997,2025-04-20,910.15,SGD,747-400,385,385,427425.35,31,31,21,21
300,QF,0006,2025-04-20,788.64,AUD,A310-300,280,261,241442.36,22,20,10,10
300,AZ,0789,2025-04-20,1030.00,EUR,747-400,385,363,457536.30,31,29,21,20
300,SQ,0002,2025-04-20,2320.04,SGD,A319,220,220,631584.57,22,22,10,10
300,LH,0401,2025-04-20,666.00,EUR,DC-10-10,380,362,304894.80,41,40,18,18
300,SQ,0015,2025-04-20,2320.04,SGD,DC-10-10,380,373,1084456.60,41,40,18,18
300,AZ,0790,2025-04-20,1014.00,EUR,A310-300,280,271,322310.04,22,21,10,10
300,AZ,0791,2025-04-20,1014.00,EUR,A319,220,214,266256.12,22,21,10,9
300,SQ,0325,2025-04-20,1737.55,SGD,747-400,385,385,821218.85,31,31,21,21
300,SQ,0326,2025-04-20,1737.55,SGD,A310-300,280,280,566876.15,22,22,10,10
300,JL,0407,2025-04-20,1061.36,JPY,A310-300,280,270,338732.86,22,22,10,10
300,UA,0941,2025-04-20,879.82,USD,A319,220,205,224143.33,22,20,10,10
300,AA,0017,2025-04-20,422.94,USD,747-400,385,372,193520.54,31,29,21,20
300,AA,0026,2025-04-20,611.01,USD,A310-300,280,265,192223.97,22,21,10,10
300,AA,0064,2025-04-20,422.94,USD,A319,220,213,111893.21,22,21,10,10
300,AZ,0555,2025-04-20,185.00,EUR,DC-10-10,380,365,84720.75,41,39,18,18
300,QF,0005,2025-04-20,788.64,AUD,747-400,385,371,358413.42,31,30,21,20
300,LH,0402,2025-04-21,666.00,EUR,747-400,385,371,303010.02,31,30,21,20
300,LH,0454,2025-04-21,965.00,EUR,A310-300,280,267,302614.35,22,21,10,9
300,SQ,0114,2025-04-21,357.44,SGD,737-200,130,130,57787.41,10,10,8,8
300,LH,0455,2025-04-21,965.00,EUR,A319,220,213,255753.95,22,21,10,10
300,LH,2402,2025-04-21,242.00,EUR,A321,220,214,63498.38,22,22,11,9
300,SQ,0117,2025-04-21,357.44,SGD,A319,220,220,96769.95,22,22,10,10
300,LH,2407,2025-04-21,242.00,EUR,A321,220,214,64904.40,22,21,11,11
300,LH,2436,2025-04-21,242.00,EUR,737-200,130,125,37057.46,10,10,8,7
300,UA,3517,2025-04-21,611.01,USD,747-400,385,375,277796.07,31,30,21,19
300,JL,0408,2025-04-21,1061.36,JPY,A319,220,213,281621.06,22,22,10,9
300,LH,0400,2025-04-21,666.00,EUR,DC-10-10,380,367,303955.74,41,40,18,16
300,DL,0106,2025-04-21,611.01,USD,DC-10-10,380,369,282598.60,41,38,18,18
300,DL,1699,2025-04-21,422.94,USD,DC-10-10,380,369,195491.53,41,38,18,18
300,DL,1984,2025-04-21,422.94,USD,747-400,385,371,192433.69,31,30,21,20
300,UA,0007,2025-04-21,422.94,USD,A310-300,280,263,131318.81,22,21,10,10
300,SQ,0066,2025-04-21,329.31,SGD,DC-10-10,380,371,153698.05,41,40,18,18
300,SQ,0067,2025-04-21,329.31,SGD,747-400,385,378,153477.36,31,30,21,21
300,LH,2463,2025-04-21,242.00,EUR,A321,220,211,62929.68,22,21,11,10
300,LH,3577,2025-04-21,185.00,EUR,A321,220,213,48540.30,22,20,11,11
300,SQ,0158,2025-04-22,494.79,SGD,A321,220,220,135458.44,22,22,11,11
300,UA,3504,2025-04-22,879.82,USD,DC-10-10,380,367,404568.36,41,40,18,17
300,SQ,0161,2025-04-22,494.79,SGD,A321,220,215,133840.49,22,22,11,11
300,UA,3516,2025-04-22,611.01,USD,DC-10-10,380,358,275248.16,41,38,18,18
300,SQ,0863,2025-04-22,512.99,SGD,A319,220,220,140276.91,22,22,10,10
300,LH,2415,2025-04-22,242.00,EUR,727-200,189,175,53409.40,18,17,11,10
300,SQ,0866,2025-04-22,512.99,SGD,DC-10-10,380,380,245691.06,41,41,18,18
300,SQ,0988,2025-04-22,910.15,SGD,DC-10-10,380,370,426888.28,41,40,18,18
300,LH,2462,2025-04-22,242.00,EUR,A319,220,212,64025.94,22,22,10,10
300,SQ,0997,2025-04-22,910.15,SGD,747-400,385,384,428062.34,31,31,21,21
300,QF,0006,2025-04-22,788.64,AUD,A310-300,280,263,244368.26,22,20,10,10
300,AZ,0788,2025-04-22,1030.00,EUR,DC-10-10,380,368,477600.70,41,41,18,18
300,AZ,0789,2025-04-22,1030.00,EUR,747-400,385,374,467681.80,31,29,21,21
300,SQ,0002,2025-04-22,2320.04,SGD,A319,220,210,604904.19,22,21,10,10
300,LH,0401,2025-04-22,666.00,EUR,DC-10-10,380,367,302956.74,41,39,18,16
300,SQ,0015,2025-04-22,2320.04,SGD,DC-10-10,380,378,1103434.70,41,41,18,18
300,AZ,0790,2025-04-22,1014.00,EUR,A310-300,280,271,320454.42,22,21,10,9
300,AZ,0791,2025-04-22,1014.00,EUR,A319,220,206,258782.94,22,20,10,10
300,SQ,0325,2025-04-22,1737.55,SGD,747-400,385,385,820610.63,31,31,21,21
300,SQ,0326,2025-04-22,1737.55,SGD,A310-300,280,275,561298.51,22,22,10,10
300,JL,0407,2025-04-22,1061.36,JPY,A310-300,280,271,335315.29,22,21,10,10
300,UA,0941,2025-04-22,879.82,USD,A319,220,213,231982.55,22,21,10,10
300,AA,0017,2025-04-22,422.94,USD,747-400,385,362,187607.90,31,29,21,20
300,AA,0026,2025-04-22,611.01,USD,A310-300,280,268,192841.11,22,21,10,10
300,AA,0064,2025-04-22,422.94,USD,A319,220,213,112079.26,22,21,10,10
300,AZ,0555,2025-04-22,185.00,EUR,DC-10-10,380,360,83514.55,41,39,18,17
300,QF,0005,2025-04-22,788.64,AUD,747-400,385,373,362956.19,31,31,21,21
300,LH,0402,2025-04-23,666.00,EUR,747-400,385,373,305520.84,31,31,21,21
300,LH,0454,2025-04-23,965.00,EUR,A310-300,280,271,304525.05,22,21,10,10
300,SQ,0114,2025-04-23,357.44,SGD,737-200,130,130,58084.02,10,10,8,8
300,LH,0455,2025-04-23,965.00,EUR,A319,220,214,250272.75,22,22,10,8
300,LH,2402,2025-04-23,242.00,EUR,A321,220,213,64229.22,22,22,11,10
300,SQ,0117,2025-04-23,357.44,SGD,A319,220,213,94103.35,22,21,10,10
300,LH,2407,2025-04-23,242.00,EUR,A321,220,215,64057.40,22,20,11,10
300,LH,2436,2025-04-23,242.00,EUR,737-200,130,122,37212.34,10,10,8,8
300,UA,3517,2025-04-23,611.01,USD,747-400,385,365,274331.61,31,29,21,20
300,JL,0408,2025-04-23,1061.36,JPY,A319,220,212,280039.63,22,22,10,9
300,LH,0400,2025-04-23,666.00,EUR,DC-10-10,380,364,307891.80,41,41,18,18
300,DL,0106,2025-04-23,611.01,USD,DC-10-10,380,358,276610.68,41,39,18,17
300,DL,1699,2025-04-23,422.94,USD,DC-10-10,380,367,195199.59,41,40,18,17
300,DL,1984,2025-04-23,422.94,USD,747-400,385,373,195242.07,31,31,21,21
300,UA,0007,2025-04-23,422.94,USD,A310-300,280,261,130214.82,22,20,10,10
300,SQ,0066,2025-04-23,329.31,SGD,DC-10-10,380,371,153543.19,41,40,18,18
300,SQ,0067,2025-04-23,329.31,SGD,747-400,385,385,155565.11,31,31,21,21
300,LH,2463,2025-04-23,242.00,EUR,A321,220,213,64715.64,22,21,11,11
300,LH,3577,2025-04-23,185.00,EUR,A321,220,213,50277.45,22,22,11,11
300,SQ,0158,2025-04-24,494.79,SGD,A321,220,220,135300.10,22,22,11,11
300,SQ,0161,2025-04-24,494.79,SGD,A321,220,220,137026.94,22,22,11,11
300,UA,3516,2025-04-24,611.01,USD,DC-10-10,380,366,281462.13,41,39,18,18
300,SQ,0863,2025-04-24,512.99,SGD,A319,220,212,134474.98,22,21,10,10
300,SQ,0866,2025-04-24,512.99,SGD,DC-10-10,380,380,244644.54,41,41,18,18
300,SQ,0988,2025-04-24,910.15,SGD,DC-10-10,380,380,431584.76,41,41,18,18
300,QF,0006,2025-04-24,788.64,AUD,A310-300,280,270,247443.81,22,22,10,9
300,AZ,0788,2025-04-24,1030.00,EUR,DC-10-10,380,368,471214.70,41,38,18,17
300,AZ,0789,2025-04-24,1030.00,EUR,747-400,385,362,462706.90,31,29,21,21
300,SQ,0002,2025-04-24,2320.04,SGD,A319,220,220,629079.02,22,22,10,10
300,SQ,0015,2025-04-24,2320.04,SGD,DC-10-10,380,380,1101300.09,41,41,18,18
300,AZ,0790,2025-04-24,1014.00,EUR,A310-300,280,271,321549.54,22,21,10,10
300,AZ,0791,2025-04-24,1014.00,EUR,A319,220,206,257272.08,22,21,10,8
300,SQ,0325,2025-04-24,1737.55,SGD,747-400,385,377,805320.20,31,30,21,21
300,UA,0941,2025-04-24,879.82,USD,A319,220,213,232404.85,22,21,10,10
300,AA,0017,2025-04-24,422.94,USD,747-400,385,374,193571.41,31,29,21,21
300,AA,0026,2025-04-24,611.01,USD,A310-300,280,263,188551.82,22,20,10,10
300,AZ,0555,2025-04-24,185.00,EUR,DC-10-10,380,367,86333.95,41,41,18,18
300,LH,0454,2025-04-25,965.00,EUR,A310-300,280,271,303453.90,22,22,10,8
300,LH,2402,2025-04-25,242.00,EUR,A321,220,211,64330.86,22,21,11,11
300,LH,2407,2025-04-25,242.00,EUR,A321,220,206,62227.88,22,20,11,11
300,UA,3504,2025-04-25,879.82,USD,DC-10-10,380,365,405571.31,41,39,18,18
300,LH,2415,2025-04-25,242.00,EUR,727-200,189,183,55529.32,18,18,11,10
300,LH,2436,2025-04-25,242.00,EUR,737-200,130,125,37287.36,10,9,8,8
300,LH,2462,2025-04-25,242.00,EUR,A319,220,214,62956.30,22,21,10,9
300,SQ,0997,2025-04-25,910.15,SGD,747-400,385,376,420143.89,31,30,21,21
300,JL,0408,2025-04-25,1061.36,JPY,A319,220,211,280910.07,22,22,10,10
300,LH,0400,2025-04-25,666.00,EUR,DC-10-10,380,360,299506.86,41,38,18,17
300,LH,0401,2025-04-25,666.00,EUR,DC-10-10,380,358,301891.14,41,40,18,17
300,SQ,0326,2025-04-25,1737.55,SGD,A310-300,280,280,564791.11,22,22,10,10
300,JL,0407,2025-04-25,1061.36,JPY,A310-300,280,271,335400.17,22,21,10,9
300,UA,0007,2025-04-25,422.94,USD,A310-300,280,271,133348.87,22,22,10,9
300,LH,2463,2025-04-25,242.00,EUR,A321,220,213,64386.52,22,21,11,11
300,LH,3577,2025-04-25,185.00,EUR,A321,220,215,48928.80,22,21,11,10
300,AA,0064,2025-04-25,422.94,USD,A319,220,213,110928.82,22,21,10,10
300,QF,0005,2025-04-25,788.64,AUD,747-400,385,373,357435.39,31,30,21,19
300,LH,0402,2025-04-26,666.00,EUR,747-400,385,367,298574.46,31,30,21,19
300,SQ,0114,2025-04-26,357.44,SGD,737-200,130,120,52214.94,10,9,8,7
300,LH,0455,2025-04-26,965.00,EUR,A319,220,214,253032.65,22,21,10,10
300,SQ,0117,2025-04-26,357.44,SGD,A319,220,220,97002.10,22,22,10,10
300,SQ,0158,2025-04-26,494.79,SGD,A321,220,220,135982.91,22,22,11,11
300,SQ,0161,2025-04-26,494.79,SGD,A321,220,220,136492.53,22,22,11,11
300,UA,3516,2025-04-26,611.01,USD,DC-10-10,380,365,282195.32,41,39,18,18
300,SQ,0863,2025-04-26,512.99,SGD,A319,220,215,137080.97,22,22,10,10
300,UA,3517,2025-04-26,611.01,USD,747-400,385,374,280967.19,31,29,21,21
300,QF,0006,2025-04-26,788.64,AUD,A310-300,280,264,241150.56,22,21,10,8
300,AZ,0788,2025-04-26,1030.00,EUR,DC-10-10,380,360,469000.20,41,39,18,18
300,AZ,0789,2025-04-26,1030.00,EUR,747-400,385,373,473079.00,31,30,21,21
300,SQ,0015,2025-04-26,2320.04,SGD,DC-10-10,380,380,1107007.22,41,41,18,18
300,AZ,0790,2025-04-26,1014.00,EUR,A310-300,280,271,317452.98,22,21,10,9
300,SQ,0325,2025-04-26,1737.55,SGD,747-400,385,382,814651.02,31,31,21,21
300,DL,0106,2025-04-26,611.01,USD,DC-10-10,380,370,282525.27,41,40,18,16
300,DL,1699,2025-04-26,422.94,USD,DC-10-10,380,370,194480.79,41,40,18,16
300,DL,1984,2025-04-26,422.94,USD,747-400,385,373,191790.85,31,30,21,19
300,SQ,0066,2025-04-26,329.31,SGD,DC-10-10,380,380,157172.17,41,41,18,18
300,SQ,0067,2025-04-26,329.31,SGD,747-400,385,385,155364.28,31,31,21,21
300,AA,0017,2025-04-26,422.94,USD,747-400,385,371,192349.14,31,30,21,20
300,AA,0026,2025-04-26,611.01,USD,A310-300,280,266,187219.83,22,21,10,8
300,AZ,0555,2025-04-26,185.00,EUR,DC-10-10,380,368,85207.30,41,40,18,16
300,LH,0454,2025-04-27,965.00,EUR,A310-300,280,264,299757.95,22,21,10,10
300,LH,2402,2025-04-27,242.00,EUR,A321,220,203,61136.46,22,21,11,10
300,LH,2407,2025-04-27,242.00,EUR,A321,220,211,64018.68,22,21,11,11
300,UA,3504,2025-04-27,879.82,USD,DC-10-10,380,360,398145.62,41,39,18,17
300,LH,2415,2025-04-27,242.00,EUR,727-200,189,182,55548.68,18,18,11,10
300,LH,2436,2025-04-27,242.00,EUR,737-200,130,121,35109.36,10,9,8,6
300,SQ,0866,2025-04-27,512.99,SGD,DC-10-10,380,380,244598.37,41,41,18,18
300,SQ,0988,2025-04-27,910.15,SGD,DC-10-10,380,380,433386.69,41,41,18,18
300,LH,2462,2025-04-27,242.00,EUR,A319,220,214,64151.78,22,21,10,10
300,SQ,0997,2025-04-27,910.15,SGD,747-400,385,381,427352.35,31,31,21,21
300,JL,0408,2025-04-27,1061.36,JPY,A319,220,213,282873.58,22,22,10,10
300,LH,0400,2025-04-27,666.00,EUR,DC-10-10,380,361,303149.88,41,39,18,18
300,SQ,0002,2025-04-27,2320.04,SGD,A319,220,220,627965.31,22,22,10,10
300,LH,0401,2025-04-27,666.00,EUR,DC-10-10,380,369,306173.52,41,38,18,18
300,AZ,0791,2025-04-27,1014.00,EUR,A319,220,207,261186.12,22,21,10,10
300,SQ,0326,2025-04-27,1737.55,SGD,A310-300,280,280,569656.17,22,22,10,10
300,JL,0407,2025-04-27,1061.36,JPY,A310-300,280,265,333086.52,22,22,10,10
300,UA,0007,2025-04-27,422.94,USD,A310-300,280,271,133247.44,22,21,10,10
300,UA,0941,2025-04-27,879.82,USD,A319,220,212,230917.98,22,21,10,10
300,LH,2463,2025-04-27,242.00,EUR,A321,220,213,64534.14,22,21,11,11
300,LH,3577,2025-04-27,185.00,EUR,A321,220,208,47563.50,22,20,11,10
300,AA,0064,2025-04-27,422.94,USD,A319,220,209,109478.22,22,21,10,10
300,QF,0005,2025-04-27,788.64,AUD,747-400,385,371,359454.41,31,31,21,20
300,LH,0402,2025-04-28,666.00,EUR,747-400,385,372,309283.74,31,31,21,21
300,SQ,0114,2025-04-28,357.44,SGD,737-200,130,130,58094.78,10,10,8,8
300,LH,0455,2025-04-28,965.00,EUR,A319,220,205,241481.60,22,20,10,9
300,SQ,0117,2025-04-28,357.44,SGD,A319,220,220,98099.53,22,22,10,10
300,SQ,0158,2025-04-28,494.79,SGD,A321,220,214,132687.63,22,21,11,11
300,SQ,0161,2025-04-28,494.79,SGD,A321,220,215,134241.26,22,22,11,11
300,UA,3516,2025-04-28,611.01,USD,DC-10-10,380,367,283790.09,41,41,18,18
300,UA,3517,2025-04-28,611.01,USD,747-400,385,363,273567.87,31,29,21,21
300,AZ,0788,2025-04-28,1030.00,EUR,DC-10-10,380,369,472790.60,41,38,18,18
300,DL,0106,2025-04-28,611.01,USD,DC-10-10,380,367,281156.63,41,40,18,17
300,DL,1699,2025-04-28,422.94,USD,DC-10-10,380,367,194848.65,41,40,18,17
300,DL,1984,2025-04-28,422.94,USD,747-400,385,373,193241.47,31,31,21,20
300,SQ,0066,2025-04-28,329.31,SGD,DC-10-10,380,376,155808.80,41,41,18,18
300,SQ,0067,2025-04-28,329.31,SGD,747-400,385,385,155947.22,31,31,21,21
300,UA,3504,2025-04-29,879.82,USD,DC-10-10,380,368,410621.50,41,41,18,18
300,SQ,0863,2025-04-29,512.99,SGD,A319,220,220,139317.60,22,22,10,10
300,LH,2415,2025-04-29,242.00,EUR,727-200,189,182,55737.44,18,18,11,11
300,SQ,0866,2025-04-29,512.99,SGD,DC-10-10,380,373,240797.13,41,40,18,18
300,SQ,0988,2025-04-29,910.15,SGD,DC-10-10,380,380,434633.67,41,41,18,18
300,LH,2462,2025-04-29,242.00,EUR,A319,220,214,63735.54,22,20,10,10
300,SQ,0997,2025-04-29,910.15,SGD,747-400,385,384,429618.54,31,31,21,21
300,QF,0006,2025-04-29,788.64,AUD,A310-300,280,271,245409.12,22,20,10,9
300,AZ,0789,2025-04-29,1030.00,EUR,747-400,385,371,469906.60,31,31,21,20
300,SQ,0002,2025-04-29,2320.04,SGD,A319,220,220,630331.82,22,22,10,10
300,LH,0401,2025-04-29,666.00,EUR,DC-10-10,380,365,306353.34,41,40,18,17
300,SQ,0015,2025-04-29,2320.04,SGD,DC-10-10,380,376,1101926.43,41,41,18,18
300,AZ,0790,2025-04-29,1014.00,EUR,A310-300,280,267,319947.42,22,22,10,10
300,AZ,0791,2025-04-29,1014.00,EUR,A319,220,210,264674.28,22,21,10,10
300,SQ,0325,2025-04-29,1737.55,SGD,747-400,385,385,823095.48,31,31,21,21
300,SQ,0326,2025-04-29,1737.55,SGD,A310-300,280,280,568266.19,22,22,10,10
300,JL,0407,2025-04-29,1061.36,JPY,A310-300,280,262,326017.80,22,20,10,10
300,UA,0941,2025-04-29,879.82,USD,A319,220,203,223914.58,22,21,10,10
300,AA,0017,2025-04-29,422.94,USD,747-400,385,375,194260.71,31,30,21,20
300,AA,0026,2025-04-29,611.01,USD,A310-300,280,271,190250.45,22,20,10,9
300,AA,0064,2025-04-29,422.94,USD,A319,220,206,109744.64,22,22,10,10
300,AZ,0555,2025-04-29,185.00,EUR,DC-10-10,380,368,85431.15,41,41,18,17
300,QF,0005,2025-04-29,788.64,AUD,747-400,385,374,358926.06,31,29,21,20
300,LH,0402,2025-04-30,666.00,EUR,747-400,385,372,301871.16,31,29,21,20
300,LH,0454,2025-04-30,965.00,EUR,A310-300,280,271,308722.80,22,22,10,10
300,SQ,0114,2025-04-30,357.44,SGD,737-200,130,123,55192.50,10,9,8,8
300,LH,0455,2025-04-30,965.00,EUR,A319,220,204,245795.15,22,21,10,10
300,LH,2402,2025-04-30,242.00,EUR,A321,220,211,64921.34,22,22,11,11
300,SQ,0117,2025-04-30,357.44,SGD,A319,220,220,97323.83,22,22,10,10
300,LH,2407,2025-04-30,242.00,EUR,A321,220,213,64493.00,22,21,11,11
300,SQ,0158,2025-04-30,494.79,SGD,A321,220,220,137210.02,22,22,11,11
300,SQ,0161,2025-04-30,494.79,SGD,A321,220,220,135804.78,22,22,11,11
300,UA,3516,2025-04-30,611.01,USD,DC-10-10,380,361,276464.03,41,37,18,17
300,LH,2436,2025-04-30,242.00,EUR,737-200,130,125,37074.40,10,9,8,8
300,UA,3517,2025-04-30,611.01,USD,747-400,385,372,280643.36,31,30,21,21
300,JL,0408,2025-04-30,1061.36,JPY,A319,220,209,275380.29,22,20,10,10
300,AZ,0788,2025-04-30,1030.00,EUR,DC-10-10,380,359,465343.70,41,39,18,17
300,LH,0400,2025-04-30,666.00,EUR,DC-10-10,380,369,305827.20,41,38,18,18
300,DL,0106,2025-04-30,611.01,USD,DC-10-10,380,362,278126.01,41,38,18,18
300,DL,1699,2025-04-30,422.94,USD,DC-10-10,380,362,193617.84,41,38,18,18
300,DL,1984,2025-04-30,422.94,USD,747-400,385,374,192543.70,31,28,21,21
300,UA,0007,2025-04-30,422.94,USD,A310-300,280,271,134321.55,22,21,10,10
300,SQ,0066,2025-04-30,329.31,SGD,DC-10-10,380,380,157811.11,41,41,18,18
300,SQ,0067,2025-04-30,329.31,SGD,747-400,385,381,154491.56,31,31,21,21
300,LH,2463,2025-04-30,242.00,EUR,A321,220,212,64296.98,22,21,11,11
300,LH,3577,2025-04-30,185.00,EUR,A321,220,213,49082.35,22,21,11,11
300,UA,3504,2025-05-01,879.82,USD,DC-10-10,380,368,403019.91,41,40,18,16
300,SQ,0863,2025-05-01,512.99,SGD,A319,220,220,139050.84,22,22,10,10
300,LH,2415,2025-05-01,242.00,EUR,727-200,189,179,53707.06,18,16,11,10
300,SQ,0866,2025-05-01,512.99,SGD,DC-10-10,380,375,241299.85,41,40,18,18
300,SQ,0988,2025-05-01,910.15,SGD,DC-10-10,380,380,432849.74,41,41,18,18
300,LH,2462,2025-05-01,242.00,EUR,A319,220,213,63721.02,22,21,10,10
300,SQ,0997,2025-05-01,910.15,SGD,747-400,385,381,427898.38,31,31,21,21
300,QF,0006,2025-05-01,788.64,AUD,A310-300,280,271,249872.80,22,22,10,10
300,AZ,0789,2025-05-01,1030.00,EUR,747-400,385,373,473233.50,31,31,21,21
300,SQ,0002,2025-05-01,2320.04,SGD,A319,220,220,633765.48,22,22,10,10
300,LH,0401,2025-05-01,666.00,EUR,DC-10-10,380,370,306746.28,41,40,18,16
300,SQ,0015,2025-05-01,2320.04,SGD,DC-10-10,380,377,1101485.82,41,41,18,18
300,AZ,0790,2025-05-01,1014.00,EUR,A310-300,280,261,311581.92,22,21,10,10
300,AZ,0791,2025-05-01,1014.00,EUR,A319,220,203,255903.18,22,20,10,10
300,SQ,0325,2025-05-01,1737.55,SGD,747-400,385,385,825128.25,31,31,21,21
300,SQ,0326,2025-05-01,1737.55,SGD,A310-300,280,280,569013.31,22,22,10,10
300,JL,0407,2025-05-01,1061.36,JPY,A310-300,280,270,333956.85,22,20,10,10
300,UA,0941,2025-05-01,879.82,USD,A319,220,213,234129.29,22,22,10,10
300,AA,0017,2025-05-01,422.94,USD,747-400,385,370,192818.55,31,29,21,21
300,AA,0026,2025-05-01,611.01,USD,A310-300,280,271,195040.76,22,22,10,10
300,AA,0064,2025-05-01,422.94,USD,A319,220,213,112468.39,22,22,10,10
300,AZ,0555,2025-05-01,185.00,EUR,DC-10-10,380,361,83836.45,41,37,18,18
300,QF,0005,2025-05-01,788.64,AUD,747-400,385,361,348389.81,31,29,21,20
300,LH,0402,2025-05-02,666.00,EUR,747-400,385,362,295124.58,31,29,21,20
300,LH,0454,2025-05-02,965.00,EUR,A310-300,280,261,298320.10,22,21,10,10
300,SQ,0114,2025-05-02,357.44,SGD,737-200,130,120,52493.73,10,9,8,7
300,LH,0455,2025-05-02,965.00,EUR,A319,220,213,256651.40,22,21,10,10
300,LH,2402,2025-05-02,242.00,EUR,A321,220,211,64149.36,22,22,11,11
300,SQ,0117,2025-05-02,357.44,SGD,A319,220,219,97091.49,22,22,10,10
300,LH,2407,2025-05-02,242.00,EUR,A321,220,202,61676.12,22,20,11,11
300,LH,2436,2025-05-02,242.00,EUR,737-200,130,128,37493.06,10,9,8,7
300,UA,3517,2025-05-02,611.01,USD,747-400,385,366,275352.01,31,30,21,20
300,JL,0408,2025-05-02,1061.36,JPY,A319,220,214,282905.30,22,22,10,10
300,LH,0400,2025-05-02,666.00,EUR,DC-10-10,380,364,303809.22,41,39,18,18
300,DL,0106,2025-05-02,611.01,USD,DC-10-10,380,360,277276.69,41,39,18,17
300,DL,1699,2025-05-02,422.94,USD,DC-10-10,380,365,192953.99,41,40,18,17
300,DL,1984,2025-05-02,422.94,USD,747-400,385,367,190983.00,31,30,21,20
300,UA,0007,2025-05-02,422.94,USD,A310-300,280,268,132672.21,22,21,10,9
300,SQ,0066,2025-05-02,329.31,SGD,DC-10-10,380,380,156935.11,41,41,18,18
300,SQ,0067,2025-05-02,329.31,SGD,747-400,385,378,153658.51,31,30,21,21
300,LH,2463,2025-05-02,242.00,EUR,A321,220,207,63609.70,22,22,11,11
300,LH,3577,2025-05-02,185.00,EUR,A321,220,204,46398.00,22,20,11,10
300,SQ,0158,2025-05-03,494.79,SGD,A321,220,220,136314.43,22,22,11,11
300,SQ,0161,2025-05-03,494.79,SGD,A321,220,220,134834.98,22,22,11,11
300,UA,3516,2025-05-03,611.01,USD,DC-10-10,380,362,279977.35,41,40,18,17
300,SQ,0863,2025-05-03,512.99,SGD,A319,220,220,139912.68,22,22,10,10
300,SQ,0866,2025-05-03,512.99,SGD,DC-10-10,380,380,244895.91,41,41,18,18
300,SQ,0988,2025-05-03,910.15,SGD,DC-10-10,380,380,434706.40,41,41,18,18
300,QF,0006,2025-05-03,788.64,AUD,A310-300,280,269,245961.04,22,20,10,10
300,AZ,0788,2025-05-03,1030.00,EUR,DC-10-10,380,365,469401.90,41,40,18,16
300,AZ,0789,2025-05-03,1030.00,EUR,747-400,385,374,463633.90,31,29,21,19
300,SQ,0002,2025-05-03,2320.04,SGD,A319,220,220,632535.89,22,22,10,10
300,SQ,0015,2025-05-03,2320.04,SGD,DC-10-10,380,380,1103225.53,41,41,18,18
300,AZ,0790,2025-05-03,1014.00,EUR,A310-300,280,271,322340.46,22,22,10,10
300,AZ,0791,2025-05-03,1014.00,EUR,A319,220,211,269521.20,22,22,10,10
300,SQ,0325,2025-05-03,1737.55,SGD,747-400,385,381,815519.63,31,31,21,21
300,UA,0941,2025-05-03,879.82,USD,A319,220,213,230671.61,22,20,10,10
300,AA,0017,2025-05-03,422.94,USD,747-400,385,374,194967.10,31,29,21,21
300,AA,0026,2025-05-03,611.01,USD,A310-300,280,271,192480.63,22,20,10,10
300,AZ,0555,2025-05-03,185.00,EUR,DC-10-10,380,367,85682.75,41,40,18,17
300,LH,0454,2025-05-04,965.00,EUR,A310-300,280,262,294604.85,22,20,10,10
300,LH,2402,2025-05-04,242.00,EUR,A321,220,203,62285.96,22,21,11,11
300,LH,2407,2025-05-04,242.00,EUR,A321,220,204,62581.20,22,21,11,11
300,UA,3504,2025-05-04,879.82,USD,DC-10-10,380,367,406213.65,41,41,18,17
300,LH,2415,2025-05-04,242.00,EUR,727-200,189,184,55028.38,18,18,11,9
300,LH,2436,2025-05-04,242.00,EUR,737-200,130,117,34724.58,10,9,8,7
300,LH,2462,2025-05-04,242.00,EUR,A319,220,213,63345.92,22,21,10,10
300,SQ,0997,2025-05-04,910.15,SGD,747-400,385,385,431529.99,31,31,21,21
300,JL,0408,2025-05-04,1061.36,JPY,A319,220,215,276834.41,22,20,10,9
300,LH,0400,2025-05-04,666.00,EUR,DC-10-10,380,360,300612.42,41,39,18,17
300,LH,0401,2025-05-04,666.00,EUR,DC-10-10,380,363,305480.88,41,40,18,17
300,SQ,0326,2025-05-04,1737.55,SGD,A310-300,280,271,551272.89,22,21,10,10
300,JL,0407,2025-05-04,1061.36,JPY,A310-300,280,271,335156.10,22,21,10,10
300,UA,0007,2025-05-04,422.94,USD,A310-300,280,271,133928.33,22,21,10,10
300,LH,2463,2025-05-04,242.00,EUR,A321,220,208,64519.62,22,22,11,11
300,LH,3577,2025-05-04,185.00,EUR,A321,220,210,48860.35,22,21,11,11
300,AA,0064,2025-05-04,422.94,USD,A319,220,205,107557.96,22,19,10,10
300,QF,0005,2025-05-04,788.64,AUD,747-400,385,374,366110.62,31,30,21,21
300,LH,0402,2025-05-05,666.00,EUR,747-400,385,374,304335.36,31,29,21,21
300,SQ,0114,2025-05-05,357.44,SGD,737-200,130,130,57780.28,10,10,8,8
300,LH,0455,2025-05-05,965.00,EUR,A319,220,203,242649.25,22,20,10,10
300,SQ,0117,2025-05-05,357.44,SGD,A319,220,211,93477.87,22,21,10,10
300,SQ,0158,2025-05-05,494.79,SGD,A321,220,213,132623.33,22,21,11,11
300,SQ,0161,2025-05-05,494.79,SGD,A321,220,220,136482.66,22,22,11,11
300,UA,3516,2025-05-05,611.01,USD,DC-10-10,380,360,275394.80,41,37,18,18
300,SQ,0863,2025-05-05,512.99,SGD,A319,220,219,138973.90,22,22,10,10
300,UA,3517,2025-05-05,611.01,USD,747-400,385,373,283179.04,31,31,21,21
300,QF,0006,2025-05-05,788.64,AUD,A310-300,280,264,244659.85,22,21,10,10
300,AZ,0788,2025-05-05,1030.00,EUR,DC-10-10,380,367,472903.90,41,40,18,17
300,AZ,0789,2025-05-05,1030.00,EUR,747-400,385,370,470658.50,31,31,21,20
300,SQ,0015,2025-05-05,2320.04,SGD,DC-10-10,380,378,1103643.20,41,41,18,18
300,AZ,0790,2025-05-05,1014.00,EUR,A310-300,280,262,311399.40,22,20,10,10
300,SQ,0325,2025-05-05,1737.55,SGD,747-400,385,385,816440.58,31,31,21,21
300,DL,0106,2025-05-05,611.01,USD,DC-10-10,380,364,283466.23,41,41,18,18
300,DL,1699,2025-05-05,422.94,USD,DC-10-10,380,368,197085.96,41,41,18,18
300,DL,1984,2025-05-05,422.94,USD,747-400,385,375,194015.32,31,30,21,19
300,SQ,0066,2025-05-05,329.31,SGD,DC-10-10,380,374,155015.20,41,40,18,18
300,SQ,0067,2025-05-05,329.31,SGD,747-400,385,385,154758.42,31,31,21,21
300,AA,0017,2025-05-05,422.94,USD,747-400,385,371,192843.88,31,30,21,20
300,AA,0026,2025-05-05,611.01,USD,A310-300,280,271,194857.46,22,22,10,10
300,AZ,0555,2025-05-05,185.00,EUR,DC-10-10,380,370,85629.10,41,40,18,16
300,LH,0454,2025-05-06,965.00,EUR,A310-300,280,263,295338.25,22,20,10,9
300,LH,2402,2025-05-06,242.00,EUR,A321,220,212,64284.88,22,22,11,10
300,LH,2407,2025-05-06,242.00,EUR,A321,220,209,64180.82,22,22,11,11
300,UA,3504,2025-05-06,879.82,USD,DC-10-10,380,359,396852.29,41,37,18,18
300,LH,2415,2025-05-06,242.00,EUR,727-200,189,183,55597.08,18,18,11,10
300,LH,2436,2025-05-06,242.00,EUR,737-200,130,119,35039.18,10,8,8,7
300,SQ,0866,2025-05-06,512.99,SGD,DC-10-10,380,380,244860.00,41,41,18,18
300,SQ,0988,2025-05-06,910.15,SGD,DC-10-10,380,374,430137.44,41,40,18,18
300,LH,2462,2025-05-06,242.00,EUR,A319,220,213,63938.82,22,21,10,10
300,SQ,0997,2025-05-06,910.15,SGD,747-400,385,385,427907.68,31,31,21,21
300,JL,0408,2025-05-06,1061.36,JPY,A319,220,213,280304.95,22,21,10,10
300,LH,0400,2025-05-06,666.00,EUR,DC-10-10,380,367,306126.90,41,40,18,17
300,SQ,0002,2025-05-06,2320.04,SGD,A319,220,212,603860.02,22,21,10,10
300,LH,0401,2025-05-06,666.00,EUR,DC-10-10,380,361,301524.84,41,38,18,18
300,AZ,0791,2025-05-06,1014.00,EUR,A319,220,213,270342.54,22,22,10,10
300,SQ,0326,2025-05-06,1737.55,SGD,A310-300,280,280,569882.02,22,22,10,10
300,JL,0407,2025-05-06,1061.36,JPY,A310-300,280,266,329615.84,22,21,10,9
300,UA,0007,2025-05-06,422.94,USD,A310-300,280,267,131153.87,22,21,10,9
300,UA,0941,2025-05-06,879.82,USD,A319,220,207,225331.07,22,20,10,10
300,LH,2463,2025-05-06,242.00,EUR,A321,220,210,63212.82,22,20,11,11
300,LH,3577,2025-05-06,185.00,EUR,A321,220,211,49187.80,22,22,11,11
300,AA,0064,2025-05-06,422.94,USD,A319,220,214,111246.11,22,21,10,10
300,QF,0005,2025-05-06,788.64,AUD,747-400,385,371,360227.38,31,30,21,20
300,LH,0402,2025-05-07,666.00,EUR,747-400,385,371,302011.02,31,30,21,20
300,SQ,0114,2025-05-07,357.44,SGD,737-200,130,129,56904.47,10,10,8,8
300,LH,0455,2025-05-07,965.00,EUR,A319,220,206,249568.30,22,22,10,10
300,SQ,0117,2025-05-07,357.44,SGD,A319,220,211,93753.09,22,21,10,10
300,SQ,0158,2025-05-07,494.79,SGD,A321,220,220,135918.60,22,22,11,11
300,SQ,0161,2025-05-07,494.79,SGD,A321,220,220,136081.89,22,22,11,11
300,UA,3516,2025-05-07,611.01,USD,DC-10-10,380,366,282360.32,41,40,18,18
300,SQ,0863,2025-05-07,512.99,SGD,A319,220,220,140040.93,22,22,10,10
300,UA,3517,2025-05-07,611.01,USD,747-400,385,364,272199.18,31,29,21,19
300,QF,0006,2025-05-07,788.64,AUD,A310-300,280,271,252065.29,22,22,10,10
300,AZ,0788,2025-05-07,1030.00,EUR,DC-10-10,380,369,479856.40,41,39,18,18
300,AZ,0789,2025-05-07,1030.00,EUR,747-400,385,374,472605.20,31,29,21,21
300,SQ,0015,2025-05-07,2320.04,SGD,DC-10-10,380,380,1108004.98,41,41,18,18
300,AZ,0790,2025-05-07,1014.00,EUR,A310-300,280,265,317442.84,22,21,10,10
300,SQ,0325,2025-05-07,1737.55,SGD,747-400,385,385,819446.57,31,31,21,21
300,DL,0106,2025-05-07,611.01,USD,DC-10-10,380,367,283276.80,41,40,18,17
300,DL,1699,2025-05-07,422.94,USD,DC-10-10,380,362,191346.72,41,39,18,16
300,DL,1984,2025-05-07,422.94,USD,747-400,385,371,192881.90,31,30,21,20
300,SQ,0066,2025-05-07,329.31,SGD,DC-10-10,380,373,154056.95,41,40,18,18
300,SQ,0067,2025-05-07,329.31,SGD,747-400,385,385,155966.92,31,31,21,21
300,AA,0017,2025-05-07,422.94,USD,747-400,385,373,195174.33,31,31,21,21
300,AA,0026,2025-05-07,611.01,USD,A310-300,280,262,188478.51,22,21,10,10
300,AZ,0555,2025-05-07,185.00,EUR,DC-10-10,380,367,85233.20,41,40,18,17
300,LH,0454,2025-05-08,965.00,EUR,A310-300,280,272,303540.75,22,21,10,9
300,LH,2402,2025-05-08,242.00,EUR,A321,220,209,63723.44,22,21,11,11
300,LH,2407,2025-05-08,242.00,EUR,A321,220,214,64130.00,22,21,11,10
300,UA,3504,2025-05-08,879.82,USD,DC-10-10,380,366,406688.70,41,40,18,18
300,LH,2415,2025-05-08,242.00,EUR,727-200,189,181,56090.76,18,18,11,11
300,LH,2436,2025-05-08,242.00,EUR,737-200,130,123,37047.78,10,10,8,7
300,SQ,0866,2025-05-08,512.99,SGD,DC-10-10,380,380,245470.47,41,41,18,18
300,SQ,0988,2025-05-08,910.15,SGD,DC-10-10,380,372,425122.54,41,40,18,18
300,LH,2462,2025-05-08,242.00,EUR,A319,220,212,63938.82,22,21,10,10
300,SQ,0997,2025-05-08,910.15,SGD,747-400,385,383,429072.63,31,31,21,21
300,JL,0408,2025-05-08,1061.36,JPY,A319,220,206,271272.86,22,20,10,10
300,LH,0400,2025-05-08,666.00,EUR,DC-10-10,380,369,308431.26,41,39,18,18
300,SQ,0002,2025-05-08,2320.04,SGD,A319,220,213,611446.63,22,21,10,10
300,LH,0401,2025-05-08,666.00,EUR,DC-10-10,380,366,306659.70,41,40,18,17
300,AZ,0791,2025-05-08,1014.00,EUR,A319,220,208,259117.56,22,19,10,10
300,SQ,0326,2025-05-08,1737.55,SGD,A310-300,280,280,572748.95,22,22,10,10
300,JL,0407,2025-05-08,1061.36,JPY,A310-300,280,262,328713.66,22,21,10,10
300,UA,0007,2025-05-08,422.94,USD,A310-300,280,271,134144.00,22,21,10,10
300,UA,0941,2025-05-08,879.82,USD,A319,220,214,231797.79,22,20,10,10
300,LH,2463,2025-05-08,242.00,EUR,A321,220,211,64287.30,22,22,11,11
300,LH,3577,2025-05-08,185.00,EUR,A321,220,212,49293.25,22,22,11,11
300,AA,0064,2025-05-08,422.94,USD,A319,220,214,110772.36,22,20,10,10
300,QF,0005,2025-05-08,788.64,AUD,747-400,385,371,358310.95,31,30,21,20
300,LH,0402,2025-05-09,666.00,EUR,747-400,385,372,304848.18,31,30,21,20
300,SQ,0114,2025-05-09,357.44,SGD,737-200,130,130,57194.08,10,10,8,8
300,LH,0455,2025-05-09,965.00,EUR,A319,220,204,247464.60,22,21,10,10
300,SQ,0117,2025-05-09,357.44,SGD,A319,220,220,97852.96,22,22,10,10
300,SQ,0158,2025-05-09,494.79,SGD,A321,220,220,136962.64,22,22,11,11
300,SQ,0161,2025-05-09,494.79,SGD,A321,220,220,135309.99,22,22,11,11
300,UA,3516,2025-05-09,611.01,USD,DC-10-10,380,370,282329.75,41,40,18,16
300,UA,3517,2025-05-09,611.01,USD,747-400,385,372,282592.47,31,31,21,21
300,AZ,0788,2025-05-09,1030.00,EUR,DC-10-10,380,360,467074.10,41,39,18,17
300,DL,0106,2025-05-09,611.01,USD,DC-10-10,380,364,280967.24,41,41,18,18
300,DL,1699,2025-05-09,422.94,USD,DC-10-10,380,367,197217.10,41,41,18,18
300,DL,1984,2025-05-09,422.94,USD,747-400,385,364,187819.46,31,28,21,20
300,SQ,0066,2025-05-09,329.31,SGD,DC-10-10,380,375,155703.42,41,40,18,18
300,SQ,0067,2025-05-09,329.31,SGD,747-400,385,385,154666.15,31,31,21,21
300,UA,3504,2025-05-10,879.82,USD,DC-10-10,380,361,399949.24,41,39,18,17
300,SQ,0863,2025-05-10,512.99,SGD,A319,220,220,139338.12,22,22,10,10
300,LH,2415,2025-05-10,242.00,EUR,727-200,189,181,55384.12,18,17,11,11
300,SQ,0866,2025-05-10,512.99,SGD,DC-10-10,380,372,241448.65,41,40,18,18
300,SQ,0988,2025-05-10,910.15,SGD,DC-10-10,380,373,428772.23,41,40,18,18
300,LH,2462,2025-05-10,242.00,EUR,A319,220,205,62406.96,22,21,10,10
300,SQ,0997,2025-05-10,910.15,SGD,747-400,385,381,426151.09,31,31,21,21
300,QF,0006,2025-05-10,788.64,AUD,A310-300,280,268,246655.22,22,22,10,9
300,AZ,0789,2025-05-10,1030.00,EUR,747-400,385,366,465467.30,31,30,21,20
300,SQ,0002,2025-05-10,2320.04,SGD,A319,220,214,610077.81,22,21,10,10
300,LH,0401,2025-05-10,666.00,EUR,DC-10-10,380,358,302497.20,41,40,18,18
300,SQ,0015,2025-05-10,2320.04,SGD,DC-10-10,380,380,1105824.25,41,41,18,18
300,AZ,0790,2025-05-10,1014.00,EUR,A310-300,280,266,316834.44,22,21,10,10
300,AZ,0791,2025-05-10,1014.00,EUR,A319,220,209,264755.40,22,21,10,10
300,SQ,0325,2025-05-10,1737.55,SGD,747-400,385,385,823877.21,31,31,21,21
300,SQ,0326,2025-05-10,1737.55,SGD,A310-300,280,280,571636.92,22,22,10,10
300,JL,0407,2025-05-10,1061.36,JPY,A310-300,280,271,335899.25,22,22,10,10
300,UA,0941,2025-05-10,879.82,USD,A319,220,213,230055.80,22,21,10,10
300,AA,0017,2025-05-10,422.94,USD,747-400,385,372,192391.43,31,29,21,20
300,AA,0026,2025-05-10,611.01,USD,A310-300,280,266,191936.80,22,22,10,9
300,AA,0064,2025-05-10,422.94,USD,A319,220,213,112430.18,22,21,10,10
300,AZ,0555,2025-05-10,185.00,EUR,DC-10-10,380,369,85817.80,41,39,18,18
300,QF,0005,2025-05-10,788.64,AUD,747-400,385,371,359982.86,31,29,21,21
300,LH,0402,2025-05-11,666.00,EUR,747-400,385,362,294525.18,31,29,21,19
300,LH,0454,2025-05-11,965.00,EUR,A310-300,280,271,307535.85,22,21,10,10
300,SQ,0114,2025-05-11,357.44,SGD,737-200,130,127,56482.73,10,10,8,8
300,LH,0455,2025-05-11,965.00,EUR,A319,220,214,252260.65,22,21,10,9
300,LH,2402,2025-05-11,242.00,EUR,A321,220,213,64074.34,22,22,11,9
300,SQ,0117,2025-05-11,357.44,SGD,A319,220,212,94006.85,22,21,10,10
300,LH,2407,2025-05-11,242.00,EUR,A321,220,214,64415.56,22,21,11,11
300,LH,2436,2025-05-11,242.00,EUR,737-200,130,128,38364.26,10,9,8,8
300,UA,3517,2025-05-11,611.01,USD,747-400,385,371,276390.74,31,29,21,20
300,JL,0408,2025-05-11,1061.36,JPY,A319,220,213,278415.81,22,21,10,10
300,LH,0400,2025-05-11,666.00,EUR,DC-10-10,380,359,301571.46,41,39,18,17
300,DL,0106,2025-05-11,611.01,USD,DC-10-10,380,362,275083.20,41,38,18,17
300,DL,1699,2025-05-11,422.94,USD,DC-10-10,380,360,190949.10,41,37,18,18
300,DL,1984,2025-05-11,422.94,USD,747-400,385,367,191938.85,31,30,21,21
300,UA,0007,2025-05-11,422.94,USD,A310-300,280,271,134271.00,22,22,10,10
300,SQ,0066,2025-05-11,329.31,SGD,DC-10-10,380,375,154465.24,41,40,18,18
300,SQ,0067,2025-05-11,329.31,SGD,747-400,385,378,153299.63,31,30,21,21
300,LH,2463,2025-05-11,242.00,EUR,A321,220,215,64234.06,22,20,11,10
300,LH,3577,2025-05-11,185.00,EUR,A321,220,213,49099.00,22,21,11,11
300,SQ,0158,2025-05-12,494.79,SGD,A321,220,210,130208.73,22,21,11,11
300,SQ,0161,2025-05-12,494.79,SGD,A321,220,220,136269.91,22,22,11,11
300,UA,3516,2025-05-12,611.01,USD,DC-10-10,380,367,281529.34,41,40,18,17
300,SQ,0863,2025-05-12,512.99,SGD,A319,220,212,135629.23,22,21,10,10
300,SQ,0866,2025-05-12,512.99,SGD,DC-10-10,380,373,240694.53,41,40,18,18
300,SQ,0988,2025-05-12,910.15,SGD,DC-10-10,380,380,435243.35,41,41,18,18
300,QF,0006,2025-05-12,788.64,AUD,A310-300,280,271,249502.19,22,22,10,9
300,AZ,0788,2025-05-12,1030.00,EUR,DC-10-10,380,368,480721.60,41,41,18,18
300,AZ,0789,2025-05-12,1030.00,EUR,747-400,385,375,470370.10,31,31,21,19
300,SQ,0002,2025-05-12,2320.04,SGD,A319,220,220,630888.62,22,22,10,10
300,SQ,0015,2025-05-12,2320.04,SGD,DC-10-10,380,380,1112900.34,41,41,18,18
300,AZ,0790,2025-05-12,1014.00,EUR,A310-300,280,269,318963.84,22,22,10,9
300,AZ,0791,2025-05-12,1014.00,EUR,A319,220,208,258488.88,22,20,10,9
300,SQ,0325,2025-05-12,1737.55,SGD,747-400,385,385,822643.70,31,31,21,21
300,UA,0941,2025-05-12,879.82,USD,A319,220,213,231551.44,22,21,10,10
300,AA,0017,2025-05-12,422.94,USD,747-400,385,366,189955.39,31,30,21,20
300,AA,0026,2025-05-12,611.01,USD,A310-300,280,271,194020.36,22,22,10,9
300,AZ,0555,2025-05-12,185.00,EUR,DC-10-10,380,366,84791.05,41,40,18,17
300,LH,0454,2025-05-13,965.00,EUR,A310-300,280,265,296312.90,22,20,10,9
300,LH,2402,2025-05-13,242.00,EUR,A321,220,213,64362.32,22,22,11,10
300,LH,2407,2025-05-13,242.00,EUR,A321,220,207,61821.32,22,19,11,11
300,UA,3504,2025-05-13,879.82,USD,DC-10-10,380,360,399386.15,41,38,18,18
300,LH,2415,2025-05-13,242.00,EUR,727-200,189,184,55902.00,18,17,11,10
300,LH,2436,2025-05-13,242.00,EUR,737-200,130,124,37200.24,10,9,8,8
300,LH,2462,2025-05-13,242.00,EUR,A319,220,204,61867.30,22,21,10,10
300,SQ,0997,2025-05-13,910.15,SGD,747-400,385,385,428162.42,31,31,21,21
300,JL,0408,2025-05-13,1061.36,JPY,A319,220,209,276802.59,22,21,10,10
300,LH,0400,2025-05-13,666.00,EUR,DC-10-10,380,361,306906.12,41,40,18,18
300,LH,0401,2025-05-13,666.00,EUR,DC-10-10,380,359,302257.44,41,39,18,17
300,SQ,0326,2025-05-13,1737.55,SGD,A310-300,280,280,566719.73,22,22,10,10
300,JL,0407,2025-05-13,1061.36,JPY,A310-300,280,263,328257.27,22,21,10,10
300,UA,0007,2025-05-13,422.94,USD,A310-300,280,270,134169.42,22,22,10,10
300,LH,2463,2025-05-13,242.00,EUR,A321,220,213,63730.70,22,21,11,10
300,LH,3577,2025-05-13,185.00,EUR,A321,220,213,49100.85,22,22,11,10
300,AA,0064,2025-05-13,422.94,USD,A319,220,213,111478.70,22,21,10,10
300,QF,0005,2025-05-13,788.64,AUD,747-400,385,373,360645.27,31,30,21,21
300,LH,0402,2025-05-14,666.00,EUR,747-400,385,374,305520.84,31,29,21,21
300,SQ,0114,2025-05-14,357.44,SGD,737-200,130,130,57533.56,10,10,8,8
300,LH,0455,2025-05-14,965.00,EUR,A319,220,214,254981.95,22,21,10,10
300,SQ,0117,2025-05-14,357.44,SGD,A319,220,216,96112.20,22,22,10,10
300,SQ,0158,2025-05-14,494.79,SGD,A321,220,219,136329.27,22,22,11,11
300,SQ,0161,2025-05-14,494.79,SGD,A321,220,218,134642.03,22,22,11,11
300,UA,3516,2025-05-14,611.01,USD,DC-10-10,380,362,277667.76,41,38,18,18
300,SQ,0863,2025-05-14,512.99,SGD,A319,220,214,136332.02,22,21,10,10
300,UA,3517,2025-05-14,611.01,USD,747-400,385,369,278297.09,31,30,21,21
300,QF,0006,2025-05-14,788.64,AUD,A310-300,280,265,244983.26,22,21,10,10
300,AZ,0788,2025-05-14,1030.00,EUR,DC-10-10,380,365,467856.90,41,40,18,16
300,AZ,0789,2025-05-14,1030.00,EUR,747-400,385,372,467887.80,31,30,21,20
300,SQ,0015,2025-05-14,2320.04,SGD,DC-10-10,380,380,1107007.40,41,41,18,18
300,AZ,0790,2025-05-14,1014.00,EUR,A310-300,280,270,317686.20,22,21,10,9
300,DL,0106,2025-05-14,611.01,USD,DC-10-10,380,363,279073.08,41,40,18,17
300,SQ,0325,2025-05-14,1737.55,SGD,747-400,385,381,813625.69,31,31,21,21
300,DL,1699,2025-05-14,422.94,USD,DC-10-10,380,366,195144.82,41,40,18,18
300,DL,1984,2025-05-14,422.94,USD,747-400,385,367,191532.87,31,29,21,21
300,SQ,0066,2025-05-14,329.31,SGD,DC-10-10,380,379,156434.48,41,41,18,18
300,SQ,0067,2025-05-14,329.31,SGD,747-400,385,385,155492.74,31,31,21,21
300,AA,0017,2025-05-14,422.94,USD,747-400,385,374,193558.55,31,29,21,20
300,AA,0026,2025-05-14,611.01,USD,A310-300,280,264,189016.19,22,20,10,10
300,AZ,0555,2025-05-14,185.00,EUR,DC-10-10,380,368,86422.75,41,41,18,18
300,LH,0454,2025-05-15,965.00,EUR,A310-300,280,271,301707.25,22,20,10,9
300,LH,2402,2025-05-15,242.00,EUR,A321,220,213,64234.06,22,21,11,11
300,LH,2407,2025-05-15,242.00,EUR,A321,220,204,62143.18,22,21,11,10
300,UA,3504,2025-05-15,879.82,USD,DC-10-10,380,370,408721.10,41,39,18,18
300,LH,2415,2025-05-15,242.00,EUR,727-200,189,183,56235.96,18,18,11,11
300,LH,2436,2025-05-15,242.00,EUR,737-200,130,121,36595.24,10,10,8,8
300,SQ,0866,2025-05-15,512.99,SGD,DC-10-10,380,372,241043.38,41,40,18,18
300,SQ,0988,2025-05-15,910.15,SGD,DC-10-10,380,373,426205.67,41,40,18,18
300,LH,2462,2025-05-15,242.00,EUR,A319,220,210,61787.44,22,21,10,9
300,SQ,0997,2025-05-15,910.15,SGD,747-400,385,385,428189.85,31,31,21,21
300,JL,0408,2025-05-15,1061.36,JPY,A319,220,211,278766.17,22,22,10,10
300,LH,0400,2025-05-15,666.00,EUR,DC-10-10,380,358,299706.66,41,39,18,16
300,SQ,0002,2025-05-15,2320.04,SGD,A319,220,220,628777.43,22,22,10,10
300,LH,0401,2025-05-15,666.00,EUR,DC-10-10,380,368,310009.68,41,41,18,18
300,AZ,0791,2025-05-15,1014.00,EUR,A319,220,205,256957.74,22,21,10,9
300,SQ,0326,2025-05-15,1737.55,SGD,A310-300,280,278,565277.60,22,22,10,10
300,JL,0407,2025-05-15,1061.36,JPY,A310-300,280,263,324659.17,22,21,10,9
300,UA,0007,2025-05-15,422.94,USD,A310-300,280,262,130312.18,22,20,10,10
300,UA,0941,2025-05-15,879.82,USD,A319,220,212,230187.74,22,21,10,10
300,LH,2463,2025-05-15,242.00,EUR,A321,220,204,62445.68,22,21,11,11
300,LH,3577,2025-05-15,185.00,EUR,A321,220,210,49258.10,22,21,11,11
300,AA,0064,2025-05-15,422.94,USD,A319,220,213,111343.33,22,21,10,10
300,QF,0005,2025-05-15,788.64,AUD,747-400,385,362,351181.52,31,30,21,20
300,LH,0402,2025-05-16,666.00,EUR,747-400,385,363,295877.16,31,29,21,20
300,SQ,0114,2025-05-16,357.44,SGD,737-200,130,129,57340.65,10,10,8,8
300,LH,0455,2025-05-16,965.00,EUR,A319,220,208,246827.70,22,19,10,10
300,SQ,0117,2026-05-16,357.44,SGD,A319,220,211,93624.47,22,21,10,10
300,SQ,0158,2026-05-16,494.79,SGD,A321,220,220,135854.28,22,22,11,11
300,SQ,0161,2026-05-16,494.79,SGD,A321,220,214,131232.92,22,21,11,11
300,UA,3516,2026-05-16,611.01,USD,DC-10-10,380,366,282238.09,41,40,18,17
300,SQ,0863,2026-05-16,512.99,SGD,A319,220,211,134716.10,22,21,10,10
300,UA,3517,2026-05-16,611.01,USD,747-400,385,365,273891.72,31,29,21,21
300,QF,0006,2026-05-16,788.64,AUD,A310-300,280,268,245827.08,22,22,10,9
300,AZ,0788,2026-05-16,1030.00,EUR,DC-10-10,380,368,478568.90,41,41,18,17
300,AZ,0789,2026-05-16,1030.00,EUR,747-400,385,369,468083.50,31,29,21,21
300,SQ,0015,2026-05-16,2320.04,SGD,DC-10-10,380,380,1103016.87,41,41,18,18
300,AZ,0790,2026-05-16,1014.00,EUR,A310-300,280,271,318984.12,22,20,10,10
300,DL,0106,2026-05-16,611.01,USD,DC-10-10,380,369,282158.68,41,38,18,18
300,SQ,0325,2026-05-16,1737.55,SGD,747-400,385,376,802957.27,31,30,21,21
300,DL,1699,2026-05-16,422.94,USD,DC-10-10,380,366,194641.37,41,40,18,17
300,DL,1984,2026-05-16,422.94,USD,747-400,385,363,188212.76,31,29,21,20
300,SQ,0066,2026-05-16,329.31,SGD,DC-10-10,380,380,157942.69,41,41,18,18
300,SQ,0067,2026-05-16,329.31,SGD,747-400,385,375,150388.49,31,30,21,20
300,AA,0017,2026-05-16,422.94,USD,747-400,385,372,192945.35,31,30,21,20
300,AA,0026,2026-05-16,611.01,USD,A310-300,280,263,189883.82,22,21,10,10
300,AZ,0555,2026-05-16,185.00,EUR,DC-10-10,380,361,82621.00,41,38,18,16
300,LH,0454,2026-05-17,965.00,EUR,A310-300,280,271,309002.65,22,22,10,10
300,LH,2402,2026-05-17,242.00,EUR,A321,220,207,61869.72,22,21,11,10
300,LH,2407,2026-05-17,242.00,EUR,A321,220,214,63745.22,22,21,11,10
300,UA,3504,2026-05-17,879.82,USD,DC-10-10,380,366,402852.73,41,39,18,18
300,LH,2415,2026-05-17,242.00,EUR,727-200,189,173,52930.24,18,16,11,11
300,LH,2436,2026-05-17,242.00,EUR,737-200,130,124,37384.16,10,10,8,8
300,SQ,0866,2026-05-17,512.99,SGD,DC-10-10,380,374,241469.15,41,40,18,18
300,SQ,0988,2026-05-17,910.15,SGD,DC-10-10,380,379,434096.67,41,41,18,18
300,LH,2462,2026-05-17,242.00,EUR,A319,220,214,64328.44,22,21,10,10
300,SQ,0997,2026-05-17,910.15,SGD,747-400,385,385,429636.80,31,31,21,21
300,JL,0408,2026-05-17,1061.36,JPY,A319,220,213,280910.06,22,22,10,10
300,LH,0400,2026-05-17,666.00,EUR,DC-10-10,380,368,310502.52,41,41,18,18
300,SQ,0002,2026-05-17,2320.04,SGD,A319,220,220,633440.66,22,22,10,10
300,LH,0401,2026-05-17,666.00,EUR,DC-10-10,380,369,304495.20,41,38,18,17
300,AZ,0791,2026-05-17,1014.00,EUR,A319,220,204,254808.06,22,20,10,9
300,SQ,0326,2026-05-17,1737.55,SGD,A310-300,280,280,566876.10,22,22,10,10
300,JL,0407,2026-05-17,1061.36,JPY,A310-300,280,271,333404.84,22,21,10,9
300,UA,0007,2026-05-17,422.94,USD,A310-300,280,271,133492.74,22,21,10,10
300,UA,0941,2026-05-17,879.82,USD,A319,220,212,231560.22,22,21,10,10
300,LH,2463,2026-05-17,242.00,EUR,A321,220,213,64577.70,22,21,11,11
300,LH,3577,2026-05-17,185.00,EUR,A321,220,214,48638.35,22,22,11,9
300,AA,0064,2026-05-17,422.94,USD,A319,220,211,110945.79,22,21,10,10
300,QF,0005,2026-05-17,788.64,AUD,747-400,385,370,359943.42,31,31,21,21
300,LH,0402,2026-05-18,666.00,EUR,747-400,385,373,306693.00,31,31,21,21
300,SQ,0114,2026-05-18,357.44,SGD,737-200,130,125,56103.87,10,10,8,8
300,LH,0455,2026-05-18,965.00,EUR,A319,220,204,243035.25,22,21,10,9
300,SQ,0117,2026-05-18,357.44,SGD,A319,220,220,97116.52,22,22,10,10
300,SQ,0158,2026-05-18,494.79,SGD,A321,220,219,135874.08,22,22,11,11
300,SQ,0161,2026-05-18,494.79,SGD,A321,220,220,136819.13,22,22,11,11
300,UA,3516,2026-05-18,611.01,USD,DC-10-10,380,367,283893.96,41,41,18,18
300,UA,3517,2026-05-18,611.01,USD,747-400,385,371,276726.81,31,30,21,20
300,AZ,0788,2026-05-18,1030.00,EUR,DC-10-10,380,369,476055.70,41,38,18,18
300,DL,0106,2026-05-18,611.01,USD,DC-10-10,380,358,277044.50,41,38,18,18
300,DL,1699,2026-05-18,422.94,USD,DC-10-10,380,367,194793.67,41,39,18,17
300,DL,1984,2026-05-18,422.94,USD,747-400,385,364,190856.15,31,30,21,21
300,SQ,0066,2026-05-18,329.31,SGD,DC-10-10,380,372,154630.02,41,40,18,18
300,SQ,0067,2026-05-18,329.31,SGD,747-400,385,385,155466.39,31,31,21,21
300,UA,3504,2026-05-19,879.82,USD,DC-10-10,380,361,401436.16,41,39,18,18
300,LH,2415,2026-05-19,242.00,EUR,727-200,189,182,56386.00,18,18,11,11
300,SQ,0863,2026-05-19,512.99,SGD,A319,220,210,134757.15,22,21,10,10
300,SQ,0866,2026-05-19,512.99,SGD,DC-10-10,380,380,245490.99,41,41,18,18
300,SQ,0988,2026-05-19,910.15,SGD,DC-10-10,380,370,424658.25,41,40,18,18
300,LH,2462,2026-05-19,242.00,EUR,A319,220,214,64045.30,22,21,10,9
300,SQ,0997,2026-05-19,910.15,SGD,747-400,385,385,426533.42,31,31,21,21
300,QF,0006,2026-05-19,788.64,AUD,A310-300,280,272,248618.96,22,22,10,8
300,AZ,0789,2026-05-19,1030.00,EUR,747-400,385,371,469371.00,31,30,21,20
300,SQ,0002,2026-05-19,2320.04,SGD,A319,220,214,614230.70,22,21,10,10
300,LH,0401,2026-05-19,666.00,EUR,DC-10-10,380,358,301951.08,41,40,18,17
300,SQ,0015,2026-05-19,2320.04,SGD,DC-10-10,380,377,1106566.58,41,41,18,18
300,AZ,0790,2026-05-19,1014.00,EUR,A310-300,280,270,319582.38,22,22,10,9
300,AZ,0791,2026-05-19,1014.00,EUR,A319,220,212,265728.84,22,21,10,10
300,SQ,0325,2026-05-19,1737.55,SGD,747-400,385,385,819168.53,31,31,21,21
300,SQ,0326,2026-05-19,1737.55,SGD,A310-300,280,271,551290.35,22,21,10,10
300,JL,0407,2026-05-19,1061.36,JPY,A310-300,280,271,337703.45,22,21,10,10
300,UA,0941,2026-05-19,879.82,USD,A319,220,203,224680.00,22,21,10,10
300,AA,0017,2026-05-19,422.94,USD,747-400,385,366,187971.72,31,29,21,19
300,AA,0026,2026-05-19,611.01,USD,A310-300,280,271,192419.55,22,21,10,10
300,AA,0064,2026-05-19,422.94,USD,A319,220,211,112506.47,22,22,10,10
300,AZ,0555,2026-05-19,185.00,EUR,DC-10-10,380,368,86167.45,41,41,18,17
300,QF,0005,2026-05-19,788.64,AUD,747-400,385,373,356867.77,31,30,21,19
300,LH,0402,2026-05-20,666.00,EUR,747-400,385,366,301051.98,31,30,21,20
300,LH,0454,2026-05-20,965.00,EUR,A310-300,280,271,305905.00,22,20,10,10
300,SQ,0114,2026-05-20,357.44,SGD,737-200,130,130,57690.88,10,10,8,8
300,LH,0455,2026-05-20,965.00,EUR,A319,220,209,248844.55,22,21,10,9
300,LH,2402,2026-05-20,242.00,EUR,A321,220,212,63735.54,22,22,11,10
300,SQ,0117,2026-05-20,357.44,SGD,A319,220,210,92923.90,22,21,10,10
300,LH,2407,2026-05-20,242.00,EUR,A321,220,213,64161.46,22,21,11,10
300,LH,2436,2026-05-20,242.00,EUR,737-200,130,121,36912.26,10,10,8,8
300,UA,3517,2026-05-20,611.01,USD,747-400,385,375,280050.68,31,31,21,19
300,JL,0408,2026-05-20,1061.36,JPY,A319,220,209,274934.56,22,20,10,10
300,LH,0400,2026-05-20,666.00,EUR,DC-10-10,380,369,305540.82,41,38,18,17
300,DL,0106,2026-05-20,611.01,USD,DC-10-10,380,368,282213.67,41,40,18,17
300,DL,1699,2026-05-20,422.94,USD,DC-10-10,380,360,190915.44,41,38,18,18
300,DL,1984,2026-05-20,422.94,USD,747-400,385,370,193947.71,31,30,21,21
300,UA,0007,2026-05-20,422.94,USD,A310-300,280,271,133551.91,22,21,10,10
300,SQ,0066,2026-05-20,329.31,SGD,DC-10-10,380,379,158123.92,41,41,18,18
300,SQ,0067,2026-05-20,329.31,SGD,747-400,385,385,155680.44,31,31,21,21
300,LH,2463,2026-05-20,242.00,EUR,A321,220,212,64369.58,22,21,11,11
300,LH,3577,2026-05-20,185.00,EUR,A321,220,213,49004.65,22,22,11,10
300,SQ,0158,2026-05-21,494.79,SGD,A321,220,212,131613.93,22,21,11,11
300,SQ,0161,2026-05-21,494.79,SGD,A321,220,215,133988.93,22,22,11,11
300,UA,3516,2026-05-21,611.01,USD,DC-10-10,380,368,280521.17,41,40,18,16
300,SQ,0863,2026-05-21,512.99,SGD,A319,220,214,136434.62,22,21,10,10
300,SQ,0866,2026-05-21,512.99,SGD,DC-10-10,380,375,242777.29,41,40,18,18
300,SQ,0988,2026-05-21,910.15,SGD,DC-10-10,380,378,433250.21,41,41,18,18
300,QF,0006,2026-05-21,788.64,AUD,A310-300,280,271,248839.69,22,20,10,10
300,AZ,0788,2026-05-21,1030.00,EUR,DC-10-10,380,361,468608.80,41,39,18,17
300,AZ,0789,2026-05-21,1030.00,EUR,747-400,385,370,473285.00,31,31,21,21
300,SQ,0002,2026-05-21,2320.04,SGD,A319,220,220,631468.61,22,22,10,10
300,SQ,0015,2026-05-21,2320.04,SGD,DC-10-10,380,379,1101694.39,41,41,18,18
300,AZ,0790,2026-05-21,1014.00,EUR,A310-300,280,266,315678.48,22,20,10,10
300,AZ,0791,2026-05-21,1014.00,EUR,A319,220,203,257921.04,22,21,10,10
300,SQ,0325,2026-05-21,1737.55,SGD,747-400,385,375,794199.96,31,30,21,20
300,UA,0941,2026-05-21,879.82,USD,A319,220,203,224662.41,22,21,10,10
300,AA,0017,2026-05-21,422.94,USD,747-400,385,372,192810.14,31,30,21,20
300,AA,0026,2026-05-21,611.01,USD,A310-300,280,266,187867.50,22,20,10,9
300,AZ,0555,2026-05-21,185.00,EUR,DC-10-10,380,369,85684.60,41,38,18,18
300,LH,0402,2026-05-22,666.00,EUR,747-400,385,373,306839.52,31,31,21,21
300,LH,0454,2026-05-22,965.00,EUR,A310-300,280,270,308317.50,22,22,10,10
300,SQ,0114,2026-05-22,357.44,SGD,737-200,130,120,52933.34,10,9,8,7
300,LH,0455,2026-05-22,965.00,EUR,A319,220,205,246769.80,22,20,10,10
300,LH,2402,2026-05-22,242.00,EUR,A321,220,203,62068.16,22,21,11,11
300,SQ,0117,2026-05-22,357.44,SGD,A319,220,220,97438.24,22,22,10,10
300,LH,2407,2026-05-22,242.00,EUR,A321,220,212,63992.06,22,22,11,10
300,UA,3504,2026-05-22,879.82,USD,DC-10-10,380,356,394696.74,41,39,18,17
300,LH,2415,2026-05-22,242.00,EUR,727-200,189,182,55778.58,18,18,11,11
300,LH,2436,2026-05-22,242.00,EUR,737-200,130,124,37684.24,10,10,8,8
300,UA,3517,2026-05-22,611.01,USD,747-400,385,372,278737.01,31,30,21,20
300,LH,2462,2026-05-22,242.00,EUR,A319,220,213,63641.16,22,21,10,10
300,SQ,0997,2026-05-22,910.15,SGD,747-400,385,382,427379.73,31,31,21,21
300,JL,0408,2026-05-22,1061.36,JPY,A319,220,213,281207.21,22,22,10,10
300,LH,0400,2026-05-22,666.00,EUR,DC-10-10,380,366,308677.68,41,40,18,18
300,LH,0401,2026-05-22,666.00,EUR,DC-10-10,380,366,306706.32,41,38,18,18
300,DL,0106,2026-05-22,611.01,USD,DC-10-10,380,361,276134.14,41,38,18,18
300,DL,1699,2026-05-22,422.94,USD,DC-10-10,380,359,191342.61,41,38,18,18
300,SQ,0326,2026-05-22,1737.55,SGD,A310-300,280,280,566858.78,22,22,10,10
300,DL,1984,2026-05-22,422.94,USD,747-400,385,372,194074.73,31,31,21,21
300,JL,0407,2026-05-22,1061.36,JPY,A310-300,280,263,326941.06,22,21,10,9
300,UA,0007,2026-05-22,422.94,USD,A310-300,280,265,131132.82,22,21,10,10
300,SQ,0066,2026-05-22,329.31,SGD,DC-10-10,380,380,156711.14,41,41,18,18
300,SQ,0067,2026-05-22,329.31,SGD,747-400,385,385,155110.65,31,31,21,21
300,LH,2463,2026-05-22,242.00,EUR,A321,220,211,64747.10,22,22,11,11
300,LH,3577,2026-05-22,185.00,EUR,A321,220,210,48575.45,22,21,11,11
300,AA,0064,2026-05-22,422.94,USD,A319,220,212,111262.96,22,22,10,10
300,QF,0005,2026-05-22,788.64,AUD,747-400,385,364,355061.85,31,30,21,21
300,SQ,0158,2026-05-23,494.79,SGD,A321,220,213,131999.87,22,21,11,11
300,SQ,0161,2026-05-23,494.79,SGD,A321,220,220,136007.66,22,22,11,11
300,UA,3516,2026-05-23,611.01,USD,DC-10-10,380,368,282830.80,41,41,18,17
300,SQ,0863,2026-05-23,512.99,SGD,A319,220,212,135660.01,22,21,10,10
300,SQ,0866,2026-05-23,512.99,SGD,DC-10-10,380,376,243705.79,41,41,18,18
300,SQ,0988,2026-05-23,910.15,SGD,DC-10-10,380,379,433878.23,41,41,18,18
300,QF,0006,2026-05-23,788.64,AUD,A310-300,280,271,250345.97,22,22,10,9
300,AZ,0788,2026-05-23,1030.00,EUR,DC-10-10,380,361,466929.90,41,39,18,16
300,AZ,0789,2026-05-23,1030.00,EUR,747-400,385,368,461563.60,31,30,21,19
300,SQ,0002,2026-05-23,2320.04,SGD,A319,220,220,631306.27,22,22,10,10
300,SQ,0015,2026-05-23,2320.04,SGD,DC-10-10,380,380,1104617.55,41,41,18,18
300,AZ,0790,2026-05-23,1014.00,EUR,A310-300,280,269,321022.26,22,22,10,10
300,AZ,0791,2026-05-23,1014.00,EUR,A319,220,213,270393.24,22,22,10,10
300,SQ,0325,2026-05-23,1737.55,SGD,747-400,385,385,817952.24,31,31,21,21
300,UA,0941,2026-05-23,879.82,USD,A319,220,209,223756.23,22,21,10,8
300,AA,0017,2026-05-23,422.94,USD,747-400,385,374,192454.85,31,29,21,21
300,AA,0026,2026-05-23,611.01,USD,A310-300,280,271,193727.09,22,21,10,10
300,AZ,0555,2026-05-23,185.00,EUR,DC-10-10,380,360,83808.70,41,39,18,17
300,LH,0454,2026-05-24,965.00,EUR,A310-300,280,263,300028.15,22,21,10,10
300,LH,2402,2026-05-24,242.00,EUR,A321,220,203,62019.76,22,20,11,11
300,LH,2407,2026-05-24,242.00,EUR,A321,220,211,64180.82,22,22,11,11
300,UA,3504,2026-05-24,879.82,USD,DC-10-10,380,368,411527.71,41,41,18,18
300,LH,2415,2026-05-24,242.00,EUR,727-200,189,179,54977.56,18,17,11,11
300,LH,2436,2026-05-24,242.00,EUR,737-200,130,123,37391.42,10,10,8,8
300,LH,2462,2026-05-24,242.00,EUR,A319,220,213,64502.68,22,21,10,10
300,SQ,0997,2026-05-24,910.15,SGD,747-400,385,383,426688.10,31,31,21,21
300,JL,0408,2026-05-24,1061.36,JPY,A319,220,205,267112.28,22,20,10,9
300,LH,0400,2026-05-24,666.00,EUR,DC-10-10,380,370,308857.50,41,40,18,17
300,LH,0401,2026-05-24,666.00,EUR,DC-10-10,380,364,305933.76,41,40,18,17
300,SQ,0326,2026-05-24,1737.55,SGD,A310-300,280,280,569656.03,22,22,10,10
300,JL,0407,2026-05-24,1061.36,JPY,A310-300,280,268,331430.73,22,21,10,9
300,UA,0007,2026-05-24,422.94,USD,A310-300,280,261,128755.84,22,19,10,10
300,LH,2463,2026-05-24,242.00,EUR,A321,220,212,64664.82,22,22,11,11
300,LH,3577,2026-05-24,185.00,EUR,A321,220,213,49280.30,22,22,11,10
300,AA,0064,2026-05-24,422.94,USD,A319,220,213,112096.14,22,21,10,10
300,QF,0005,2026-05-24,788.64,AUD,747-400,385,369,355653.17,31,29,21,20
300,LH,0402,2026-05-25,666.00,EUR,747-400,385,374,301205.16,31,29,21,19
300,SQ,0067,2026-05-25,329.31,SGD,747-400,385,385,154778.06,31,31,21,21
300,SQ,0114,2026-05-25,357.44,SGD,737-200,130,130,57776.65,10,10,8,8
300,LH,0455,2026-05-25,965.00,EUR,A319,220,205,248371.70,22,21,10,10
300,SQ,0117,2026-05-25,357.44,SGD,A319,220,214,95225.78,22,21,10,10
300,SQ,0158,2026-05-25,494.79,SGD,A321,220,220,135789.95,22,22,11,11
300,SQ,0161,2026-05-25,494.79,SGD,A321,220,220,135839.41,22,22,11,11
300,UA,3516,2026-05-25,611.01,USD,DC-10-10,380,369,280069.06,41,38,18,18
300,SQ,0863,2026-05-25,512.99,SGD,A319,220,220,139020.06,22,22,10,10
300,UA,3517,2026-05-25,611.01,USD,747-400,385,368,278327.61,31,29,21,21
300,QF,0006,2026-05-25,788.64,AUD,A310-300,280,270,248697.83,22,21,10,10
300,AZ,0788,2026-05-25,1030.00,EUR,DC-10-10,380,361,466971.10,41,38,18,17
300,AZ,0789,2026-05-25,1030.00,EUR,747-400,385,364,464499.10,31,30,21,21
300,SQ,0015,2026-05-25,2320.04,SGD,DC-10-10,380,380,1104130.52,41,41,18,18
300,AZ,0790,2026-05-25,1014.00,EUR,A310-300,280,263,312545.22,22,21,10,10
300,DL,0106,2026-05-25,611.01,USD,DC-10-10,380,365,279561.91,41,39,18,18
300,SQ,0325,2026-05-25,1737.55,SGD,747-400,385,385,820419.51,31,31,21,21
300,DL,1699,2026-05-25,422.94,USD,DC-10-10,380,368,195064.34,41,39,18,18
300,DL,1984,2026-05-25,422.94,USD,747-400,385,374,193017.38,31,29,21,20
300,SQ,0066,2026-05-25,329.31,SGD,DC-10-10,380,380,156944.94,41,41,18,18
300,AA,0017,2026-05-25,422.94,USD,747-400,385,369,192294.27,31,30,21,21
300,AA,0026,2026-05-25,611.01,USD,A310-300,280,271,192462.30,22,20,10,10
300,AZ,0555,2026-05-25,185.00,EUR,DC-10-10,380,370,85679.05,41,40,18,16
300,LH,0454,2026-05-26,965.00,EUR,A310-300,280,271,307400.75,22,22,10,9
300,LH,2402,2026-05-26,242.00,EUR,A321,220,213,64672.08,22,22,11,10
300,LH,2407,2026-05-26,242.00,EUR,A321,220,213,65417.44,22,22,11,11
300,UA,3504,2026-05-26,879.82,USD,DC-10-10,380,367,402905.44,41,40,18,16
300,LH,2415,2026-05-26,242.00,EUR,727-200,189,182,55495.44,18,18,11,10
300,LH,2436,2026-05-26,242.00,EUR,737-200,130,120,36222.56,10,9,8,8
300,SQ,0866,2026-05-26,512.99,SGD,DC-10-10,380,375,242336.11,41,40,18,18
300,SQ,0988,2026-05-26,910.15,SGD,DC-10-10,380,380,435034.10,41,41,18,18
300,LH,2462,2026-05-26,242.00,EUR,A319,220,211,63512.90,22,21,10,10
300,SQ,0997,2026-05-26,910.15,SGD,747-400,385,377,423548.02,31,30,21,21
300,JL,0408,2026-05-26,1061.36,JPY,A319,220,209,275008.80,22,21,10,10
300,LH,0400,2026-05-26,666.00,EUR,DC-10-10,380,358,299406.96,41,38,18,17
300,SQ,0002,2026-05-26,2320.04,SGD,A319,220,220,632767.84,22,22,10,10
300,LH,0401,2026-05-26,666.00,EUR,DC-10-10,380,370,305680.68,41,40,18,16
300,AZ,0791,2026-05-26,1014.00,EUR,A319,220,210,260699.40,22,20,10,10
300,SQ,0326,2026-05-26,1737.55,SGD,A310-300,280,280,567466.93,22,22,10,10
300,JL,0407,2026-05-26,1061.36,JPY,A310-300,280,265,324478.77,22,19,10,9
300,UA,0007,2026-05-26,422.94,USD,A310-300,280,271,134706.57,22,21,10,10
300,UA,0941,2026-05-26,879.82,USD,A319,220,214,231533.84,22,20,10,10
300,LH,2463,2026-05-26,242.00,EUR,A321,220,204,62242.40,22,20,11,11
300,LH,3577,2026-05-26,185.00,EUR,A321,220,205,47559.80,22,21,11,10
300,AA,0064,2026-05-26,422.94,USD,A319,220,213,110345.17,22,22,10,9
300,QF,0005,2026-05-26,788.64,AUD,747-400,385,370,356867.68,31,31,21,20
300,LH,0402,2026-05-27,666.00,EUR,747-400,385,372,303962.40,31,31,21,20
300,SQ,0067,2026-05-27,329.31,SGD,747-400,385,385,155209.47,31,31,21,21
300,SQ,0114,2026-05-27,357.44,SGD,737-200,130,122,54255.93,10,9,8,8
300,LH,0455,2026-05-27,965.00,EUR,A319,220,213,254924.05,22,22,10,10
300,SQ,0117,2026-05-27,357.44,SGD,A319,220,213,94689.68,22,21,10,10
300,SQ,0158,2026-05-27,494.79,SGD,A321,220,210,129872.26,22,21,11,11
300,SQ,0161,2026-05-27,494.79,SGD,A321,220,215,134419.40,22,22,11,11
300,UA,3516,2026-05-27,611.01,USD,DC-10-10,380,364,281254.36,41,40,18,17
300,UA,3517,2026-05-27,611.01,USD,747-400,385,368,277441.65,31,30,21,20
300,AZ,0788,2026-05-27,1030.00,EUR,DC-10-10,380,362,466981.40,41,38,18,18
300,DL,0106,2026-05-27,611.01,USD,DC-10-10,380,362,277961.05,41,40,18,17
300,DL,1699,2026-05-27,422.94,USD,DC-10-10,380,358,189485.86,41,39,18,17
300,DL,1984,2026-05-27,422.94,USD,747-400,385,371,192399.89,31,31,21,20
300,SQ,0066,2026-05-27,329.31,SGD,DC-10-10,380,377,156658.46,41,41,18,18
300,UA,3504,2026-05-28,879.82,USD,DC-10-10,380,368,408571.52,41,41,18,17
300,LH,2415,2026-05-28,242.00,EUR,727-200,189,182,56185.14,18,18,11,11
300,SQ,0863,2026-05-28,512.99,SGD,A319,220,214,133987.61,22,21,10,10
300,SQ,0866,2026-05-28,512.99,SGD,DC-10-10,380,374,241346.03,41,40,18,18
300,SQ,0988,2026-05-28,910.15,SGD,DC-10-10,380,380,433186.61,41,41,18,18
300,LH,2462,2026-05-28,242.00,EUR,A319,220,210,62881.28,22,21,10,10
300,SQ,0997,2026-05-28,910.15,SGD,747-400,385,383,425941.68,31,31,21,21
300,QF,0006,2026-05-28,788.64,AUD,A310-300,280,271,252869.67,22,22,10,10
300,AZ,0789,2026-05-28,1030.00,EUR,747-400,385,374,465230.40,31,29,21,19
300,SQ,0002,2026-05-28,2320.04,SGD,A319,220,220,631468.63,22,22,10,10
300,LH,0401,2026-05-28,666.00,EUR,DC-10-10,380,367,305374.32,41,39,18,18
300,SQ,0015,2026-05-28,2320.04,SGD,DC-10-10,380,375,1092716.00,41,40,18,18
300,AZ,0790,2026-05-28,1014.00,EUR,A310-300,280,270,319957.56,22,22,10,9
300,AZ,0791,2026-05-28,1014.00,EUR,A319,220,206,259584.00,22,21,10,10
300,SQ,0325,2026-05-28,1737.55,SGD,747-400,385,376,804903.21,31,30,21,21
300,SQ,0326,2026-05-28,1737.55,SGD,A310-300,280,274,562097.76,22,22,10,10
300,JL,0407,2026-05-28,1061.36,JPY,A310-300,280,271,336005.11,22,21,10,10
300,UA,0941,2026-05-28,879.82,USD,A319,220,214,230029.34,22,22,10,8
300,AA,0017,2026-05-28,422.94,USD,747-400,385,365,191076.12,31,30,21,21
300,AA,0026,2026-05-28,611.01,USD,A310-300,280,268,192883.90,22,22,10,10
300,AA,0064,2026-05-28,422.94,USD,A319,220,207,107562.27,22,20,10,10
300,AZ,0555,2026-05-28,185.00,EUR,DC-10-10,380,367,84905.75,41,40,18,17
300,QF,0005,2026-05-28,788.64,AUD,747-400,385,370,359336.18,31,29,21,21
300,LH,0402,2026-05-29,666.00,EUR,747-400,385,370,302683.68,31,29,21,21
300,SQ,0067,2026-05-29,329.31,SGD,747-400,385,384,156872.51,31,31,21,21
300,LH,0454,2026-05-29,965.00,EUR,A310-300,280,268,302681.90,22,22,10,9
300,SQ,0114,2026-05-29,357.44,SGD,737-200,130,130,58091.29,10,10,8,8
300,LH,0455,2026-05-29,965.00,EUR,A319,220,213,254209.95,22,20,10,10
300,LH,2402,2026-05-29,242.00,EUR,A321,220,214,64502.68,22,20,11,11
300,SQ,0117,2026-05-29,357.44,SGD,A319,220,210,92923.79,22,21,10,10
300,LH,2407,2026-05-29,242.00,EUR,A321,220,209,63590.34,22,20,11,11
300,SQ,0158,2026-05-29,494.79,SGD,A321,220,218,134765.76,22,22,11,11
300,SQ,0161,2026-05-29,494.79,SGD,A321,220,212,132069.17,22,21,11,11
300,UA,3516,2026-05-29,611.01,USD,DC-10-10,380,361,274844.89,41,39,18,16
300,LH,2436,2026-05-29,242.00,EUR,737-200,130,118,35215.84,10,9,8,7
300,UA,3517,2026-05-29,611.01,USD,747-400,385,365,275364.25,31,30,21,21
300,JL,0408,2026-05-29,1061.36,JPY,A319,220,213,280273.14,22,21,10,10
300,AZ,0788,2026-05-29,1030.00,EUR,DC-10-10,380,367,476148.40,41,39,18,18
300,LH,0400,2026-05-29,666.00,EUR,DC-10-10,380,367,307026.00,41,39,18,18
300,DL,0106,2026-05-29,611.01,USD,DC-10-10,380,368,284987.66,41,41,18,18
300,DL,1699,2026-05-29,422.94,USD,DC-10-10,380,368,196684.29,41,41,18,18
300,DL,1984,2026-05-29,422.94,USD,747-400,385,374,194455.19,31,30,21,21
300,UA,0007,2026-05-29,422.94,USD,A310-300,280,271,133919.83,22,22,10,9
300,SQ,0066,2026-05-29,329.31,SGD,DC-10-10,380,379,156546.43,41,41,18,18
300,LH,2463,2026-05-29,242.00,EUR,A321,220,210,63612.12,22,22,11,10
300,LH,3577,2026-05-29,185.00,EUR,A321,220,211,49333.95,22,22,11,11
300,UA,3504,2026-05-30,879.82,USD,DC-10-10,380,361,397089.88,41,37,18,18
300,LH,2415,2026-05-30,242.00,EUR,727-200,189,183,55577.72,18,17,11,10
300,SQ,0863,2026-05-30,512.99,SGD,A319,220,220,139558.71,22,22,10,10
300,SQ,0866,2026-05-30,512.99,SGD,DC-10-10,380,375,242259.16,41,40,18,18
300,SQ,0988,2026-05-30,910.15,SGD,DC-10-10,380,374,429837.13,41,40,18,18
300,LH,2462,2026-05-30,242.00,EUR,A319,220,203,61618.04,22,21,10,10
300,SQ,0997,2026-05-30,910.15,SGD,747-400,385,385,431648.36,31,31,21,21
300,QF,0006,2026-05-30,788.64,AUD,A310-300,280,271,252696.27,22,22,10,10
300,AZ,0789,2026-05-30,1030.00,EUR,747-400,385,372,470627.60,31,31,21,20
300,SQ,0002,2026-05-30,2320.04,SGD,A319,220,217,621306.89,22,22,10,10
300,LH,0401,2026-05-30,666.00,EUR,DC-10-10,380,369,310442.58,41,39,18,18
300,SQ,0015,2026-05-30,2320.04,SGD,DC-10-10,380,374,1091811.09,41,40,18,18
300,AZ,0790,2026-05-30,1014.00,EUR,A310-300,280,271,319440.42,22,22,10,9
300,AZ,0791,2026-05-30,1014.00,EUR,A319,220,206,256795.50,22,20,10,9
300,SQ,0325,2026-05-30,1737.55,SGD,747-400,385,376,799951.24,31,30,21,21
300,SQ,0326,2026-05-30,1737.55,SGD,A310-300,280,280,568161.92,22,22,10,10
300,JL,0407,2026-05-30,1061.36,JPY,A310-300,280,263,325518.94,22,20,10,9
300,UA,0941,2026-05-30,879.82,USD,A319,220,213,231736.18,22,22,10,9
300,AA,0017,2026-05-30,422.94,USD,747-400,385,371,192192.58,31,30,21,20
300,AA,0026,2026-05-30,611.01,USD,A310-300,280,271,195004.10,22,22,10,10
300,AA,0064,2026-05-30,422.94,USD,A319,220,213,110421.28,22,21,10,9
300,AZ,0555,2026-05-30,185.00,EUR,DC-10-10,380,365,85048.20,41,39,18,18
300,QF,0005,2026-05-30,788.64,AUD,747-400,385,371,359170.56,31,30,21,20
300,LH,0402,2026-05-31,666.00,EUR,747-400,385,371,302716.98,31,30,21,20
300,SQ,0067,2026-05-31,329.31,SGD,747-400,385,385,155693.64,31,31,21,21
300,LH,0454,2026-05-31,965.00,EUR,A310-300,280,270,301205.45,22,21,10,9
300,SQ,0114,2026-05-31,357.44,SGD,737-200,130,130,57851.78,10,10,8,8
300,LH,0455,2026-05-31,965.00,EUR,A319,220,207,249259.50,22,21,10,10
300,LH,2402,2026-05-31,242.00,EUR,A321,220,205,61847.94,22,21,11,9
300,SQ,0117,2026-05-31,357.44,SGD,A319,220,220,96734.13,22,22,10,10
300,LH,2407,2026-05-31,242.00,EUR,A321,220,211,63967.86,22,21,11,11
300,LH,2436,2026-05-31,242.00,EUR,737-200,130,121,36300.00,10,10,8,7
300,UA,3517,2026-05-31,611.01,USD,747-400,385,372,278565.93,31,30,21,20
300,JL,0408,2026-05-31,1061.36,JPY,A319,220,213,280432.47,22,21,10,10
300,LH,0400,2026-05-31,666.00,EUR,DC-10-10,380,357,300292.74,41,38,18,18
300,DL,0106,2026-05-31,611.01,USD,DC-10-10,380,363,275578.11,41,39,18,16
300,DL,1699,2026-05-31,422.94,USD,DC-10-10,380,362,190805.41,41,39,18,16
300,DL,1984,2026-05-31,422.94,USD,747-400,385,367,190416.22,31,30,21,20
300,UA,0007,2026-05-31,422.94,USD,A310-300,280,271,134655.78,22,21,10,10
300,SQ,0066,2026-05-31,329.31,SGD,DC-10-10,380,371,154096.52,41,40,18,18
300,LH,2463,2026-05-31,242.00,EUR,A321,220,213,63728.28,22,21,11,10
300,LH,3577,2026-05-31,185.00,EUR,A321,220,213,49898.20,22,22,11,11
300,SQ,0158,2026-06-01,494.79,SGD,A321,220,220,135854.26,22,22,11,11
300,SQ,0161,2026-06-01,494.79,SGD,A321,220,218,134978.48,22,22,11,11
300,UA,3516,2026-06-01,611.01,USD,DC-10-10,380,367,282054.78,41,39,18,17
300,SQ,0863,2026-06-01,512.99,SGD,A319,220,214,135803.63,22,21,10,10
300,SQ,0866,2026-06-01,512.99,SGD,DC-10-10,380,378,243469.79,41,41,18,18
300,SQ,0988,2026-06-01,910.15,SGD,DC-10-10,380,373,425395.74,41,40,18,18
300,QF,0006,2026-06-01,788.64,AUD,A310-300,280,271,249202.52,22,21,10,10
300,AZ,0788,2026-06-01,1030.00,EUR,DC-10-10,380,369,477889.10,41,39,18,18
300,AZ,0789,2026-06-01,1030.00,EUR,747-400,385,374,470617.30,31,29,21,21
300,SQ,0002,2026-06-01,2320.04,SGD,A319,220,220,628870.19,22,22,10,10
300,SQ,0015,2026-06-01,2320.04,SGD,DC-10-10,380,380,1104965.62,41,41,18,18
300,AZ,0790,2026-06-01,1014.00,EUR,A310-300,280,271,323587.68,22,21,10,10
300,AZ,0791,2026-06-01,1014.00,EUR,A319,220,208,260892.06,22,21,10,9
300,SQ,0325,2026-06-01,1737.55,SGD,747-400,385,385,817326.85,31,31,21,21
300,UA,0941,2026-06-01,879.82,USD,A319,220,213,231964.94,22,21,10,10
300,AA,0017,2026-06-01,422.94,USD,747-400,385,369,194565.28,31,31,21,21
300,AA,0026,2026-06-01,611.01,USD,A310-300,280,271,193629.32,22,22,10,9
300,AZ,0555,2026-06-01,185.00,EUR,DC-10-10,380,363,84434.00,41,40,18,17
300,LH,0454,2026-06-02,965.00,EUR,A310-300,280,271,306927.90,22,22,10,9
300,LH,2402,2026-06-02,242.00,EUR,A321,220,207,62791.74,22,20,11,11
300,LH,2407,2026-06-02,242.00,EUR,A321,220,214,63793.62,22,20,11,11
300,UA,3504,2026-06-02,879.82,USD,DC-10-10,380,367,405272.20,41,40,18,17
300,LH,2415,2026-06-02,242.00,EUR,727-200,189,184,55575.30,18,17,11,10
300,LH,2436,2026-06-02,242.00,EUR,737-200,130,126,37902.04,10,10,8,8
300,LH,2462,2026-06-02,242.00,EUR,A319,220,207,62581.20,22,21,10,10
300,SQ,0997,2026-06-02,910.15,SGD,747-400,385,380,423766.41,31,31,21,21
300,JL,0408,2026-06-02,1061.36,JPY,A319,220,212,279349.92,22,21,10,10
300,LH,0400,2026-06-02,666.00,EUR,DC-10-10,380,361,302970.06,41,38,18,18
300,LH,0401,2026-06-02,666.00,EUR,DC-10-10,380,366,306839.52,41,39,18,18
300,SQ,0326,2026-06-02,1737.55,SGD,A310-300,280,272,554939.13,22,21,10,10
300,JL,0407,2026-06-02,1061.36,JPY,A310-300,280,271,337002.85,22,22,10,10
300,UA,0007,2026-06-02,422.94,USD,A310-300,280,261,130527.78,22,21,10,10
300,LH,2463,2026-06-02,242.00,EUR,A321,220,207,61898.76,22,20,11,10
300,LH,3577,2026-06-02,185.00,EUR,A321,220,211,48751.20,22,20,11,11
300,AA,0064,2026-06-02,422.94,USD,A319,220,213,113161.92,22,22,10,10
300,QF,0005,2026-06-02,788.64,AUD,747-400,385,371,358382.01,31,31,21,19
300,LH,0402,2026-06-03,666.00,EUR,747-400,385,375,303269.76,31,31,21,19
300,SQ,0067,2026-06-03,329.31,SGD,747-400,385,385,155150.30,31,31,21,21
300,SQ,0114,2026-06-03,357.44,SGD,737-200,130,130,57479.93,10,10,8,8
300,LH,0455,2026-06-03,965.00,EUR,A319,220,214,253717.80,22,20,10,10
300,SQ,0117,2026-06-03,357.44,SGD,A319,220,214,94621.64,22,21,10,10
300,SQ,0158,2026-06-03,494.79,SGD,A321,220,220,136591.53,22,22,11,11
300,SQ,0161,2026-06-03,494.79,SGD,A321,220,220,136225.38,22,22,11,11
300,UA,3516,2026-06-03,611.01,USD,DC-10-10,380,366,280771.70,41,39,18,18
300,SQ,0863,2026-06-03,512.99,SGD,A319,220,212,134854.60,22,21,10,10
300,UA,3517,2026-06-03,611.01,USD,747-400,385,372,281834.83,31,31,21,21
300,QF,0006,2026-06-03,788.64,AUD,A310-300,280,271,248745.13,22,21,10,9
300,AZ,0788,2026-06-03,1030.00,EUR,DC-10-10,380,366,472842.10,41,39,18,18
300,AZ,0789,2026-06-03,1030.00,EUR,747-400,385,371,468382.20,31,30,21,20
300,SQ,0015,2026-06-03,2320.04,SGD,DC-10-10,380,377,1103991.27,41,41,18,18
300,AZ,0790,2026-06-03,1014.00,EUR,A310-300,280,271,320596.38,22,22,10,9
300,DL,0106,2026-06-03,611.01,USD,DC-10-10,380,367,283454.04,41,41,18,18
300,SQ,0325,2026-06-03,1737.55,SGD,747-400,385,378,805667.76,31,30,21,21
300,DL,1699,2026-06-03,422.94,USD,DC-10-10,380,367,197090.35,41,41,18,18
300,DL,1984,2026-06-03,422.94,USD,747-400,385,375,194269.23,31,30,21,20
300,SQ,0066,2026-06-03,329.31,SGD,DC-10-10,380,380,156984.35,41,41,18,18
300,AA,0017,2026-06-03,422.94,USD,747-400,385,373,192107.90,31,30,21,19
300,AA,0026,2026-06-03,611.01,USD,A310-300,280,265,189602.77,22,22,10,9
300,AZ,0555,2026-06-03,185.00,EUR,DC-10-10,380,366,86004.65,41,41,18,18
300,LH,0454,2026-06-04,965.00,EUR,A310-300,280,272,303878.50,22,22,10,8
300,LH,2402,2026-06-04,242.00,EUR,A321,220,213,64785.82,22,21,11,11
300,LH,2407,2026-06-04,242.00,EUR,A321,220,211,64221.96,22,21,11,11
300,UA,3504,2026-06-04,879.82,USD,DC-10-10,380,364,400565.12,41,39,18,16
300,LH,2415,2026-06-04,242.00,EUR,727-200,189,177,53951.48,18,17,11,10
300,LH,2436,2026-06-04,242.00,EUR,737-200,130,125,37720.54,10,10,8,8
300,SQ,0866,2026-06-04,512.99,SGD,DC-10-10,380,380,244624.02,41,41,18,18
300,SQ,0988,2026-06-04,910.15,SGD,DC-10-10,380,373,427953.11,41,40,18,18
300,LH,2462,2026-06-04,242.00,EUR,A319,220,214,63377.38,22,22,10,8
300,SQ,0997,2026-06-04,910.15,SGD,747-400,385,385,426642.59,31,31,21,21
300,JL,0408,2026-06-04,1061.36,JPY,A319,220,211,280262.54,22,22,10,10
300,LH,0400,2026-06-04,666.00,EUR,DC-10-10,380,360,301877.82,41,39,18,17
300,SQ,0002,2026-06-04,2320.04,SGD,A319,220,220,628684.53,22,22,10,10
300,LH,0401,2026-06-04,666.00,EUR,DC-10-10,380,368,311461.56,41,41,18,18
300,AZ,0791,2026-06-04,1014.00,EUR,A319,220,213,266469.06,22,21,10,9
300,SQ,0326,2026-06-04,1737.55,SGD,A310-300,280,280,575042.44,22,22,10,10
300,JL,0407,2026-06-04,1061.36,JPY,A310-300,280,271,339603.14,22,22,10,10
300,UA,0007,2026-06-04,422.94,USD,A310-300,280,264,132063.12,22,21,10,10
300,UA,0941,2026-06-04,879.82,USD,A319,220,213,231876.95,22,22,10,9
300,LH,2463,2026-06-04,242.00,EUR,A321,220,213,64727.74,22,21,11,11
300,LH,3577,2026-06-04,185.00,EUR,A321,220,214,49798.30,22,21,11,11
300,AA,0064,2026-06-04,422.94,USD,A319,220,214,111034.51,22,21,10,9
300,QF,0005,2026-06-04,788.64,AUD,747-400,385,363,350345.62,31,29,21,20
300,LH,0402,2026-06-05,666.00,EUR,747-400,385,363,295510.86,31,29,21,20
300,SQ,0067,2026-06-05,329.31,SGD,747-400,385,379,153115.11,31,31,21,21
300,SQ,0114,2026-06-05,357.44,SGD,737-200,130,123,54348.85,10,9,8,8
300,LH,0455,2026-06-05,965.00,EUR,A319,220,209,253418.65,22,21,10,10
300,SQ,0117,2026-06-05,357.44,SGD,A319,220,220,97599.14,22,22,10,10
300,SQ,0158,2026-06-05,494.79,SGD,A321,220,220,134686.53,22,22,11,11
300,SQ,0161,2026-06-05,494.79,SGD,A321,220,220,136294.65,22,22,11,11
300,UA,3516,2026-06-05,611.01,USD,DC-10-10,380,366,283215.69,41,40,18,17
300,UA,3517,2026-06-05,611.01,USD,747-400,385,365,270506.73,31,28,21,20
300,AZ,0788,2026-06-05,1030.00,EUR,DC-10-10,380,363,475015.40,41,40,18,18
300,DL,0106,2026-06-05,611.01,USD,DC-10-10,380,369,283692.29,41,38,18,18
300,DL,1699,2026-06-05,422.94,USD,DC-10-10,380,369,195982.13,41,38,18,18
300,DL,1984,2026-06-05,422.94,USD,747-400,385,371,192116.46,31,29,21,21
300,SQ,0066,2026-06-05,329.31,SGD,DC-10-10,380,371,154662.83,41,40,18,18
300,LH,0454,2026-06-06,965.00,EUR,A310-300,280,261,294373.25,22,19,10,10
300,LH,2402,2026-06-06,242.00,EUR,A321,220,212,64705.96,22,21,11,11
300,UA,3504,2026-06-06,879.82,USD,DC-10-10,380,367,404682.74,41,40,18,17
300,LH,2407,2026-06-06,242.00,EUR,A321,220,208,63089.40,22,21,11,11
300,LH,2415,2026-06-06,242.00,EUR,727-200,189,181,56313.40,18,18,11,11
300,SQ,0863,2026-06-06,512.99,SGD,A319,220,220,139753.65,22,22,10,10
300,LH,2436,2026-06-06,242.00,EUR,737-200,130,126,38018.20,10,10,8,8
300,SQ,0866,2026-06-06,512.99,SGD,DC-10-10,380,380,243131.19,41,41,18,18
300,SQ,0988,2026-06-06,910.15,SGD,DC-10-10,380,374,428617.56,41,40,18,18
300,LH,2462,2026-06-06,242.00,EUR,A319,220,214,63868.64,22,21,10,10
300,SQ,0997,2026-06-06,910.15,SGD,747-400,385,385,431184.13,31,31,21,21
300,JL,0408,2026-06-06,1061.36,JPY,A319,220,211,279922.98,22,22,10,10
300,QF,0006,2026-06-06,788.64,AUD,A310-300,280,271,251623.65,22,22,10,10
300,LH,0400,2026-06-06,666.00,EUR,DC-10-10,380,362,305847.18,41,40,18,18
300,AZ,0789,2026-06-06,1030.00,EUR,747-400,385,375,472615.50,31,31,21,19
300,SQ,0002,2026-06-06,2320.04,SGD,A319,220,220,629403.69,22,22,10,10
300,LH,0401,2026-06-06,666.00,EUR,DC-10-10,380,369,306513.18,41,38,18,17
300,SQ,0015,2026-06-06,2320.04,SGD,DC-10-10,380,376,1105081.85,41,41,18,18
300,AZ,0790,2026-06-06,1014.00,EUR,A310-300,280,271,320241.48,22,21,10,9
300,AZ,0791,2026-06-06,1014.00,EUR,A319,220,209,261946.62,22,21,10,10
300,SQ,0325,2026-06-06,1737.55,SGD,747-400,385,385,812409.55,31,31,21,21
300,SQ,0326,2026-06-06,1737.55,SGD,A310-300,280,279,569412.99,22,22,10,10
300,JL,0407,2026-06-06,1061.36,JPY,A310-300,280,271,340738.85,22,22,10,10
300,UA,0007,2026-06-06,422.94,USD,A310-300,280,271,133632.24,22,22,10,9
300,UA,0941,2026-06-06,879.82,USD,A319,220,211,230152.51,22,22,10,9
300,AA,0017,2026-06-06,422.94,USD,747-400,385,373,193330.49,31,31,21,20
300,AA,0026,2026-06-06,611.01,USD,A310-300,280,263,187280.93,22,21,10,9
300,LH,2463,2026-06-06,242.00,EUR,A321,220,209,62890.96,22,21,11,10
300,LH,3577,2026-06-06,185.00,EUR,A321,220,206,46866.05,22,19,11,10
300,AA,0064,2026-06-06,422.94,USD,A319,220,209,108116.33,22,21,10,9
300,AZ,0555,2026-06-06,185.00,EUR,DC-10-10,380,359,83446.10,41,39,18,16
300,QF,0005,2026-06-06,788.64,AUD,747-400,385,374,362727.41,31,29,21,21
300,LH,0402,2026-06-07,666.00,EUR,747-400,385,367,298381.32,31,28,21,21
300,SQ,0067,2026-06-07,329.31,SGD,747-400,385,385,155831.91,31,31,21,21
300,SQ,0114,2026-06-07,357.44,SGD,737-200,130,127,56876.03,10,10,8,8
300,LH,0455,2026-06-07,965.00,EUR,A319,220,210,251585.15,22,21,10,10
300,SQ,0117,2026-06-07,357.44,SGD,A319,220,220,98178.13,22,22,10,10
300,SQ,0158,2026-06-07,494.79,SGD,A321,220,220,136260.01,22,22,11,11
300,SQ,0161,2026-06-07,494.79,SGD,A321,220,214,132276.95,22,21,11,11
300,UA,3516,2026-06-07,611.01,USD,DC-10-10,380,360,280686.12,41,40,18,18
300,UA,3517,2026-06-07,611.01,USD,747-400,385,363,271319.35,31,30,21,19
300,AZ,0788,2026-06-07,1030.00,EUR,DC-10-10,380,364,466909.30,41,37,18,17
300,DL,0106,2026-06-07,611.01,USD,DC-10-10,380,367,282433.62,41,40,18,17
300,DL,1699,2026-06-07,422.94,USD,DC-10-10,380,367,195136.34,41,40,18,17
300,DL,1984,2026-06-07,422.94,USD,747-400,385,370,193499.45,31,30,21,21
300,SQ,0066,2026-06-07,329.31,SGD,DC-10-10,380,371,154807.72,41,40,18,18
300,UA,3504,2026-06-08,879.82,USD,DC-10-10,380,369,406143.27,41,39,18,18
300,LH,2415,2026-06-08,242.00,EUR,727-200,189,184,56303.72,18,17,11,11
300,SQ,0863,2026-06-08,512.99,SGD,A319,220,220,139928.07,22,22,10,10
300,SQ,0866,2026-06-08,512.99,SGD,DC-10-10,380,380,244464.99,41,41,18,18
300,SQ,0988,2026-06-08,910.15,SGD,DC-10-10,380,370,425732.36,41,40,18,18
300,LH,2462,2026-06-08,242.00,EUR,A319,220,214,63142.64,22,21,10,9
300,SQ,0997,2026-06-08,910.15,SGD,747-400,385,385,430674.49,31,31,21,21
300,QF,0006,2026-06-08,788.64,AUD,A310-300,280,265,243019.58,22,20,10,9
300,AZ,0789,2026-06-08,1030.00,EUR,747-400,385,370,470112.60,31,29,21,21
300,SQ,0002,2026-06-08,2320.04,SGD,A319,220,215,619102.83,22,22,10,10
300,LH,0401,2026-06-08,666.00,EUR,DC-10-10,380,361,303349.68,41,40,18,17
300,SQ,0015,2026-06-08,2320.04,SGD,DC-10-10,380,372,1091138.37,41,40,18,18
300,AZ,0790,2026-06-08,1014.00,EUR,A310-300,280,269,319683.78,22,21,10,10
300,AZ,0791,2026-06-08,1014.00,EUR,A319,220,206,261155.70,22,22,10,10
300,SQ,0325,2026-06-08,1737.55,SGD,747-400,385,379,809090.76,31,31,21,21
300,SQ,0326,2026-06-08,1737.55,SGD,A310-300,280,280,567258.41,22,22,10,10
300,JL,0407,2026-06-08,1061.36,JPY,A310-300,280,271,335145.51,22,21,10,9
300,UA,0941,2026-06-08,879.82,USD,A319,220,203,223914.60,22,21,10,10
300,AA,0017,2026-06-08,422.94,USD,747-400,385,367,188952.87,31,27,21,21
300,AA,0026,2026-06-08,611.01,USD,A310-300,280,268,192981.64,22,21,10,10
300,AA,0064,2026-06-08,422.94,USD,A319,220,211,111364.50,22,22,10,10
300,AZ,0555,2026-06-08,185.00,EUR,DC-10-10,380,363,85386.75,41,41,18,18
300,QF,0005,2026-06-08,788.64,AUD,747-400,385,367,355345.82,31,30,21,20
300,LH,0402,2026-06-09,666.00,EUR,747-400,385,370,302031.00,31,30,21,21
300,SQ,0067,2026-06-09,329.31,SGD,747-400,385,385,155291.80,31,31,21,21
300,LH,0454,2026-06-09,965.00,EUR,A310-300,280,270,308336.80,22,22,10,10
300,SQ,0114,2026-06-09,357.44,SGD,737-200,130,130,57644.46,10,10,8,8
300,LH,0455,2026-06-09,965.00,EUR,A319,220,207,247397.05,22,20,10,10
300,LH,2402,2026-06-09,242.00,EUR,A321,220,211,64374.42,22,22,11,11
300,SQ,0117,2026-06-09,357.44,SGD,A319,220,220,97491.95,22,22,10,10
300,LH,2407,2026-06-09,242.00,EUR,A321,220,213,64241.32,22,21,11,11
300,LH,2436,2026-06-09,242.00,EUR,737-200,130,120,34635.04,10,9,8,6
300,UA,3517,2026-06-09,611.01,USD,747-400,385,374,279622.96,31,29,21,20
300,JL,0408,2026-06-09,1061.36,JPY,A319,220,213,276484.17,22,20,10,10
300,LH,0400,2026-06-09,666.00,EUR,DC-10-10,380,366,306926.10,41,40,18,17
300,DL,0106,2026-06-09,611.01,USD,DC-10-10,380,370,280032.39,41,40,18,16
300,DL,1699,2026-06-09,422.94,USD,DC-10-10,380,369,194425.79,41,40,18,16
300,DL,1984,2026-06-09,422.94,USD,747-400,385,371,192408.17,31,30,21,20
300,UA,0007,2026-06-09,422.94,USD,A310-300,280,271,134482.35,22,21,10,10
300,SQ,0066,2026-06-09,329.31,SGD,DC-10-10,380,380,156734.18,41,41,18,18
300,LH,2463,2026-06-09,242.00,EUR,A321,220,212,63694.40,22,21,11,11
300,LH,3577,2026-06-09,185.00,EUR,A321,220,213,49407.95,22,21,11,11
300,SQ,0158,2026-06-10,494.79,SGD,A321,220,218,134656.87,22,22,11,11
300,SQ,0161,2026-06-10,494.79,SGD,A321,220,220,135473.27,22,22,11,11
300,UA,3516,2026-06-10,611.01,USD,DC-10-10,380,367,281321.60,41,40,18,17
300,SQ,0863,2026-06-10,512.99,SGD,A319,220,211,134423.69,22,21,10,10
300,SQ,0866,2026-06-10,512.99,SGD,DC-10-10,380,378,243890.45,41,41,18,18
300,SQ,0988,2026-06-10,910.15,SGD,DC-10-10,380,373,426715.39,41,40,18,18
300,QF,0006,2026-06-10,788.64,AUD,A310-300,280,268,243350.80,22,20,10,9
300,AZ,0788,2026-06-10,1030.00,EUR,DC-10-10,380,358,464107.70,41,40,18,17
300,AZ,0789,2026-06-10,1030.00,EUR,747-400,385,374,472605.20,31,29,21,21
300,SQ,0002,2026-06-10,2320.04,SGD,A319,220,220,630935.01,22,22,10,10
300,SQ,0015,2026-06-10,2320.04,SGD,DC-10-10,380,376,1101903.24,41,41,18,18
300,AZ,0790,2026-06-10,1014.00,EUR,A310-300,280,271,319724.34,22,21,10,9
300,AZ,0791,2026-06-10,1014.00,EUR,A319,220,209,263437.20,22,22,10,10
300,SQ,0325,2026-06-10,1737.55,SGD,747-400,385,385,820558.60,31,31,21,21
300,UA,0941,2026-06-10,879.82,USD,A319,220,213,233416.66,22,22,10,10
300,AA,0017,2026-06-10,422.94,USD,747-400,385,369,191905.00,31,30,21,20
300,AA,0026,2026-06-10,611.01,USD,A310-300,280,265,189077.32,22,21,10,10
300,AZ,0555,2026-06-10,185.00,EUR,DC-10-10,380,366,85359.00,41,39,18,17
300,LH,0454,2026-06-11,965.00,EUR,A310-300,280,269,302247.65,22,20,10,10
300,LH,2402,2026-06-11,242.00,EUR,A321,220,210,64914.08,22,22,11,11
300,UA,3504,2026-06-11,879.82,USD,DC-10-10,380,357,396509.17,41,39,18,17
300,LH,2407,2026-06-11,242.00,EUR,A321,220,212,64609.16,22,21,11,11
300,LH,2415,2026-06-11,242.00,EUR,727-200,189,184,55601.92,18,17,11,10
300,LH,2436,2026-06-11,242.00,EUR,737-200,130,126,38129.52,10,10,8,8
300,LH,2462,2026-06-11,242.00,EUR,A319,220,213,63868.64,22,21,10,10
300,JL,0408,2026-06-11,1061.36,JPY,A319,220,213,282555.19,22,22,10,10
300,LH,0400,2026-06-11,666.00,EUR,DC-10-10,380,367,310415.94,41,41,18,18
300,LH,0401,2026-06-11,666.00,EUR,DC-10-10,380,368,306706.32,41,38,18,18
300,SQ,0326,2026-06-11,1737.55,SGD,A310-300,280,280,568353.02,22,22,10,10
300,SQ,0997,2026-06-11,910.15,SGD,747-400,385,382,425823.42,31,31,21,21
300,JL,0407,2026-06-11,1061.36,JPY,A310-300,280,271,334232.66,22,22,10,9
300,UA,0007,2026-06-11,422.94,USD,A310-300,280,269,133746.46,22,21,10,10
300,LH,2463,2026-06-11,242.00,EUR,A321,220,208,63781.52,22,22,11,11
300,LH,3577,2026-06-11,185.00,EUR,A321,220,212,49017.60,22,21,11,11
300,AA,0064,2026-06-11,422.94,USD,A319,220,211,111254.56,22,22,10,10
300,QF,0005,2026-06-11,788.64,AUD,747-400,385,368,358066.33,31,31,21,21
300,LH,0402,2026-06-12,666.00,EUR,747-400,385,372,306626.40,31,31,21,21
300,SQ,0067,2026-06-12,329.31,SGD,747-400,385,385,154415.87,31,31,21,21
300,SQ,0114,2026-06-12,357.44,SGD,737-200,130,126,56275.32,10,10,8,8
300,LH,0455,2026-06-12,965.00,EUR,A319,220,203,243701.10,22,21,10,9
300,SQ,0117,2026-06-12,357.44,SGD,A319,220,220,97520.59,22,22,10,10
300,SQ,0158,2026-06-12,494.79,SGD,A321,220,216,133998.84,22,22,11,11
300,SQ,0161,2026-06-12,494.79,SGD,A321,220,218,134597.49,22,22,11,11
300,UA,3516,2026-06-12,611.01,USD,DC-10-10,380,364,283007.98,41,41,18,18
300,SQ,0863,2026-06-12,512.99,SGD,A319,220,220,139384.29,22,22,10,10
300,UA,3517,2026-06-12,611.01,USD,747-400,385,362,271331.54,31,29,21,19
300,QF,0006,2026-06-12,788.64,AUD,A310-300,280,271,249817.59,22,21,10,10
300,AZ,0788,2026-06-12,1030.00,EUR,DC-10-10,380,369,474294.40,41,38,18,18
300,AZ,0789,2026-06-12,1030.00,EUR,747-400,385,371,466456.10,31,30,21,20
300,SQ,0015,2026-06-12,2320.04,SGD,DC-10-10,380,376,1095616.24,41,41,18,18
300,AZ,0790,2026-06-12,1014.00,EUR,A310-300,280,269,320636.94,22,22,10,10
300,DL,0106,2026-06-12,611.01,USD,DC-10-10,380,364,279066.98,41,40,18,17
300,SQ,0325,2026-06-12,1737.55,SGD,747-400,385,385,820523.92,31,31,21,21
300,DL,1699,2026-06-12,422.94,USD,DC-10-10,380,357,191042.04,41,39,18,17
300,DL,1984,2026-06-12,422.94,USD,747-400,385,373,194654.18,31,31,21,21
300,SQ,0066,2026-06-12,329.31,SGD,DC-10-10,380,374,154596.96,41,40,18,18
300,AA,0017,2026-06-12,422.94,USD,747-400,385,374,193719.44,31,30,21,20
300,AA,0026,2026-06-12,611.01,USD,A310-300,280,267,187934.72,22,20,10,9
300,AZ,0555,2026-06-12,185.00,EUR,DC-10-10,380,363,85264.65,41,40,18,18
300,LH,0454,2026-06-13,965.00,EUR,A310-300,280,271,308520.15,22,22,10,10
300,LH,2402,2026-06-13,242.00,EUR,A321,220,208,63701.66,22,21,11,11
300,UA,3504,2026-06-13,879.82,USD,DC-10-10,380,366,408421.92,41,40,18,18
300,LH,2407,2026-06-13,242.00,EUR,A321,220,211,64584.96,22,22,11,11
300,LH,2415,2026-06-13,242.00,EUR,727-200,189,183,56550.56,18,18,11,11
300,LH,2436,2026-06-13,242.00,EUR,737-200,130,123,36643.64,10,8,8,8
300,SQ,0866,2026-06-13,512.99,SGD,DC-10-10,380,370,238319.37,41,40,18,18
300,SQ,0988,2026-06-13,910.15,SGD,DC-10-10,380,380,434588.18,41,41,18,18
300,LH,2462,2026-06-13,242.00,EUR,A319,220,210,62934.52,22,21,10,10
300,JL,0408,2026-06-13,1061.36,JPY,A319,220,215,279466.48,22,20,10,10
300,LH,0400,2026-06-13,666.00,EUR,DC-10-10,380,369,306213.48,41,39,18,17
300,SQ,0002,2026-06-13,2320.04,SGD,A319,220,215,620030.92,22,22,10,10
300,LH,0401,2026-06-13,666.00,EUR,DC-10-10,380,366,307159.20,41,40,18,17
300,AZ,0791,2026-06-13,1014.00,EUR,A319,220,212,263710.98,22,20,10,10
300,SQ,0326,2026-06-13,1737.55,SGD,A310-300,280,280,566702.40,22,22,10,10
300,SQ,0997,2026-06-13,910.15,SGD,747-400,385,385,430283.18,31,31,21,21
300,JL,0407,2026-06-13,1061.36,JPY,A310-300,280,271,335983.95,22,22,10,9
300,UA,0007,2026-06-13,422.94,USD,A310-300,280,264,131204.55,22,20,10,10
300,UA,0941,2026-06-13,879.82,USD,A319,220,205,222049.33,22,20,10,9
300,LH,2463,2026-06-13,242.00,EUR,A321,220,212,64761.62,22,22,11,11
300,LH,3577,2026-06-13,185.00,EUR,A321,220,213,49224.80,22,21,11,11
300,AA,0064,2026-06-13,422.94,USD,A319,220,213,113208.40,22,22,10,10
300,QF,0005,2026-06-13,788.64,AUD,747-400,385,365,355108.98,31,30,21,21
300,LH,0402,2026-06-14,666.00,EUR,747-400,385,372,302517.18,31,30,21,20
300,SQ,0067,2026-06-14,329.31,SGD,747-400,385,377,151596.93,31,30,21,21
300,SQ,0114,2026-06-14,357.44,SGD,737-200,130,121,53451.75,10,9,8,7
300,LH,0455,2026-06-14,965.00,EUR,A319,220,211,255184.60,22,22,10,10
300,SQ,0117,2026-06-14,357.44,SGD,A319,220,219,96151.52,22,22,10,10
300,SQ,0158,2026-06-14,494.79,SGD,A321,220,220,135191.26,22,22,11,11
300,SQ,0161,2026-06-14,494.79,SGD,A321,220,220,134439.14,22,22,11,11
300,UA,3516,2026-06-14,611.01,USD,DC-10-10,380,361,275663.62,41,37,18,17
300,SQ,0863,2026-06-14,512.99,SGD,A319,220,218,138142.85,22,22,10,10
300,UA,3517,2026-06-14,611.01,USD,747-400,385,374,280802.24,31,30,21,21
300,QF,0006,2026-06-14,788.64,AUD,A310-300,280,262,242593.84,22,19,10,10
300,AZ,0788,2026-06-14,1030.00,EUR,DC-10-10,380,364,476550.10,41,40,18,17
300,AZ,0789,2026-06-14,1030.00,EUR,747-400,385,364,466672.40,31,30,21,21
300,SQ,0015,2026-06-14,2320.04,SGD,DC-10-10,380,380,1110023.38,41,41,18,18
300,AZ,0790,2026-06-14,1014.00,EUR,A310-300,280,269,320768.76,22,22,10,10
300,DL,0106,2026-06-14,611.01,USD,DC-10-10,380,369,282598.62,41,39,18,18
300,SQ,0325,2026-06-14,1737.55,SGD,747-400,385,385,818247.62,31,31,21,21
300,DL,1699,2026-06-14,422.94,USD,DC-10-10,380,369,195715.71,41,39,18,18
300,DL,1984,2026-06-14,422.94,USD,747-400,385,369,189832.60,31,30,21,19
300,SQ,0066,2026-06-14,329.31,SGD,DC-10-10,380,380,157349.95,41,41,18,18
300,AA,0017,2026-06-14,422.94,USD,747-400,385,365,189198.18,31,29,21,20
300,AA,0026,2026-06-14,611.01,USD,A310-300,280,267,191863.50,22,21,10,10
300,AZ,0555,2026-06-14,185.00,EUR,DC-10-10,380,369,86272.90,41,39,18,18
300,LH,0454,2026-06-15,965.00,EUR,A310-300,280,269,307053.35,22,22,10,10
300,LH,2402,2026-06-15,242.00,EUR,A321,220,212,64478.48,22,22,11,10
300,UA,3504,2026-06-15,879.82,USD,DC-10-10,380,367,407691.65,41,40,18,17
300,LH,2407,2026-06-15,242.00,EUR,A321,220,207,63522.58,22,21,11,11
300,LH,2415,2026-06-15,242.00,EUR,727-200,189,181,55509.96,18,17,11,11
300,LH,2436,2026-06-15,242.00,EUR,737-200,130,121,36885.64,10,10,8,8
300,SQ,0866,2026-06-15,512.99,SGD,DC-10-10,380,380,244059.72,41,41,18,18
300,SQ,0988,2026-06-15,910.15,SGD,DC-10-10,380,380,435325.36,41,41,18,18
300,LH,2462,2026-06-15,242.00,EUR,A319,220,213,63854.12,22,21,10,10
300,JL,0408,2026-06-15,1061.36,JPY,A319,220,209,273119.61,22,21,10,9
300,LH,0400,2026-06-15,666.00,EUR,DC-10-10,380,366,308797.56,41,40,18,18
300,SQ,0002,2026-06-15,2320.04,SGD,A319,220,220,628151.00,22,22,10,10
300,LH,0401,2026-06-15,666.00,EUR,DC-10-10,380,370,309923.10,41,40,18,17
300,AZ,0791,2026-06-15,1014.00,EUR,A319,220,206,261510.60,22,21,10,10
300,SQ,0326,2026-06-15,1737.55,SGD,A310-300,280,280,572418.87,22,22,10,10
300,SQ,0997,2026-06-15,910.15,SGD,747-400,385,383,427880.27,31,31,21,21
300,JL,0407,2026-06-15,1061.36,JPY,A310-300,280,270,332449.68,22,22,10,8
300,UA,0007,2026-06-15,422.94,USD,A310-300,280,264,129449.40,22,21,10,8
300,UA,0941,2026-06-15,879.82,USD,A319,220,208,224583.25,22,19,10,10
300,LH,2463,2026-06-15,242.00,EUR,A321,220,213,64856.00,22,21,11,11
300,LH,3577,2026-06-15,185.00,EUR,A321,220,212,48884.40,22,21,11,11
300,AA,0064,2026-06-15,422.94,USD,A319,220,206,106521.74,22,20,10,9
300,QF,0005,2026-06-15,788.64,AUD,747-400,385,373,363192.57,31,31,21,21
300,LH,0402,2026-06-16,666.00,EUR,747-400,385,372,305374.32,31,31,21,21
300,SQ,0067,2026-06-16,329.31,SGD,747-400,385,385,155644.12,31,31,21,21
300,SQ,0114,2026-06-16,357.44,SGD,737-200,130,130,57601.53,10,10,8,8
300,LH,0455,2026-06-16,965.00,EUR,A319,220,213,256159.25,22,22,10,10
300,SQ,0117,2026-06-16,357.44,SGD,A319,220,220,97799.41,22,22,10,10
300,SQ,0158,2026-06-16,494.79,SGD,A321,220,220,135953.22,22,22,11,11
300,SQ,0161,2026-06-16,494.79,SGD,A321,220,212,131124.07,22,21,11,11
300,UA,3516,2026-06-16,611.01,USD,DC-10-10,380,368,283985.59,41,41,18,17
300,UA,3517,2026-06-16,611.01,USD,747-400,385,371,276757.37,31,29,21,21
300,AZ,0788,2026-06-16,1030.00,EUR,DC-10-10,380,370,473439.50,41,40,18,16
300,DL,0106,2026-06-16,611.01,USD,DC-10-10,380,366,281932.59,41,40,18,17
300,DL,1699,2026-06-16,422.94,USD,DC-10-10,380,364,192814.31,41,40,18,17
300,DL,1984,2026-06-16,422.94,USD,747-400,385,369,191084.58,31,31,21,20
300,SQ,0066,2026-06-16,329.31,SGD,DC-10-10,380,380,157201.75,41,41,18,18
300,UA,3504,2026-06-17,879.82,USD,DC-10-10,380,358,401752.90,41,40,18,18
300,LH,2415,2026-06-17,242.00,EUR,727-200,189,182,56255.32,18,18,11,11
300,SQ,0863,2026-06-17,512.99,SGD,A319,220,215,137157.92,22,22,10,10
300,SQ,0866,2026-06-17,512.99,SGD,DC-10-10,380,380,245126.76,41,41,18,18
300,SQ,0988,2026-06-17,910.15,SGD,DC-10-10,380,374,427980.40,41,40,18,18
300,LH,2462,2026-06-17,242.00,EUR,A319,220,212,63498.38,22,21,10,10
300,QF,0006,2026-06-17,788.64,AUD,A310-300,280,271,252562.26,22,22,10,10
300,AZ,0789,2026-06-17,1030.00,EUR,747-400,385,373,464736.00,31,30,21,19
300,SQ,0002,2026-06-17,2320.04,SGD,A319,220,218,630378.33,22,22,10,10
300,LH,0401,2026-06-17,666.00,EUR,DC-10-10,380,358,300119.58,41,38,18,18
300,SQ,0015,2026-06-17,2320.04,SGD,DC-10-10,380,372,1092089.46,41,40,18,18
300,AZ,0790,2026-06-17,1014.00,EUR,A310-300,280,261,313762.02,22,21,10,10
300,AZ,0791,2026-06-17,1014.00,EUR,A319,220,213,262960.62,22,20,10,9
300,SQ,0325,2026-06-17,1737.55,SGD,747-400,385,385,820072.01,31,31,21,21
300,SQ,0326,2026-06-17,1737.55,SGD,A310-300,280,275,560169.25,22,22,10,10
300,SQ,0997,2026-06-17,910.15,SGD,747-400,385,385,428335.45,31,31,21,21
300,JL,0407,2026-06-17,1061.36,JPY,A310-300,280,271,336408.44,22,20,10,10
300,UA,0941,2026-06-17,879.82,USD,A319,220,213,229061.57,22,21,10,9
300,AA,0017,2026-06-17,422.94,USD,747-400,385,366,190314.70,31,29,21,20
300,AA,0026,2026-06-17,611.01,USD,A310-300,280,271,191979.60,22,21,10,9
300,AA,0064,2026-06-17,422.94,USD,A319,220,214,110920.27,22,20,10,10
300,AZ,0555,2026-06-17,185.00,EUR,DC-10-10,380,367,85131.45,41,39,18,17
300,QF,0005,2026-06-17,788.64,AUD,747-400,385,371,354998.72,31,29,21,19
300,LH,0402,2026-06-18,666.00,EUR,747-400,385,374,302137.56,31,29,21,20
300,SQ,0067,2026-06-18,329.31,SGD,747-400,385,385,155262.16,31,31,21,21
300,LH,0454,2026-06-18,965.00,EUR,A310-300,280,271,305345.30,22,22,10,9
300,SQ,0114,2026-06-18,357.44,SGD,737-200,130,130,56922.43,10,10,8,8
300,LH,0455,2026-06-18,965.00,EUR,A319,220,214,252569.45,22,21,10,9
300,LH,2402,2026-06-18,242.00,EUR,A321,220,214,64052.56,22,20,11,11
300,SQ,0117,2026-06-18,357.44,SGD,A319,220,210,93270.55,22,21,10,10
300,LH,2407,2026-06-18,242.00,EUR,A321,220,204,61388.14,22,19,11,11
300,LH,2436,2026-06-18,242.00,EUR,737-200,130,123,37033.26,10,9,8,8
300,UA,3517,2026-06-18,611.01,USD,747-400,385,368,274624.92,31,29,21,20
300,JL,0408,2026-06-18,1061.36,JPY,A319,220,209,278330.98,22,22,10,10
300,LH,0400,2026-06-18,666.00,EUR,DC-10-10,380,370,307851.84,41,40,18,16
300,DL,0106,2026-06-18,611.01,USD,DC-10-10,380,363,281211.61,41,40,18,18
300,DL,1699,2026-06-18,422.94,USD,DC-10-10,380,366,196751.93,41,41,18,18
300,DL,1984,2026-06-18,422.94,USD,747-400,385,374,192958.06,31,29,21,20
300,UA,0007,2026-06-18,422.94,USD,A310-300,280,264,129140.50,22,19,10,9
300,SQ,0066,2026-06-18,329.31,SGD,DC-10-10,380,380,158074.48,41,41,18,18
300,LH,2463,2026-06-18,242.00,EUR,A321,220,206,62307.74,22,21,11,10
300,LH,3577,2026-06-18,185.00,EUR,A321,220,211,49472.70,22,22,11,11
300,SQ,0158,2026-06-19,494.79,SGD,A321,220,217,134251.15,22,22,11,11
300,SQ,0161,2026-06-19,494.79,SGD,A321,220,219,135166.51,22,22,11,11
300,UA,3516,2026-06-19,611.01,USD,DC-10-10,380,363,277624.98,41,37,18,18
300,SQ,0863,2026-06-19,512.99,SGD,A319,220,220,140297.43,22,22,10,10
300,SQ,0866,2026-06-19,512.99,SGD,DC-10-10,380,371,239791.67,41,40,18,18
300,SQ,0988,2026-06-19,910.15,SGD,DC-10-10,380,374,425541.23,41,40,18,18
300,QF,0006,2026-06-19,788.64,AUD,A310-300,280,267,248177.32,22,22,10,10
300,AZ,0788,2026-06-19,1030.00,EUR,DC-10-10,380,357,462058.00,41,39,18,17
300,AZ,0789,2026-06-19,1030.00,EUR,747-400,385,372,476416.20,31,31,21,21
300,SQ,0002,2026-06-19,2320.04,SGD,A319,220,216,622304.56,22,22,10,10
300,SQ,0015,2026-06-19,2320.04,SGD,DC-10-10,380,380,1110672.88,41,41,18,18
300,AZ,0790,2026-06-19,1014.00,EUR,A310-300,280,261,310091.34,22,20,10,10
300,AZ,0791,2026-06-19,1014.00,EUR,A319,220,204,257626.98,22,20,10,10
300,SQ,0325,2026-06-19,1737.55,SGD,747-400,385,385,822591.51,31,31,21,21
300,UA,0941,2026-06-19,879.82,USD,A319,220,213,233627.81,22,22,10,10
300,AA,0017,2026-06-19,422.94,USD,747-400,385,372,192188.31,31,30,21,20
300,AA,0026,2026-06-19,611.01,USD,A310-300,280,271,195517.34,22,22,10,10
300,AZ,0555,2026-06-19,185.00,EUR,DC-10-10,380,369,85930.65,41,39,18,18
300,LH,0454,2026-06-20,965.00,EUR,A310-300,280,271,306059.40,22,21,10,10
300,LH,2402,2026-06-20,242.00,EUR,A321,220,214,63769.42,22,22,11,9
300,UA,3504,2026-06-20,879.82,USD,DC-10-10,380,369,405228.17,41,38,18,17
300,LH,2407,2026-06-20,242.00,EUR,A321,220,214,65252.88,22,21,11,11
300,LH,2415,2026-06-20,242.00,EUR,727-200,189,181,55635.80,18,18,11,11
300,LH,2436,2026-06-20,242.00,EUR,737-200,130,124,37551.14,10,10,8,8
300,LH,2462,2026-06-20,242.00,EUR,A319,220,204,61581.74,22,21,10,10
300,JL,0408,2026-06-20,1061.36,JPY,A319,220,214,278681.13,22,21,10,9
300,LH,0400,2026-06-20,666.00,EUR,DC-10-10,380,367,307365.66,41,40,18,17
300,LH,0401,2026-06-20,666.00,EUR,DC-10-10,380,369,308697.66,41,39,18,18
300,SQ,0326,2026-06-20,1737.55,SGD,A310-300,280,280,568057.57,22,22,10,10
300,SQ,0997,2026-06-20,910.15,SGD,747-400,385,375,419461.41,31,30,21,20
300,JL,0407,2026-06-20,1061.36,JPY,A310-300,280,263,327047.32,22,21,10,9
300,UA,0007,2026-06-20,422.94,USD,A310-300,280,271,133573.18,22,21,10,10
300,LH,2463,2026-06-20,242.00,EUR,A321,220,215,64166.30,22,20,11,11
300,LH,3577,2026-06-20,185.00,EUR,A321,220,212,49426.45,22,22,11,11
300,AA,0064,2026-06-20,422.94,USD,A319,220,214,110125.33,22,22,10,8
300,QF,0005,2026-06-20,788.64,AUD,747-400,385,373,362183.22,31,31,21,20
300,LH,0402,2026-06-21,666.00,EUR,747-400,385,371,304808.22,31,30,21,21
300,SQ,0067,2026-06-21,329.31,SGD,747-400,385,385,155189.72,31,31,21,21
300,SQ,0114,2026-06-21,357.44,SGD,737-200,130,124,55735.72,10,10,8,8
300,LH,0455,2026-06-21,965.00,EUR,A319,220,205,246547.85,22,20,10,10
300,SQ,0117,2026-06-21,357.44,SGD,A319,220,220,97284.63,22,22,10,10
300,SQ,0158,2026-06-21,494.79,SGD,A321,220,218,134661.83,22,22,11,11
300,SQ,0161,2026-06-21,494.79,SGD,A321,220,220,135577.17,22,22,11,11
300,UA,3516,2026-06-21,611.01,USD,DC-10-10,380,366,281260.49,41,40,18,17
300,SQ,0863,2026-06-21,512.99,SGD,A319,220,220,138840.51,22,22,10,10
300,SQ,0866,2026-06-21,512.99,SGD,DC-10-10,380,376,243192.79,41,41,18,18
300,UA,3517,2026-06-21,611.01,USD,747-400,385,372,278003.82,31,29,21,21
300,SQ,0988,2026-06-21,910.15,SGD,DC-10-10,380,380,433987.44,41,41,18,18
300,QF,0006,2026-06-21,788.64,AUD,A310-300,280,271,251040.00,22,22,10,10
300,AZ,0788,2026-06-21,1030.00,EUR,DC-10-10,380,369,477755.20,41,39,18,18
300,AZ,0789,2026-06-21,1030.00,EUR,747-400,385,374,469628.50,31,29,21,20
300,SQ,0002,2026-06-21,2320.04,SGD,A319,220,220,633487.03,22,22,10,10
300,SQ,0015,2026-06-21,2320.04,SGD,DC-10-10,380,375,1091950.46,41,40,18,18
300,AZ,0790,2026-06-21,1014.00,EUR,A310-300,280,271,322482.42,22,22,10,9
300,AZ,0791,2026-06-21,1014.00,EUR,A319,220,213,267067.32,22,21,10,10
300,DL,0106,2026-06-21,611.01,USD,DC-10-10,380,368,281303.25,41,40,18,16
300,SQ,0325,2026-06-21,1737.55,SGD,747-400,385,377,803513.26,31,30,21,21
300,DL,1699,2026-06-21,422.94,USD,DC-10-10,380,365,193364.18,41,40,18,16
300,DL,1984,2026-06-21,422.94,USD,747-400,385,372,192484.42,31,30,21,20
300,SQ,0066,2026-06-21,329.31,SGD,DC-10-10,380,370,154336.87,41,40,18,18
300,UA,0941,2026-06-21,879.82,USD,A319,220,214,230944.33,22,21,10,9
300,AA,0017,2026-06-21,422.94,USD,747-400,385,368,192590.11,31,29,21,21
300,AA,0026,2026-06-21,611.01,USD,A310-300,280,271,194985.77,22,22,10,10
300,AZ,0555,2026-06-21,185.00,EUR,DC-10-10,380,361,84385.90,41,39,18,17
300,LH,0454,2026-06-22,965.00,EUR,A310-300,280,271,308703.50,22,21,10,10
300,LH,2402,2026-06-22,242.00,EUR,A321,220,210,63938.82,22,22,11,10
300,UA,3504,2026-06-22,879.82,USD,DC-10-10,380,367,409468.93,41,40,18,18
300,LH,2407,2026-06-22,242.00,EUR,A321,220,215,63880.74,22,20,11,10
300,LH,2415,2026-06-22,242.00,EUR,727-200,189,183,55722.92,18,17,11,11
300,LH,2436,2026-06-22,242.00,EUR,737-200,130,128,37800.40,10,9,8,8
300,LH,2462,2026-06-22,242.00,EUR,A319,220,213,64108.22,22,22,10,10
300,JL,0408,2026-06-22,1061.36,JPY,A319,220,210,273958.15,22,21,10,10
300,LH,0400,2026-06-22,666.00,EUR,DC-10-10,380,369,309510.18,41,39,18,18
300,LH,0401,2026-06-22,666.00,EUR,DC-10-10,380,366,306573.12,41,40,18,17
300,SQ,0326,2026-06-22,1737.55,SGD,A310-300,280,272,556155.36,22,21,10,10
300,SQ,0997,2026-06-22,910.15,SGD,747-400,385,385,431384.45,31,31,21,21
300,JL,0407,2026-06-22,1061.36,JPY,A310-300,280,265,329530.81,22,20,10,10
300,UA,0007,2026-06-22,422.94,USD,A310-300,280,271,133036.08,22,20,10,10
300,LH,2463,2026-06-22,242.00,EUR,A321,220,214,63060.36,22,21,11,9
300,LH,3577,2026-06-22,185.00,EUR,A321,220,213,49054.60,22,21,11,11
300,AA,0064,2026-06-22,422.94,USD,A319,220,213,111960.80,22,22,10,9
300,QF,0005,2026-06-22,788.64,AUD,747-400,385,374,360172.05,31,28,21,21
300,LH,0402,2026-06-23,666.00,EUR,747-400,385,373,304688.34,31,30,21,21
300,SQ,0067,2026-06-23,329.31,SGD,747-400,385,375,150576.06,31,30,21,20
300,SQ,0114,2026-06-23,357.44,SGD,737-200,130,123,54824.29,10,9,8,8
300,LH,0455,2026-06-23,965.00,EUR,A319,220,213,249616.55,22,21,10,9
300,SQ,0117,2026-06-23,357.44,SGD,A319,220,220,97631.35,22,22,10,10
300,SQ,0158,2026-06-23,494.79,SGD,A321,220,218,134676.68,22,22,11,11
300,SQ,0161,2026-06-23,494.79,SGD,A321,220,220,135913.67,22,22,11,11
300,UA,3516,2026-06-23,611.01,USD,DC-10-10,380,364,279128.06,41,39,18,17
300,SQ,0863,2026-06-23,512.99,SGD,A319,220,220,139430.46,22,22,10,10
300,UA,3517,2026-06-23,611.01,USD,747-400,385,373,278248.23,31,29,21,21
300,QF,0006,2026-06-23,788.64,AUD,A310-300,280,268,248524.28,22,21,10,10
300,AZ,0788,2026-06-23,1030.00,EUR,DC-10-10,380,366,474757.90,41,40,18,17
300,AZ,0789,2026-06-23,1030.00,EUR,747-400,385,372,470607.00,31,30,21,20
300,SQ,0015,2026-06-23,2320.04,SGD,DC-10-10,380,371,1081974.16,41,40,18,18
300,AZ,0790,2026-06-23,1014.00,EUR,A310-300,280,271,321721.92,22,21,10,10
300,DL,0106,2026-06-23,611.01,USD,DC-10-10,380,368,285079.28,41,41,18,17
300,SQ,0325,2026-06-23,1737.55,SGD,747-400,385,380,817239.80,31,31,21,21
300,DL,1699,2026-06-23,422.94,USD,DC-10-10,380,364,196328.95,41,41,18,18
300,DL,1984,2026-06-23,422.94,USD,747-400,385,367,189439.28,31,29,21,19
300,SQ,0066,2026-06-23,329.31,SGD,DC-10-10,380,380,156968.11,41,41,18,18
300,AA,0017,2026-06-23,422.94,USD,747-400,385,371,192002.30,31,30,21,20
300,AA,0026,2026-06-23,611.01,USD,A310-300,280,271,193818.73,22,22,10,9
300,AZ,0555,2026-06-23,185.00,EUR,DC-10-10,380,368,85869.60,41,40,18,18
300,LH,0454,2026-06-24,965.00,EUR,A310-300,280,271,306638.40,22,21,10,10
300,LH,2402,2026-06-24,242.00,EUR,A321,220,213,64764.04,22,21,11,11
300,UA,3504,2026-06-24,879.82,USD,DC-10-10,380,363,399773.39,41,38,18,18
300,LH,2407,2026-06-24,242.00,EUR,A321,220,213,64117.90,22,21,11,11
300,LH,2415,2026-06-24,242.00,EUR,727-200,189,182,55555.94,18,17,11,11
300,SQ,0866,2026-06-24,512.99,SGD,DC-10-10,380,380,244860.00,41,41,18,18
300,SQ,0988,2026-06-24,910.15,SGD,DC-10-10,380,372,426660.64,41,40,18,18
300,LH,2436,2026-06-24,242.00,EUR,737-200,130,122,36827.56,10,9,8,8
300,LH,2462,2026-06-24,242.00,EUR,A319,220,214,62973.24,22,20,10,10
300,JL,0408,2026-06-24,1061.36,JPY,A319,220,211,280920.64,22,22,10,10
300,LH,0400,2026-06-24,666.00,EUR,DC-10-10,380,366,305773.92,41,40,18,17
300,SQ,0002,2026-06-24,2320.04,SGD,A319,220,220,627942.14,22,22,10,10
300,LH,0401,2026-06-24,666.00,EUR,DC-10-10,380,363,306999.36,41,40,18,18
300,AZ,0791,2026-06-24,1014.00,EUR,A319,220,213,269318.40,22,21,10,10
300,SQ,0326,2026-06-24,1737.55,SGD,A310-300,280,280,567345.33,22,22,10,10
300,SQ,0997,2026-06-24,910.15,SGD,747-400,385,385,429691.62,31,31,21,21
300,JL,0407,2026-06-24,1061.36,JPY,A310-300,280,271,338817.74,22,22,10,10
300,UA,0007,2026-06-24,422.94,USD,A310-300,280,268,132245.06,22,22,10,10
300,UA,0941,2026-06-24,879.82,USD,A319,220,212,231656.99,22,21,10,10
300,LH,2463,2026-06-24,242.00,EUR,A321,220,208,62312.58,22,21,11,10
300,LH,3577,2026-06-24,185.00,EUR,A321,220,207,47946.45,22,21,11,10
300,AA,0064,2026-06-24,422.94,USD,A319,220,211,111537.85,22,21,10,10
300,QF,0005,2026-06-24,788.64,AUD,747-400,385,365,353602.75,31,30,21,20
300,LH,0402,2026-06-25,666.00,EUR,747-400,385,372,303696.00,31,30,21,20
300,SQ,0067,2026-06-25,329.31,SGD,747-400,385,385,155914.19,31,31,21,21
300,SQ,0114,2026-06-25,357.44,SGD,737-200,130,130,58034.08,10,10,8,8
300,LH,0455,2026-06-25,965.00,EUR,A319,220,208,247281.25,22,21,10,9
300,SQ,0117,2026-06-25,357.44,SGD,A319,220,220,97038.02,22,22,10,10
300,SQ,0158,2026-06-25,494.79,SGD,A321,220,220,135977.96,22,22,11,11
300,SQ,0161,2026-06-25,494.79,SGD,A321,220,220,136472.77,22,22,11,11
300,UA,3516,2026-06-25,611.01,USD,DC-10-10,380,367,280527.30,41,40,18,17
300,UA,3517,2026-06-25,611.01,USD,747-400,385,368,277411.12,31,31,21,20
300,AZ,0788,2026-06-25,1030.00,EUR,DC-10-10,380,362,474490.10,41,40,18,18
300,DL,0106,2026-06-25,611.01,USD,DC-10-10,380,369,282989.64,41,38,18,18
300,DL,1699,2026-06-25,422.94,USD,DC-10-10,380,369,195334.92,41,39,18,17
300,DL,1984,2026-06-25,422.94,USD,747-400,385,369,190500.82,31,30,21,20
300,SQ,0066,2026-06-25,329.31,SGD,DC-10-10,380,380,157152.37,41,41,18,18
300,UA,3504,2026-06-26,879.82,USD,DC-10-10,380,366,406389.52,41,39,18,18
300,LH,2415,2026-06-26,242.00,EUR,727-200,189,177,54856.56,18,18,11,11
300,SQ,0863,2026-06-26,512.99,SGD,A319,220,214,137014.31,22,21,10,10
300,SQ,0866,2026-06-26,512.99,SGD,DC-10-10,380,380,243885.30,41,41,18,18
300,SQ,0988,2026-06-26,910.15,SGD,DC-10-10,380,380,432394.76,41,41,18,18
300,LH,2462,2026-06-26,242.00,EUR,A319,220,214,64599.48,22,21,10,10
300,QF,0006,2026-06-26,788.64,AUD,A310-300,280,262,240338.22,22,20,10,9
300,AZ,0789,2026-06-26,1030.00,EUR,747-400,385,365,458834.10,31,29,21,19
300,SQ,0002,2026-06-26,2320.04,SGD,A319,220,210,607618.55,22,21,10,10
300,LH,0401,2026-06-26,666.00,EUR,DC-10-10,380,367,305361.00,41,39,18,17
300,SQ,0015,2026-06-26,2320.04,SGD,DC-10-10,380,370,1090117.52,41,40,18,18
300,AZ,0790,2026-06-26,1014.00,EUR,A310-300,280,271,320089.38,22,21,10,10
300,AZ,0791,2026-06-26,1014.00,EUR,A319,220,209,262838.94,22,21,10,10
300,SQ,0325,2026-06-26,1737.55,SGD,747-400,385,385,823078.01,31,31,21,21
300,SQ,0326,2026-06-26,1737.55,SGD,A310-300,280,280,567640.69,22,22,10,10
300,SQ,0997,2026-06-26,910.15,SGD,747-400,385,385,428462.85,31,31,21,21
300,JL,0407,2026-06-26,1061.36,JPY,A310-300,280,271,337639.77,22,22,10,10
300,UA,0941,2026-06-26,879.82,USD,A319,220,210,231903.36,22,22,10,10
300,AA,0017,2026-06-26,422.94,USD,747-400,385,373,194967.15,31,31,21,21
300,AA,0026,2026-06-26,611.01,USD,A310-300,280,269,192718.89,22,21,10,9
300,AA,0064,2026-06-26,422.94,USD,A319,220,213,110924.66,22,22,10,9
300,AZ,0555,2026-06-26,185.00,EUR,DC-10-10,380,367,85523.65,41,40,18,17
300,QF,0005,2026-06-26,788.64,AUD,747-400,385,375,358200.33,31,31,21,19
300,LH,0402,2026-06-27,666.00,EUR,747-400,385,370,303183.18,31,29,21,21
300,SQ,0067,2026-06-27,329.31,SGD,747-400,385,380,154718.94,31,31,21,21
300,LH,0454,2026-06-27,965.00,EUR,A310-300,280,271,305596.20,22,20,10,10
300,SQ,0114,2026-06-27,357.44,SGD,737-200,130,130,58130.58,10,10,8,8
300,LH,0455,2026-06-27,965.00,EUR,A319,220,214,253032.65,22,21,10,9
300,LH,2402,2026-06-27,242.00,EUR,A321,220,213,64335.70,22,22,11,10
300,SQ,0117,2026-06-27,357.44,SGD,A319,220,220,97591.90,22,22,10,10
300,LH,2407,2026-06-27,242.00,EUR,A321,220,213,64125.16,22,21,11,11
300,UA,3517,2026-06-27,611.01,USD,747-400,385,368,279464.11,31,31,21,21
300,LH,2436,2026-06-27,242.00,EUR,737-200,130,127,38190.02,10,10,8,8
300,JL,0408,2026-06-27,1061.36,JPY,A319,220,212,281058.56,22,22,10,10
300,LH,0400,2026-06-27,666.00,EUR,DC-10-10,380,362,305034.66,41,40,18,18
300,DL,0106,2026-06-27,611.01,USD,DC-10-10,380,361,275284.84,41,39,18,17
300,DL,1699,2026-06-27,422.94,USD,DC-10-10,380,367,194353.92,41,40,18,17
300,DL,1984,2026-06-27,422.94,USD,747-400,385,374,193080.91,31,30,21,20
300,UA,0007,2026-06-27,422.94,USD,A310-300,280,263,131208.90,22,21,10,10
300,SQ,0066,2026-06-27,329.31,SGD,DC-10-10,380,380,157043.73,41,41,18,18
300,LH,2463,2026-06-27,242.00,EUR,A321,220,214,64180.82,22,21,11,10
300,LH,3577,2026-06-27,185.00,EUR,A321,220,212,48767.85,22,20,11,11
300,SQ,0158,2026-06-28,494.79,SGD,A321,220,215,134404.55,22,22,11,11
300,UA,3504,2026-06-28,879.82,USD,DC-10-10,380,363,404506.67,41,38,18,18
300,SQ,0161,2026-06-28,494.79,SGD,A321,220,220,136883.44,22,22,11,11
300,UA,3516,2026-06-28,611.01,USD,DC-10-10,380,364,279720.74,41,38,18,18
300,LH,2415,2026-06-28,242.00,EUR,727-200,189,185,55698.72,18,16,11,11
300,SQ,0863,2026-06-28,512.99,SGD,A319,220,211,135121.37,22,21,10,10
300,SQ,0866,2026-06-28,512.99,SGD,DC-10-10,380,380,245639.76,41,41,18,18
300,SQ,0988,2026-06-28,910.15,SGD,DC-10-10,380,380,433232.01,41,41,18,18
300,LH,2462,2026-06-28,242.00,EUR,A319,220,215,62859.50,22,20,10,9
300,QF,0006,2026-06-28,788.64,AUD,A310-300,280,269,250377.68,22,21,10,10
300,AZ,0788,2026-06-28,1030.00,EUR,DC-10-10,380,364,472914.20,41,40,18,17
300,AZ,0789,2026-06-28,1030.00,EUR,747-400,385,371,467094.70,31,30,21,20
300,SQ,0002,2026-06-28,2320.04,SGD,A319,220,220,631793.50,22,22,10,10
300,LH,0401,2026-06-28,666.00,EUR,DC-10-10,380,368,308631.06,41,41,18,17
300,SQ,0015,2026-06-28,2320.04,SGD,DC-10-10,380,374,1087982.96,41,40,18,18
300,AZ,0790,2026-06-28,1014.00,EUR,A310-300,280,271,321336.60,22,21,10,9
300,AZ,0791,2026-06-28,1014.00,EUR,A319,220,211,267584.46,22,22,10,10
300,SQ,0325,2026-06-28,1737.55,SGD,747-400,385,385,820992.92,31,31,21,21
300,SQ,0326,2026-06-28,1737.55,SGD,A310-300,280,280,569864.63,22,22,10,10
300,SQ,0997,2026-06-28,910.15,SGD,747-400,385,375,418068.93,31,30,21,20
300,JL,0407,2026-06-28,1061.36,JPY,A310-300,280,266,330868.19,22,22,10,9
300,UA,0941,2026-06-28,879.82,USD,A319,220,211,233372.64,22,22,10,10
300,AA,0017,2026-06-28,422.94,USD,747-400,385,363,185708.91,31,29,21,18
300,AA,0026,2026-06-28,611.01,USD,A310-300,280,263,187653.64,22,21,10,9
300,AA,0064,2026-06-28,422.94,USD,A319,220,209,108543.56,22,22,10,9
300,AZ,0555,2026-06-28,185.00,EUR,DC-10-10,380,361,84628.25,41,40,18,18
300,QF,0005,2026-06-28,788.64,AUD,747-400,385,372,360124.75,31,30,21,20
300,LH,0402,2026-06-29,666.00,EUR,747-400,385,366,300452.58,31,29,21,21
300,SQ,0067,2026-06-29,329.31,SGD,747-400,385,384,155285.31,31,31,21,21
300,LH,0454,2026-06-29,965.00,EUR,A310-300,280,271,307584.10,22,21,10,10
300,SQ,0114,2026-06-29,357.44,SGD,737-200,130,130,57429.94,10,10,8,8
300,LH,0455,2026-06-29,965.00,EUR,A319,220,210,250880.70,22,21,10,10
300,LH,2402,2026-06-29,242.00,EUR,A321,220,212,64059.82,22,22,11,10
300,SQ,0117,2026-06-29,357.44,SGD,A319,220,220,96351.70,22,22,10,10
300,LH,2407,2026-06-29,242.00,EUR,A321,220,209,62636.86,22,21,11,10
300,UA,3517,2026-06-29,611.01,USD,747-400,385,363,269180.80,31,29,21,18
300,LH,2436,2026-06-29,242.00,EUR,737-200,130,117,35649.02,10,9,8,8
300,JL,0408,2026-06-29,1061.36,JPY,A319,220,208,273289.51,22,21,10,10
300,LH,0400,2026-06-29,666.00,EUR,DC-10-10,380,368,305061.30,41,40,18,16
300,DL,0106,2026-06-29,611.01,USD,DC-10-10,380,370,280154.59,41,40,18,16
300,DL,1699,2026-06-29,422.94,USD,DC-10-10,380,370,196180.74,41,40,18,16
300,DL,1984,2026-06-29,422.94,USD,747-400,385,363,189773.35,31,29,21,21
300,UA,0007,2026-06-29,422.94,USD,A310-300,280,271,135670.83,22,22,10,10
300,SQ,0066,2026-06-29,329.31,SGD,DC-10-10,380,380,157287.47,41,41,18,18
300,LH,2463,2026-06-29,242.00,EUR,A321,220,208,62392.44,22,21,11,10
300,LH,3577,2026-06-29,185.00,EUR,A321,220,205,47267.50,22,20,11,10
300,SQ,0158,2026-06-30,494.79,SGD,A321,220,211,131020.19,22,21,11,11
300,SQ,0161,2026-06-30,494.79,SGD,A321,220,211,131025.13,22,21,11,11
300,UA,3516,2026-06-30,611.01,USD,DC-10-10,380,365,279855.18,41,40,18,17
300,SQ,0863,2026-06-30,512.99,SGD,A319,220,217,138681.51,22,22,10,10
300,SQ,0866,2026-06-30,512.99,SGD,DC-10-10,380,376,242761.87,41,41,18,18
300,SQ,0988,2026-06-30,910.15,SGD,DC-10-10,380,380,433860.02,41,41,18,18
300,QF,0006,2026-06-30,788.64,AUD,A310-300,280,266,246576.29,22,21,10,10
300,AZ,0788,2026-06-30,1030.00,EUR,DC-10-10,380,367,479063.30,41,41,18,18
300,AZ,0789,2026-06-30,1030.00,EUR,747-400,385,375,470359.80,31,30,21,20
300,SQ,0002,2026-06-30,2320.04,SGD,A319,220,220,631561.45,22,22,10,10
300,SQ,0015,2026-06-30,2320.04,SGD,DC-10-10,380,376,1099722.48,41,41,18,18
300,AZ,0790,2026-06-30,1014.00,EUR,A310-300,280,267,317300.88,22,21,10,10
300,AZ,0791,2026-06-30,1014.00,EUR,A319,220,207,263041.74,22,21,10,10
300,SQ,0325,2026-06-30,1737.55,SGD,747-400,385,385,816145.26,31,31,21,21
300,UA,0941,2026-06-30,879.82,USD,A319,220,213,235264.25,22,22,10,10
300,AA,0017,2026-06-30,422.94,USD,747-400,385,370,193998.53,31,31,21,21
300,AA,0026,2026-06-30,611.01,USD,A310-300,280,271,194930.76,22,21,10,10
300,AZ,0555,2026-06-30,185.00,EUR,DC-10-10,380,369,84485.80,41,38,18,17
300,LH,0454,2026-07-01,965.00,EUR,A310-300,280,264,295444.40,22,20,10,9
300,LH,2402,2026-07-01,242.00,EUR,A321,220,208,64205.02,22,22,11,11
300,UA,3504,2026-07-01,879.82,USD,DC-10-10,380,367,408483.50,41,39,18,18
300,LH,2407,2026-07-01,242.00,EUR,A321,220,202,61780.18,22,20,11,11
300,LH,2415,2026-07-01,242.00,EUR,727-200,189,174,52458.34,18,15,11,10
300,LH,2436,2026-07-01,242.00,EUR,737-200,130,126,38226.32,10,10,8,8
300,LH,2462,2026-07-01,242.00,EUR,A319,220,213,64221.96,22,21,10,10
300,JL,0408,2026-07-01,1061.36,JPY,A319,220,209,274149.12,22,22,10,9
300,LH,0400,2026-07-01,666.00,EUR,DC-10-10,380,368,308384.64,41,41,18,17
300,LH,0401,2026-07-01,666.00,EUR,DC-10-10,380,369,306373.32,41,38,18,18
300,SQ,0326,2026-07-01,1737.55,SGD,A310-300,280,275,560881.66,22,22,10,10
300,SQ,0997,2026-07-01,910.15,SGD,747-400,385,384,427680.15,31,31,21,21
300,JL,0407,2026-07-01,1061.36,JPY,A310-300,280,271,335389.63,22,22,10,9
300,UA,0007,2026-07-01,422.94,USD,A310-300,280,262,130413.68,22,20,10,10
300,LH,2463,2026-07-01,242.00,EUR,A321,220,211,64652.72,22,22,11,11
300,LH,3577,2026-07-01,185.00,EUR,A321,220,205,47478.40,22,20,11,11
300,AA,0064,2026-07-01,422.94,USD,A319,220,211,111567.47,22,22,10,10
300,QF,0005,2026-07-01,788.64,AUD,747-400,385,374,361828.31,31,29,21,21
300,LH,0402,2026-07-02,666.00,EUR,747-400,385,374,305827.20,31,29,21,21
300,SQ,0067,2026-07-02,329.31,SGD,747-400,385,385,155591.48,31,31,21,21
300,SQ,0114,2026-07-02,357.44,SGD,737-200,130,130,57433.58,10,10,8,8
300,LH,0455,2026-07-02,965.00,EUR,A319,220,208,252501.90,22,22,10,10
300,SQ,0117,2026-07-02,357.44,SGD,A319,220,212,93953.24,22,21,10,10
300,SQ,0158,2026-07-02,494.79,SGD,A321,220,220,136185.78,22,22,11,11
300,SQ,0161,2026-07-02,494.79,SGD,A321,220,214,132138.39,22,21,11,11
300,UA,3516,2026-07-02,611.01,USD,DC-10-10,380,360,279855.16,41,40,18,18
300,SQ,0863,2026-07-02,512.99,SGD,A319,220,212,135572.80,22,21,10,10
300,UA,3517,2026-07-02,611.01,USD,747-400,385,372,280618.94,31,31,21,21
300,QF,0006,2026-07-02,788.64,AUD,A310-300,280,263,241245.13,22,20,10,9
300,AZ,0788,2026-07-02,1030.00,EUR,DC-10-10,380,369,474737.30,41,39,18,17
300,AZ,0789,2026-07-02,1030.00,EUR,747-400,385,371,467898.10,31,29,21,21
300,SQ,0015,2026-07-02,2320.04,SGD,DC-10-10,380,380,1111392.24,41,41,18,18
300,AZ,0790,2026-07-02,1014.00,EUR,A310-300,280,271,320920.86,22,22,10,8
300,DL,0106,2026-07-02,611.01,USD,DC-10-10,380,361,277099.51,41,39,18,17
300,SQ,0325,2026-07-02,1737.55,SGD,747-400,385,377,803252.62,31,30,21,21
300,DL,1699,2026-07-02,422.94,USD,DC-10-10,380,367,194332.71,41,40,18,17
300,DL,1984,2026-07-02,422.94,USD,747-400,385,374,194231.19,31,29,21,21
300,SQ,0066,2026-07-02,329.31,SGD,DC-10-10,380,373,155552.06,41,40,18,18
300,AA,0017,2026-07-02,422.94,USD,747-400,385,374,192590.27,31,29,21,20
300,AA,0026,2026-07-02,611.01,USD,A310-300,280,271,194881.88,22,21,10,10
300,AZ,0555,2026-07-02,185.00,EUR,DC-10-10,380,366,85312.75,41,40,18,18
300,LH,0454,2026-07-03,965.00,EUR,A310-300,280,271,307420.05,22,22,10,10
300,LH,2402,2026-07-03,242.00,EUR,A321,220,213,65054.44,22,22,11,11
300,UA,0941,2026-07-03,879.82,USD,A319,220,214,230134.91,22,21,10,9
300,UA,3504,2026-07-03,879.82,USD,DC-10-10,380,368,406037.66,41,39,18,18
300,LH,2407,2026-07-03,242.00,EUR,A321,220,207,63479.02,22,22,11,11
300,LH,2415,2026-07-03,242.00,EUR,727-200,189,183,55972.18,18,18,11,10
300,SQ,0866,2026-07-03,512.99,SGD,DC-10-10,380,374,241587.14,41,40,18,18
300,SQ,0988,2026-07-03,910.15,SGD,DC-10-10,380,380,435088.61,41,41,18,18
300,LH,2436,2026-07-03,242.00,EUR,737-200,130,125,37192.98,10,10,8,7
300,LH,2462,2026-07-03,242.00,EUR,A319,220,213,64105.80,22,21,10,10
300,JL,0408,2026-07-03,1061.36,JPY,A319,220,215,278490.14,22,20,10,10
300,LH,0400,2026-07-03,666.00,EUR,DC-10-10,380,369,308078.28,41,38,18,18
300,SQ,0002,2026-07-03,2320.04,SGD,A319,220,220,635482.33,22,22,10,10
300,LH,0401,2026-07-03,666.00,EUR,DC-10-10,380,366,306846.18,41,40,18,17
300,AZ,0791,2026-07-03,1014.00,EUR,A319,220,209,262027.74,22,20,10,10
300,SQ,0326,2026-07-03,1737.55,SGD,A310-300,280,280,566337.43,22,22,10,10
300,SQ,0997,2026-07-03,910.15,SGD,747-400,385,385,428326.25,31,31,21,21
300,JL,0407,2026-07-03,1061.36,JPY,A310-300,280,271,336429.76,22,21,10,10
300,UA,0007,2026-07-03,422.94,USD,A310-300,280,270,133721.03,22,21,10,10
300,LH,2463,2026-07-03,242.00,EUR,A321,220,211,64350.22,22,22,11,11
300,LH,3577,2026-07-03,185.00,EUR,A321,220,213,49321.00,22,21,11,11
300,AA,0064,2026-07-03,422.94,USD,A319,220,213,111664.75,22,22,10,10
300,QF,0005,2026-07-03,788.64,AUD,747-400,385,370,357269.93,31,30,21,20
300,LH,0402,2026-07-04,666.00,EUR,747-400,385,371,303136.56,31,30,21,20
300,SQ,0067,2026-07-04,329.31,SGD,747-400,385,385,155861.44,31,31,21,21
300,SQ,0114,2026-07-04,357.44,SGD,737-200,130,130,58269.98,10,10,8,8
300,LH,0455,2026-07-04,965.00,EUR,A319,220,212,256226.80,22,22,10,10
300,SQ,0117,2026-07-04,357.44,SGD,A319,220,220,96784.14,22,22,10,10
300,SQ,0158,2026-07-04,494.79,SGD,A321,220,214,132083.96,22,21,11,11
300,SQ,0161,2026-07-04,494.79,SGD,A321,220,220,136334.22,22,22,11,11
300,UA,3516,2026-07-04,611.01,USD,DC-10-10,380,368,282048.67,41,40,18,16
300,UA,3517,2026-07-04,611.01,USD,747-400,385,371,275052.65,31,29,21,20
300,AZ,0788,2026-07-04,1030.00,EUR,DC-10-10,380,361,470081.70,41,39,18,18
300,DL,0106,2026-07-04,611.01,USD,DC-10-10,380,361,276958.99,41,38,18,18
300,DL,1699,2026-07-04,422.94,USD,DC-10-10,380,369,195457.80,41,39,18,18
300,DL,1984,2026-07-04,422.94,USD,747-400,385,371,191642.84,31,30,21,20
300,SQ,0066,2026-07-04,329.31,SGD,DC-10-10,380,377,155159.98,41,41,18,18
300,UA,0941,2026-07-05,879.82,USD,A319,220,214,232616.03,22,21,10,10
300,UA,3504,2026-07-05,879.82,USD,DC-10-10,380,364,402791.13,41,39,18,18
300,LH,2415,2026-07-05,242.00,EUR,727-200,189,181,56192.40,18,18,11,11
300,SQ,0863,2026-07-05,512.99,SGD,A319,220,215,136219.13,22,22,10,10
300,SQ,0866,2026-07-05,512.99,SGD,DC-10-10,380,380,245188.32,41,41,18,18
300,SQ,0988,2026-07-05,910.15,SGD,DC-10-10,380,379,433386.68,41,41,18,18
300,LH,2462,2026-07-05,242.00,EUR,A319,220,203,61042.08,22,20,10,10
300,QF,0006,2026-07-05,788.64,AUD,A310-300,280,261,241860.35,22,19,10,10
300,AZ,0789,2026-07-05,1030.00,EUR,747-400,385,364,461378.20,31,29,21,20
300,SQ,0002,2026-07-05,2320.04,SGD,A319,220,220,629264.53,22,22,10,10
300,LH,0401,2026-07-05,666.00,EUR,DC-10-10,380,367,306426.60,41,40,18,17
300,SQ,0015,2026-07-05,2320.04,SGD,DC-10-10,380,372,1083806.87,41,40,18,18
300,AZ,0790,2026-07-05,1014.00,EUR,A310-300,280,271,324591.54,22,22,10,10
300,AZ,0791,2026-07-05,1014.00,EUR,A319,220,214,269358.96,22,21,10,10
300,SQ,0325,2026-07-05,1737.55,SGD,747-400,385,385,819463.87,31,31,21,21
300,SQ,0326,2026-07-05,1737.55,SGD,A310-300,280,280,568162.02,22,22,10,10
300,SQ,0997,2026-07-05,910.15,SGD,747-400,385,385,429691.51,31,31,21,21
300,JL,0407,2026-07-05,1061.36,JPY,A310-300,280,271,335166.72,22,22,10,9
300,AA,0017,2026-07-05,422.94,USD,747-400,385,371,192556.36,31,31,21,20
300,AA,0026,2026-07-05,611.01,USD,A310-300,280,268,189932.70,22,20,10,9
300,AA,0064,2026-07-05,422.94,USD,A319,220,214,110649.71,22,21,10,9
300,AZ,0555,2026-07-05,185.00,EUR,DC-10-10,380,370,86145.25,41,40,18,17
300,QF,0005,2026-07-05,788.64,AUD,747-400,385,373,363752.46,31,31,21,21
300,LH,0402,2026-07-06,666.00,EUR,747-400,385,372,306300.06,31,31,21,21
300,SQ,0067,2026-07-06,329.31,SGD,747-400,385,377,152575.05,31,30,21,21
300,LH,0454,2026-07-06,965.00,EUR,A310-300,280,270,307429.70,22,22,10,10
300,SQ,0114,2026-07-06,357.44,SGD,737-200,130,129,57101.09,10,10,8,8
300,LH,0455,2026-07-06,965.00,EUR,A319,220,211,252009.75,22,21,10,10
300,LH,2402,2026-07-06,242.00,EUR,A321,220,213,64045.30,22,20,11,11
300,SQ,0117,2026-07-06,357.44,SGD,A319,220,220,97566.97,22,22,10,10
300,SQ,0158,2026-07-06,494.79,SGD,A321,220,220,136749.86,22,22,11,11
300,SQ,0161,2026-07-06,494.79,SGD,A321,220,220,136230.31,22,22,11,11
300,UA,3516,2026-07-06,611.01,USD,DC-10-10,380,362,281425.45,41,40,18,18
300,LH,2407,2026-07-06,242.00,EUR,A321,220,205,62503.76,22,21,11,11
300,UA,3517,2026-07-06,611.01,USD,747-400,385,366,276256.31,31,31,21,20
300,LH,2436,2026-07-06,242.00,EUR,737-200,130,127,37889.94,10,10,8,7
300,JL,0408,2026-07-06,1061.36,JPY,A319,220,213,274064.35,22,21,10,9
300,AZ,0788,2026-07-06,1030.00,EUR,DC-10-10,380,364,468948.70,41,39,18,17
300,LH,0400,2026-07-06,666.00,EUR,DC-10-10,380,366,306000.36,41,40,18,17
300,DL,0106,2026-07-06,611.01,USD,DC-10-10,380,365,281058.86,41,39,18,18
300,DL,1699,2026-07-06,422.94,USD,DC-10-10,380,362,193304.86,41,40,18,17
300,DL,1984,2026-07-06,422.94,USD,747-400,385,363,188936.04,31,30,21,20
300,UA,0007,2026-07-06,422.94,USD,A310-300,280,264,131158.06,22,20,10,10
300,SQ,0066,2026-07-06,329.31,SGD,DC-10-10,380,379,157560.74,41,41,18,18
300,LH,2463,2026-07-06,242.00,EUR,A321,220,213,65148.82,22,22,11,11
300,LH,3577,2026-07-06,185.00,EUR,A321,220,212,48886.25,22,21,11,11
300,UA,0941,2026-07-07,879.82,USD,A319,220,210,229158.29,22,20,10,10
300,UA,3504,2026-07-07,879.82,USD,DC-10-10,380,362,404453.96,41,40,18,18
300,LH,2415,2026-07-07,242.00,EUR,727-200,189,183,56412.62,18,17,11,11
300,SQ,0863,2026-07-07,512.99,SGD,A319,220,218,139404.83,22,22,10,10
300,SQ,0866,2026-07-07,512.99,SGD,DC-10-10,380,380,244824.09,41,41,18,18
300,SQ,0988,2026-07-07,910.15,SGD,DC-10-10,380,380,436781.40,41,41,18,18
300,LH,2462,2026-07-07,242.00,EUR,A319,220,203,61596.26,22,20,10,10
300,QF,0006,2026-07-07,788.64,AUD,A310-300,280,269,250771.97,22,22,10,10
300,AZ,0789,2026-07-07,1030.00,EUR,747-400,385,371,466878.40,31,30,21,20
300,SQ,0002,2026-07-07,2320.04,SGD,A319,220,220,629427.02,22,22,10,10
300,LH,0401,2026-07-07,666.00,EUR,DC-10-10,380,367,309097.26,41,39,18,18
300,SQ,0015,2026-07-07,2320.04,SGD,DC-10-10,380,380,1108840.33,41,41,18,18
300,AZ,0790,2026-07-07,1014.00,EUR,A310-300,280,270,323425.44,22,22,10,10
300,AZ,0791,2026-07-07,1014.00,EUR,A319,220,214,267503.34,22,20,10,10
300,SQ,0325,2026-07-07,1737.55,SGD,747-400,385,377,809629.27,31,30,21,21
300,SQ,0326,2026-07-07,1737.55,SGD,A310-300,280,280,566354.91,22,22,10,10
300,SQ,0997,2026-07-07,910.15,SGD,747-400,385,385,430492.47,31,31,21,21
300,JL,0407,2026-07-07,1061.36,JPY,A310-300,280,268,330772.65,22,21,10,9
300,AA,0017,2026-07-07,422.94,USD,747-400,385,374,194907.99,31,30,21,21
300,AA,0026,2026-07-07,611.01,USD,A310-300,280,271,194185.36,22,22,10,10
300,AA,0064,2026-07-07,422.94,USD,A319,220,206,108543.38,22,20,10,10
300,AZ,0555,2026-07-07,185.00,EUR,DC-10-10,380,367,85027.85,41,39,18,17
300,QF,0005,2026-07-07,788.64,AUD,747-400,385,367,355227.38,31,30,21,19
300,LH,0402,2026-07-08,666.00,EUR,747-400,385,367,298088.28,31,30,21,19
300,SQ,0067,2026-07-08,329.31,SGD,747-400,385,375,150777.14,31,30,21,20
300,LH,0454,2026-07-08,965.00,EUR,A310-300,280,267,306213.80,22,22,10,10
300,SQ,0114,2026-07-08,357.44,SGD,737-200,130,130,57776.74,10,10,8,8
300,LH,0455,2026-07-08,965.00,EUR,A319,220,207,244627.50,22,21,10,9
300,LH,2402,2026-07-08,242.00,EUR,A321,220,207,63188.62,22,21,11,11
300,SQ,0117,2026-07-08,357.44,SGD,A319,220,213,93795.97,22,21,10,10
300,LH,2407,2026-07-08,242.00,EUR,A321,220,214,64207.44,22,21,11,10
300,UA,3517,2026-07-08,611.01,USD,747-400,385,374,279513.01,31,29,21,21
300,LH,2436,2026-07-08,242.00,EUR,737-200,130,125,38030.30,10,10,8,8
300,JL,0408,2026-07-08,1061.36,JPY,A319,220,213,279020.81,22,22,10,9
300,LH,0400,2026-07-08,666.00,EUR,DC-10-10,380,368,306872.82,41,41,18,16
300,DL,0106,2026-07-08,611.01,USD,DC-10-10,380,364,282678.04,41,41,18,18
300,DL,1699,2026-07-08,422.94,USD,DC-10-10,380,358,193110.31,41,40,18,18
300,DL,1984,2026-07-08,422.94,USD,747-400,385,372,192006.50,31,30,21,19
300,UA,0007,2026-07-08,422.94,USD,A310-300,280,266,131877.08,22,21,10,10
300,SQ,0066,2026-07-08,329.31,SGD,DC-10-10,380,374,154870.33,41,40,18,18
300,LH,2463,2026-07-08,242.00,EUR,A321,220,214,64238.90,22,21,11,10
300,LH,3577,2026-07-08,185.00,EUR,A321,220,208,48982.45,22,22,11,11
300,UA,0941,2026-07-09,879.82,USD,A319,220,213,233108.71,22,21,10,10
300,SQ,0158,2026-07-09,494.79,SGD,A321,220,219,135314.96,22,22,11,11
300,SQ,0161,2026-07-09,494.79,SGD,A321,220,218,135359.51,22,22,11,11
300,UA,3516,2026-07-09,611.01,USD,DC-10-10,380,362,275926.38,41,38,18,17
300,SQ,0863,2026-07-09,512.99,SGD,A319,220,220,140133.27,22,22,10,10
300,SQ,0866,2026-07-09,512.99,SGD,DC-10-10,380,380,244875.39,41,41,18,18
300,SQ,0988,2026-07-09,910.15,SGD,DC-10-10,380,380,437718.99,41,41,18,18
300,QF,0006,2026-07-09,788.64,AUD,A310-300,280,267,247104.72,22,20,10,10
300,AZ,0788,2026-07-09,1030.00,EUR,DC-10-10,380,366,474757.90,41,39,18,18
300,AZ,0789,2026-07-09,1030.00,EUR,747-400,385,363,460265.80,31,30,21,20
300,SQ,0002,2026-07-09,2320.04,SGD,A319,220,220,630911.86,22,22,10,10
300,SQ,0015,2026-07-09,2320.04,SGD,DC-10-10,380,375,1085523.70,41,40,18,18
300,AZ,0790,2026-07-09,1014.00,EUR,A310-300,280,271,321884.16,22,22,10,10
300,AZ,0791,2026-07-09,1014.00,EUR,A319,220,209,264096.30,22,21,10,10
300,SQ,0325,2026-07-09,1737.55,SGD,747-400,385,385,818282.44,31,31,21,21
300,AA,0017,2026-07-09,422.94,USD,747-400,385,367,190830.66,31,30,21,20
300,AA,0026,2026-07-09,611.01,USD,A310-300,280,263,187183.16,22,19,10,10
300,AZ,0555,2026-07-09,185.00,EUR,DC-10-10,380,366,85059.30,41,39,18,18
300,LH,0454,2026-07-10,965.00,EUR,A310-300,280,271,308346.45,22,21,10,10
300,LH,2402,2026-07-10,242.00,EUR,A321,220,211,63181.36,22,20,11,10
300,UA,3504,2026-07-10,879.82,USD,DC-10-10,380,368,406688.66,41,39,18,17
300,LH,2407,2026-07-10,242.00,EUR,A321,220,204,61961.68,22,20,11,11
300,LH,2415,2026-07-10,242.00,EUR,727-200,189,184,56090.76,18,17,11,11
300,LH,2436,2026-07-10,242.00,EUR,737-200,130,122,36520.22,10,8,8,8
300,LH,2462,2026-07-10,242.00,EUR,A319,220,205,62022.18,22,21,10,10
300,JL,0408,2026-07-10,1061.36,JPY,A319,220,213,279137.56,22,22,10,9
300,LH,0400,2026-07-10,666.00,EUR,DC-10-10,380,362,303735.96,41,39,18,17
300,LH,0401,2026-07-10,666.00,EUR,DC-10-10,380,368,309563.46,41,39,18,18
300,SQ,0326,2026-07-10,1737.55,SGD,A310-300,280,275,562219.54,22,22,10,10
300,SQ,0997,2026-07-10,910.15,SGD,747-400,385,375,417932.24,31,30,21,20
300,JL,0407,2026-07-10,1061.36,JPY,A310-300,280,270,336970.99,22,21,10,10
300,UA,0007,2026-07-10,422.94,USD,A310-300,280,271,132811.72,22,21,10,9
300,LH,2463,2026-07-10,242.00,EUR,A321,220,214,64243.74,22,21,11,11
300,LH,3577,2026-07-10,185.00,EUR,A321,220,204,47868.75,22,21,11,11
300,AA,0064,2026-07-10,422.94,USD,A319,220,207,107283.18,22,20,10,9
300,QF,0005,2026-07-10,788.64,AUD,747-400,385,372,362711.44,31,31,21,21
300,LH,0402,2026-07-11,666.00,EUR,747-400,385,366,300013.02,31,30,21,20
300,SQ,0067,2026-07-11,329.31,SGD,747-400,385,385,155018.49,31,31,21,21
300,SQ,0114,2026-07-11,357.44,SGD,737-200,130,129,57126.18,10,10,8,8
300,LH,0455,2026-07-11,965.00,EUR,A319,220,215,255667.10,22,20,10,10
300,SQ,0117,2026-07-11,357.44,SGD,A319,220,217,95847.66,22,22,10,10
300,SQ,0158,2026-07-11,494.79,SGD,A321,220,220,135601.92,22,22,11,11
300,SQ,0161,2026-07-11,494.79,SGD,A321,220,211,130564.97,22,21,11,11
300,UA,3516,2026-07-11,611.01,USD,DC-10-10,380,366,284486.60,41,40,18,18
300,SQ,0863,2026-07-11,512.99,SGD,A319,220,216,136998.88,22,22,10,10
300,UA,3517,2026-07-11,611.01,USD,747-400,385,363,271038.30,31,29,21,20
300,QF,0006,2026-07-11,788.64,AUD,A310-300,280,269,249060.60,22,22,10,10
300,AZ,0788,2026-07-11,1030.00,EUR,DC-10-10,380,370,482070.90,41,39,18,18
300,AZ,0789,2026-07-11,1030.00,EUR,747-400,385,372,468361.60,31,30,21,20
300,SQ,0015,2026-07-11,2320.04,SGD,DC-10-10,380,380,1113689.06,41,41,18,18
300,AZ,0790,2026-07-11,1014.00,EUR,A310-300,280,267,315080.22,22,21,10,9
300,DL,0106,2026-07-11,611.01,USD,DC-10-10,380,360,276885.65,41,39,18,17
300,SQ,0325,2027-07-11,1737.55,SGD,747-400,385,385,817431.10,31,31,21,21
300,DL,1699,2027-07-11,422.94,USD,DC-10-10,380,362,192006.53,41,39,18,17
300,DL,1984,2027-07-11,422.94,USD,747-400,385,372,195191.29,31,31,21,21
300,SQ,0066,2027-07-11,329.31,SGD,DC-10-10,380,374,155169.95,41,40,18,18
300,AA,0017,2027-07-11,422.94,USD,747-400,385,374,193554.46,31,30,21,20
300,AA,0026,2027-07-11,611.01,USD,A310-300,280,264,190519.27,22,21,10,10
300,AZ,0555,2027-07-11,185.00,EUR,DC-10-10,380,366,85333.10,41,40,18,17
300,LH,0454,2027-07-12,965.00,EUR,A310-300,280,267,300838.75,22,21,10,9
300,LH,2402,2027-07-12,242.00,EUR,A321,220,205,62375.50,22,20,11,11
300,UA,0941,2027-07-12,879.82,USD,A319,220,211,231102.72,22,21,10,10
300,UA,3504,2027-07-12,879.82,USD,DC-10-10,380,358,395215.92,41,40,18,17
300,LH,2407,2027-07-12,242.00,EUR,A321,220,214,64040.46,22,21,11,10
300,LH,2415,2027-07-12,242.00,EUR,727-200,189,178,55587.40,18,18,11,11
300,SQ,0866,2027-07-12,512.99,SGD,DC-10-10,380,370,238657.95,41,40,18,18
300,SQ,0988,2027-07-12,910.15,SGD,DC-10-10,380,378,434542.56,41,41,18,18
300,LH,2436,2027-07-12,242.00,EUR,737-200,130,117,33921.14,10,9,8,6
300,LH,2462,2027-07-12,242.00,EUR,A319,220,207,62196.42,22,21,10,10
300,JL,0408,2027-07-12,1061.36,JPY,A319,220,213,277747.20,22,22,10,9
300,LH,0400,2027-07-12,666.00,EUR,DC-10-10,380,369,308964.06,41,39,18,18
300,SQ,0002,2027-07-12,2320.04,SGD,A319,220,220,626178.89,22,22,10,10
300,LH,0401,2027-07-12,666.00,EUR,DC-10-10,380,366,308005.02,41,40,18,18
300,AZ,0791,2027-07-12,1014.00,EUR,A319,220,209,263082.30,22,21,10,10
300,SQ,0326,2027-07-12,1737.55,SGD,A310-300,280,280,564704.29,22,22,10,10
300,SQ,0997,2027-07-12,910.15,SGD,747-400,385,385,429646.01,31,31,21,21
300,JL,0407,2027-07-12,1061.36,JPY,A310-300,280,265,326675.94,22,21,10,8
300,UA,0007,2027-07-12,422.94,USD,A310-300,280,269,132972.49,22,21,10,10
300,LH,2463,2027-07-12,242.00,EUR,A321,220,205,61059.02,22,19,11,10
300,LH,3577,2027-07-12,185.00,EUR,A321,220,213,49030.55,22,20,11,11
300,AA,0064,2027-07-12,422.94,USD,A319,220,213,111706.99,22,22,10,9
300,QF,0005,2027-07-12,788.64,AUD,747-400,385,369,355692.74,31,29,21,20
300,LH,0402,2027-07-13,666.00,EUR,747-400,385,374,305094.60,31,29,21,20
300,SQ,0067,2027-07-13,329.31,SGD,747-400,385,384,154679.33,31,31,21,21
300,SQ,0114,2027-07-13,357.44,SGD,737-200,130,130,56779.37,10,10,8,8
300,LH,0455,2027-07-13,965.00,EUR,A319,220,213,251228.10,22,21,10,9
300,SQ,0117,2027-07-13,357.44,SGD,A319,220,210,93124.00,22,21,10,10
300,SQ,0158,2027-07-13,494.79,SGD,A321,220,220,135809.74,22,22,11,11
300,SQ,0161,2027-07-13,494.79,SGD,A321,220,220,136606.37,22,22,11,11
300,UA,3516,2027-07-13,611.01,USD,DC-10-10,380,370,283221.84,41,40,18,17
300,SQ,0863,2027-07-13,512.99,SGD,A319,220,218,138886.70,22,22,10,10
300,UA,3517,2027-07-13,611.01,USD,747-400,385,366,272461.95,31,30,21,19
300,QF,0006,2027-07-13,788.64,AUD,A310-300,280,271,252617.34,22,22,10,10
300,AZ,0788,2027-07-13,1030.00,EUR,DC-10-10,380,360,470009.60,41,38,18,18
300,AZ,0789,2027-07-13,1030.00,EUR,747-400,385,372,475993.90,31,31,21,21
300,SQ,0015,2027-07-13,2320.04,SGD,DC-10-10,380,378,1100905.60,41,41,18,18
300,AZ,0790,2027-07-13,1014.00,EUR,A310-300,280,269,317250.18,22,21,10,9
300,DL,0106,2027-07-13,611.01,USD,DC-10-10,380,358,277948.82,41,40,18,18
300,SQ,0325,2027-07-13,1737.55,SGD,747-400,385,380,812062.04,31,31,21,21
300,DL,1699,2027-07-13,422.94,USD,DC-10-10,380,367,197538.63,41,41,18,18
300,DL,1984,2027-07-13,422.94,USD,747-400,385,368,189870.69,31,29,21,20
300,SQ,0066,2027-07-13,329.31,SGD,DC-10-10,380,380,157639.90,41,41,18,18
300,AA,0017,2027-07-13,422.94,USD,747-400,385,371,192932.68,31,29,21,21
300,AA,0026,2027-07-13,611.01,USD,A310-300,280,262,188692.36,22,21,10,10
300,AZ,0555,2027-07-13,185.00,EUR,DC-10-10,380,368,86193.35,41,41,18,18
300,LH,0454,2027-07-14,965.00,EUR,A310-300,280,271,305876.05,22,21,10,10
300,LH,2402,2027-07-14,242.00,EUR,A321,220,211,64115.48,22,21,11,11
300,UA,0941,2027-07-14,879.82,USD,A319,220,213,230847.60,22,21,10,10
300,UA,3504,2027-07-14,879.82,USD,DC-10-10,380,369,406741.50,41,38,18,18
300,LH,2407,2027-07-14,242.00,EUR,A321,220,213,64522.04,22,21,11,11
300,LH,2415,2027-07-14,242.00,EUR,727-200,189,181,55258.28,18,17,11,11
300,SQ,0866,2027-07-14,512.99,SGD,DC-10-10,380,380,245162.67,41,41,18,18
300,SQ,0988,2027-07-14,910.15,SGD,DC-10-10,380,370,424303.43,41,40,18,18
300,LH,2436,2027-07-14,242.00,EUR,737-200,130,128,37679.40,10,8,8,8
300,LH,2462,2027-07-14,242.00,EUR,A319,220,212,63338.66,22,22,10,9
300,JL,0408,2027-07-14,1061.36,JPY,A319,220,208,275454.63,22,22,10,9
300,LH,0400,2027-07-14,666.00,EUR,DC-10-10,380,366,307219.14,41,40,18,17
300,SQ,0002,2027-07-14,2320.04,SGD,A319,220,218,628499.08,22,22,10,10
300,LH,0401,2027-07-14,666.00,EUR,DC-10-10,380,368,312620.40,41,41,18,18
300,AZ,0791,2027-07-14,1014.00,EUR,A319,220,213,267523.62,22,21,10,10
300,SQ,0326,2027-07-14,1737.55,SGD,A310-300,280,280,570021.08,22,22,10,10
300,SQ,0997,2027-07-14,910.15,SGD,747-400,385,381,424439.84,31,31,21,21
300,JL,0407,2027-07-14,1061.36,JPY,A310-300,280,262,327195.78,22,19,10,10
300,UA,0007,2027-07-14,422.94,USD,A310-300,280,271,132321.18,22,22,10,8
300,LH,2463,2027-07-14,242.00,EUR,A321,220,208,63384.64,22,22,11,10
300,LH,3577,2027-07-14,185.00,EUR,A321,220,214,49628.10,22,22,11,11
300,AA,0064,2027-07-14,422.94,USD,A319,220,208,108814.15,22,21,10,9
300,QF,0005,2027-07-14,788.64,AUD,747-400,385,371,363145.31,31,31,21,20
300,LH,0402,2027-07-15,666.00,EUR,747-400,385,371,305187.84,31,30,21,21
300,SQ,0067,2027-07-15,329.31,SGD,747-400,385,385,155897.84,31,31,21,21
300,SQ,0114,2027-07-15,357.44,SGD,737-200,130,120,52693.88,10,9,8,7
300,LH,0455,2027-07-15,965.00,EUR,A319,220,214,252781.75,22,22,10,9
300,SQ,0117,2027-07-15,357.44,SGD,A319,220,212,94332.11,22,21,10,10
300,SQ,0158,2027-07-15,494.79,SGD,A321,220,210,130233.47,22,21,11,11
300,SQ,0161,2027-07-15,494.79,SGD,A321,220,212,131816.81,22,21,11,11
300,UA,3516,2027-07-15,611.01,USD,DC-10-10,380,363,279476.32,41,39,18,17
300,UA,3517,2027-07-15,611.01,USD,747-400,385,372,277466.13,31,30,21,20
300,AZ,0788,2027-07-15,1030.00,EUR,DC-10-10,380,361,469463.70,41,38,18,18
300,DL,0106,2027-07-15,611.01,USD,DC-10-10,380,362,278706.43,41,38,18,17
300,DL,1699,2027-07-15,422.94,USD,DC-10-10,380,360,191088.57,41,38,18,17
300,DL,1984,2027-07-15,422.94,USD,747-400,385,371,194193.08,31,31,21,20
300,SQ,0066,2027-07-15,329.31,SGD,DC-10-10,380,374,153688.10,41,40,18,18
300,UA,0941,2027-07-16,879.82,USD,A319,220,209,230777.15,22,21,10,10
300,UA,3504,2027-07-16,879.82,USD,DC-10-10,380,367,405888.08,41,40,18,17
300,LH,2415,2027-07-16,242.00,EUR,727-200,189,180,56061.72,18,18,11,11
300,SQ,0863,2027-07-16,512.99,SGD,A319,220,220,140225.61,22,22,10,10
300,SQ,0866,2027-07-16,512.99,SGD,DC-10-10,380,380,245711.58,41,41,18,18
300,SQ,0988,2027-07-16,910.15,SGD,DC-10-10,380,380,433705.22,41,41,18,18
300,LH,2462,2027-07-16,242.00,EUR,A319,220,206,61221.16,22,19,10,10
300,QF,0006,2027-07-16,788.64,AUD,A310-300,280,271,250290.89,22,22,10,9
300,AZ,0789,2027-07-16,1030.00,EUR,747-400,385,373,469010.50,31,29,21,20
300,SQ,0002,2027-07-16,2320.04,SGD,A319,220,220,632234.21,22,22,10,10
300,LH,0401,2027-07-16,666.00,EUR,DC-10-10,380,369,306519.84,41,38,18,17
300,SQ,0015,2027-07-16,2320.04,SGD,DC-10-10,380,380,1107935.40,41,41,18,18
300,AZ,0790,2027-07-16,1014.00,EUR,A310-300,280,271,321022.26,22,21,10,10
300,AZ,0791,2027-07-16,1014.00,EUR,A319,220,206,259867.92,22,21,10,9
300,SQ,0325,2027-07-16,1737.55,SGD,747-400,385,382,812305.25,31,31,21,21
300,SQ,0326,2027-07-16,1737.55,SGD,A310-300,280,280,567675.49,22,22,10,10
300,SQ,0997,2027-07-16,910.15,SGD,747-400,385,382,429591.25,31,31,21,21
300,JL,0407,2027-07-16,1061.36,JPY,A310-300,280,271,338276.46,22,22,10,10
300,AA,0017,2027-07-16,422.94,USD,747-400,385,373,194552.50,31,30,21,21
300,AA,0026,2027-07-16,611.01,USD,A310-300,280,271,195505.12,22,22,10,10
300,AA,0064,2027-07-16,422.94,USD,A319,220,212,111516.78,22,21,10,10
300,AZ,0555,2027-07-16,185.00,EUR,DC-10-10,380,368,85203.60,41,40,18,16
300,QF,0005,2027-07-16,788.64,AUD,747-400,385,374,363878.56,31,30,21,21
300,LH,0402,2027-07-17,666.00,EUR,747-400,385,374,304508.52,31,30,21,20
300,SQ,0067,2027-07-17,329.31,SGD,747-400,385,378,152074.51,31,30,21,21
300,LH,0454,2027-07-17,965.00,EUR,A310-300,280,270,302440.65,22,21,10,9
300,SQ,0114,2027-07-17,357.44,SGD,737-200,130,127,56547.03,10,10,8,8
300,LH,0455,2027-07-17,965.00,EUR,A319,220,214,253437.95,22,21,10,9
300,LH,2402,2027-07-17,242.00,EUR,A321,220,213,64580.12,22,21,11,11
300,SQ,0117,2027-07-17,357.44,SGD,A319,220,219,97073.78,22,22,10,10
300,LH,2407,2027-07-17,242.00,EUR,A321,220,208,63292.68,22,21,11,11
300,UA,3517,2027-07-17,611.01,USD,747-400,385,374,279011.99,31,29,21,21
300,LH,2436,2027-07-17,242.00,EUR,737-200,130,124,37580.18,10,9,8,8
300,JL,0408,2027-07-17,1061.36,JPY,A319,220,206,276282.44,22,22,10,10
300,LH,0400,2027-07-17,666.00,EUR,DC-10-10,380,368,309676.68,41,41,18,18
300,DL,0106,2027-07-17,611.01,USD,DC-10-10,380,362,279390.79,41,40,18,17
300,DL,1699,2027-07-17,422.94,USD,DC-10-10,380,367,196231.73,41,41,18,17
300,DL,1984,2027-07-17,422.94,USD,747-400,385,374,195567.60,31,30,21,21
300,UA,0007,2027-07-17,422.94,USD,A310-300,280,263,130561.68,22,21,10,10
300,SQ,0066,2027-07-17,329.31,SGD,DC-10-10,380,380,157241.35,41,41,18,18
300,LH,2463,2027-07-17,242.00,EUR,A321,220,213,64316.34,22,21,11,11
300,LH,3577,2027-07-17,185.00,EUR,A321,220,213,48305.35,22,20,11,10
300,UA,0941,2027-07-18,879.82,USD,A319,220,207,228982.35,22,22,10,10
300,SQ,0158,2027-07-18,494.79,SGD,A321,220,213,131797.01,22,21,11,11
300,SQ,0161,2027-07-18,494.79,SGD,A321,220,220,136418.32,22,22,11,11
300,UA,3516,2027-07-18,611.01,USD,DC-10-10,380,369,283625.10,41,39,18,18
300,SQ,0863,2027-07-18,512.99,SGD,A319,220,218,139722.89,22,22,10,10
300,SQ,0866,2027-07-18,512.99,SGD,DC-10-10,380,379,244742.02,41,41,18,18
300,SQ,0988,2027-07-18,910.15,SGD,DC-10-10,380,380,434233.14,41,41,18,18
300,QF,0006,2027-07-18,788.64,AUD,A310-300,280,264,243469.10,22,21,10,9
300,AZ,0788,2027-07-18,1030.00,EUR,DC-10-10,380,358,462511.20,41,39,18,17
300,AZ,0789,2027-07-18,1030.00,EUR,747-400,385,371,468639.70,31,30,21,21
300,SQ,0002,2027-07-18,2320.04,SGD,A319,220,220,631051.05,22,22,10,10
300,SQ,0015,2027-07-18,2320.04,SGD,DC-10-10,380,378,1096961.58,41,41,18,18
300,AZ,0790,2027-07-18,1014.00,EUR,A310-300,280,270,318568.38,22,21,10,9
300,AZ,0791,2027-07-18,1014.00,EUR,A319,220,205,262017.60,22,21,10,10
300,SQ,0325,2027-07-18,1737.55,SGD,747-400,385,381,815849.83,31,31,21,21
300,AA,0017,2027-07-18,422.94,USD,747-400,385,371,193609.53,31,31,21,20
300,AA,0026,2027-07-18,611.01,USD,A310-300,280,270,193409.36,22,21,10,10
300,AZ,0555,2027-07-18,185.00,EUR,DC-10-10,380,368,85532.90,41,41,18,17
300,LH,0454,2027-07-19,965.00,EUR,A310-300,280,271,301253.70,22,20,10,9
300,LH,2402,2027-07-19,242.00,EUR,A321,220,212,64413.14,22,21,11,11
300,UA,3504,2027-07-19,879.82,USD,DC-10-10,380,366,399535.84,41,40,18,16
300,LH,2407,2027-07-19,242.00,EUR,A321,220,213,64526.88,22,21,11,11
300,LH,2415,2027-07-19,242.00,EUR,727-200,189,184,57017.62,18,18,11,11
300,LH,2436,2027-07-19,242.00,EUR,737-200,130,119,35436.06,10,9,8,7
300,LH,2462,2027-07-19,242.00,EUR,A319,220,213,63689.56,22,21,10,10
300,JL,0407,2027-07-19,1061.36,JPY,A310-300,280,264,330507.39,22,21,10,10
300,JL,0408,2027-07-19,1061.36,JPY,A319,220,213,282512.58,22,22,10,10
300,LH,0400,2027-07-19,666.00,EUR,DC-10-10,380,365,305667.36,41,39,18,17
300,LH,0401,2027-07-19,666.00,EUR,DC-10-10,380,363,305700.66,41,40,18,18
300,SQ,0326,2027-07-19,1737.55,SGD,A310-300,280,278,564391.36,22,22,10,10
300,SQ,0997,2027-07-19,910.15,SGD,747-400,385,385,432230.69,31,31,21,21
300,UA,0007,2027-07-19,422.94,USD,A310-300,280,263,131492.17,22,21,10,10
300,LH,2463,2027-07-19,242.00,EUR,A321,220,213,64323.60,22,22,11,10
300,LH,3577,2027-07-19,185.00,EUR,A321,220,210,48867.75,22,21,11,11
300,AA,0064,2027-07-19,422.94,USD,A319,220,211,111829.70,22,22,10,10
300,QF,0005,2027-07-19,788.64,AUD,747-400,385,371,358445.07,31,29,21,21
300,LH,0402,2027-07-20,666.00,EUR,747-400,385,372,302510.52,31,30,21,20
300,SQ,0067,2027-07-20,329.31,SGD,747-400,385,377,152245.71,31,30,21,21
300,SQ,0114,2027-07-20,357.44,SGD,737-200,130,130,57151.07,10,10,8,8
300,LH,0455,2027-07-20,965.00,EUR,A319,220,212,249935.00,22,21,10,9
300,SQ,0117,2027-07-20,357.44,SGD,A319,220,220,97263.19,22,22,10,10
300,SQ,0158,2027-07-20,494.79,SGD,A321,220,220,137323.81,22,22,11,11
300,SQ,0161,2027-07-20,494.79,SGD,A321,220,212,131732.69,22,21,11,11
300,SQ,0863,2027-07-20,512.99,SGD,A319,220,220,139374.03,22,22,10,10
300,UA,3516,2027-07-20,611.01,USD,DC-10-10,380,359,276286.89,41,39,18,18
300,UA,3517,2027-07-20,611.01,USD,747-400,385,365,277545.52,31,30,21,21
300,QF,0006,2027-07-20,788.64,AUD,A310-300,280,264,242120.40,22,21,10,9
300,AZ,0788,2027-07-20,1030.00,EUR,DC-10-10,380,368,479392.90,41,41,18,18
300,AZ,0789,2027-07-20,1030.00,EUR,747-400,385,374,470431.90,31,30,21,20
300,SQ,0015,2027-07-20,2320.04,SGD,DC-10-10,380,378,1104292.96,41,41,18,18
300,AZ,0790,2027-07-20,1014.00,EUR,A310-300,280,271,318406.14,22,20,10,9
300,DL,0106,2027-07-20,611.01,USD,DC-10-10,380,362,277655.51,41,38,18,17
300,SQ,0325,2027-07-20,1737.55,SGD,747-400,385,375,793730.80,31,30,21,20
300,DL,1699,2027-07-20,422.94,USD,DC-10-10,380,366,195161.59,41,39,18,18
300,DL,1984,2027-07-20,422.94,USD,747-400,385,368,190797.00,31,29,21,21
300,SQ,0066,2027-07-20,329.31,SGD,DC-10-10,380,380,157531.14,41,41,18,18
300,AA,0017,2027-07-20,422.94,USD,747-400,385,373,194848.66,31,31,21,21
300,AA,0026,2027-07-20,611.01,USD,A310-300,280,271,194338.09,22,21,10,10
300,AZ,0555,2027-07-20,185.00,EUR,DC-10-10,380,369,85695.70,41,38,18,18
300,LH,0454,2027-07-21,965.00,EUR,A310-300,280,265,301900.25,22,22,10,10
300,LH,2402,2027-07-21,242.00,EUR,A321,220,211,64846.32,22,22,11,11
300,UA,0941,2027-07-21,879.82,USD,A319,220,206,227908.92,22,21,10,10
300,UA,3504,2027-07-21,879.82,USD,DC-10-10,380,367,406319.18,41,40,18,17
300,LH,2407,2027-07-21,242.00,EUR,A321,220,210,63730.70,22,21,11,11
300,LH,2415,2027-07-21,242.00,EUR,727-200,189,181,55742.28,18,17,11,11
300,SQ,0866,2027-07-21,512.99,SGD,DC-10-10,380,371,239642.90,41,40,18,18
300,SQ,0988,2027-07-21,910.15,SGD,DC-10-10,380,380,432549.55,41,41,18,18
300,LH,2436,2027-07-21,242.00,EUR,737-200,130,119,35813.58,10,9,8,8
300,LH,2462,2027-07-21,242.00,EUR,A319,220,212,63842.02,22,21,10,10
300,JL,0407,2027-07-21,1061.36,JPY,A310-300,280,266,331993.25,22,22,10,9
300,JL,0408,2027-07-21,1061.36,JPY,A319,220,205,265467.29,22,21,10,8
300,LH,0400,2027-07-21,666.00,EUR,DC-10-10,380,368,309057.30,41,41,18,17
300,SQ,0002,2027-07-21,2320.04,SGD,A319,220,220,631979.05,22,22,10,10
300,LH,0401,2027-07-21,666.00,EUR,DC-10-10,380,369,310902.12,41,39,18,18
300,AZ,0791,2027-07-21,1014.00,EUR,A319,220,203,257332.92,22,21,10,10
300,SQ,0326,2027-07-21,1737.55,SGD,A310-300,280,279,571272.03,22,22,10,10
300,SQ,0997,2027-07-21,910.15,SGD,747-400,385,380,424713.03,31,31,21,21
300,UA,0007,2027-07-21,422.94,USD,A310-300,280,270,134249.71,22,22,10,10
300,LH,2463,2027-07-21,242.00,EUR,A321,220,212,64369.58,22,22,11,10
300,LH,3577,2027-07-21,185.00,EUR,A321,220,213,49393.15,22,21,11,11
300,AA,0064,2027-07-21,422.94,USD,A319,220,206,108716.85,22,21,10,10
300,QF,0005,2027-07-21,788.64,AUD,747-400,385,374,361370.90,31,29,21,21
300,LH,0402,2027-07-22,666.00,EUR,747-400,385,374,305341.02,31,29,21,21
300,SQ,0067,2027-07-22,329.31,SGD,747-400,385,385,154890.10,31,31,21,21
300,SQ,0114,2027-07-22,357.44,SGD,737-200,130,124,55910.97,10,10,8,8
300,LH,0455,2027-07-22,965.00,EUR,A319,220,212,252868.60,22,22,10,9
300,SQ,0117,2027-07-22,357.44,SGD,A319,220,210,93367.06,22,21,10,10
300,SQ,0158,2027-07-22,494.79,SGD,A321,220,210,130990.51,22,21,11,11
300,SQ,0161,2027-07-22,494.79,SGD,A321,220,220,136413.39,22,22,11,11
300,SQ,0863,2027-07-22,512.99,SGD,A319,220,220,139112.40,22,22,10,10
300,UA,3516,2027-07-22,611.01,USD,DC-10-10,380,366,280820.58,41,39,18,18
300,UA,3517,2027-07-22,611.01,USD,747-400,385,372,279030.32,31,30,21,21
300,QF,0006,2027-07-22,788.64,AUD,A310-300,280,271,251434.34,22,21,10,10
300,AZ,0788,2027-07-22,1030.00,EUR,DC-10-10,380,364,470524.60,41,40,18,16
300,AZ,0789,2027-07-22,1030.00,EUR,747-400,385,372,468021.70,31,30,21,20
300,SQ,0015,2027-07-22,2320.04,SGD,DC-10-10,380,380,1110301.80,41,41,18,18
300,AZ,0790,2027-07-22,1014.00,EUR,A310-300,280,271,322249.20,22,22,10,10
300,DL,0106,2027-07-22,611.01,USD,DC-10-10,380,366,282238.12,41,40,18,18
300,SQ,0325,2027-07-22,1737.55,SGD,747-400,385,376,803374.21,31,30,21,21
300,DL,1699,2027-07-22,422.94,USD,DC-10-10,380,366,196405.01,41,39,18,18
300,DL,1984,2027-07-22,422.94,USD,747-400,385,375,194057.65,31,30,21,20
300,SQ,0066,2027-07-22,329.31,SGD,DC-10-10,380,380,157073.40,41,41,18,18
300,AA,0017,2027-07-22,422.94,USD,747-400,385,374,191084.46,31,29,21,19
300,AA,0026,2027-07-22,611.01,USD,A310-300,280,269,193219.94,22,21,10,10
300,AZ,0555,2027-07-22,185.00,EUR,DC-10-10,380,367,84883.55,41,40,18,17
300,LH,0454,2027-07-23,965.00,EUR,A310-300,280,271,306155.90,22,20,10,10
300,LH,2402,2027-07-23,242.00,EUR,A321,220,210,64483.32,22,22,11,11
300,UA,0941,2027-07-23,879.82,USD,A319,220,214,229994.15,22,21,10,9
300,UA,3504,2027-07-23,879.82,USD,DC-10-10,380,369,406125.66,41,39,18,18
300,LH,2407,2027-07-23,242.00,EUR,A321,220,211,64398.62,22,22,11,11
300,LH,2415,2027-07-23,242.00,EUR,727-200,189,182,55493.02,18,17,11,11
300,SQ,0866,2027-07-23,512.99,SGD,DC-10-10,380,373,242207.88,41,40,18,18
300,SQ,0988,2027-07-23,910.15,SGD,DC-10-10,380,376,431748.44,41,41,18,18
300,LH,2436,2027-07-23,242.00,EUR,737-200,130,127,37921.40,10,10,8,8
300,LH,2462,2027-07-23,242.00,EUR,A319,220,214,63312.04,22,21,10,9
300,JL,0407,2027-07-23,1061.36,JPY,A310-300,280,262,325412.87,22,20,10,10
300,JL,0408,2027-07-23,1061.36,JPY,A319,220,205,266008.55,22,19,10,10
300,LH,0400,2027-07-23,666.00,EUR,DC-10-10,380,361,300685.68,41,37,18,18
300,SQ,0002,2027-07-23,2320.04,SGD,A319,220,220,629867.81,22,22,10,10
300,LH,0401,2027-07-23,666.00,EUR,DC-10-10,380,367,307125.90,41,39,18,17
300,AZ,0791,2027-07-23,1014.00,EUR,A319,220,214,268557.90,22,22,10,9
300,SQ,0326,2027-07-23,1737.55,SGD,A310-300,280,280,569343.45,22,22,10,10
300,SQ,0997,2027-07-23,910.15,SGD,747-400,385,378,420926.84,31,30,21,21
300,UA,0007,2027-07-23,422.94,USD,A310-300,280,269,133234.65,22,21,10,10
300,LH,2463,2027-07-23,242.00,EUR,A321,220,211,64326.02,22,22,11,11
300,LH,3577,2027-07-23,185.00,EUR,A321,220,214,49206.30,22,21,11,10
300,AA,0064,2027-07-23,422.94,USD,A319,220,204,107668.04,22,20,10,10
300,QF,0005,2027-07-23,788.64,AUD,747-400,385,367,358571.20,31,30,21,21
300,LH,0402,2027-07-24,666.00,EUR,747-400,385,370,304801.56,31,30,21,21
300,SQ,0067,2027-07-24,329.31,SGD,747-400,385,382,154992.19,31,31,21,21
300,SQ,0114,2027-07-24,357.44,SGD,737-200,130,121,53090.65,10,9,8,7
300,LH,0455,2027-07-24,965.00,EUR,A319,220,204,248612.95,22,21,10,10
300,SQ,0117,2027-07-24,357.44,SGD,A319,220,220,98096.00,22,22,10,10
300,SQ,0158,2027-07-24,494.79,SGD,A321,220,220,135601.94,22,22,11,11
300,SQ,0161,2027-07-24,494.79,SGD,A321,220,220,136141.24,22,22,11,11
300,UA,3516,2027-07-24,611.01,USD,DC-10-10,380,364,280942.76,41,39,18,18
300,UA,3517,2027-07-24,611.01,USD,747-400,385,366,277221.70,31,30,21,21
300,AZ,0788,2027-07-24,1030.00,EUR,DC-10-10,380,360,465817.50,41,40,18,17
300,DL,0106,2027-07-24,611.01,USD,DC-10-10,380,370,283600.66,41,40,18,17
300,DL,1699,2027-07-24,422.94,USD,DC-10-10,380,368,194869.86,41,39,18,18
300,DL,1984,2027-07-24,422.94,USD,747-400,385,362,187332.98,31,28,21,20
300,SQ,0066,2027-07-24,329.31,SGD,DC-10-10,380,380,157583.84,41,41,18,18
300,UA,0941,2027-07-25,879.82,USD,A319,220,214,233821.35,22,21,10,10
300,UA,3504,2027-07-25,879.82,USD,DC-10-10,380,366,405263.41,41,40,18,17
300,LH,2415,2027-07-25,242.00,EUR,727-200,189,182,55739.86,18,18,11,11
300,SQ,0863,2027-07-25,512.99,SGD,A319,220,220,140353.86,22,22,10,10
300,SQ,0866,2027-07-25,512.99,SGD,DC-10-10,380,380,244013.55,41,41,18,18
300,SQ,0988,2027-07-25,910.15,SGD,DC-10-10,380,380,433586.98,41,41,18,18
300,LH,2462,2027-07-25,242.00,EUR,A319,220,212,63566.14,22,21,10,10
300,JL,0407,2027-07-25,1061.36,JPY,A310-300,280,271,337034.70,22,21,10,10
300,QF,0006,2027-07-25,788.64,AUD,A310-300,280,272,248934.41,22,21,10,9
300,AZ,0789,2027-07-25,1030.00,EUR,747-400,385,371,471379.50,31,29,21,21
300,SQ,0002,2027-07-25,2320.04,SGD,A319,220,220,632814.25,22,22,10,10
300,LH,0401,2027-07-25,666.00,EUR,DC-10-10,380,369,308504.52,41,39,18,18
300,SQ,0015,2027-07-25,2320.04,SGD,DC-10-10,380,380,1112366.68,41,41,18,18
300,AZ,0790,2027-07-25,1014.00,EUR,A310-300,280,271,320322.60,22,20,10,10
300,AZ,0791,2027-07-25,1014.00,EUR,A319,220,209,261672.84,22,19,10,10
300,SQ,0325,2027-07-25,1737.55,SGD,747-400,385,385,821410.03,31,31,21,21
300,SQ,0326,2027-07-25,1737.55,SGD,A310-300,280,270,551602.98,22,21,10,10
300,SQ,0997,2027-07-25,910.15,SGD,747-400,385,385,429309.20,31,31,21,21
300,AA,0017,2027-07-25,422.94,USD,747-400,385,372,194099.99,31,31,21,20
300,AA,0026,2027-07-25,611.01,USD,A310-300,280,271,193733.20,22,21,10,10
300,AA,0064,2027-07-25,422.94,USD,A319,220,214,112189.20,22,22,10,10
300,AZ,0555,2027-07-25,185.00,EUR,DC-10-10,380,370,85379.35,41,40,18,16
300,QF,0005,2027-07-25,788.64,AUD,747-400,385,373,361938.66,31,30,21,21
300,LH,0402,2027-07-26,666.00,EUR,747-400,385,363,296769.60,31,30,21,20
300,SQ,0067,2027-07-26,329.31,SGD,747-400,385,380,153743.96,31,31,21,21
300,LH,0454,2027-07-26,965.00,EUR,A310-300,280,266,303019.65,22,22,10,10
300,SQ,0114,2027-07-26,357.44,SGD,737-200,130,130,57858.98,10,10,8,8
300,LH,0455,2027-07-26,965.00,EUR,A319,220,212,253785.35,22,21,10,10
300,LH,2402,2027-07-26,242.00,EUR,A321,220,213,64342.96,22,20,11,11
300,SQ,0117,2027-07-26,357.44,SGD,A319,220,220,96941.43,22,22,10,10
300,LH,2407,2027-07-26,242.00,EUR,A321,220,211,64611.58,22,22,11,11
300,UA,3517,2027-07-26,611.01,USD,747-400,385,373,282305.31,31,31,21,21
300,LH,2436,2027-07-26,242.00,EUR,737-200,130,124,37502.74,10,10,8,8
300,JL,0408,2027-07-26,1061.36,JPY,A319,220,209,277407.45,22,21,10,10
300,LH,0400,2027-07-26,666.00,EUR,DC-10-10,380,367,305880.48,41,40,18,17
300,DL,0106,2027-07-26,611.01,USD,DC-10-10,380,363,277313.38,41,39,18,17
300,DL,1699,2027-07-26,422.94,USD,DC-10-10,380,366,194218.47,41,39,18,18
300,DL,1984,2027-07-26,422.94,USD,747-400,385,374,192658.02,31,29,21,21
300,UA,0007,2027-07-26,422.94,USD,A310-300,280,271,133987.60,22,21,10,10
300,SQ,0066,2027-07-26,329.31,SGD,DC-10-10,380,380,157824.21,41,41,18,18
300,LH,2463,2027-07-26,242.00,EUR,A321,220,208,64185.66,22,22,11,11
300,LH,3577,2027-07-26,185.00,EUR,A321,220,205,47665.25,22,20,11,11
300,UA,0941,2027-07-27,879.82,USD,A319,220,214,229096.80,22,20,10,10
300,SQ,0158,2027-07-27,494.79,SGD,A321,220,220,135478.25,22,22,11,11
300,SQ,0863,2027-07-27,512.99,SGD,A319,220,220,140789.91,22,22,10,10
300,UA,3516,2027-07-27,611.01,USD,DC-10-10,380,363,281773.73,41,40,18,18
300,SQ,0866,2027-07-27,512.99,SGD,DC-10-10,380,380,245532.03,41,41,18,18
300,SQ,0988,2027-07-27,910.15,SGD,DC-10-10,380,372,425404.72,41,40,18,18
300,QF,0006,2027-07-27,788.64,AUD,A310-300,280,271,246615.80,22,20,10,9
300,AZ,0788,2027-07-27,1030.00,EUR,DC-10-10,380,369,474345.90,41,39,18,17
300,AZ,0789,2027-07-27,1030.00,EUR,747-400,385,363,461512.10,31,29,21,21
300,SQ,0002,2027-07-27,2320.04,SGD,A319,220,210,610240.27,22,21,10,10
300,SQ,0015,2027-07-27,2320.04,SGD,DC-10-10,380,370,1083319.79,41,40,18,18
300,AZ,0790,2027-07-27,1014.00,EUR,A310-300,280,271,323303.76,22,22,10,10
300,SQ,0161,2027-07-27,494.79,SGD,A321,220,218,134889.42,22,22,11,11
300,AZ,0791,2027-07-27,1014.00,EUR,A319,220,213,263274.96,22,21,10,9
300,SQ,0325,2027-07-27,1737.55,SGD,747-400,385,385,815485.08,31,31,21,21
300,AA,0017,2027-07-27,422.94,USD,747-400,385,374,194421.44,31,29,21,21
300,AA,0026,2027-07-27,611.01,USD,A310-300,280,271,190702.59,22,20,10,9
300,AZ,0555,2027-07-27,185.00,EUR,DC-10-10,380,362,83858.65,41,39,18,17
300,LH,0402,2027-07-28,666.00,EUR,747-400,385,370,303389.64,31,31,21,20
300,SQ,0067,2027-07-28,329.31,SGD,747-400,385,385,154847.30,31,31,21,21
300,LH,0454,2027-07-28,965.00,EUR,A310-300,280,267,303000.35,22,22,10,10
300,SQ,0114,2027-07-28,357.44,SGD,737-200,130,130,57390.65,10,10,8,8
300,LH,0455,2027-07-28,965.00,EUR,A319,220,213,253495.85,22,22,10,9
300,LH,2402,2027-07-28,242.00,EUR,A321,220,213,65248.04,22,22,11,11
300,SQ,0117,2027-07-28,357.44,SGD,A319,220,211,92945.10,22,21,10,10
300,UA,3504,2027-07-28,879.82,USD,DC-10-10,380,368,406794.37,41,41,18,18
300,LH,2407,2027-07-28,242.00,EUR,A321,220,212,63963.02,22,20,11,11
300,LH,2415,2027-07-28,242.00,EUR,727-200,189,182,55541.42,18,16,11,11
300,UA,3517,2027-07-28,611.01,USD,747-400,385,369,274337.73,31,29,21,19
300,LH,2436,2027-07-28,242.00,EUR,737-200,130,127,38289.24,10,10,8,8
300,LH,2462,2027-07-28,242.00,EUR,A319,220,205,61584.16,22,21,10,10
300,JL,0407,2027-07-28,1061.36,JPY,A310-300,280,271,337841.39,22,21,10,10
300,JL,0408,2027-07-28,1061.36,JPY,A319,220,212,276112.75,22,21,10,10
300,LH,0400,2027-07-28,666.00,EUR,DC-10-10,380,363,302483.88,41,39,18,16
300,LH,0401,2027-07-28,666.00,EUR,DC-10-10,380,366,305274.42,41,40,18,17
300,DL,0106,2027-07-28,611.01,USD,DC-10-10,380,361,278400.95,41,38,18,18
300,DL,1699,2027-07-28,422.94,USD,DC-10-10,380,367,195288.58,41,40,18,18
300,SQ,0326,2027-07-28,1737.55,SGD,A310-300,280,280,568127.19,22,22,10,10
300,DL,1984,2027-07-28,422.94,USD,747-400,385,371,192746.64,31,30,21,20
300,SQ,0997,2027-07-28,910.15,SGD,747-400,385,385,425777.92,31,31,21,21
300,UA,0007,2027-07-28,422.94,USD,A310-300,280,270,133776.10,22,21,10,10
300,SQ,0066,2027-07-28,329.31,SGD,DC-10-10,380,380,157442.36,41,41,18,18
300,LH,2463,2027-07-28,242.00,EUR,A321,220,204,61591.42,22,19,11,11
300,LH,3577,2027-07-28,185.00,EUR,A321,220,211,49269.20,22,22,11,11
300,AA,0064,2027-07-28,422.94,USD,A319,220,213,109782.58,22,20,10,9
300,QF,0005,2027-07-28,788.64,AUD,747-400,385,366,357104.35,31,30,21,21
300,UA,0941,2027-07-29,879.82,USD,A319,220,213,231753.78,22,21,10,10
300,SQ,0158,2027-07-29,494.79,SGD,A321,220,218,135606.89,22,22,11,11
300,SQ,0863,2027-07-29,512.99,SGD,A319,220,220,139584.36,22,22,10,10
300,UA,3516,2027-07-29,611.01,USD,DC-10-10,380,360,271857.07,41,38,18,16
300,SQ,0866,2027-07-29,512.99,SGD,DC-10-10,380,372,240930.52,41,40,18,18
300,SQ,0988,2027-07-29,910.15,SGD,DC-10-10,380,376,430101.21,41,41,18,18
300,QF,0006,2027-07-29,788.64,AUD,A310-300,280,269,251923.26,22,22,10,10
300,AZ,0788,2027-07-29,1030.00,EUR,DC-10-10,380,366,474345.90,41,40,18,18
300,AZ,0789,2027-07-29,1030.00,EUR,747-400,385,374,471049.90,31,29,21,21
300,SQ,0002,2027-07-29,2320.04,SGD,A319,220,220,629264.61,22,22,10,10
300,SQ,0015,2027-07-29,2320.04,SGD,DC-10-10,380,377,1097936.05,41,41,18,18
300,AZ,0790,2027-07-29,1014.00,EUR,A310-300,280,271,324520.56,22,22,10,10
300,SQ,0161,2027-07-29,494.79,SGD,A321,220,220,137190.23,22,22,11,11
300,AZ,0791,2027-07-29,1014.00,EUR,A319,220,208,262007.46,22,22,10,10
300,SQ,0325,2027-07-29,1737.55,SGD,747-400,385,385,824415.79,31,31,21,21
300,AA,0017,2027-07-29,422.94,USD,747-400,385,371,192865.14,31,30,21,20
300,AA,0026,2027-07-29,611.01,USD,A310-300,280,268,193488.79,22,22,10,10
300,AZ,0555,2027-07-29,185.00,EUR,DC-10-10,380,364,84520.95,41,38,18,18
300,LH,0454,2027-07-30,965.00,EUR,A310-300,280,271,307198.10,22,22,10,9
300,LH,2402,2027-07-30,242.00,EUR,A321,220,209,62934.52,22,19,11,11
300,UA,3504,2027-07-30,879.82,USD,DC-10-10,380,368,406266.37,41,39,18,17
300,LH,2407,2027-07-30,242.00,EUR,A321,220,207,63016.80,22,21,11,11
300,LH,2415,2027-07-30,242.00,EUR,727-200,189,184,55684.20,18,16,11,11
300,LH,2436,2027-07-30,242.00,EUR,737-200,130,123,36675.10,10,10,8,7
300,LH,2462,2027-07-30,242.00,EUR,A319,220,212,64393.78,22,22,10,10
300,JL,0407,2027-07-30,1061.36,JPY,A310-300,280,271,338509.99,22,21,10,10
300,JL,0408,2027-07-30,1061.36,JPY,A319,220,207,272079.49,22,20,10,10
300,LH,0400,2027-07-30,666.00,EUR,DC-10-10,380,367,307512.18,41,40,18,17
300,LH,0401,2027-07-30,666.00,EUR,DC-10-10,380,367,310522.50,41,41,18,18
300,SQ,0326,2027-07-30,1737.55,SGD,A310-300,280,272,552454.44,22,21,10,10
300,SQ,0997,2027-07-30,910.15,SGD,747-400,385,385,431047.62,31,31,21,21
300,UA,0007,2027-07-30,422.94,USD,A310-300,280,262,129652.36,22,20,10,10
300,LH,2463,2027-07-30,242.00,EUR,A321,220,214,64749.52,22,21,11,11
300,LH,3577,2027-07-30,185.00,EUR,A321,220,205,47861.35,22,21,11,11
300,AA,0064,2027-07-30,422.94,USD,A319,220,204,106767.01,22,20,10,10
300,QF,0005,2027-07-30,788.64,AUD,747-400,385,373,361615.44,31,31,21,21
300,LH,0402,2027-07-31,666.00,EUR,747-400,385,373,307478.88,31,31,21,21
300,SQ,0067,2027-07-31,329.31,SGD,747-400,385,385,155970.30,31,31,21,21
300,SQ,0114,2027-07-31,357.44,SGD,737-200,130,126,56232.56,10,10,8,8
300,LH,0455,2027-07-31,965.00,EUR,A319,220,206,247194.40,22,20,10,10
300,SQ,0117,2027-07-31,357.44,SGD,A319,220,220,97155.92,22,22,10,10
300,SQ,0158,2027-07-31,494.79,SGD,A321,220,215,132786.56,22,22,11,11
300,SQ,0863,2027-07-31,512.99,SGD,A319,220,219,139466.38,22,22,10,10
300,UA,3516,2027-07-31,611.01,USD,DC-10-10,380,365,282995.74,41,41,18,17
300,UA,3517,2027-07-31,611.01,USD,747-400,385,364,272413.08,31,30,21,20
300,QF,0006,2027-07-31,788.64,AUD,A310-300,280,270,248429.72,22,20,10,10
300,AZ,0788,2027-07-31,1030.00,EUR,DC-10-10,380,370,476436.80,41,40,18,16
300,AZ,0789,2027-07-31,1030.00,EUR,747-400,385,365,464777.20,31,30,21,20
300,SQ,0015,2027-07-31,2320.04,SGD,DC-10-10,380,380,1102877.60,41,41,18,18
300,AZ,0790,2027-07-31,1014.00,EUR,A310-300,280,271,321559.68,22,21,10,10
300,SQ,0161,2027-07-31,494.79,SGD,A321,220,210,130827.20,22,21,11,11
300,DL,0106,2027-07-31,611.01,USD,DC-10-10,380,365,280631.16,41,39,18,18
300,SQ,0325,2027-07-31,1737.55,SGD,747-400,385,383,816266.84,31,31,21,21
300,DL,1699,2027-07-31,422.94,USD,DC-10-10,380,367,193901.27,41,40,18,17
300,DL,1984,2027-07-31,422.94,USD,747-400,385,372,195394.14,31,31,21,21
300,SQ,0066,2027-07-31,329.31,SGD,DC-10-10,380,379,156434.57,41,41,18,18
300,AA,0017,2027-07-31,422.94,USD,747-400,385,375,191570.93,31,31,21,19
300,AA,0026,2027-07-31,611.01,USD,A310-300,280,269,191790.18,22,20,10,10
300,AZ,0555,2027-07-31,185.00,EUR,DC-10-10,380,366,85151.80,41,40,18,17
300,LH,0454,2027-08-01,965.00,EUR,A310-300,280,271,304930.35,22,22,10,9
300,LH,2402,2027-08-01,242.00,EUR,A321,220,213,63658.10,22,21,11,10
300,UA,0941,2027-08-01,879.82,USD,A319,220,213,232862.34,22,21,10,10
300,UA,3504,2027-08-01,879.82,USD,DC-10-10,380,368,407630.15,41,41,18,17
300,LH,2407,2027-08-01,242.00,EUR,A321,220,215,63670.20,22,20,11,10
300,LH,2415,2027-08-01,242.00,EUR,727-200,189,183,56289.20,18,17,11,11
300,SQ,0866,2027-08-01,512.99,SGD,DC-10-10,380,376,242761.87,41,41,18,18
300,SQ,0988,2027-08-01,910.15,SGD,DC-10-10,380,380,435015.84,41,41,18,18
300,LH,2436,2027-08-01,242.00,EUR,737-200,130,127,38262.62,10,10,8,8
300,LH,2462,2027-08-01,242.00,EUR,A319,220,213,63706.50,22,21,10,10
300,JL,0407,2027-08-01,1061.36,JPY,A310-300,280,262,319320.70,22,19,10,9
300,JL,0408,2027-08-01,1061.36,JPY,A319,220,206,269871.83,22,21,10,9
300,LH,0400,2027-08-01,666.00,EUR,DC-10-10,380,369,309490.20,41,39,18,18
300,SQ,0002,2027-08-01,2320.04,SGD,A319,220,214,609985.05,22,21,10,10
300,LH,0401,2027-08-01,666.00,EUR,DC-10-10,380,366,305087.94,41,40,18,16
300,AZ,0791,2027-08-01,1014.00,EUR,A319,220,213,269653.02,22,21,10,10
300,SQ,0326,2027-08-01,1737.55,SGD,A310-300,280,274,555860.14,22,22,10,10
300,SQ,0997,2027-08-01,910.15,SGD,747-400,385,380,424303.46,31,31,21,21
300,UA,0007,2027-08-01,422.94,USD,A310-300,280,267,131060.83,22,22,10,8
300,LH,2463,2027-08-01,242.00,EUR,A321,220,214,64326.02,22,20,11,11
300,LH,3577,2027-08-01,185.00,EUR,A321,220,212,48847.40,22,20,11,11
300,AA,0064,2027-08-01,422.94,USD,A319,220,213,112201.91,22,21,10,10
300,QF,0005,2027-08-01,788.64,AUD,747-400,385,373,359288.88,31,29,21,20
300,LH,0402,2027-08-02,666.00,EUR,747-400,385,373,301045.32,31,29,21,19
300,SQ,0067,2027-08-02,329.31,SGD,747-400,385,383,155426.78,31,31,21,21
300,SQ,0114,2027-08-02,357.44,SGD,737-200,130,130,57340.63,10,10,8,8
300,LH,0455,2027-08-02,965.00,EUR,A319,220,211,250427.15,22,21,10,9
300,SQ,0117,2027-08-02,357.44,SGD,A319,220,220,97148.75,22,22,10,10
300,SQ,0158,2027-08-02,494.79,SGD,A321,220,220,135626.67,22,22,11,11
300,UA,3516,2027-08-02,611.01,USD,DC-10-10,380,361,279079.14,41,37,18,18
300,UA,3517,2027-08-02,611.01,USD,747-400,385,371,276036.36,31,29,21,20
300,AZ,0788,2027-08-02,1030.00,EUR,DC-10-10,380,367,477209.30,41,40,18,17
300,SQ,0161,2027-08-02,494.79,SGD,A321,220,220,135908.69,22,22,11,11
300,DL,0106,2027-08-02,611.01,USD,DC-10-10,380,363,278755.35,41,38,18,18
300,DL,1699,2027-08-02,422.94,USD,DC-10-10,380,367,197369.35,41,41,18,18
300,DL,1984,2027-08-02,422.94,USD,747-400,385,366,187443.05,31,29,21,19
300,SQ,0066,2027-08-02,329.31,SGD,DC-10-10,380,378,156085.45,41,41,18,18
300,UA,0941,2027-08-03,879.82,USD,A319,220,207,224820.82,22,20,10,10
300,UA,3504,2027-08-03,879.82,USD,DC-10-10,380,369,407031.82,41,38,18,18
300,SQ,0863,2027-08-03,512.99,SGD,A319,220,215,137014.28,22,22,10,10
300,LH,2415,2027-08-03,242.00,EUR,727-200,189,181,55093.72,18,18,11,10
300,SQ,0866,2027-08-03,512.99,SGD,DC-10-10,380,380,244695.84,41,41,18,18
300,SQ,0988,2027-08-03,910.15,SGD,DC-10-10,380,372,427042.99,41,40,18,18
300,LH,2462,2027-08-03,242.00,EUR,A319,220,212,63348.34,22,22,10,9
300,JL,0407,2027-08-03,1061.36,JPY,A310-300,280,271,338233.96,22,21,10,10
300,QF,0006,2027-08-03,788.64,AUD,A310-300,280,266,246726.21,22,22,10,10
300,AZ,0789,2027-08-03,1030.00,EUR,747-400,385,373,474943.30,31,31,21,21
300,SQ,0002,2027-08-03,2320.04,SGD,A319,220,219,629519.85,22,22,10,10
300,LH,0401,2027-08-03,666.00,EUR,DC-10-10,380,367,309483.54,41,41,18,18
300,SQ,0015,2027-08-03,2320.04,SGD,DC-10-10,380,377,1104687.37,41,41,18,18
300,AZ,0790,2027-08-03,1014.00,EUR,A310-300,280,271,320555.82,22,21,10,10
300,AZ,0791,2027-08-03,1014.00,EUR,A319,220,212,267787.26,22,21,10,10
300,SQ,0325,2027-08-03,1737.55,SGD,747-400,385,385,819602.87,31,31,21,21
300,SQ,0326,2027-08-03,1737.55,SGD,A310-300,280,280,571237.32,22,22,10,10
300,SQ,0997,2027-08-03,910.15,SGD,747-400,385,385,427616.41,31,31,21,21
300,AA,0017,2027-08-03,422.94,USD,747-400,385,372,192789.01,31,29,21,21
300,AA,0026,2027-08-03,611.01,USD,A310-300,280,271,196024.47,22,22,10,10
300,AA,0064,2027-08-03,422.94,USD,A319,220,212,111127.59,22,21,10,10
300,AZ,0555,2027-08-03,185.00,EUR,DC-10-10,380,368,86851.95,41,41,18,18
300,QF,0005,2027-08-03,788.64,AUD,747-400,385,369,358689.46,31,31,21,20
300,LH,0402,2027-08-04,666.00,EUR,747-400,385,369,304362.00,31,31,21,20
300,SQ,0067,2027-08-04,329.31,SGD,747-400,385,385,154732.02,31,31,21,21
300,LH,0454,2027-08-04,965.00,EUR,A310-300,280,271,305914.65,22,21,10,10
300,SQ,0114,2027-08-04,357.44,SGD,737-200,130,123,54205.84,10,9,8,8
300,LH,0455,2027-08-04,965.00,EUR,A319,220,205,246847.00,22,21,10,10
300,LH,2402,2027-08-04,242.00,EUR,A321,220,213,65221.42,22,22,11,11
300,SQ,0117,2027-08-04,357.44,SGD,A319,220,220,97234.51,22,22,10,10
300,SQ,0158,2027-08-04,494.79,SGD,A321,220,220,136487.62,22,22,11,11
300,LH,2407,2027-08-04,242.00,EUR,A321,220,213,63999.32,22,21,11,11
300,UA,3516,2027-08-04,611.01,USD,DC-10-10,380,366,282207.57,41,40,18,18
300,UA,3517,2027-08-04,611.01,USD,747-400,385,371,277753.32,31,30,21,21
300,LH,2436,2027-08-04,242.00,EUR,737-200,130,119,35605.46,10,9,8,8
300,JL,0408,2027-08-04,1061.36,JPY,A319,220,211,279625.70,22,22,10,10
300,AZ,0788,2027-08-04,1030.00,EUR,DC-10-10,380,362,468505.80,41,38,18,18
300,LH,0400,2027-08-04,666.00,EUR,DC-10-10,380,366,307918.44,41,40,18,17
300,SQ,0161,2027-08-04,494.79,SGD,A321,220,220,135794.88,22,22,11,11
300,DL,0106,2027-08-04,611.01,USD,DC-10-10,380,366,281095.52,41,40,18,17
300,DL,1699,2027-08-04,422.94,USD,DC-10-10,380,365,193592.57,41,39,18,17
300,DL,1984,2027-08-04,422.94,USD,747-400,385,372,194755.63,31,31,21,21
300,UA,0007,2027-08-04,422.94,USD,A310-300,280,268,133281.25,22,20,10,10
300,SQ,0066,2027-08-04,329.31,SGD,DC-10-10,380,380,157438.94,41,41,18,18
300,LH,2463,2027-08-04,242.00,EUR,A321,220,213,65228.68,22,21,11,11
300,LH,3577,2027-08-04,185.00,EUR,A321,220,213,49506.00,22,22,11,11
300,UA,0941,2027-08-05,879.82,USD,A319,220,207,226325.30,22,22,10,9
300,UA,3504,2027-08-05,879.82,USD,DC-10-10,380,361,399280.63,41,38,18,18
300,SQ,0863,2027-08-05,512.99,SGD,A319,220,220,139712.61,22,22,10,10
300,LH,2415,2027-08-05,242.00,EUR,727-200,189,173,53327.12,18,17,11,10
300,SQ,0866,2027-08-05,512.99,SGD,DC-10-10,380,380,244875.39,41,41,18,18
300,SQ,0988,2027-08-05,910.15,SGD,DC-10-10,380,378,431339.06,41,41,18,18
300,LH,2462,2027-08-05,242.00,EUR,A319,220,214,63757.32,22,20,10,10
300,JL,0407,2027-08-05,1061.36,JPY,A310-300,280,271,335272.91,22,21,10,9
300,QF,0006,2027-08-05,788.64,AUD,A310-300,280,268,249683.56,22,22,10,10
300,AZ,0789,2027-08-05,1030.00,EUR,747-400,385,373,464972.90,31,30,21,19
300,SQ,0002,2027-08-05,2320.04,SGD,A319,220,220,632953.42,22,22,10,10
300,LH,0401,2027-08-05,666.00,EUR,DC-10-10,380,369,308737.62,41,38,18,18
300,SQ,0015,2027-08-05,2320.04,SGD,DC-10-10,380,377,1103063.21,41,41,18,18
300,AZ,0790,2027-08-05,1014.00,EUR,A310-300,280,271,321032.40,22,21,10,10
300,AZ,0791,2027-08-05,1014.00,EUR,A319,220,211,265495.62,22,22,10,10
300,SQ,0325,2027-08-05,1737.55,SGD,747-400,385,385,817709.09,31,31,21,21
300,SQ,0326,2027-08-05,1737.55,SGD,A310-300,280,280,566928.30,22,22,10,10
300,SQ,0997,2027-08-05,910.15,SGD,747-400,385,385,428490.13,31,31,21,21
300,AA,0017,2027-08-05,422.94,USD,747-400,385,373,193909.78,31,29,21,21
300,AA,0026,2027-08-05,611.01,USD,A310-300,280,271,196195.55,22,22,10,10
300,AA,0064,2027-08-05,422.94,USD,A319,220,212,110366.28,22,21,10,10
300,AZ,0555,2027-08-05,185.00,EUR,DC-10-10,380,368,85063.00,41,40,18,16
300,QF,0005,2027-08-05,788.64,AUD,747-400,385,364,351189.57,31,27,21,20
300,LH,0402,2027-08-06,666.00,EUR,747-400,385,374,304035.66,31,28,21,21
300,SQ,0067,2027-08-06,329.31,SGD,747-400,385,385,155387.36,31,31,21,21
300,LH,0454,2027-08-06,965.00,EUR,A310-300,280,271,305885.70,22,22,10,9
300,SQ,0114,2027-08-06,357.44,SGD,737-200,130,130,57601.59,10,10,8,8
300,LH,0455,2027-08-06,965.00,EUR,A319,220,213,253737.10,22,21,10,10
300,LH,2402,2027-08-06,242.00,EUR,A321,220,211,63505.64,22,21,11,10
300,SQ,0117,2027-08-06,357.44,SGD,A319,220,215,95626.18,22,22,10,10
300,LH,2407,2027-08-06,242.00,EUR,A321,220,213,64538.98,22,21,11,11
300,UA,3517,2027-08-06,611.01,USD,747-400,385,373,279519.10,31,30,21,20
300,LH,2436,2027-08-06,242.00,EUR,737-200,130,126,38134.36,10,10,8,8
300,JL,0408,2027-08-06,1061.36,JPY,A319,220,211,280092.87,22,22,10,10
300,LH,0400,2027-08-06,666.00,EUR,DC-10-10,380,362,305647.38,41,40,18,18
300,DL,0106,2027-08-06,611.01,USD,DC-10-10,380,368,286637.36,41,41,18,18
300,DL,1699,2027-08-06,422.94,USD,DC-10-10,380,366,195982.18,41,40,18,18
300,DL,1984,2027-08-06,422.94,USD,747-400,385,368,192179.81,31,29,21,20
300,UA,0007,2027-08-06,422.94,USD,A310-300,280,271,134943.44,22,22,10,10
300,SQ,0066,2027-08-06,329.31,SGD,DC-10-10,380,380,157475.10,41,41,18,18
300,LH,2463,2027-08-06,242.00,EUR,A321,220,213,64234.06,22,21,11,11
300,LH,3577,2027-08-06,185.00,EUR,A321,220,215,49437.55,22,20,11,11
300,UA,0941,2027-08-07,879.82,USD,A319,220,211,231366.69,22,22,10,10
300,SQ,0158,2027-08-07,494.79,SGD,A321,220,220,136240.21,22,22,11,11
300,SQ,0863,2027-08-07,512.99,SGD,A319,220,220,139353.51,22,22,10,10
300,UA,3516,2027-08-07,611.01,USD,DC-10-10,380,370,282201.44,41,40,18,16
300,SQ,0866,2027-08-07,512.99,SGD,DC-10-10,380,370,239165.82,41,40,18,18
300,SQ,0988,2027-08-07,910.15,SGD,DC-10-10,380,380,434051.08,41,41,18,18
300,QF,0006,2027-08-07,788.64,AUD,A310-300,280,262,241513.23,22,21,10,9
300,AZ,0788,2027-08-07,1030.00,EUR,DC-10-10,380,366,476158.70,41,40,18,17
300,AZ,0789,2027-08-07,1030.00,EUR,747-400,385,363,455466.00,31,30,21,19
300,SQ,0002,2027-08-07,2320.04,SGD,A319,220,220,633162.27,22,22,10,10
300,SQ,0015,2027-08-07,2320.04,SGD,DC-10-10,380,380,1108816.95,41,41,18,18
300,AZ,0790,2027-08-07,1014.00,EUR,A310-300,280,271,321894.30,22,21,10,10
300,SQ,0161,2027-08-07,494.79,SGD,A321,220,214,132395.70,22,21,11,11
300,AZ,0791,2027-08-07,1014.00,EUR,A319,220,206,258052.86,22,21,10,10
300,SQ,0325,2027-08-07,1737.55,SGD,747-400,385,385,819307.57,31,31,21,21
300,AA,0017,2027-08-07,422.94,USD,747-400,385,364,189223.58,31,30,21,20
300,AA,0026,2027-08-07,611.01,USD,A310-300,280,263,188368.51,22,21,10,9
300,AZ,0555,2027-08-07,185.00,EUR,DC-10-10,380,368,86106.40,41,41,18,17
300,LH,0454,2027-08-08,965.00,EUR,A310-300,280,271,304515.40,22,21,10,9
300,LH,2402,2027-08-08,242.00,EUR,A321,220,212,64451.86,22,21,11,11
300,UA,3504,2027-08-08,879.82,USD,DC-10-10,380,370,408202.01,41,40,18,17
300,LH,2407,2027-08-08,242.00,EUR,A321,220,214,63892.84,22,21,11,10
300,LH,2415,2027-08-08,242.00,EUR,727-200,189,184,56499.74,18,17,11,11
300,LH,2436,2027-08-08,242.00,EUR,737-200,130,122,37345.44,10,10,8,8
300,LH,2462,2027-08-08,242.00,EUR,A319,220,214,63275.74,22,22,10,8
300,JL,0407,2027-08-08,1061.36,JPY,A310-300,280,271,336695.15,22,22,10,10
300,JL,0408,2027-08-08,1061.36,JPY,A319,220,214,276791.86,22,21,10,9
300,LH,0400,2027-08-08,666.00,EUR,DC-10-10,380,368,307405.62,41,40,18,16
300,LH,0401,2027-08-08,666.00,EUR,DC-10-10,380,367,307465.56,41,40,18,17
300,SQ,0326,2027-08-08,1737.55,SGD,A310-300,280,278,567223.53,22,22,10,10
300,SQ,0997,2027-08-08,910.15,SGD,747-400,385,385,430938.35,31,31,21,21
300,UA,0007,2027-08-08,422.94,USD,A310-300,280,268,133162.75,22,20,10,10
300,LH,2463,2027-08-08,242.00,EUR,A321,220,211,63655.68,22,21,11,11
300,LH,3577,2027-08-08,185.00,EUR,A321,220,204,47176.85,22,20,11,10
300,AA,0064,2027-08-08,422.94,USD,A319,220,201,107473.36,22,21,10,10
300,QF,0005,2027-08-08,788.64,AUD,747-400,385,371,361993.92,31,30,21,21
300,LH,0402,2027-08-09,666.00,EUR,747-400,385,371,303762.60,31,30,21,20
300,SQ,0067,2027-08-09,329.31,SGD,747-400,385,385,155380.72,31,31,21,21
300,SQ,0114,2027-08-09,357.44,SGD,737-200,130,130,57601.48,10,10,8,8
300,LH,0455,2027-08-09,965.00,EUR,A319,220,211,252762.45,22,21,10,10
300,SQ,0117,2027-08-09,357.44,SGD,A319,220,220,97070.12,22,22,10,10
300,SQ,0158,2027-08-09,494.79,SGD,A321,220,220,134854.80,22,22,11,11
300,SQ,0863,2027-08-09,512.99,SGD,A319,220,220,139389.42,22,22,10,10
300,UA,3516,2027-08-09,611.01,USD,DC-10-10,380,364,280588.37,41,40,18,17
300,UA,3517,2027-08-09,611.01,USD,747-400,385,366,274881.54,31,30,21,20
300,QF,0006,2027-08-09,788.64,AUD,A310-300,280,267,247498.99,22,21,10,10
300,AZ,0788,2027-08-09,1030.00,EUR,DC-10-10,380,362,473933.90,41,40,18,18
300,AZ,0789,2027-08-09,1030.00,EUR,747-400,385,374,471328.00,31,29,21,20
300,SQ,0015,2027-08-09,2320.04,SGD,DC-10-10,380,370,1081371.04,41,40,18,18
300,AZ,0790,2027-08-09,1014.00,EUR,A310-300,280,271,318619.08,22,20,10,9
300,SQ,0161,2027-08-09,494.79,SGD,A321,220,220,135537.60,22,22,11,11
300,DL,0106,2027-08-09,611.01,USD,DC-10-10,380,361,275559.75,41,37,18,17
300,SQ,0325,2027-08-09,1737.55,SGD,747-400,385,377,807092.47,31,30,21,21
300,DL,1699,2027-08-09,422.94,USD,DC-10-10,380,362,191816.24,41,39,18,17
300,DL,1984,2027-08-09,422.94,USD,747-400,385,363,188242.34,31,30,21,20
300,SQ,0066,2027-08-09,329.31,SGD,DC-10-10,380,380,156371.87,41,41,18,18
300,AA,0017,2027-08-09,422.94,USD,747-400,385,373,193584.15,31,31,21,21
300,AA,0026,2027-08-09,611.01,USD,A310-300,280,271,192333.98,22,21,10,9
300,AZ,0555,2027-08-09,185.00,EUR,DC-10-10,380,369,85886.25,41,38,18,18
300,LH,0454,2027-08-10,965.00,EUR,A310-300,280,271,305268.10,22,21,10,10
300,LH,2402,2027-08-10,242.00,EUR,A321,220,201,61794.70,22,21,11,11
300,UA,0941,2027-08-10,879.82,USD,A319,220,213,233882.95,22,22,10,10
300,UA,3504,2027-08-10,879.82,USD,DC-10-10,380,360,400265.99,41,38,18,18
300,LH,2407,2027-08-10,242.00,EUR,A321,220,212,64638.20,22,21,11,11
300,LH,2415,2027-08-10,242.00,EUR,727-200,189,183,56797.40,18,18,11,11
300,SQ,0866,2027-08-10,512.99,SGD,DC-10-10,380,380,244475.25,41,41,18,18
300,SQ,0988,2027-08-10,910.15,SGD,DC-10-10,380,380,434606.25,41,41,18,18
300,LH,2436,2027-08-10,242.00,EUR,737-200,130,119,36183.84,10,9,8,8
300,LH,2462,2027-08-10,242.00,EUR,A319,220,213,63682.30,22,22,10,9
300,JL,0407,2027-08-10,1061.36,JPY,A310-300,280,271,339889.66,22,22,10,10
300,JL,0408,2027-08-10,1061.36,JPY,A319,220,214,280199.01,22,21,10,10
300,LH,0400,2027-08-10,666.00,EUR,DC-10-10,380,368,308591.10,41,41,18,17
300,SQ,0002,2027-08-10,2320.04,SGD,A319,220,218,627686.96,22,22,10,10
300,LH,0401,2027-08-10,666.00,EUR,DC-10-10,380,370,306959.40,41,40,18,16
300,AZ,0791,2027-08-10,1014.00,EUR,A319,220,205,257667.54,22,19,10,10
300,SQ,0326,2027-08-10,1737.55,SGD,A310-300,280,274,558622.78,22,22,10,10
300,SQ,0997,2027-08-10,910.15,SGD,747-400,385,383,426424.13,31,31,21,21
300,UA,0007,2027-08-10,422.94,USD,A310-300,280,271,134989.88,22,22,10,10
300,LH,2463,2027-08-10,242.00,EUR,A321,220,212,64224.38,22,21,11,11
300,LH,3577,2027-08-10,185.00,EUR,A321,220,211,49076.80,22,21,11,11
300,AA,0064,2027-08-10,422.94,USD,A319,220,204,108365.76,22,21,10,10
300,QF,0005,2027-08-10,788.64,AUD,747-400,385,374,361623.26,31,30,21,20
300,LH,0402,2027-08-11,666.00,EUR,747-400,385,368,299446.92,31,30,21,19
300,SQ,0067,2027-08-11,329.31,SGD,747-400,385,375,151004.28,31,30,21,20
300,SQ,0114,2027-08-11,357.44,SGD,737-200,130,126,56300.51,10,10,8,8
300,LH,0455,2027-08-11,965.00,EUR,A319,220,211,253920.45,22,22,10,10
300,SQ,0117,2027-08-11,357.44,SGD,A319,220,220,97388.30,22,22,10,10
300,SQ,0158,2027-08-11,494.79,SGD,A321,220,220,135968.08,22,22,11,11
300,UA,3516,2027-08-11,611.01,USD,DC-10-10,380,364,277851.08,41,38,18,18
300,UA,3517,2027-08-11,611.01,USD,747-400,385,372,278718.68,31,30,21,20
300,AZ,0788,2027-08-11,1030.00,EUR,DC-10-10,380,362,468742.70,41,39,18,17
300,SQ,0161,2027-08-11,494.79,SGD,A321,220,220,136240.24,22,22,11,11
300,DL,0106,2027-08-11,611.01,USD,DC-10-10,380,367,279775.79,41,41,18,17
300,DL,1699,2027-08-11,422.94,USD,DC-10-10,380,362,192869.24,41,39,18,18
300,DL,1984,2027-08-11,422.94,USD,747-400,385,371,192708.67,31,29,21,21
300,SQ,0066,2027-08-11,329.31,SGD,DC-10-10,380,380,157412.47,41,41,18,18
300,LH,0454,2027-08-12,965.00,EUR,A310-300,280,271,303270.55,22,22,10,8
300,LH,2402,2027-08-12,242.00,EUR,A321,220,212,65008.46,22,22,11,11
300,UA,0941,2027-08-12,879.82,USD,A319,220,209,226800.40,22,20,10,10
300,UA,3504,2027-08-12,879.82,USD,DC-10-10,380,360,398928.68,41,38,18,18
300,LH,2407,2027-08-12,242.00,EUR,A321,220,211,64042.88,22,22,11,11
300,SQ,0863,2027-08-12,512.99,SGD,A319,220,220,138840.51,22,22,10,10
300,LH,2415,2027-08-12,242.00,EUR,727-200,189,178,54834.78,18,17,11,11
300,SQ,0866,2027-08-12,512.99,SGD,DC-10-10,380,378,243567.26,41,41,18,18
300,SQ,0988,2027-08-12,910.15,SGD,DC-10-10,380,380,434369.67,41,41,18,18
300,LH,2436,2027-08-12,242.00,EUR,737-200,130,126,37265.58,10,10,8,7
300,LH,2462,2027-08-12,242.00,EUR,A319,220,213,63728.28,22,21,10,10
300,JL,0407,2027-08-12,1061.36,JPY,A310-300,280,270,336599.55,22,22,10,9
300,JL,0408,2027-08-12,1061.36,JPY,A319,220,212,273034.66,22,20,10,9
300,QF,0006,2027-08-12,788.64,AUD,A310-300,280,265,241458.05,22,20,10,9
300,LH,0400,2027-08-12,666.00,EUR,DC-10-10,380,366,305347.68,41,38,18,18
300,AZ,0789,2027-08-12,1030.00,EUR,747-400,385,369,466785.70,31,30,21,21
300,SQ,0002,2027-08-12,2320.04,SGD,A319,220,220,637384.77,22,22,10,10
300,SQ,0015,2027-08-12,2320.04,SGD,DC-10-10,380,380,1107007.39,41,41,18,18
300,LH,0401,2027-08-12,666.00,EUR,DC-10-10,380,357,298920.78,41,39,18,17
300,AZ,0790,2027-08-12,1014.00,EUR,A310-300,280,266,321529.26,22,22,10,10
300,AZ,0791,2027-08-12,1014.00,EUR,A319,220,207,261794.52,22,21,10,10
300,SQ,0325,2027-08-12,1737.55,SGD,747-400,385,385,816718.55,31,31,21,21
300,SQ,0326,2027-08-12,1737.55,SGD,A310-300,280,280,567988.11,22,22,10,10
300,SQ,0997,2027-08-12,910.15,SGD,747-400,385,385,429600.46,31,31,21,21
300,UA,0007,2027-08-12,422.94,USD,A310-300,280,266,132625.73,22,22,10,10
300,AA,0017,2027-08-12,422.94,USD,747-400,385,364,187117.43,31,29,21,19
300,AA,0026,2027-08-12,611.01,USD,A310-300,280,271,193158.85,22,22,10,9
300,LH,2463,2027-08-12,242.00,EUR,A321,220,208,64110.64,22,22,11,11
300,LH,3577,2027-08-12,185.00,EUR,A321,220,205,47781.80,22,20,11,11
300,AA,0064,2027-08-12,422.94,USD,A319,220,214,110527.02,22,21,10,9
300,AZ,0555,2027-08-12,185.00,EUR,DC-10-10,380,366,85334.95,41,40,18,17
300,QF,0005,2027-08-12,788.64,AUD,747-400,385,368,356252.70,31,30,21,20
300,LH,0402,2027-08-13,666.00,EUR,747-400,385,372,304275.42,31,30,21,20
300,SQ,0067,2027-08-13,329.31,SGD,747-400,385,379,154119.48,31,31,21,21
300,SQ,0114,2027-08-13,357.44,SGD,737-200,130,130,57583.75,10,10,8,8
300,LH,0455,2027-08-13,965.00,EUR,A319,220,208,252212.40,22,22,10,10
300,SQ,0117,2027-08-13,357.44,SGD,A319,220,220,97642.19,22,22,10,10
300,SQ,0158,2027-08-13,494.79,SGD,A321,220,220,136477.74,22,22,11,11
300,UA,3516,2027-08-13,611.01,USD,DC-10-10,380,366,282531.37,41,40,18,17
300,UA,3517,2027-08-13,611.01,USD,747-400,385,362,268710.36,31,28,21,20
300,AZ,0788,2027-08-13,1030.00,EUR,DC-10-10,380,363,475128.70,41,40,18,18
300,SQ,0161,2027-08-13,494.79,SGD,A321,220,220,136438.13,22,22,11,11
300,DL,0106,2027-08-13,611.01,USD,DC-10-10,380,369,281834.85,41,38,18,18
300,DL,1699,2027-08-13,422.94,USD,DC-10-10,380,368,195736.77,41,40,18,17
300,DL,1984,2027-08-13,422.94,USD,747-400,385,371,192437.90,31,30,21,20
300,SQ,0066,2027-08-13,329.31,SGD,DC-10-10,380,380,157550.91,41,41,18,18
300,UA,0941,2027-08-14,879.82,USD,A319,220,214,233777.37,22,21,10,10
300,UA,3504,2027-08-14,879.82,USD,DC-10-10,380,366,408245.90,41,40,18,17
300,SQ,0863,2027-08-14,512.99,SGD,A319,220,220,139332.99,22,22,10,10
300,LH,2415,2027-08-14,242.00,EUR,727-200,189,180,56228.70,18,18,11,11
300,SQ,0866,2027-08-14,512.99,SGD,DC-10-10,380,376,243115.84,41,41,18,18
300,SQ,0988,2027-08-14,910.15,SGD,DC-10-10,380,375,428326.34,41,40,18,18
300,LH,2462,2027-08-14,242.00,EUR,A319,220,208,62716.72,22,22,10,9
300,JL,0407,2027-08-14,1061.36,JPY,A310-300,280,271,335654.96,22,22,10,9
300,QF,0006,2027-08-14,788.64,AUD,A310-300,280,271,250630.04,22,21,10,10
300,AZ,0789,2027-08-14,1030.00,EUR,747-400,385,374,474407.70,31,30,21,21
300,SQ,0002,2027-08-14,2320.04,SGD,A319,220,219,626480.54,22,22,10,10
300,SQ,0015,2027-08-14,2320.04,SGD,DC-10-10,380,373,1088238.27,41,40,18,18
300,LH,0401,2027-08-14,666.00,EUR,DC-10-10,380,363,304961.40,41,38,18,18
300,AZ,0790,2027-08-14,1014.00,EUR,A310-300,280,265,313234.74,22,20,10,10
300,AZ,0791,2027-08-14,1014.00,EUR,A319,220,214,264593.16,22,20,10,10
300,SQ,0325,2027-08-14,1737.55,SGD,747-400,385,375,799655.73,31,30,21,20
300,SQ,0326,2027-08-14,1737.55,SGD,A310-300,280,272,552002.69,22,21,10,10
300,SQ,0997,2027-08-14,910.15,SGD,747-400,385,375,418323.79,31,30,21,20
300,AA,0017,2027-08-14,422.94,USD,747-400,385,365,191528.55,31,30,21,21
300,AA,0026,2027-08-14,611.01,USD,A310-300,280,271,193378.81,22,22,10,9
300,AA,0064,2027-08-14,422.94,USD,A319,220,211,110713.18,22,21,10,10
300,AZ,0555,2027-08-14,185.00,EUR,DC-10-10,380,363,84591.25,41,39,18,17
300,QF,0005,2027-08-14,788.64,AUD,747-400,385,374,361221.08,31,29,21,21
300,LH,0402,2027-08-15,666.00,EUR,747-400,385,374,304728.30,31,29,21,21
300,SQ,0067,2027-08-15,329.31,SGD,747-400,385,382,154830.76,31,31,21,21
300,LH,0454,2027-08-15,965.00,EUR,A310-300,280,261,297683.20,22,21,10,10
300,SQ,0114,2027-08-15,357.44,SGD,737-200,130,124,55110.15,10,10,8,8
300,LH,0455,2027-08-15,965.00,EUR,A319,220,204,242369.40,22,19,10,10
300,LH,2402,2027-08-15,242.00,EUR,A321,220,213,64442.18,22,21,11,11
300,SQ,0117,2027-08-15,357.44,SGD,A319,220,220,97624.22,22,22,10,10
300,LH,2407,2027-08-15,242.00,EUR,A321,220,206,62784.48,22,21,11,11
300,UA,3517,2027-08-15,611.01,USD,747-400,385,374,279690.20,31,29,21,21
300,LH,2436,2027-08-15,242.00,EUR,737-200,130,126,38008.52,10,10,8,8
300,JL,0408,2027-08-15,1061.36,JPY,A319,220,213,280920.54,22,21,10,10
300,LH,0400,2027-08-15,666.00,EUR,DC-10-10,380,361,301051.98,41,39,18,17
300,DL,0106,2027-08-15,611.01,USD,DC-10-10,380,365,280820.56,41,40,18,17
300,DL,1699,2027-08-15,422.94,USD,DC-10-10,380,367,195635.35,41,39,18,18
300,DL,1984,2027-08-15,422.94,USD,747-400,385,375,193571.36,31,31,21,19
300,UA,0007,2027-08-15,422.94,USD,A310-300,280,271,133924.09,22,21,10,10
300,SQ,0066,2027-08-15,329.31,SGD,DC-10-10,380,379,157221.60,41,41,18,18
300,LH,2463,2027-08-15,242.00,EUR,A321,220,212,65192.38,22,22,11,11
300,LH,3577,2027-08-15,185.00,EUR,A321,220,212,48777.10,22,21,11,11
300,UA,0941,2027-08-16,879.82,USD,A319,220,214,231305.07,22,20,10,10
300,SQ,0158,2027-08-16,494.79,SGD,A321,220,220,137051.68,22,22,11,11
300,SQ,0863,2027-08-16,512.99,SGD,A319,220,213,134875.11,22,21,10,10
300,UA,3516,2027-08-16,611.01,USD,DC-10-10,380,368,283808.43,41,41,18,18
300,SQ,0866,2027-08-16,512.99,SGD,DC-10-10,380,378,243326.15,41,41,18,18
300,SQ,0988,2027-08-16,910.15,SGD,DC-10-10,380,374,427880.37,41,40,18,18
300,QF,0006,2027-08-16,788.64,AUD,A310-300,280,265,246631.59,22,21,10,10
300,AZ,0788,2027-08-16,1030.00,EUR,DC-10-10,380,369,472049.00,41,38,18,17
300,AZ,0789,2027-08-16,1030.00,EUR,747-400,385,371,470534.90,31,29,21,21
300,SQ,0002,2027-08-16,2320.04,SGD,A319,220,220,633672.77,22,22,10,10
300,SQ,0015,2027-08-16,2320.04,SGD,DC-10-10,380,380,1109049.02,41,41,18,18
300,AZ,0790,2027-08-16,1014.00,EUR,A310-300,280,265,317686.20,22,22,10,10
300,SQ,0161,2027-08-16,494.79,SGD,A321,220,210,130807.43,22,21,11,11
300,AZ,0791,2027-08-16,1014.00,EUR,A319,220,213,266823.96,22,21,10,10
300,SQ,0325,2027-08-16,1737.55,SGD,747-400,385,385,820541.28,31,31,21,21
300,AA,0017,2027-08-16,422.94,USD,747-400,385,374,192353.16,31,29,21,19
300,AA,0026,2027-08-16,611.01,USD,A310-300,280,271,191612.99,22,22,10,8
300,AZ,0555,2027-08-16,185.00,EUR,DC-10-10,380,367,84698.55,41,40,18,17
300,LH,0454,2027-08-17,965.00,EUR,A310-300,280,262,297702.50,22,21,10,10
300,LH,2402,2027-08-17,242.00,EUR,A321,220,214,64139.68,22,22,11,9
300,UA,3504,2027-08-17,879.82,USD,DC-10-10,380,368,409680.13,41,41,18,18
300,LH,2407,2027-08-17,242.00,EUR,A321,220,213,64388.94,22,21,11,11
300,LH,2415,2027-08-17,242.00,EUR,727-200,189,174,53484.42,18,17,11,10
300,LH,2436,2027-08-17,242.00,EUR,737-200,130,120,35133.56,10,7,8,8
300,LH,2462,2027-08-17,242.00,EUR,A319,220,212,63171.68,22,22,10,9
300,JL,0407,2027-08-17,1061.36,JPY,A310-300,280,266,332693.73,22,21,10,10
300,JL,0408,2027-08-17,1061.36,JPY,A319,220,213,280273.20,22,21,10,10
300,LH,0400,2027-08-17,666.00,EUR,DC-10-10,380,362,303309.72,41,39,18,17
300,LH,0401,2027-08-17,666.00,EUR,DC-10-10,380,357,301404.96,41,38,18,18
300,SQ,0326,2027-08-17,1737.55,SGD,A310-300,280,270,549048.95,22,21,10,10
300,SQ,0997,2027-08-17,910.15,SGD,747-400,385,381,427488.86,31,31,21,21
300,UA,0007,2027-08-17,422.94,USD,A310-300,280,271,134055.32,22,21,10,10
300,LH,2463,2027-08-17,242.00,EUR,A321,220,210,64088.86,22,21,11,11
300,LH,3577,2027-08-17,185.00,EUR,A321,220,211,49802.00,22,22,11,11
300,AA,0064,2027-08-17,422.94,USD,A319,220,213,111630.85,22,21,10,9
300,QF,0005,2027-08-17,788.64,AUD,747-400,385,366,357766.82,31,30,21,21
300,LH,0402,2027-08-18,666.00,EUR,747-400,385,367,301012.02,31,30,21,20
300,SQ,0067,2027-08-18,329.31,SGD,747-400,385,380,154162.34,31,31,21,21
300,SQ,0114,2027-08-18,357.44,SGD,737-200,130,130,57412.15,10,10,8,8
300,LH,0455,2027-08-18,965.00,EUR,A319,220,214,254538.05,22,21,10,10
300,SQ,0117,2027-08-18,357.44,SGD,A319,220,220,97284.71,22,22,10,10
300,SQ,0158,2027-08-18,494.79,SGD,A321,220,220,135379.27,22,22,11,11
300,SQ,0863,2027-08-18,512.99,SGD,A319,220,220,139871.64,22,22,10,10
300,UA,3516,2027-08-18,611.01,USD,DC-10-10,380,363,274215.58,41,39,18,16
300,UA,3517,2027-08-18,611.01,USD,747-400,385,365,274643.24,31,30,21,20
300,QF,0006,2027-08-18,788.64,AUD,A310-300,280,268,247514.91,22,20,10,10
300,AZ,0788,2027-08-18,1030.00,EUR,DC-10-10,380,360,470957.20,41,40,18,17
300,AZ,0789,2027-08-18,1030.00,EUR,747-400,385,374,473161.40,31,29,21,21
300,SQ,0015,2027-08-18,2320.04,SGD,DC-10-10,380,380,1112389.95,41,41,18,18
300,AZ,0790,2027-08-18,1014.00,EUR,A310-300,280,271,324682.80,22,22,10,10
300,SQ,0161,2027-08-18,494.79,SGD,A321,220,215,132974.60,22,22,11,11
300,DL,0106,2027-08-18,611.01,USD,DC-10-10,380,370,283227.95,41,40,18,17
300,SQ,0325,2027-08-18,1737.55,SGD,747-400,385,375,793365.98,31,30,21,20
300,DL,1699,2027-08-18,422.94,USD,DC-10-10,380,368,194328.47,41,39,18,18
300,DL,1984,2027-08-18,422.94,USD,747-400,385,366,190517.75,31,30,21,20
300,SQ,0066,2027-08-18,329.31,SGD,DC-10-10,380,379,158061.26,41,41,18,18
300,AA,0017,2027-08-18,422.94,USD,747-400,385,367,191317.15,31,31,21,20
300,AA,0026,2027-08-18,611.01,USD,A310-300,280,271,194380.86,22,21,10,10
300,AZ,0555,2027-08-18,185.00,EUR,DC-10-10,380,361,83951.15,41,38,18,18
300,LH,0454,2027-08-19,965.00,EUR,A310-300,280,271,306889.30,22,22,10,10
300,LH,2402,2027-08-19,242.00,EUR,A321,220,212,64243.74,22,21,11,11
300,UA,0941,2027-08-19,879.82,USD,A319,220,203,222577.24,22,20,10,10
300,UA,3504,2027-08-19,879.82,USD,DC-10-10,380,364,402342.34,41,40,18,16
300,LH,2407,2027-08-19,242.00,EUR,A321,220,212,63171.68,22,21,11,10
300,LH,2415,2027-08-19,242.00,EUR,727-200,189,183,56310.98,18,17,11,11
300,SQ,0866,2027-08-19,512.99,SGD,DC-10-10,380,380,246111.72,41,41,18,18
300,SQ,0988,2027-08-19,910.15,SGD,DC-10-10,380,380,433241.25,41,41,18,18
300,LH,2436,2027-08-19,242.00,EUR,737-200,130,125,37323.66,10,10,8,8
300,LH,2462,2027-08-19,242.00,EUR,A319,220,211,63793.62,22,22,10,10
300,JL,0407,2027-08-19,1061.36,JPY,A310-300,280,271,338085.39,22,22,10,9
300,JL,0408,2027-08-19,1061.36,JPY,A319,220,211,277694.11,22,21,10,10
300,LH,0400,2027-08-19,666.00,EUR,DC-10-10,380,367,305014.68,41,39,18,17
300,SQ,0002,2027-08-19,2320.04,SGD,A319,220,220,631120.68,22,22,10,10
300,LH,0401,2027-08-19,666.00,EUR,DC-10-10,380,369,308817.54,41,39,18,18
300,AZ,0791,2027-08-19,1014.00,EUR,A319,220,213,267016.62,22,21,10,10
300,SQ,0326,2027-08-19,1737.55,SGD,A310-300,280,273,555582.01,22,21,10,10
300,SQ,0997,2027-08-19,910.15,SGD,747-400,385,385,427234.13,31,31,21,21
300,UA,0007,2027-08-19,422.94,USD,A310-300,280,267,133429.17,22,21,10,10
300,LH,2463,2027-08-19,242.00,EUR,A321,220,213,64543.82,22,22,11,10
300,LH,3577,2027-08-19,185.00,EUR,A321,220,212,49691.00,22,22,11,11
300,AA,0064,2027-08-19,422.94,USD,A319,220,213,111808.53,22,22,10,9
300,QF,0005,2027-08-19,788.64,AUD,747-400,385,365,354202.05,31,29,21,21
300,LH,0402,2027-08-20,666.00,EUR,747-400,385,373,306120.24,31,31,21,21
300,SQ,0067,2027-08-20,329.31,SGD,747-400,385,382,154629.88,31,31,21,21
300,SQ,0114,2027-08-20,357.44,SGD,737-200,130,130,57404.88,10,10,8,8
300,LH,0455,2027-08-20,965.00,EUR,A319,220,205,240603.45,22,19,10,9
300,SQ,0117,2027-08-20,357.44,SGD,A319,220,218,96727.04,22,22,10,10
300,SQ,0158,2027-08-20,494.79,SGD,A321,220,218,134468.86,22,22,11,11
300,SQ,0863,2027-08-20,512.99,SGD,A319,220,215,138594.32,22,22,10,10
300,UA,3516,2027-08-20,611.01,USD,DC-10-10,380,367,286081.34,41,41,18,18
300,UA,3517,2027-08-20,611.01,USD,747-400,385,366,277191.15,31,30,21,21
300,QF,0006,2027-08-20,788.64,AUD,A310-300,280,263,243934.49,22,20,10,10
300,AZ,0788,2027-08-20,1030.00,EUR,DC-10-10,380,360,463613.30,41,37,18,18
300,AZ,0789,2027-08-20,1030.00,EUR,747-400,385,370,470545.20,31,30,21,21
300,SQ,0015,2027-08-20,2320.04,SGD,DC-10-10,380,371,1088841.40,41,40,18,18
300,AZ,0790,2027-08-20,1014.00,EUR,A310-300,280,271,323851.32,22,22,10,10
300,SQ,0161,2027-08-20,494.79,SGD,A321,220,220,135478.23,22,22,11,11
300,DL,0106,2027-08-20,611.01,USD,DC-10-10,380,367,282806.34,41,39,18,18
300,SQ,0325,2027-08-20,1737.55,SGD,747-400,385,385,820784.38,31,31,21,21
300,DL,1699,2027-08-20,422.94,USD,DC-10-10,380,361,192793.23,41,39,18,18
300,DL,1984,2027-08-20,422.94,USD,747-400,385,371,192243.48,31,29,21,21
300,SQ,0066,2027-08-20,329.31,SGD,DC-10-10,380,374,154906.57,41,40,18,18
300,AA,0017,2027-08-20,422.94,USD,747-400,385,368,190225.98,31,29,21,21
300,AA,0026,2027-08-20,611.01,USD,A310-300,280,269,190158.82,22,22,10,9
300,AZ,0555,2027-08-20,185.00,EUR,DC-10-10,380,363,84374.80,41,40,18,17
300,LH,0454,2027-08-21,965.00,EUR,A310-300,280,265,300732.60,22,22,10,9
300,LH,2402,2027-08-21,242.00,EUR,A321,220,204,61453.48,22,20,11,10
300,UA,0941,2027-08-21,879.82,USD,A319,220,213,231181.93,22,21,10,10
300,UA,3504,2027-08-21,879.82,USD,DC-10-10,380,368,407392.59,41,41,18,17
300,LH,2407,2027-08-21,242.00,EUR,A321,220,208,62801.42,22,20,11,11
300,LH,2415,2027-08-21,242.00,EUR,727-200,189,176,53646.56,18,17,11,10
300,SQ,0866,2027-08-21,512.99,SGD,DC-10-10,380,380,244567.59,41,41,18,18
300,SQ,0988,2027-08-21,910.15,SGD,DC-10-10,380,376,431302.49,41,41,18,18
300,LH,2436,2027-08-21,242.00,EUR,737-200,130,128,37425.30,10,9,8,7
300,LH,2462,2027-08-21,242.00,EUR,A319,220,204,62017.34,22,21,10,10
300,JL,0407,2027-08-21,1061.36,JPY,A310-300,280,271,333808.04,22,22,10,8
300,JL,0408,2027-08-21,1061.36,JPY,A319,220,210,275146.85,22,21,10,10
300,LH,0400,2027-08-21,666.00,EUR,DC-10-10,380,369,308977.38,41,39,18,18
300,SQ,0002,2027-08-21,2320.04,SGD,A319,220,220,629566.26,22,22,10,10
300,LH,0401,2027-08-21,666.00,EUR,DC-10-10,380,366,306260.10,41,39,18,18
300,AZ,0791,2027-08-21,1014.00,EUR,A319,220,204,257576.28,22,20,10,10
300,SQ,0326,2027-08-21,1737.55,SGD,A310-300,280,270,554313.49,22,21,10,10
300,SQ,0997,2027-08-21,910.15,SGD,747-400,385,385,429090.84,31,31,21,21
300,UA,0007,2027-08-21,422.94,USD,A310-300,280,271,134956.03,22,21,10,10
300,LH,2463,2027-08-21,242.00,EUR,A321,220,214,64778.56,22,21,11,11
300,LH,3577,2027-08-21,185.00,EUR,A321,220,213,49215.55,22,21,11,11
300,AA,0064,2027-08-21,422.94,USD,A319,220,213,111169.87,22,21,10,10
300,QF,0005,2027-08-21,788.64,AUD,747-400,385,369,358555.36,31,30,21,20
300,LH,0402,2027-08-22,666.00,EUR,747-400,385,362,293652.72,31,29,21,19
300,SQ,0067,2027-08-22,329.31,SGD,747-400,385,377,152723.27,31,30,21,21
300,SQ,0114,2027-08-22,357.44,SGD,737-200,130,128,56736.52,10,10,8,8
300,LH,0455,2027-08-22,965.00,EUR,A319,220,213,256014.50,22,22,10,9
300,SQ,0117,2027-08-22,357.44,SGD,A319,220,215,95415.20,22,22,10,10
300,SQ,0158,2027-08-22,494.79,SGD,A321,220,220,136452.96,22,22,11,11
300,UA,3516,2027-08-22,611.01,USD,DC-10-10,380,369,281859.28,41,39,18,17
300,UA,3517,2027-08-22,611.01,USD,747-400,385,371,280032.35,31,30,21,21
300,AZ,0788,2027-08-22,1030.00,EUR,DC-10-10,380,367,475087.50,41,40,18,17
300,SQ,0161,2027-08-22,494.79,SGD,A321,220,213,131173.57,22,21,11,11
300,DL,0106,2027-08-22,611.01,USD,DC-10-10,380,368,283081.30,41,39,18,18
300,DL,1699,2027-08-22,422.94,USD,DC-10-10,380,368,197136.74,41,41,18,18
300,DL,1984,2027-08-22,422.94,USD,747-400,385,363,188762.56,31,29,21,20
300,SQ,0066,2027-08-22,329.31,SGD,DC-10-10,380,380,157623.34,41,41,18,18
300,UA,0941,2027-08-23,879.82,USD,A319,220,213,231947.35,22,22,10,9
300,UA,3504,2027-08-23,879.82,USD,DC-10-10,380,369,405289.83,41,38,18,18
300,SQ,0326,2027-08-23,1737.55,SGD,A310-300,280,280,570142.67,22,22,10,10
300,SQ,0863,2027-08-23,512.99,SGD,A319,220,215,138563.54,22,22,10,10
300,LH,2415,2027-08-23,242.00,EUR,727-200,189,182,56240.80,18,18,11,11
300,SQ,0866,2027-08-23,512.99,SGD,DC-10-10,380,380,244762.53,41,41,18,18
300,SQ,0988,2027-08-23,910.15,SGD,DC-10-10,380,380,435543.72,41,41,18,18
300,LH,2462,2027-08-23,242.00,EUR,A319,220,210,63191.04,22,22,10,9
300,JL,0407,2027-08-23,1061.36,JPY,A310-300,280,271,335400.26,22,21,10,10
300,QF,0006,2027-08-23,788.64,AUD,A310-300,280,271,250677.30,22,22,10,9
300,AZ,0789,2027-08-23,1030.00,EUR,747-400,385,370,472873.00,31,31,21,21
300,SQ,0002,2027-08-23,2320.04,SGD,A319,220,219,631190.16,22,22,10,10
300,SQ,0015,2027-08-23,2320.04,SGD,DC-10-10,380,380,1113201.87,41,41,18,18
300,LH,0401,2027-08-23,666.00,EUR,DC-10-10,380,368,311208.48,41,41,18,18
300,AZ,0790,2027-08-23,1014.00,EUR,A310-300,280,266,314005.38,22,21,10,9
300,AZ,0791,2027-08-23,1014.00,EUR,A319,220,212,263792.10,22,22,10,9
300,SQ,0325,2027-08-23,1737.55,SGD,747-400,385,385,823043.38,31,31,21,21
300,SQ,0997,2027-08-23,910.15,SGD,747-400,385,375,415092.68,31,30,21,20
300,AA,0017,2027-08-23,422.94,USD,747-400,385,371,193122.99,31,30,21,20
300,AA,0026,2027-08-23,611.01,USD,A310-300,280,264,188319.65,22,20,10,10
300,AA,0064,2027-08-23,422.94,USD,A319,220,210,110273.28,22,21,10,10
300,AZ,0555,2027-08-23,185.00,EUR,DC-10-10,380,365,85754.90,41,41,18,18
300,QF,0005,2027-08-23,788.64,AUD,747-400,385,373,363334.62,31,31,21,21
300,LH,0402,2027-08-24,666.00,EUR,747-400,385,365,301091.94,31,30,21,21
300,SQ,0067,2027-08-24,329.31,SGD,747-400,385,385,155002.10,31,31,21,21
300,LH,0454,2027-08-24,965.00,EUR,A310-300,280,271,309060.55,22,22,10,9
300,SQ,0114,2027-08-24,357.44,SGD,737-200,130,124,55603.42,10,10,8,8
300,LH,0455,2027-08-24,965.00,EUR,A319,220,207,248979.65,22,20,10,10
300,LH,2402,2027-08-24,242.00,EUR,A321,220,214,64802.76,22,22,11,10
300,SQ,0117,2027-08-24,357.44,SGD,A319,220,216,96197.95,22,22,10,10
300,LH,2407,2027-08-24,242.00,EUR,A321,220,209,63595.18,22,21,11,10
300,UA,3517,2027-08-24,611.01,USD,747-400,385,372,281492.67,31,31,21,21
300,LH,2436,2027-08-24,242.00,EUR,737-200,130,116,34211.54,10,9,8,6
300,JL,0408,2027-08-24,1061.36,JPY,A319,220,211,280389.92,22,22,10,10
300,LH,0400,2027-08-24,666.00,EUR,DC-10-10,380,363,306479.88,41,40,18,18
300,DL,0106,2027-08-24,611.01,USD,DC-10-10,380,364,281712.64,41,40,18,18
300,DL,1699,2027-08-24,422.94,USD,DC-10-10,380,363,190416.30,41,37,18,17
300,DL,1984,2027-08-24,422.94,USD,747-400,385,368,192611.26,31,31,21,21
300,UA,0007,2027-08-24,422.94,USD,A310-300,280,271,134499.28,22,20,10,10
300,SQ,0066,2027-08-24,329.31,SGD,DC-10-10,380,380,157629.98,41,41,18,18
300,LH,2463,2027-08-24,242.00,EUR,A321,220,212,63721.02,22,21,11,10
300,LH,3577,2027-08-24,185.00,EUR,A321,220,213,49528.20,22,22,11,10
300,UA,0941,2027-08-25,879.82,USD,A319,220,205,223263.52,22,21,10,9
300,SQ,0158,2027-08-25,494.79,SGD,A321,220,215,133677.20,22,22,11,11
300,SQ,0863,2027-08-25,512.99,SGD,A319,220,220,139512.54,22,22,10,10
300,UA,3516,2027-08-25,611.01,USD,DC-10-10,380,367,281150.52,41,40,18,17
300,SQ,0866,2027-08-25,512.99,SGD,DC-10-10,380,380,245480.73,41,41,18,18
300,SQ,0988,2027-08-25,910.15,SGD,DC-10-10,380,377,431338.88,41,41,18,18
300,QF,0006,2027-08-25,788.64,AUD,A310-300,280,270,252096.90,22,21,10,10
300,AZ,0788,2027-08-25,1030.00,EUR,DC-10-10,380,364,467177.10,41,39,18,16
300,AZ,0789,2027-08-25,1030.00,EUR,747-400,385,366,467620.00,31,30,21,21
300,SQ,0002,2027-08-25,2320.04,SGD,A319,220,220,632234.19,22,22,10,10
300,SQ,0015,2027-08-25,2320.04,SGD,DC-10-10,380,379,1107192.96,41,41,18,18
300,AZ,0790,2027-08-25,1014.00,EUR,A310-300,280,270,317523.96,22,21,10,9
300,SQ,0161,2027-08-25,494.79,SGD,A321,220,216,133751.43,22,22,11,11
300,AZ,0791,2027-08-25,1014.00,EUR,A319,220,201,257424.18,22,21,10,10
300,SQ,0325,2027-08-25,1737.55,SGD,747-400,385,379,813330.42,31,31,21,21
300,AA,0017,2027-08-25,422.94,USD,747-400,385,365,187041.26,31,30,21,18
300,AA,0026,2027-08-25,611.01,USD,A310-300,280,271,194692.49,22,22,10,10
300,AZ,0555,2027-08-25,185.00,EUR,DC-10-10,380,368,84681.90,41,40,18,16
300,LH,0454,2027-08-26,965.00,EUR,A310-300,280,271,309707.10,22,21,10,10
300,LH,2402,2027-08-26,242.00,EUR,A321,220,213,64575.28,22,21,11,10
300,UA,3504,2027-08-26,879.82,USD,DC-10-10,380,364,401911.32,41,40,18,17
300,SQ,0326,2027-08-26,1737.55,SGD,A310-300,280,280,565746.70,22,22,10,10
300,LH,2407,2027-08-26,242.00,EUR,A321,220,207,62745.76,22,21,11,10
300,LH,2415,2027-08-26,242.00,EUR,727-200,189,177,53586.06,18,17,11,10
300,LH,2436,2027-08-26,242.00,EUR,737-200,130,123,36856.60,10,10,8,7
300,LH,2462,2027-08-26,242.00,EUR,A319,220,214,63953.34,22,20,10,10
300,JL,0407,2027-08-26,1061.36,JPY,A310-300,280,271,336960.40,22,22,10,9
300,JL,0408,2027-08-26,1061.36,JPY,A319,220,208,276261.30,22,22,10,10
300,LH,0400,2027-08-26,666.00,EUR,DC-10-10,380,365,307605.42,41,40,18,18
300,LH,0401,2027-08-26,666.00,EUR,DC-10-10,380,363,301924.44,41,37,18,17
300,SQ,0997,2027-08-26,910.15,SGD,747-400,385,377,418223.57,31,30,21,21
300,UA,0007,2027-08-26,422.94,USD,A310-300,280,271,133602.69,22,21,10,10
300,LH,2463,2027-08-26,242.00,EUR,A321,220,213,64386.52,22,22,11,10
300,LH,3577,2027-08-26,185.00,EUR,A321,220,210,49017.60,22,21,11,11
300,AA,0064,2027-08-26,422.94,USD,A319,220,211,110649.63,22,22,10,9
300,QF,0005,2027-08-26,788.64,AUD,747-400,385,373,358997.02,31,30,21,19
300,LH,0402,2027-08-27,666.00,EUR,747-400,385,373,302330.70,31,30,21,19
300,SQ,0067,2027-08-27,329.31,SGD,747-400,385,377,152851.70,31,30,21,21
300,SQ,0114,2027-08-27,357.44,SGD,737-200,130,130,57837.46,10,10,8,8
300,LH,0455,2027-08-27,965.00,EUR,A319,220,203,242794.00,22,20,10,9
300,SQ,0117,2027-08-27,357.44,SGD,A319,220,220,97463.23,22,22,10,10
300,UA,0941,2027-08-27,879.82,USD,A319,220,206,226404.48,22,21,10,10
300,SQ,0158,2027-08-27,494.79,SGD,A321,220,212,130480.86,22,21,11,11
300,SQ,0863,2027-08-27,512.99,SGD,A319,220,215,136962.98,22,22,10,10
300,UA,3516,2027-08-27,611.01,USD,DC-10-10,380,370,281291.05,41,40,18,16
300,SQ,0866,2027-08-27,512.99,SGD,DC-10-10,380,378,244742.03,41,41,18,18
300,UA,3517,2027-08-27,611.01,USD,747-400,385,373,276409.09,31,29,21,20
300,SQ,0988,2027-08-27,910.15,SGD,DC-10-10,380,374,428672.09,41,40,18,18
300,QF,0006,2027-08-27,788.64,AUD,A310-300,280,267,248776.73,22,22,10,10
300,AZ,0788,2027-08-27,1030.00,EUR,DC-10-10,380,367,474057.50,41,40,18,17
300,SQ,0002,2027-08-27,2320.04,SGD,A319,220,220,631445.41,22,22,10,10
300,SQ,0015,2027-08-27,2320.04,SGD,DC-10-10,380,380,1115034.70,41,41,18,18
300,AZ,0789,2027-08-27,1030.00,EUR,747-400,385,373,472986.30,31,31,21,21
300,AZ,0790,2027-08-27,1014.00,EUR,A310-300,280,268,320464.56,22,22,10,10
300,SQ,0161,2027-08-27,494.79,SGD,A321,220,214,132638.15,22,21,11,11
300,AZ,0791,2027-08-27,1014.00,EUR,A319,220,212,267199.14,22,22,10,10
300,DL,0106,2027-08-27,611.01,USD,DC-10-10,380,366,283698.43,41,41,18,18
300,SQ,0325,2027-08-27,1737.55,SGD,747-400,385,385,820124.14,31,31,21,21
300,DL,1699,2027-08-27,422.94,USD,DC-10-10,380,368,196333.07,41,41,18,17
300,DL,1984,2027-08-27,422.94,USD,747-400,385,362,188787.95,31,30,21,20
300,SQ,0066,2027-08-27,329.31,SGD,DC-10-10,380,380,157886.80,41,41,18,18
300,AA,0017,2027-08-27,422.94,USD,747-400,385,372,193055.41,31,30,21,20
300,AA,0026,2027-08-27,611.01,USD,A310-300,280,271,196317.75,22,22,10,10
300,AZ,0555,2027-08-27,185.00,EUR,DC-10-10,380,359,84249.00,41,40,18,18
300,LH,0454,2027-08-28,965.00,EUR,A310-300,280,271,302855.60,22,22,10,9
300,LH,2402,2027-08-28,242.00,EUR,A321,220,203,61184.86,22,20,11,10
300,UA,3504,2027-08-28,879.82,USD,DC-10-10,380,362,397450.59,41,39,18,16
300,SQ,0326,2027-08-28,1737.55,SGD,A310-300,280,280,570055.79,22,22,10,10
300,LH,2407,2027-08-28,242.00,EUR,A321,220,214,64246.16,22,21,11,10
300,LH,2415,2027-08-28,242.00,EUR,727-200,189,183,56313.40,18,17,11,11
300,LH,2436,2027-08-28,242.00,EUR,737-200,130,123,36602.50,10,10,8,7
300,LH,2462,2027-08-28,242.00,EUR,A319,220,214,63108.76,22,22,10,8
300,JL,0407,2027-08-28,1061.36,JPY,A310-300,280,265,330241.97,22,21,10,10
300,JL,0408,2027-08-28,1061.36,JPY,A319,220,213,278691.77,22,20,10,10
300,LH,0400,2027-08-28,666.00,EUR,DC-10-10,380,363,303462.90,41,40,18,17
300,LH,0401,2027-08-28,666.00,EUR,DC-10-10,380,368,310082.94,41,41,18,17
300,SQ,0997,2027-08-28,910.15,SGD,747-400,385,375,418441.91,31,30,21,20
300,UA,0007,2027-08-28,422.94,USD,A310-300,280,271,132579.15,22,21,10,9
300,LH,2463,2027-08-28,242.00,EUR,A321,220,208,63261.22,22,21,11,11
300,LH,3577,2027-08-28,185.00,EUR,A321,220,211,48016.75,22,22,11,9
300,AA,0064,2027-08-28,422.94,USD,A319,220,204,108496.90,22,21,10,10
300,QF,0005,2027-08-28,788.64,AUD,747-400,385,373,362703.85,31,31,21,20
300,LH,0402,2027-08-29,666.00,EUR,747-400,385,373,306306.72,31,31,21,20
300,SQ,0067,2027-08-29,329.31,SGD,747-400,385,385,155532.22,31,31,21,21
300,SQ,0114,2027-08-29,357.44,SGD,737-200,130,130,57715.97,10,10,8,8
300,LH,0455,2027-08-29,965.00,EUR,A319,220,211,253331.80,22,22,10,10
300,SQ,0117,2027-08-29,357.44,SGD,A319,220,220,97935.08,22,22,10,10
300,SQ,0158,2027-08-29,494.79,SGD,A321,220,213,132455.08,22,21,11,11
300,SQ,0863,2027-08-29,512.99,SGD,A319,220,212,133772.17,22,21,10,10
300,UA,3516,2027-08-29,611.01,USD,DC-10-10,380,367,281993.70,41,40,18,17
300,UA,3517,2027-08-29,611.01,USD,747-400,385,363,272468.03,31,30,21,19
300,QF,0006,2027-08-29,788.64,AUD,A310-300,280,271,252317.61,22,22,10,10
300,AZ,0788,2027-08-29,1030.00,EUR,DC-10-10,380,361,470133.20,41,38,18,18
300,SQ,0015,2027-08-29,2320.04,SGD,DC-10-10,380,380,1104640.87,41,41,18,18
300,AZ,0789,2027-08-29,1030.00,EUR,747-400,385,373,466270.70,31,29,21,20
300,AZ,0790,2027-08-29,1014.00,EUR,A310-300,280,271,322066.68,22,21,10,10
300,SQ,0161,2027-08-29,494.79,SGD,A321,220,220,135874.06,22,22,11,11
300,DL,0106,2027-08-29,611.01,USD,DC-10-10,380,369,280667.81,41,38,18,17
300,SQ,0325,2027-08-29,1737.55,SGD,747-400,385,377,803808.47,31,30,21,21
300,DL,1699,2027-08-29,422.94,USD,DC-10-10,380,361,192294.22,41,37,18,18
300,DL,1984,2027-08-29,422.94,USD,747-400,385,363,188868.28,31,30,21,20
300,SQ,0066,2027-08-29,329.31,SGD,DC-10-10,380,380,156546.54,41,41,18,18
300,AA,0017,2027-08-29,422.94,USD,747-400,385,369,191021.02,31,29,21,21
300,AA,0026,2027-08-29,611.01,USD,A310-300,280,271,194301.43,22,21,10,10
300,AZ,0555,2027-08-29,185.00,EUR,DC-10-10,380,369,85575.45,41,39,18,17
300,LH,0454,2027-08-30,965.00,EUR,A310-300,280,271,304052.20,22,21,10,9
300,LH,2402,2027-08-30,242.00,EUR,A321,220,211,64826.96,22,22,11,11
300,UA,0941,2027-08-30,879.82,USD,A319,220,213,233011.94,22,21,10,10
300,UA,3504,2027-08-30,879.82,USD,DC-10-10,380,365,402764.70,41,39,18,17
300,SQ,0326,2027-08-30,1737.55,SGD,A310-300,280,279,564599.96,22,22,10,10
300,LH,2407,2027-08-30,242.00,EUR,A321,220,212,64715.64,22,21,11,11
300,LH,2415,2027-08-30,242.00,EUR,727-200,189,173,52794.72,18,16,11,10
300,SQ,0866,2027-08-30,512.99,SGD,DC-10-10,380,380,246558.03,41,41,18,18
300,SQ,0988,2027-08-30,910.15,SGD,DC-10-10,380,380,435734.87,41,41,18,18
300,LH,2436,2027-08-30,242.00,EUR,737-200,130,128,37916.56,10,9,8,8
300,LH,2462,2027-08-30,242.00,EUR,A319,220,207,61845.52,22,21,10,9
300,JL,0407,2027-08-30,1061.36,JPY,A310-300,280,263,329997.75,22,21,10,10
300,JL,0408,2027-08-30,1061.36,JPY,A319,220,211,278553.82,22,22,10,10
300,LH,0400,2027-08-30,666.00,EUR,DC-10-10,380,360,305161.20,41,40,18,18
300,SQ,0002,2027-08-30,2320.04,SGD,A319,220,212,605368.14,22,21,10,10
300,LH,0401,2027-08-30,666.00,EUR,DC-10-10,380,366,306859.50,41,38,18,18
300,AZ,0791,2027-08-30,1014.00,EUR,A319,220,209,260810.94,22,21,10,9
300,SQ,0997,2027-08-30,910.15,SGD,747-400,385,385,428162.52,31,31,21,21
300,UA,0007,2027-08-30,422.94,USD,A310-300,280,263,131128.53,22,21,10,10
300,LH,2463,2027-08-30,242.00,EUR,A321,220,213,64033.20,22,22,11,10
300,LH,3577,2027-08-30,185.00,EUR,A321,220,213,49006.50,22,22,11,10
300,AA,0064,2027-08-30,422.94,USD,A319,220,213,112015.74,22,22,10,10
300,QF,0005,2027-08-30,788.64,AUD,747-400,385,372,358973.38,31,28,21,21
300,LH,0402,2027-08-31,666.00,EUR,747-400,385,374,305167.86,31,28,21,21
300,SQ,0067,2027-08-31,329.31,SGD,747-400,385,385,155361.00,31,31,21,21
300,LH,0454,2027-08-31,965.00,EUR,A310-300,280,271,306397.15,22,21,10,10
300,SQ,0114,2027-08-31,357.44,SGD,737-200,130,127,56736.51,10,10,8,8
300,LH,0455,2027-08-31,965.00,EUR,A319,220,212,255985.55,22,22,10,10
300,LH,2402,2027-08-31,242.00,EUR,A321,220,212,64267.94,22,22,11,11
300,SQ,0117,2027-08-31,357.44,SGD,A319,220,217,95954.85,22,22,10,10
300,UA,0941,2027-08-31,879.82,USD,A319,220,214,229035.17,22,22,10,8
300,SQ,0158,2027-08-31,494.79,SGD,A321,220,220,136947.77,22,22,11,11
300,UA,3504,2027-08-31,879.82,USD,DC-10-10,380,369,406380.82,41,39,18,18
300,LH,2407,2027-08-31,242.00,EUR,A321,220,204,62753.02,22,21,11,11
300,LH,2415,2027-08-31,242.00,EUR,727-200,189,176,54336.26,18,17,11,11
300,UA,3516,2027-08-31,611.01,USD,DC-10-10,380,369,283582.33,41,39,18,18
300,UA,3517,2027-08-31,611.01,USD,747-400,385,374,279641.30,31,28,21,21
300,LH,2436,2027-08-31,242.00,EUR,737-200,130,115,34100.22,10,8,8,7
300,LH,2462,2027-08-31,242.00,EUR,A319,220,210,62481.98,22,21,10,9
300,AZ,0788,2027-08-31,1030.00,EUR,DC-10-10,380,357,464406.40,41,39,18,18
300,LH,0400,2027-08-31,666.00,EUR,DC-10-10,380,369,304794.90,41,38,18,17
300,LH,0401,2027-08-31,666.00,EUR,DC-10-10,380,366,305654.04,41,40,18,17
300,SQ,0161,2027-08-31,494.79,SGD,A321,220,211,130490.76,22,21,11,11
300,DL,0106,2027-08-31,611.01,USD,DC-10-10,380,366,282396.98,41,40,18,18
300,DL,1699,2027-08-31,422.94,USD,DC-10-10,380,367,193854.76,41,40,18,17
300,DL,1984,2027-08-31,422.94,USD,747-400,385,372,192881.98,31,30,21,20
300,UA,0007,2027-08-31,422.94,USD,A310-300,280,267,132363.44,22,22,10,10
300,SQ,0066,2027-08-31,329.31,SGD,DC-10-10,380,375,155505.92,41,40,18,18
300,LH,2463,2027-08-31,242.00,EUR,A321,220,212,63992.06,22,22,11,10
300,LH,3577,2027-08-31,185.00,EUR,A321,220,213,49498.60,22,21,11,11
300,LH,0402,2027-09-01,666.00,EUR,747-400,385,369,303123.24,31,30,21,20
300,LH,0455,2027-09-01,965.00,EUR,A319,220,213,253785.35,22,21,10,10
300,UA,0941,2027-09-01,879.82,USD,A319,220,207,227134.70,22,20,10,10
300,UA,3504,2027-09-01,879.82,USD,DC-10-10,380,366,405659.31,41,40,18,17
300,SQ,0326,2027-09-01,1737.55,SGD,A310-300,280,280,568057.70,22,22,10,10
300,SQ,0863,2027-09-01,512.99,SGD,A319,220,215,138886.73,22,22,10,10
300,LH,2415,2027-09-01,242.00,EUR,727-200,189,185,55413.16,18,18,11,9
300,UA,3516,2027-09-01,611.01,USD,DC-10-10,380,366,279824.64,41,40,18,17
300,SQ,0866,2027-09-01,512.99,SGD,DC-10-10,380,380,244695.84,41,41,18,18
300,UA,3517,2027-09-01,611.01,USD,747-400,385,366,276103.54,31,30,21,20
300,SQ,0988,2027-09-01,910.15,SGD,DC-10-10,380,380,432267.25,41,41,18,18
300,LH,2462,2027-09-01,242.00,EUR,A319,220,205,61985.88,22,20,10,10
300,JL,0407,2027-09-01,1061.36,JPY,A310-300,280,265,334392.02,22,22,10,10
300,QF,0006,2027-09-01,788.64,AUD,A310-300,280,264,245148.91,22,20,10,10
300,SQ,0002,2027-09-01,2320.04,SGD,A319,220,220,634391.83,22,22,10,10
300,SQ,0015,2027-09-01,2320.04,SGD,DC-10-10,380,375,1089467.77,41,40,18,18
300,AZ,0789,2027-09-01,1030.00,EUR,747-400,385,372,470802.70,31,31,21,20
300,LH,0401,2027-09-01,666.00,EUR,DC-10-10,380,370,309470.22,41,39,18,18
300,AZ,0790,2027-09-01,1014.00,EUR,A310-300,280,271,316875.00,22,20,10,9
300,AZ,0791,2027-09-01,1014.00,EUR,A319,220,214,268486.92,22,21,10,10
300,SQ,0325,2027-09-01,1737.55,SGD,747-400,385,385,820853.94,31,31,21,21
300,SQ,0997,2027-09-01,910.15,SGD,747-400,385,378,421354.55,31,30,21,21
300,AA,0017,2027-09-01,422.94,USD,747-400,385,367,190572.72,31,29,21,21
300,AA,0026,2027-09-01,611.01,USD,A310-300,280,271,193061.10,22,21,10,10
300,AA,0064,2027-09-01,422.94,USD,A319,220,207,107858.33,22,20,10,9
300,AZ,0555,2027-09-01,185.00,EUR,DC-10-10,380,366,85318.30,41,40,18,18
300,QF,0005,2027-09-01,788.64,AUD,747-400,385,369,355298.22,31,30,21,20
300,LH,0402,2027-09-02,666.00,EUR,747-400,385,375,303582.78,31,30,21,19
300,SQ,0067,2027-09-02,329.31,SGD,747-400,385,378,152588.28,31,30,21,21
300,LH,0454,2027-09-02,965.00,EUR,A310-300,280,268,301379.15,22,21,10,9
300,SQ,0114,2027-09-02,357.44,SGD,737-200,130,128,57043.99,10,10,8,8
300,LH,0455,2027-09-02,965.00,EUR,A319,220,204,244453.80,22,21,10,9
300,LH,2402,2027-09-02,242.00,EUR,A321,220,207,62535.22,22,20,11,11
300,SQ,0117,2027-09-02,357.44,SGD,A319,220,220,96987.85,22,22,10,10
300,LH,2407,2027-09-02,242.00,EUR,A321,220,207,63099.08,22,21,11,11
300,UA,3517,2027-09-02,611.01,USD,747-400,385,375,278132.12,31,30,21,19
300,LH,2436,2027-09-02,242.00,EUR,737-200,130,127,37761.68,10,9,8,8
300,JL,0408,2027-09-02,1061.36,JPY,A319,220,214,275772.91,22,20,10,9
300,LH,0400,2027-09-02,666.00,EUR,DC-10-10,380,367,308178.18,41,41,18,17
300,DL,0106,2027-09-02,611.01,USD,DC-10-10,380,368,282561.95,41,39,18,18
300,DL,1699,2027-09-02,422.94,USD,DC-10-10,380,370,194493.40,41,40,18,16
300,DL,1984,2027-09-02,422.94,USD,747-400,385,363,189012.09,31,30,21,20
300,UA,0007,2027-09-02,422.94,USD,A310-300,280,268,133560.45,22,22,10,10
300,SQ,0066,2027-09-02,329.31,SGD,DC-10-10,380,380,156507.07,41,41,18,18
300,LH,2463,2027-09-02,242.00,EUR,A321,220,211,65110.10,22,22,11,11
300,LH,3577,2027-09-02,185.00,EUR,A321,220,213,49028.70,22,22,11,10
300,UA,0941,2027-09-03,879.82,USD,A319,220,214,230821.15,22,22,10,8
300,SQ,0158,2027-09-03,494.79,SGD,A321,220,220,135809.73,22,22,11,11
300,UA,3504,2027-09-03,879.82,USD,DC-10-10,380,365,409037.81,41,41,18,18
300,SQ,0326,2027-09-03,1737.55,SGD,A310-300,280,280,571845.37,22,22,10,10
300,SQ,0863,2027-09-03,512.99,SGD,A319,220,220,140205.09,22,22,10,10
300,LH,2415,2027-09-03,242.00,EUR,727-200,189,184,55280.06,18,18,11,9
300,UA,3516,2027-09-03,611.01,USD,DC-10-10,380,358,279030.29,41,40,18,18
300,SQ,0866,2027-09-03,512.99,SGD,DC-10-10,380,371,238657.94,41,40,18,18
300,SQ,0988,2027-09-03,910.15,SGD,DC-10-10,380,372,423611.77,41,40,18,18
300,LH,2462,2027-09-03,242.00,EUR,A319,220,211,64372.00,22,22,10,10
300,JL,0407,2027-09-03,1061.36,JPY,A310-300,280,265,325497.85,22,21,10,9
300,QF,0006,2027-09-03,788.64,AUD,A310-300,280,271,251126.77,22,21,10,10
300,AZ,0788,2027-09-03,1030.00,EUR,DC-10-10,380,359,466909.30,41,38,18,18
300,SQ,0002,2027-09-03,2320.04,SGD,A319,220,220,632953.45,22,22,10,10
300,AZ,0789,2027-09-03,1030.00,EUR,747-400,385,370,468794.20,31,29,21,21
300,LH,0401,2027-09-03,666.00,EUR,DC-10-10,380,363,306106.92,41,39,18,18
300,AZ,0790,2027-09-03,1014.00,EUR,A310-300,280,271,323962.86,22,22,10,10
300,SQ,0161,2027-09-03,494.79,SGD,A321,220,211,131178.52,22,21,11,11
300,AZ,0791,2027-09-03,1014.00,EUR,A319,220,214,264694.56,22,21,10,9
300,SQ,0325,2027-09-03,1737.55,SGD,747-400,385,376,796997.44,31,30,21,21
300,SQ,0997,2027-09-03,910.15,SGD,747-400,385,381,426333.06,31,31,21,21
300,SQ,0015,2027-09-03,2320.04,SGD,DC-10-10,380,380,1106821.78,41,41,18,18
300,AA,0017,2027-09-03,422.94,USD,747-400,385,372,194383.39,31,30,21,21
300,AA,0026,2027-09-03,611.01,USD,A310-300,280,271,193800.41,22,21,10,10
300,AA,0064,2027-09-03,422.94,USD,A319,220,208,108953.70,22,20,10,10
300,AZ,0555,2027-09-03,185.00,EUR,DC-10-10,380,369,85730.85,41,40,18,17
300,QF,0005,2027-09-03,788.64,AUD,747-400,385,370,355321.99,31,30,21,19
300,LH,0402,2027-09-04,666.00,EUR,747-400,385,371,302703.66,31,30,21,20
300,SQ,0067,2027-09-04,329.31,SGD,747-400,385,385,155034.89,31,31,21,21
300,LH,0454,2027-09-04,965.00,EUR,A310-300,280,271,308857.90,22,22,10,10
300,SQ,0114,2027-09-04,357.44,SGD,737-200,130,130,57787.41,10,10,8,8
300,LH,0455,2027-09-04,965.00,EUR,A319,220,210,250137.65,22,21,10,9
300,LH,2402,2027-09-04,242.00,EUR,A321,220,213,64384.10,22,22,11,10
300,SQ,0117,2027-09-04,357.44,SGD,A319,220,220,97134.46,22,22,10,10
300,LH,2407,2027-09-04,242.00,EUR,A321,220,212,64100.96,22,20,11,11
300,UA,3517,2027-09-04,611.01,USD,747-400,385,369,275877.50,31,30,21,20
300,LH,2436,2027-09-04,242.00,EUR,737-200,130,124,37923.82,10,10,8,8
300,JL,0408,2027-09-04,1061.36,JPY,A319,220,213,279944.14,22,21,10,10
300,LH,0400,2027-09-04,666.00,EUR,DC-10-10,380,369,308211.48,41,39,18,18
300,DL,0106,2027-09-04,611.01,USD,DC-10-10,380,361,279641.28,41,38,18,18
300,DL,1699,2027-09-04,422.94,USD,DC-10-10,380,367,195440.84,41,39,18,18
300,DL,1984,2027-09-04,422.94,USD,747-400,385,373,192590.15,31,29,21,20
300,UA,0007,2027-09-04,422.94,USD,A310-300,280,268,133285.48,22,21,10,10
300,SQ,0066,2027-09-04,329.31,SGD,DC-10-10,380,377,156065.65,41,41,18,18
300,LH,2463,2027-09-04,242.00,EUR,A321,220,206,62723.98,22,21,11,11
300,LH,3577,2027-09-04,185.00,EUR,A321,220,206,47585.70,22,21,11,10
300,UA,0941,2027-09-05,879.82,USD,A319,220,213,232202.48,22,22,10,9
300,SQ,0158,2027-09-05,494.79,SGD,A321,220,219,135042.81,22,22,11,11
300,SQ,0863,2027-09-05,512.99,SGD,A319,220,216,138707.17,22,22,10,10
300,UA,3516,2027-09-05,611.01,USD,DC-10-10,380,368,280423.41,41,40,18,16
300,SQ,0866,2027-09-05,512.99,SGD,DC-10-10,380,380,244952.34,41,41,18,18
300,SQ,0988,2027-09-05,910.15,SGD,DC-10-10,380,380,433295.77,41,41,18,18
300,QF,0006,2027-09-05,788.64,AUD,A310-300,280,271,250740.31,22,21,10,10
300,AZ,0788,2027-09-05,1030.00,EUR,DC-10-10,380,365,473480.70,41,40,18,17
300,SQ,0002,2027-09-05,2320.04,SGD,A319,220,220,626898.12,22,22,10,10
300,AZ,0789,2027-09-05,1030.00,EUR,747-400,385,371,467444.90,31,30,21,20
300,AZ,0790,2027-09-05,1014.00,EUR,A310-300,280,265,315019.38,22,20,10,10
300,SQ,0161,2027-09-05,494.79,SGD,A321,220,213,132138.42,22,21,11,11
300,AZ,0791,2027-09-05,1014.00,EUR,A319,220,211,265181.28,22,22,10,9
300,SQ,0325,2027-09-05,1737.55,SGD,747-400,385,382,816510.05,31,31,21,21
300,SQ,0015,2027-09-05,2320.04,SGD,DC-10-10,380,380,1107796.18,41,41,18,18
300,AA,0017,2027-09-05,422.94,USD,747-400,385,371,193207.60,31,31,21,20
300,AA,0026,2027-09-05,611.01,USD,A310-300,280,270,192975.55,22,21,10,10
300,AZ,0555,2027-09-05,185.00,EUR,DC-10-10,380,367,85743.80,41,40,18,17
300,LH,0454,2027-09-06,965.00,EUR,A310-300,280,271,308877.20,22,22,10,10
300,LH,2402,2027-09-06,242.00,EUR,A321,220,205,62102.04,22,20,11,11
300,UA,3504,2027-09-06,879.82,USD,DC-10-10,380,366,400635.58,41,40,18,16
300,SQ,0326,2027-09-06,1737.55,SGD,A310-300,280,280,567327.93,22,22,10,10
300,LH,2407,2027-09-06,242.00,EUR,A321,220,214,64846.32,22,22,11,10
300,LH,2415,2027-09-06,242.00,EUR,727-200,189,183,56076.24,18,18,11,10
300,LH,2436,2027-09-06,242.00,EUR,737-200,130,119,35883.76,10,9,8,8
300,LH,2462,2027-09-06,242.00,EUR,A319,220,210,63675.04,22,22,10,10
300,JL,0407,2027-09-06,1061.36,JPY,A310-300,280,269,334084.06,22,21,10,9
300,JL,0408,2027-09-06,1061.36,JPY,A319,220,213,278044.40,22,21,10,10
300,LH,0400,2027-09-06,666.00,EUR,DC-10-10,380,366,307692.00,41,39,18,18
300,LH,0401,2027-09-06,666.00,EUR,DC-10-10,380,363,303129.90,41,38,18,18
300,SQ,0997,2027-09-06,910.15,SGD,747-400,385,385,431757.48,31,31,21,21
300,UA,0007,2027-09-06,422.94,USD,A310-300,280,271,133547.79,22,21,10,10
300,LH,2463,2027-09-06,242.00,EUR,A321,220,213,64284.88,22,20,11,11
300,LH,3577,2027-09-06,185.00,EUR,A321,220,211,49296.95,22,22,11,11
300,AA,0064,2027-09-06,422.94,USD,A319,220,213,110421.28,22,21,10,9
300,QF,0005,2027-09-06,788.64,AUD,747-400,385,364,350676.94,31,29,21,20
300,LH,0402,2027-09-07,666.00,EUR,747-400,385,370,303343.02,31,29,21,21
300,SQ,0067,2027-09-07,329.31,SGD,747-400,385,375,150839.59,31,30,21,20
300,SQ,0114,2027-09-07,357.44,SGD,737-200,130,124,55392.51,10,10,8,8
300,LH,0455,2027-09-07,965.00,EUR,A319,220,213,256226.80,22,21,10,10
300,SQ,0117,2027-09-07,357.44,SGD,A319,220,219,97102.37,22,22,10,10
300,SQ,0158,2027-09-07,494.79,SGD,A321,220,220,136136.31,22,22,11,11
300,SQ,0863,2027-09-07,512.99,SGD,A319,220,217,138071.04,22,22,10,10
300,UA,3516,2027-09-07,611.01,USD,DC-10-10,380,368,283484.57,41,41,18,17
300,UA,3517,2027-09-07,611.01,USD,747-400,385,370,276952.88,31,29,21,21
300,QF,0006,2027-09-07,788.64,AUD,A310-300,280,265,246458.12,22,21,10,10
300,AZ,0788,2027-09-07,1030.00,EUR,DC-10-10,380,364,476611.90,41,41,18,18
300,AZ,0789,2027-09-07,1030.00,EUR,747-400,385,375,470668.80,31,31,21,19
300,AZ,0790,2027-09-07,1014.00,EUR,A310-300,280,271,323263.20,22,22,10,10
300,SQ,0161,2027-09-07,494.79,SGD,A321,220,220,135522.75,22,22,11,11
300,DL,0106,2027-09-07,611.01,USD,DC-10-10,380,370,282788.04,41,39,18,18
300,SQ,0325,2027-09-07,1737.55,SGD,747-400,385,385,819759.40,31,31,21,21
300,DL,1699,2027-09-07,422.94,USD,DC-10-10,380,369,196730.71,41,39,18,18
300,DL,1984,2027-09-07,422.94,USD,747-400,385,372,193304.95,31,31,21,20
300,SQ,0015,2027-09-07,2320.04,SGD,DC-10-10,380,380,1112900.14,41,41,18,18
300,SQ,0066,2027-09-07,329.31,SGD,DC-10-10,380,380,156974.62,41,41,18,18
300,AA,0017,2027-09-07,422.94,USD,747-400,385,373,193985.93,31,31,21,21
300,AA,0026,2027-09-07,611.01,USD,A310-300,280,271,190892.00,22,20,10,9
300,AZ,0555,2027-09-07,185.00,EUR,DC-10-10,380,369,85943.60,41,39,18,18
300,LH,0454,2027-09-08,965.00,EUR,A310-300,280,262,299593.90,22,21,10,10
300,LH,2402,2027-09-08,242.00,EUR,A321,220,211,63425.78,22,21,11,10
300,UA,0941,2027-09-08,879.82,USD,A319,220,213,232123.33,22,21,10,10
300,UA,3504,2027-09-08,879.82,USD,DC-10-10,380,367,410278.36,41,41,18,18
300,SQ,0326,2027-09-08,1737.55,SGD,A310-300,280,279,566754.46,22,22,10,10
300,LH,2407,2027-09-08,242.00,EUR,A321,220,214,64783.40,22,20,11,11
300,LH,2415,2027-09-08,242.00,EUR,727-200,189,180,55384.12,18,18,11,11
300,SQ,0866,2027-09-08,512.99,SGD,DC-10-10,380,380,244362.39,41,41,18,18
300,LH,2436,2027-09-08,242.00,EUR,737-200,130,124,37418.04,10,10,8,8
300,SQ,0988,2027-09-08,910.15,SGD,DC-10-10,380,377,430792.87,41,41,18,18
300,LH,2462,2027-09-08,242.00,EUR,A319,220,208,62358.56,22,20,10,10
300,JL,0407,2027-09-08,1061.36,JPY,A310-300,280,271,335527.52,22,21,10,9
300,JL,0408,2027-09-08,1061.36,JPY,A319,220,208,271113.72,22,20,10,9
300,LH,0400,2027-09-08,666.00,EUR,DC-10-10,380,362,303376.32,41,38,18,18
300,SQ,0002,2027-09-08,2320.04,SGD,A319,220,220,629334.22,22,22,10,10
300,LH,0401,2027-09-08,666.00,EUR,DC-10-10,380,362,302990.04,41,40,18,17
300,AZ,0791,2027-09-08,1014.00,EUR,A319,220,210,265110.30,22,21,10,10
300,SQ,0997,2027-09-08,910.15,SGD,747-400,385,375,417559.30,31,30,21,20
300,UA,0007,2027-09-08,422.94,USD,A310-300,280,271,134406.25,22,21,10,10
300,LH,2463,2027-09-08,242.00,EUR,A321,220,213,64960.06,22,22,11,11
300,LH,3577,2027-09-08,185.00,EUR,A321,220,209,49104.55,22,22,11,11
300,AA,0064,2027-09-08,422.94,USD,A319,220,213,110446.75,22,22,10,9
300,QF,0005,2027-09-08,788.64,AUD,747-400,385,366,355747.99,31,29,21,20
300,LH,0402,2027-09-09,666.00,EUR,747-400,385,371,303316.38,31,30,21,20
300,SQ,0067,2027-09-09,329.31,SGD,747-400,385,385,156187.64,31,31,21,21
300,SQ,0114,2027-09-09,357.44,SGD,737-200,130,130,57526.39,10,10,8,8
300,LH,0455,2027-09-09,965.00,EUR,A319,220,213,255184.60,22,21,10,10
300,SQ,0117,2027-09-09,357.44,SGD,A319,220,220,96501.84,22,22,10,10
300,SQ,0158,2027-09-09,494.79,SGD,A321,220,214,132192.83,22,21,11,11
300,UA,3516,2027-09-09,611.01,USD,DC-10-10,380,369,282360.31,41,38,18,18
300,UA,3517,2027-09-09,611.01,USD,747-400,385,370,279928.47,31,30,21,21
300,AZ,0788,2027-09-09,1030.00,EUR,DC-10-10,380,368,472234.40,41,40,18,16
300,SQ,0161,2027-09-09,494.79,SGD,A321,220,220,135953.24,22,22,11,11
300,DL,0106,2027-09-09,611.01,USD,DC-10-10,380,366,280948.89,41,39,18,18
300,DL,1699,2027-09-09,422.94,USD,DC-10-10,380,357,190940.75,41,39,18,17
300,DL,1984,2027-09-09,422.94,USD,747-400,385,374,193702.51,31,29,21,21
300,SQ,0066,2027-09-09,329.31,SGD,DC-10-10,380,380,156783.57,41,41,18,18
300,LH,0402,2027-09-10,666.00,EUR,747-400,385,373,305321.04,31,31,21,21
300,LH,0454,2027-09-10,965.00,EUR,A310-300,280,271,305876.05,22,21,10,10
300,LH,0455,2027-09-10,965.00,EUR,A319,220,214,251150.90,22,21,10,9
300,LH,2402,2027-09-10,242.00,EUR,A321,220,203,62561.84,22,21,11,11
300,UA,0941,2027-09-10,879.82,USD,A319,220,211,230178.89,22,22,10,9
300,UA,3504,2027-09-10,879.82,USD,DC-10-10,380,369,409020.18,41,38,18,18
300,SQ,0326,2027-09-10,1737.55,SGD,A310-300,280,278,567327.89,22,22,10,10
300,LH,2407,2027-09-10,242.00,EUR,A321,220,214,63897.68,22,21,11,10
300,SQ,0863,2027-09-10,512.99,SGD,A319,220,210,134192.85,22,21,10,10
300,LH,2415,2027-09-10,242.00,EUR,727-200,189,181,55974.60,18,18,11,11
300,UA,3516,2027-09-10,611.01,USD,DC-10-10,380,367,283105.72,41,40,18,17
300,SQ,0866,2027-09-10,512.99,SGD,DC-10-10,380,372,239899.39,41,40,18,18
300,UA,3517,2027-09-10,611.01,USD,747-400,385,364,275266.48,31,30,21,21
300,LH,2436,2027-09-10,242.00,EUR,737-200,130,122,37125.22,10,10,8,8
300,SQ,0988,2027-09-10,910.15,SGD,DC-10-10,380,380,434078.42,41,41,18,18
300,LH,2462,2027-09-10,242.00,EUR,A319,220,213,64120.32,22,22,10,10
300,JL,0407,2027-09-10,1061.36,JPY,A310-300,280,272,337098.48,22,22,10,9
300,QF,0006,2027-09-10,788.64,AUD,A310-300,280,267,245227.71,22,20,10,10
300,LH,0400,2027-09-10,666.00,EUR,DC-10-10,380,367,308251.44,41,39,18,18
300,SQ,0002,2027-09-10,2320.04,SGD,A319,220,210,609057.07,22,21,10,10
300,AZ,0789,2027-09-10,1030.00,EUR,747-400,385,372,469700.60,31,30,21,20
300,LH,0401,2027-09-10,666.00,EUR,DC-10-10,380,368,310562.46,41,41,18,18
300,AZ,0790,2028-09-10,1014.00,EUR,A310-300,280,271,323587.68,22,22,10,10
300,AZ,0791,2028-09-10,1014.00,EUR,A319,220,208,261743.82,22,22,10,9
300,SQ,0325,2028-09-10,1737.55,SGD,747-400,385,381,820037.21,31,31,21,21
300,SQ,0997,2028-09-10,910.15,SGD,747-400,385,385,430701.87,31,31,21,21
300,SQ,0015,2028-09-10,2320.04,SGD,DC-10-10,380,380,1111415.61,41,41,18,18
300,UA,0007,2028-09-10,422.94,USD,A310-300,280,271,133966.43,22,21,10,10
300,AA,0017,2028-09-10,422.94,USD,747-400,385,373,192357.64,31,29,21,20
300,AA,0026,2028-09-10,611.01,USD,A310-300,280,264,189865.50,22,21,10,10
300,LH,2463,2028-09-10,242.00,EUR,A321,220,215,63466.92,22,20,11,10
300,LH,3577,2028-09-10,185.00,EUR,A321,220,214,49197.05,22,21,11,10
300,AA,0064,2028-09-10,422.94,USD,A319,220,214,111339.08,22,22,10,9
300,AZ,0555,2028-09-10,185.00,EUR,DC-10-10,380,358,82946.60,41,39,18,17
300,QF,0005,2028-09-10,788.64,AUD,747-400,385,372,359233.78,31,30,21,20
300,LH,0402,2028-09-11,666.00,EUR,747-400,385,363,293073.30,31,29,21,20
300,SQ,0067,2028-09-11,329.31,SGD,747-400,385,385,155071.14,31,31,21,21
300,LH,0454,2028-09-11,965.00,EUR,A310-300,280,262,295733.90,22,20,10,10
300,SQ,0114,2028-09-11,357.44,SGD,737-200,130,130,57605.11,10,10,8,8
300,LH,0455,2028-09-11,965.00,EUR,A319,220,212,253804.65,22,21,10,10
300,LH,2402,2028-09-11,242.00,EUR,A321,220,207,62755.44,22,20,11,11
300,SQ,0117,2028-09-11,357.44,SGD,A319,220,220,97109.44,22,22,10,10
300,UA,0941,2028-09-11,879.82,USD,A319,220,210,228252.11,22,22,10,9
300,SQ,0158,2028-09-11,494.79,SGD,A321,220,220,136492.59,22,22,11,11
300,UA,3504,2028-09-11,879.82,USD,DC-10-10,380,358,394696.79,41,39,18,17
300,LH,2407,2028-09-11,242.00,EUR,A321,220,213,63994.48,22,22,11,10
300,LH,2415,2028-09-11,242.00,EUR,727-200,189,179,54682.32,18,16,11,11
300,UA,3516,2028-09-11,611.01,USD,DC-10-10,380,370,282781.89,41,40,18,16
300,UA,3517,2028-09-11,611.01,USD,747-400,385,371,279781.83,31,31,21,20
300,LH,2436,2028-09-11,242.00,EUR,737-200,130,122,36353.24,10,10,8,7
300,LH,2462,2028-09-11,242.00,EUR,A319,220,215,63449.98,22,20,10,9
300,JL,0408,2028-09-11,1061.36,JPY,A319,220,212,279318.01,22,21,10,10
300,AZ,0788,2028-09-11,1030.00,EUR,DC-10-10,380,368,477508.00,41,41,18,17
300,LH,0400,2028-09-11,666.00,EUR,DC-10-10,380,368,307658.70,41,39,18,18
300,LH,0401,2028-09-11,666.00,EUR,DC-10-10,380,368,306613.08,41,39,18,17
300,SQ,0161,2028-09-11,494.79,SGD,A321,220,220,135369.38,22,22,11,11
300,DL,0106,2028-09-11,611.01,USD,DC-10-10,380,368,283417.37,41,40,18,18
300,DL,1699,2028-09-11,422.94,USD,DC-10-10,380,365,196227.44,41,41,18,18
300,DL,1984,2028-09-11,422.94,USD,747-400,385,368,190179.56,31,30,21,20
300,UA,0007,2028-09-11,422.94,USD,A310-300,280,267,131445.58,22,20,10,9
300,SQ,0066,2028-09-11,329.31,SGD,DC-10-10,380,373,155160.14,41,40,18,18
300,LH,2463,2028-09-11,242.00,EUR,A321,220,205,62196.42,22,20,11,11
300,LH,3577,2028-09-11,185.00,EUR,A321,220,210,48973.20,22,21,11,11
300,UA,0941,2028-09-12,879.82,USD,A319,220,211,231005.96,22,22,10,10
300,UA,3504,2028-09-12,879.82,USD,DC-10-10,380,370,405316.24,41,40,18,17
300,SQ,0326,2028-09-12,1737.55,SGD,A310-300,280,277,562931.87,22,22,10,10
300,SQ,0863,2028-09-12,512.99,SGD,A319,220,213,134952.06,22,21,10,10
300,LH,2415,2028-09-12,242.00,EUR,727-200,189,173,52801.98,18,16,11,10
300,SQ,0866,2028-09-12,512.99,SGD,DC-10-10,380,377,244198.26,41,41,18,18
300,SQ,0988,2028-09-12,910.15,SGD,DC-10-10,380,380,433241.19,41,41,18,18
300,LH,2462,2028-09-12,242.00,EUR,A319,220,213,63091.82,22,21,10,9
300,JL,0407,2028-09-12,1061.36,JPY,A310-300,280,271,333203.18,22,21,10,9
300,QF,0006,2028-09-12,788.64,AUD,A310-300,280,271,250338.22,22,21,10,10
300,SQ,0002,2028-09-12,2320.04,SGD,A319,220,220,630378.16,22,22,10,10
300,AZ,0789,2028-09-12,1030.00,EUR,747-400,385,372,467455.20,31,29,21,21
300,LH,0401,2028-09-12,666.00,EUR,DC-10-10,380,365,307112.58,41,41,18,17
300,AZ,0790,2028-09-12,1014.00,EUR,A310-300,280,264,313549.08,22,20,10,10
300,AZ,0791,2028-09-12,1014.00,EUR,A319,220,208,264714.84,22,22,10,10
300,SQ,0325,2028-09-12,1737.55,SGD,747-400,385,385,817570.08,31,31,21,21
300,SQ,0997,2028-09-12,910.15,SGD,747-400,385,385,428280.82,31,31,21,21
300,SQ,0015,2028-09-12,2320.04,SGD,DC-10-10,380,376,1099792.05,41,41,18,18
300,AA,0017,2028-09-12,422.94,USD,747-400,385,372,191719.04,31,31,21,20
300,AA,0026,2028-09-12,611.01,USD,A310-300,280,264,186352.20,22,20,10,9
300,AA,0064,2028-09-12,422.94,USD,A319,220,208,108560.34,22,21,10,9
300,AZ,0555,2028-09-12,185.00,EUR,DC-10-10,380,359,84580.15,41,39,18,18
300,QF,0005,2028-09-12,788.64,AUD,747-400,385,369,357577.40,31,29,21,21
300,LH,0402,2028-09-13,666.00,EUR,747-400,385,371,306746.28,31,31,21,21
300,SQ,0067,2028-09-13,329.31,SGD,747-400,385,378,152463.14,31,30,21,21
300,LH,0454,2028-09-13,965.00,EUR,A310-300,280,267,304621.55,22,21,10,10
300,SQ,0114,2028-09-13,357.44,SGD,737-200,130,121,53262.21,10,9,8,7
300,LH,0455,2028-09-13,965.00,EUR,A319,220,202,244627.50,22,21,10,10
300,LH,2402,2028-09-13,242.00,EUR,A321,220,204,61729.36,22,21,11,10
300,SQ,0117,2028-09-13,357.44,SGD,A319,220,220,96415.99,22,22,10,10
300,LH,2407,2028-09-13,242.00,EUR,A321,220,213,65006.04,22,21,11,11
300,UA,3517,2028-09-13,611.01,USD,747-400,385,373,281284.94,31,31,21,21
300,LH,2436,2028-09-13,242.00,EUR,737-200,130,124,37168.78,10,10,8,7
300,JL,0408,2028-09-13,1061.36,JPY,A319,220,205,270381.42,22,21,10,10
300,LH,0400,2028-09-13,666.00,EUR,DC-10-10,380,363,306160.20,41,40,18,18
300,DL,0106,2028-09-13,611.01,USD,DC-10-10,380,367,283777.82,41,40,18,17
300,DL,1699,2028-09-13,422.94,USD,DC-10-10,380,368,194078.90,41,40,18,16
300,DL,1984,2028-09-13,422.94,USD,747-400,385,374,193279.50,31,31,21,19
300,UA,0007,2028-09-13,422.94,USD,A310-300,280,271,134000.29,22,21,10,10
300,SQ,0066,2028-09-13,329.31,SGD,DC-10-10,380,380,156711.19,41,41,18,18
300,LH,2463,2028-09-13,242.00,EUR,A321,220,205,62073.00,22,20,11,11
300,LH,3577,2028-09-13,185.00,EUR,A321,220,214,49049.05,22,20,11,11
300,UA,0941,2028-09-14,879.82,USD,A319,220,213,234736.37,22,22,10,10
300,SQ,0158,2028-09-14,494.79,SGD,A321,220,220,136007.64,22,22,11,11
300,SQ,0863,2028-09-14,512.99,SGD,A319,220,220,139215.00,22,22,10,10
300,UA,3516,2028-09-14,611.01,USD,DC-10-10,380,362,277368.36,41,39,18,17
300,SQ,0866,2028-09-14,512.99,SGD,DC-10-10,380,380,245285.79,41,41,18,18
300,SQ,0988,2028-09-14,910.15,SGD,DC-10-10,380,379,435489.16,41,41,18,18
300,QF,0006,2028-09-14,788.64,AUD,A310-300,280,271,248484.89,22,21,10,9
300,AZ,0788,2028-09-14,1030.00,EUR,DC-10-10,380,363,471297.10,41,37,18,18
300,SQ,0002,2028-09-14,2320.04,SGD,A319,220,220,629125.50,22,22,10,10
300,AZ,0789,2028-09-14,1030.00,EUR,747-400,385,371,470370.10,31,30,21,20
300,AZ,0790,2028-09-14,1014.00,EUR,A310-300,280,271,319551.96,22,22,10,9
300,SQ,0161,2028-09-14,494.79,SGD,A321,220,220,137076.42,22,22,11,11
300,AZ,0791,2028-09-14,1014.00,EUR,A319,220,205,259421.76,22,21,10,10
300,SQ,0325,2028-09-14,1737.55,SGD,747-400,385,385,822921.56,31,31,21,21
300,SQ,0015,2028-09-14,2320.04,SGD,DC-10-10,380,380,1111090.60,41,41,18,18
300,AA,0017,2028-09-14,422.94,USD,747-400,385,374,194078.89,31,29,21,21
300,AA,0026,2028-09-14,611.01,USD,A310-300,280,271,194710.82,22,22,10,10
300,AZ,0555,2028-09-14,185.00,EUR,DC-10-10,380,366,84846.55,41,39,18,18
300,LH,0454,2028-09-15,965.00,EUR,A310-300,280,264,295820.75,22,21,10,9
300,LH,2402,2028-09-15,242.00,EUR,A321,220,211,64306.66,22,22,11,11
300,UA,3504,2028-09-15,879.82,USD,DC-10-10,380,367,403477.38,41,39,18,17
300,SQ,0326,2028-09-15,1737.55,SGD,A310-300,280,278,566459.20,22,22,10,10
300,LH,2407,2028-09-15,242.00,EUR,A321,220,213,64679.34,22,21,11,11
300,LH,2415,2028-09-15,242.00,EUR,727-200,189,174,53106.90,18,17,11,10
300,LH,2436,2028-09-15,242.00,EUR,737-200,130,125,37255.90,10,9,8,8
300,LH,2462,2028-09-15,242.00,EUR,A319,220,213,64909.24,22,22,10,10
300,JL,0407,2028-09-15,1061.36,JPY,A310-300,280,268,330709.03,22,20,10,10
300,JL,0408,2028-09-15,1061.36,JPY,A319,220,213,280697.80,22,22,10,10
300,LH,0400,2028-09-15,666.00,EUR,DC-10-10,380,358,302377.32,41,40,18,18
300,LH,0401,2028-09-15,666.00,EUR,DC-10-10,380,369,307352.34,41,38,18,18
300,SQ,0997,2028-09-15,910.15,SGD,747-400,385,385,428999.86,31,31,21,21
300,UA,0007,2028-09-15,422.94,USD,A310-300,280,271,133230.42,22,20,10,10
300,LH,2463,2028-09-15,242.00,EUR,A321,220,213,64749.52,22,22,11,10
300,LH,3577,2028-09-15,185.00,EUR,A321,220,205,47472.85,22,20,11,11
300,AA,0064,2028-09-15,422.94,USD,A319,220,208,110379.00,22,22,10,10
300,QF,0005,2028-09-15,788.64,AUD,747-400,385,361,346938.75,31,29,21,19
300,LH,0402,2028-09-16,666.00,EUR,747-400,385,365,295137.90,31,28,21,19
300,SQ,0067,2028-09-16,329.31,SGD,747-400,385,383,154320.45,31,31,21,21
300,SQ,0114,2028-09-16,357.44,SGD,737-200,130,125,55907.30,10,10,8,8
300,LH,0455,2028-09-16,965.00,EUR,A319,220,205,247493.55,22,21,10,10
300,SQ,0117,2028-09-16,357.44,SGD,A319,220,220,97395.37,22,22,10,10
300,SQ,0158,2028-09-16,494.79,SGD,A321,220,220,135780.04,22,22,11,11
300,SQ,0863,2028-09-16,512.99,SGD,A319,220,220,139163.70,22,22,10,10
300,UA,3516,2028-09-16,611.01,USD,DC-10-10,380,369,283673.98,41,39,18,18
300,UA,3517,2028-09-16,611.01,USD,747-400,385,369,273977.24,31,29,21,19
300,QF,0006,2028-09-16,788.64,AUD,A310-300,280,271,251576.27,22,22,10,10
300,AZ,0788,2028-09-16,1030.00,EUR,DC-10-10,380,362,468330.70,41,39,18,17
300,AZ,0789,2028-09-16,1030.00,EUR,747-400,385,373,474212.00,31,31,21,21
300,AZ,0790,2028-09-16,1014.00,EUR,A310-300,280,271,321194.64,22,21,10,10
300,SQ,0161,2028-09-16,494.79,SGD,A321,220,220,136438.13,22,22,11,11
300,DL,0106,2028-09-16,611.01,USD,DC-10-10,380,366,284034.48,41,41,18,18
300,SQ,0325,2028-09-16,1737.55,SGD,747-400,385,385,821097.22,31,31,21,21
300,DL,1699,2028-09-16,422.94,USD,DC-10-10,380,368,195013.67,41,41,18,17
300,DL,1984,2028-09-16,422.94,USD,747-400,385,372,192433.72,31,30,21,20
300,SQ,0015,2028-09-16,2320.04,SGD,DC-10-10,380,370,1085338.27,41,40,18,18
300,SQ,0066,2028-09-16,329.31,SGD,DC-10-10,380,380,157593.64,41,41,18,18
300,AA,0017,2028-09-16,422.94,USD,747-400,385,369,190665.81,31,30,21,20
300,AA,0026,2028-09-16,611.01,USD,A310-300,280,264,189651.65,22,21,10,10
300,AZ,0555,2028-09-16,185.00,EUR,DC-10-10,380,358,84361.85,41,40,18,18
300,LH,0454,2028-09-17,965.00,EUR,A310-300,280,271,301485.30,22,22,10,8
300,LH,2402,2028-09-17,242.00,EUR,A321,220,211,64686.60,22,22,11,11
300,UA,0941,2028-09-17,879.82,USD,A319,220,214,231199.51,22,21,10,9
300,UA,3504,2028-09-17,879.82,USD,DC-10-10,380,369,408114.03,41,39,18,18
300,SQ,0326,2028-09-17,1737.55,SGD,A310-300,280,280,567831.79,22,22,10,10
300,LH,2407,2028-09-17,242.00,EUR,A321,220,206,62155.28,22,20,11,11
300,LH,2415,2028-09-17,242.00,EUR,727-200,189,182,56269.84,18,18,11,11
300,SQ,0866,2028-09-17,512.99,SGD,DC-10-10,380,380,244244.40,41,41,18,18
300,LH,2436,2028-09-17,242.00,EUR,737-200,130,128,37268.00,10,9,8,7
300,SQ,0988,2028-09-17,910.15,SGD,DC-10-10,380,380,432522.10,41,41,18,18
300,LH,2462,2028-09-17,242.00,EUR,A319,220,206,61351.84,22,20,10,9
300,JL,0407,2028-09-17,1061.36,JPY,A310-300,280,263,330305.65,22,21,10,10
300,JL,0408,2028-09-17,1061.36,JPY,A319,220,212,275560.78,22,20,10,10
300,LH,0400,2028-09-17,666.00,EUR,DC-10-10,380,368,304681.68,41,39,18,17
300,SQ,0002,2028-09-17,2320.04,SGD,A319,220,210,606574.59,22,21,10,10
300,LH,0401,2028-09-17,666.00,EUR,DC-10-10,380,366,307791.90,41,40,18,17
300,AZ,0791,2028-09-17,1014.00,EUR,A319,220,213,265799.82,22,21,10,10
300,SQ,0997,2028-09-17,910.15,SGD,747-400,385,385,428062.36,31,31,21,21
300,UA,0007,2028-09-17,422.94,USD,A310-300,280,264,131843.23,22,21,10,10
300,LH,2463,2028-09-17,242.00,EUR,A321,220,212,64154.20,22,22,11,10
300,LH,3577,2028-09-17,185.00,EUR,A321,220,210,48740.10,22,21,11,11
300,AA,0064,2028-09-17,422.94,USD,A319,220,211,111977.65,22,22,10,10
300,QF,0005,2028-09-17,788.64,AUD,747-400,385,373,363578.97,31,31,21,21
300,LH,0402,2028-09-18,666.00,EUR,747-400,385,364,298767.60,31,30,21,20
300,SQ,0067,2028-09-18,329.31,SGD,747-400,385,385,155482.82,31,31,21,21
300,SQ,0114,2028-09-18,357.44,SGD,737-200,130,125,55993.10,10,10,8,8
300,LH,0455,2028-09-18,965.00,EUR,A319,220,205,244173.95,22,19,10,10
300,SQ,0117,2028-09-18,357.44,SGD,A319,220,215,95987.24,22,22,10,10
300,SQ,0158,2028-09-18,494.79,SGD,A321,220,217,135102.21,22,22,11,11
300,SQ,0863,2028-09-18,512.99,SGD,A319,220,211,133864.52,22,21,10,10
300,UA,3516,2028-09-18,611.01,USD,DC-10-10,380,366,281957.03,41,40,18,17
300,UA,3517,2028-09-18,611.01,USD,747-400,385,373,279396.92,31,31,21,20
300,QF,0006,2028-09-18,788.64,AUD,A310-300,280,271,251387.04,22,22,10,10
300,AZ,0788,2028-09-18,1030.00,EUR,DC-10-10,380,368,472388.90,41,40,18,16
300,AZ,0789,2028-09-18,1030.00,EUR,747-400,385,370,462150.70,31,30,21,19
300,AZ,0790,2028-09-18,1014.00,EUR,A310-300,280,271,319724.34,22,22,10,9
300,SQ,0161,2028-09-18,494.79,SGD,A321,220,219,136457.94,22,22,11,11
300,DL,0106,2028-09-18,611.01,USD,DC-10-10,380,369,280900.01,41,39,18,17
300,SQ,0325,2028-09-18,1737.55,SGD,747-400,385,383,816979.34,31,31,21,21
300,DL,1699,2028-09-18,422.94,USD,DC-10-10,380,369,196007.47,41,38,18,18
300,DL,1984,2028-09-18,422.94,USD,747-400,385,373,193465.82,31,29,21,21
300,SQ,0015,2028-09-18,2320.04,SGD,DC-10-10,380,373,1085106.11,41,40,18,18
300,SQ,0066,2028-09-18,329.31,SGD,DC-10-10,380,380,158311.75,41,41,18,18
300,AA,0017,2028-09-18,422.94,USD,747-400,385,368,189870.71,31,30,21,19
300,AA,0026,2028-09-18,611.01,USD,A310-300,280,267,191839.08,22,22,10,10
300,AZ,0555,2028-09-18,185.00,EUR,DC-10-10,380,364,84822.50,41,39,18,17
300,LH,0454,2028-09-19,965.00,EUR,A310-300,280,271,307526.20,22,21,10,10
300,LH,2402,2028-09-19,242.00,EUR,A321,220,204,61678.54,22,19,11,11
300,UA,0941,2028-09-19,879.82,USD,A319,220,214,234023.71,22,21,10,10
300,UA,3504,2028-09-19,879.82,USD,DC-10-10,380,366,404981.82,41,40,18,17
300,SQ,0326,2028-09-19,1737.55,SGD,A310-300,280,280,569829.87,22,22,10,10
300,LH,2407,2028-09-19,242.00,EUR,A321,220,211,64541.40,22,22,11,11
300,LH,2415,2028-09-19,242.00,EUR,727-200,189,183,55703.56,18,17,11,11
300,SQ,0866,2028-09-19,512.99,SGD,DC-10-10,380,371,239683.94,41,40,18,18
300,LH,2436,2028-09-19,242.00,EUR,737-200,130,119,36036.22,10,10,8,7
300,SQ,0988,2028-09-19,910.15,SGD,DC-10-10,380,380,435216.15,41,41,18,18
300,LH,2462,2028-09-19,242.00,EUR,A319,220,203,61608.36,22,20,10,10
300,JL,0407,2028-09-19,1061.36,JPY,A310-300,280,266,329361.14,22,20,10,10
300,JL,0408,2028-09-19,1061.36,JPY,A319,220,213,279042.06,22,22,10,10
300,LH,0400,2028-09-19,666.00,EUR,DC-10-10,380,368,309017.34,41,41,18,17
300,SQ,0002,2028-09-19,2320.04,SGD,A319,220,220,629357.35,22,22,10,10
300,LH,0401,2028-09-19,666.00,EUR,DC-10-10,380,368,308930.76,41,40,18,17
300,AZ,0791,2028-09-19,1014.00,EUR,A319,220,207,258985.74,22,21,10,9
300,SQ,0997,2028-09-19,910.15,SGD,747-400,385,385,430710.91,31,31,21,21
300,UA,0007,2028-09-19,422.94,USD,A310-300,280,269,135442.38,22,22,10,10
300,LH,2463,2028-09-19,242.00,EUR,A321,220,209,63730.70,22,22,11,11
300,LH,3577,2028-09-19,185.00,EUR,A321,220,213,49095.30,22,22,11,10
300,AA,0064,2028-09-19,422.94,USD,A319,220,205,108264.37,22,21,10,10
300,QF,0005,2028-09-19,788.64,AUD,747-400,385,371,359896.07,31,30,21,21
300,LH,0402,2028-09-20,666.00,EUR,747-400,385,374,302477.22,31,29,21,20
300,SQ,0067,2028-09-20,329.31,SGD,747-400,385,385,155733.20,31,31,21,21
300,SQ,0114,2028-09-20,357.44,SGD,737-200,130,130,57326.26,10,10,8,8
300,LH,0455,2028-09-20,965.00,EUR,A319,220,214,254798.60,22,21,10,10
300,SQ,0117,2028-09-20,357.44,SGD,A319,220,218,96423.20,22,22,10,10
300,SQ,0158,2028-09-20,494.79,SGD,A321,220,215,134221.47,22,22,11,11
300,UA,3516,2028-09-20,611.01,USD,DC-10-10,380,360,279280.82,41,40,18,18
300,UA,3517,2028-09-20,611.01,USD,747-400,385,374,276470.21,31,28,21,21
300,AZ,0788,2028-09-20,1030.00,EUR,DC-10-10,380,357,464313.70,41,39,18,17
300,SQ,0161,2028-09-20,494.79,SGD,A321,220,220,136215.45,22,22,11,11
300,DL,0106,2028-09-20,611.01,USD,DC-10-10,380,366,281877.63,41,40,18,18
300,DL,1699,2028-09-20,422.94,USD,DC-10-10,380,366,194649.90,41,40,18,17
300,DL,1984,2028-09-20,422.94,USD,747-400,385,367,190691.19,31,30,21,20
300,SQ,0066,2028-09-20,329.31,SGD,DC-10-10,380,380,156289.62,41,41,18,18
300,UA,0941,2028-09-21,879.82,USD,A319,220,204,222823.58,22,19,10,10
300,UA,3504,2028-09-21,879.82,USD,DC-10-10,380,368,411730.06,41,41,18,18
300,SQ,0326,2028-09-21,1737.55,SGD,A310-300,280,280,569378.13,22,22,10,10
300,SQ,0863,2028-09-21,512.99,SGD,A319,220,219,138943.12,22,22,10,10
300,LH,2415,2028-09-21,242.00,EUR,727-200,189,182,56402.94,18,18,11,11
300,SQ,0866,2028-09-21,512.99,SGD,DC-10-10,380,372,240150.76,41,40,18,18
300,SQ,0988,2028-09-21,910.15,SGD,DC-10-10,380,377,432485.70,41,41,18,18
300,LH,2462,2028-09-21,242.00,EUR,A319,220,208,62682.84,22,22,10,10
300,JL,0407,2028-09-21,1061.36,JPY,A310-300,280,261,325741.88,22,21,10,10
300,QF,0006,2028-09-21,788.64,AUD,A310-300,280,267,246915.45,22,22,10,9
300,SQ,0002,2028-09-21,2320.04,SGD,A319,220,220,628916.58,22,22,10,10
300,AZ,0789,2028-09-21,1030.00,EUR,747-400,385,365,466136.80,31,30,21,21
300,LH,0401,2028-09-21,666.00,EUR,DC-10-10,380,358,299453.58,41,38,18,18
300,AZ,0790,2028-09-21,1014.00,EUR,A310-300,280,271,320707.92,22,21,10,9
300,AZ,0791,2028-09-21,1014.00,EUR,A319,220,215,266245.98,22,21,10,9
300,SQ,0325,2028-09-21,1737.55,SGD,747-400,385,385,821948.56,31,31,21,21
300,SQ,0997,2028-09-21,910.15,SGD,747-400,385,384,429718.75,31,31,21,21
300,SQ,0015,2028-09-21,2320.04,SGD,DC-10-10,380,380,1114640.33,41,41,18,18
300,AA,0017,2028-09-21,422.94,USD,747-400,385,372,192721.23,31,30,21,20
300,AA,0026,2028-09-21,611.01,USD,A310-300,280,271,194594.71,22,21,10,10
300,AA,0064,2028-09-21,422.94,USD,A319,220,212,110708.91,22,22,10,9
300,AZ,0555,2028-09-21,185.00,EUR,DC-10-10,380,358,84010.35,41,40,18,17
300,QF,0005,2028-09-21,788.64,AUD,747-400,385,372,361757.12,31,31,21,21
300,LH,0402,2028-09-22,666.00,EUR,747-400,385,371,305900.46,31,30,21,21
300,SQ,0067,2028-09-22,329.31,SGD,747-400,385,385,155472.96,31,31,21,21
300,LH,0454,2028-09-22,965.00,EUR,A310-300,280,271,305306.70,22,22,10,9
300,SQ,0114,2028-09-22,357.44,SGD,737-200,130,130,57111.84,10,10,8,8
300,LH,0455,2028-09-22,965.00,EUR,A319,220,210,250678.05,22,20,10,10
300,LH,2402,2028-09-22,242.00,EUR,A321,220,207,62578.78,22,20,11,11
300,SQ,0117,2028-09-22,357.44,SGD,A319,220,220,97570.58,22,22,10,10
300,LH,2407,2028-09-22,242.00,EUR,A321,220,213,64960.06,22,22,11,11
300,UA,3517,2028-09-22,611.01,USD,747-400,385,371,276873.45,31,30,21,20
300,LH,2436,2028-09-22,242.00,EUR,737-200,130,128,37856.06,10,9,8,8
300,JL,0408,2028-09-22,1061.36,JPY,A319,220,206,268566.39,22,20,10,9
300,LH,0400,2028-09-22,666.00,EUR,DC-10-10,380,369,308597.76,41,38,18,18
300,DL,0106,2028-09-22,611.01,USD,DC-10-10,380,370,280997.77,41,40,18,16
300,DL,1699,2028-09-22,422.94,USD,DC-10-10,380,370,196654.60,41,40,18,17
300,DL,1984,2028-09-22,422.94,USD,747-400,385,373,194954.30,31,31,21,21
300,UA,0007,2028-09-22,422.94,USD,A310-300,280,272,134220.12,22,22,10,9
300,SQ,0066,2028-09-22,329.31,SGD,DC-10-10,380,380,156971.26,41,41,18,18
300,LH,2463,2028-09-22,242.00,EUR,A321,220,211,64882.62,22,22,11,11
300,LH,3577,2028-09-22,185.00,EUR,A321,220,212,49422.75,22,22,11,10
300,UA,0941,2028-09-23,879.82,USD,A319,220,207,224908.76,22,21,10,9
300,SQ,0158,2028-09-23,494.79,SGD,A321,220,220,135834.46,22,22,11,11
300,SQ,0863,2028-09-23,512.99,SGD,A319,220,220,139466.37,22,22,10,10
300,UA,3516,2028-09-23,611.01,USD,DC-10-10,380,363,277649.40,41,39,18,16
300,SQ,0866,2028-09-23,512.99,SGD,DC-10-10,380,375,241735.90,41,40,18,18
300,SQ,0988,2028-09-23,910.15,SGD,DC-10-10,380,380,433668.91,41,41,18,18
300,QF,0006,2028-09-23,788.64,AUD,A310-300,280,271,250574.69,22,21,10,10
300,AZ,0788,2028-09-23,1030.00,EUR,DC-10-10,380,370,477878.80,41,39,18,18
300,SQ,0002,2028-09-23,2320.04,SGD,A319,220,220,631723.82,22,22,10,10
300,AZ,0789,2028-09-23,1030.00,EUR,747-400,385,373,469154.70,31,29,21,20
300,AZ,0790,2028-09-23,1014.00,EUR,A310-300,280,271,323973.00,22,21,10,10
300,SQ,0161,2028-09-23,494.79,SGD,A321,220,220,136314.42,22,22,11,11
300,AZ,0791,2028-09-23,1014.00,EUR,A319,220,210,260314.08,22,21,10,9
300,SQ,0325,2028-09-23,1737.55,SGD,747-400,385,380,820506.25,31,31,21,21
300,SQ,0015,2028-09-23,2320.04,SGD,DC-10-10,380,373,1084479.65,41,40,18,18
300,AA,0017,2028-09-23,422.94,USD,747-400,385,373,192945.46,31,29,21,21
300,AA,0026,2028-09-23,611.01,USD,A310-300,280,265,190916.43,22,21,10,10
300,AZ,0555,2028-09-23,185.00,EUR,DC-10-10,380,369,85105.55,41,39,18,17
300,LH,0454,2028-09-24,965.00,EUR,A310-300,280,267,300867.70,22,21,10,10
300,LH,2402,2028-09-24,242.00,EUR,A321,220,214,64018.68,22,22,11,9
300,UA,3504,2028-09-24,879.82,USD,DC-10-10,380,359,395488.58,41,39,18,16
300,SQ,0326,2028-09-24,1737.55,SGD,A310-300,280,276,562393.24,22,22,10,10
300,LH,2407,2028-09-24,242.00,EUR,A321,220,213,63854.12,22,20,11,11
300,LH,2415,2028-09-24,242.00,EUR,727-200,189,178,54975.14,18,17,11,11
300,LH,2436,2028-09-24,242.00,EUR,737-200,130,114,34083.28,10,8,8,7
300,LH,2462,2028-09-24,242.00,EUR,A319,220,208,62861.92,22,22,10,10
300,JL,0407,2028-09-24,1061.36,JPY,A310-300,280,271,338244.49,22,22,10,10
300,JL,0408,2028-09-24,1061.36,JPY,A319,220,203,268364.73,22,20,10,10
300,LH,0400,2028-09-24,666.00,EUR,DC-10-10,380,366,305094.60,41,40,18,17
300,LH,0401,2028-09-24,666.00,EUR,DC-10-10,380,368,308084.94,41,39,18,18
300,SQ,0997,2028-09-24,910.15,SGD,747-400,385,385,429900.88,31,31,21,21
300,UA,0007,2028-09-24,422.94,USD,A310-300,280,263,128831.93,22,20,10,9
300,LH,2463,2028-09-24,242.00,EUR,A321,220,213,63933.98,22,20,11,11
300,LH,3577,2028-09-24,185.00,EUR,A321,220,203,47426.60,22,21,11,11
300,AA,0064,2028-09-24,422.94,USD,A319,220,215,110797.66,22,20,10,10
300,QF,0005,2028-09-24,788.64,AUD,747-400,385,370,355637.42,31,29,21,20
300,LH,0402,2028-09-25,666.00,EUR,747-400,385,373,303715.98,31,30,21,20
300,SQ,0067,2028-09-25,329.31,SGD,747-400,385,378,152311.59,31,30,21,21
300,SQ,0114,2028-09-25,357.44,SGD,737-200,130,126,56261.16,10,10,8,8
300,LH,0455,2028-09-25,965.00,EUR,A319,220,213,255387.25,22,21,10,10
300,SQ,0117,2028-09-25,357.44,SGD,A319,220,219,96877.12,22,22,10,10
300,UA,0941,2028-09-25,879.82,USD,A319,220,214,230284.47,22,21,10,9
300,SQ,0158,2028-09-25,494.79,SGD,A321,220,212,129629.81,22,21,11,11
300,SQ,0863,2028-09-25,512.99,SGD,A319,220,220,139456.11,22,22,10,10
300,UA,3516,2028-09-25,611.01,USD,DC-10-10,380,367,285403.13,41,41,18,18
300,SQ,0866,2028-09-25,512.99,SGD,DC-10-10,380,377,243331.29,41,41,18,18
300,UA,3517,2028-09-25,611.01,USD,747-400,385,371,275938.61,31,31,21,19
300,SQ,0988,2028-09-25,910.15,SGD,DC-10-10,380,380,435206.96,41,41,18,18
300,QF,0006,2028-09-25,788.64,AUD,A310-300,280,267,245779.81,22,21,10,9
300,AZ,0788,2028-09-25,1030.00,EUR,DC-10-10,380,365,474387.10,41,39,18,18
300,SQ,0002,2028-09-25,2320.04,SGD,A319,220,210,606899.36,22,21,10,10
300,AZ,0789,2028-09-25,1030.00,EUR,747-400,385,366,465611.50,31,30,21,21
300,AZ,0790,2028-09-25,1014.00,EUR,A310-300,280,271,319491.12,22,21,10,9
300,SQ,0161,2028-09-25,494.79,SGD,A321,220,218,133825.61,22,22,11,11
300,AZ,0791,2028-09-25,1014.00,EUR,A319,220,213,269947.08,22,21,10,10
300,DL,0106,2028-09-25,611.01,USD,DC-10-10,380,364,279971.26,41,40,18,17
300,SQ,0325,2028-09-25,1737.55,SGD,747-400,385,375,802991.88,31,30,21,20
300,DL,1699,2028-09-25,422.94,USD,DC-10-10,380,364,194929.05,41,39,18,18
300,DL,1984,2028-09-25,422.94,USD,747-400,385,373,191270.57,31,30,21,19
300,SQ,0015,2028-09-25,2320.04,SGD,DC-10-10,380,375,1090674.32,41,40,18,18
300,SQ,0066,2028-09-25,329.31,SGD,DC-10-10,380,380,157567.37,41,41,18,18
300,AA,0017,2028-09-25,422.94,USD,747-400,385,371,192336.42,31,30,21,20
300,AA,0026,2028-09-25,611.01,USD,A310-300,280,271,193806.52,22,21,10,10
300,AZ,0555,2028-09-25,185.00,EUR,DC-10-10,380,367,85283.15,41,40,18,17
300,LH,0454,2028-09-26,965.00,EUR,A310-300,280,262,297934.10,22,21,10,10
300,LH,2402,2028-09-26,242.00,EUR,A321,220,213,64614.00,22,22,11,10
300,UA,3504,2028-09-26,879.82,USD,DC-10-10,380,362,402509.60,41,40,18,18
300,SQ,0326,2028-09-26,1737.55,SGD,A310-300,280,279,565573.00,22,22,10,10
300,LH,2407,2028-09-26,242.00,EUR,A321,220,213,64916.50,22,22,11,11
300,LH,2415,2028-09-26,242.00,EUR,727-200,189,179,55229.24,18,18,11,11
300,LH,2436,2028-09-26,242.00,EUR,737-200,130,121,36074.94,10,9,8,8
300,LH,2462,2028-09-26,242.00,EUR,A319,220,210,62723.98,22,21,10,9
300,JL,0407,2028-09-26,1061.36,JPY,A310-300,280,271,338340.20,22,22,10,10
300,JL,0408,2028-09-26,1061.36,JPY,A319,220,213,281589.30,22,21,10,10
300,LH,0400,2028-09-26,666.00,EUR,DC-10-10,380,363,303183.18,41,39,18,17
300,LH,0401,2028-09-26,666.00,EUR,DC-10-10,380,357,298168.20,41,39,18,17
300,SQ,0997,2028-09-26,910.15,SGD,747-400,385,385,427989.63,31,31,21,21
300,UA,0007,2028-09-26,422.94,USD,A310-300,280,272,134186.28,22,21,10,9
300,LH,2463,2028-09-26,242.00,EUR,A321,220,210,64231.64,22,22,11,11
300,LH,3577,2028-09-26,185.00,EUR,A321,220,213,49518.95,22,22,11,11
300,AA,0064,2028-09-26,422.94,USD,A319,220,205,106593.69,22,20,10,9
300,QF,0005,2028-09-26,788.64,AUD,747-400,385,368,357317.29,31,31,21,20
300,LH,0402,2028-09-27,666.00,EUR,747-400,385,109,90116.46,31,9,21,6
300,SQ,0067,2028-09-27,329.31,SGD,747-400,385,127,51269.97,31,10,21,7
300,SQ,0114,2028-09-27,357.44,SGD,737-200,130,37,15727.39,10,3,8,2
300,LH,0455,2028-09-27,965.00,EUR,A319,220,107,126588.70,22,11,10,4
300,SQ,0117,2028-09-27,357.44,SGD,A319,220,46,20484.90,22,5,10,2
300,SQ,0158,2028-09-27,494.79,SGD,A321,220,85,52907.83,22,9,11,4
300,SQ,0863,2028-09-27,512.99,SGD,A319,220,93,58408.95,22,9,10,4
300,UA,3516,2028-09-27,611.01,USD,DC-10-10,380,125,95592.63,41,14,18,5
300,UA,3517,2028-09-27,611.01,USD,747-400,385,123,90851.20,31,10,21,6
300,QF,0006,2028-09-27,788.64,AUD,A310-300,280,88,82121.14,22,7,10,3
300,AZ,0788,2028-09-27,1030.00,EUR,DC-10-10,380,169,220553.90,41,19,18,8
300,AZ,0789,2028-09-27,1030.00,EUR,747-400,385,260,330382.80,31,21,21,15
300,AZ,0790,2028-09-27,1014.00,EUR,A310-300,280,89,105963.00,22,7,10,3
300,SQ,0161,2028-09-27,494.79,SGD,A321,220,145,89903.20,22,15,11,7
300,DL,0106,2028-09-27,611.01,USD,DC-10-10,380,80,63056.30,41,9,18,4
300,SQ,0325,2028-09-27,1737.55,SGD,747-400,385,252,537389.92,31,20,21,14
300,DL,1699,2028-09-27,422.94,USD,DC-10-10,380,195,103214.43,41,20,18,10
300,DL,1984,2028-09-27,422.94,USD,747-400,385,121,63559.51,31,10,21,7
300,SQ,0015,2028-09-27,2320.04,SGD,DC-10-10,380,80,238082.53,41,9,18,4
300,SQ,0066,2028-09-27,329.31,SGD,DC-10-10,380,49,20087.84,41,5,18,2
300,AA,0017,2028-09-27,422.94,USD,747-400,385,198,104094.14,31,17,21,11
300,AA,0026,2028-09-27,611.01,USD,A310-300,280,80,58265.99,22,7,10,3
300,AZ,0555,2028-09-27,185.00,EUR,DC-10-10,380,23,5392.75,41,3,18,1
300,LH,0454,2028-09-28,965.00,EUR,A310-300,280,175,200720.00,22,14,10,7
300,LH,2402,2028-09-28,242.00,EUR,A321,220,91,28246.24,22,10,11,5
300,UA,0941,2028-09-28,879.82,USD,A319,220,144,156951.37,22,14,10,7
300,UA,3504,2028-09-28,879.82,USD,DC-10-10,380,197,216805.61,41,21,18,9
300,SQ,0326,2028-09-28,1737.55,SGD,A310-300,280,125,254186.28,22,10,10,4
300,LH,2407,2028-09-28,242.00,EUR,A321,220,83,24671.90,22,8,11,4
300,LH,2415,2028-09-28,242.00,EUR,727-200,189,75,22464.86,18,7,11,4
300,SQ,0866,2028-09-28,512.99,SGD,DC-10-10,380,102,65765.21,41,11,18,5
300,LH,2436,2028-09-28,242.00,EUR,737-200,130,64,18464.60,10,5,8,3
300,SQ,0988,2028-09-28,910.15,SGD,DC-10-10,380,259,296672.88,41,28,18,12
300,LH,2462,2028-09-28,242.00,EUR,A319,220,78,23379.62,22,7,10,4
300,JL,0407,2028-09-28,1061.36,JPY,A310-300,280,116,142763.45,22,9,10,4
300,JL,0408,2028-09-28,1061.36,JPY,A319,220,0,0.00,22,0,10,0
300,LH,0400,2028-09-28,666.00,EUR,DC-10-10,380,180,150442.74,41,19,18,9
300,SQ,0002,2028-09-28,2320.04,SGD,A319,220,151,437652.47,22,15,10,7
300,LH,0401,2028-09-28,666.00,EUR,DC-10-10,380,267,225281.16,41,30,18,13
300,AZ,0791,2028-09-28,1014.00,EUR,A319,220,127,159400.80,22,12,10,6
300,SQ,0997,2028-09-28,910.15,SGD,747-400,385,0,0.00,31,0,21,0
300,UA,0007,2028-09-28,422.94,USD,A310-300,280,73,36470.14,22,5,10,3
300,LH,2463,2028-09-28,242.00,EUR,A321,220,134,40179.26,22,12,11,7
300,LH,3577,2028-09-28,185.00,EUR,A321,220,30,7335.25,22,3,11,2
300,AA,0064,2028-09-28,422.94,USD,A319,220,114,59089.06,22,11,10,5
300,QF,0005,2028-09-28,788.64,AUD,747-400,385,27,26995.19,31,2,21,2
300,LH,0402,2028-09-29,666.00,EUR,747-400,385,206,169250.58,31,16,21,12
300,SQ,0067,2028-09-29,329.31,SGD,747-400,385,8,3046.09,31,1,21,0
300,SQ,0114,2028-09-29,357.44,SGD,737-200,130,61,27262.00,10,5,8,4
300,LH,0455,2028-09-29,965.00,EUR,A319,220,157,183494.75,22,15,10,6
300,SQ,0117,2028-09-29,357.44,SGD,A319,220,5,2251.87,22,1,10,0
300,SQ,0158,2028-09-29,494.79,SGD,A321,220,58,36381.86,22,6,11,3
300,UA,3516,2028-09-29,611.01,USD,DC-10-10,380,125,96784.11,41,14,18,6
300,UA,3517,2028-09-29,611.01,USD,747-400,385,122,91364.46,31,10,21,7
300,AZ,0788,2028-09-29,1030.00,EUR,DC-10-10,380,63,79237.90,41,7,18,2
300,SQ,0161,2028-09-29,494.79,SGD,A321,220,37,23378.79,22,4,11,2
300,DL,0106,2028-09-29,611.01,USD,DC-10-10,380,42,32737.96,41,5,18,2
300,DL,1699,2028-09-29,422.94,USD,DC-10-10,380,177,94159.27,41,19,18,9
300,DL,1984,2028-09-29,422.94,USD,747-400,385,15,7866.67,31,1,21,1
300,SQ,0066,2028-09-29,329.31,SGD,DC-10-10,380,222,92255.69,41,24,18,11
300,UA,0941,2028-09-30,879.82,USD,A319,220,26,28761.36,22,3,10,1
300,UA,3504,2028-09-30,879.82,USD,DC-10-10,380,49,53915.48,41,6,18,2
300,SQ,0326,2028-09-30,1737.55,SGD,A310-300,280,137,281709.12,22,11,10,5
300,SQ,0863,2028-09-30,512.99,SGD,A319,220,166,106111.81,22,17,10,8
300,LH,2415,2028-09-30,242.00,EUR,727-200,189,94,29294.10,18,9,11,6
300,SQ,0866,2028-09-30,512.99,SGD,DC-10-10,380,7,4232.16,41,1,18,0
300,SQ,0988,2028-09-30,910.15,SGD,DC-10-10,380,74,85991.11,41,8,18,4
300,LH,2462,2028-09-30,242.00,EUR,A319,220,76,23290.08,22,8,10,4
300,JL,0407,2028-09-30,1061.36,JPY,A310-300,280,40,48164.51,22,3,10,1
300,QF,0006,2028-09-30,788.64,AUD,A310-300,280,82,76521.85,22,7,10,3
300,SQ,0002,2028-09-30,2320.04,SGD,A319,220,149,432989.09,22,15,10,7
300,AZ,0789,2028-09-30,1030.00,EUR,747-400,385,144,184812.90,31,12,21,8
300,LH,0401,2028-09-30,666.00,EUR,DC-10-10,380,120,100546.02,41,13,18,6
300,AZ,0790,2028-09-30,1014.00,EUR,A310-300,280,121,148013.58,22,10,10,5
300,AZ,0791,2028-09-30,1014.00,EUR,A319,220,9,13232.70,22,1,10,1
300,SQ,0325,2028-09-30,1737.55,SGD,747-400,385,212,453344.45,31,17,21,12
300,SQ,0997,2028-09-30,910.15,SGD,747-400,385,140,157574.42,31,11,21,8
300,SQ,0015,2028-09-30,2320.04,SGD,DC-10-10,380,227,661582.88,41,24,18,11
300,AA,0017,2028-09-30,422.94,USD,747-400,385,212,109964.47,31,18,21,11
300,AA,0026,2028-09-30,611.01,USD,A310-300,280,109,76767.40,22,9,10,3
300,AA,0064,2028-09-30,422.94,USD,A319,220,75,38259.19,22,7,10,3
300,AZ,0555,2028-09-30,185.00,EUR,DC-10-10,380,158,36866.80,41,17,18,7
300,QF,0005,2028-09-30,788.64,AUD,747-400,385,191,185803.65,31,16,21,11
300,LH,0402,2028-10-01,666.00,EUR,747-400,385,55,45687.60,31,5,21,3
300,SQ,0067,2028-10-01,329.31,SGD,747-400,385,186,75154.64,31,15,21,10
300,LH,0454,2028-10-01,965.00,EUR,A310-300,280,200,227103.10,22,16,10,7
300,SQ,0114,2028-10-01,357.44,SGD,737-200,130,78,34653.88,10,6,8,5
300,LH,0455,2028-10-01,965.00,EUR,A319,220,106,127022.95,22,11,10,5
300,LH,2402,2028-10-01,242.00,EUR,A321,220,55,17293.32,22,6,11,3
300,SQ,0117,2028-10-01,357.44,SGD,A319,220,117,51249.81,22,12,10,5
300,LH,2407,2028-10-01,242.00,EUR,A321,220,84,25354.34,22,9,11,4
300,UA,3517,2028-10-01,611.01,USD,747-400,385,7,5150.82,31,1,21,0
300,LH,2436,2028-10-01,242.00,EUR,737-200,130,50,14653.10,10,4,8,3
300,JL,0408,2028-10-01,1061.36,JPY,A319,220,129,172672.50,22,14,10,6
300,LH,0400,2028-10-01,666.00,EUR,DC-10-10,380,104,88218.36,41,12,18,5
300,DL,0106,2028-10-01,611.01,USD,DC-10-10,380,46,33819.44,41,5,18,1
300,DL,1699,2028-10-01,422.94,USD,DC-10-10,380,257,137442.95,41,29,18,12
300,DL,1984,2028-10-01,422.94,USD,747-400,385,121,61504.01,31,9,21,6
300,UA,0007,2028-10-01,422.94,USD,A310-300,280,85,42738.14,22,7,10,3
300,SQ,0066,2028-10-01,329.31,SGD,DC-10-10,380,16,7129.51,41,2,18,1
300,LH,2463,2028-10-01,242.00,EUR,A321,220,85,24899.38,22,9,11,3
300,LH,3577,2028-10-01,185.00,EUR,A321,220,55,12885.25,22,6,11,3
300,UA,0941,2028-10-02,879.82,USD,A319,220,61,66778.46,22,6,10,3
300,SQ,0158,2028-10-02,494.79,SGD,A321,220,92,56841.37,22,9,11,5
300,SQ,0863,2028-10-02,512.99,SGD,A319,220,140,87931.47,22,14,10,6
300,UA,3516,2028-10-02,611.01,USD,DC-10-10,380,142,107238.52,41,14,18,7
300,SQ,0866,2028-10-02,512.99,SGD,DC-10-10,380,154,99340.36,41,17,18,7
300,SQ,0988,2028-10-02,910.15,SGD,DC-10-10,380,189,215997.10,41,20,18,9
300,QF,0006,2028-10-02,788.64,AUD,A310-300,280,161,148950.49,22,13,10,6
300,AZ,0788,2028-10-02,1030.00,EUR,DC-10-10,380,238,311193.90,41,26,18,12
300,SQ,0002,2028-10-02,2320.04,SGD,A319,220,52,148413.02,22,5,10,2
300,AZ,0789,2028-10-02,1030.00,EUR,747-400,385,126,160906.60,31,11,21,7
300,AZ,0790,2028-10-02,1014.00,EUR,A310-300,280,110,131120.34,22,9,10,4
300,SQ,0161,2028-10-02,494.79,SGD,A321,220,71,44352.91,22,7,11,4
300,AZ,0791,2028-10-02,1014.00,EUR,A319,220,113,143166.66,22,12,10,5
300,SQ,0325,2028-10-02,1737.55,SGD,747-400,385,30,63472.75,31,2,21,2
300,SQ,0015,2028-10-02,2320.04,SGD,DC-10-10,380,174,506325.58,41,19,18,8
300,AA,0017,2028-10-02,422.94,USD,747-400,385,124,63204.27,31,9,21,7
300,AA,0026,2028-10-02,611.01,USD,A310-300,280,172,122617.63,22,14,10,5
300,AZ,0555,2028-10-02,185.00,EUR,DC-10-10,380,72,16860.90,41,8,18,4
300,LH,0402,2028-10-03,666.00,EUR,747-400,385,156,126566.64,31,13,21,8
300,SQ,0067,2028-10-03,329.31,SGD,747-400,385,15,6042.78,31,1,21,1
300,LH,0454,2028-10-03,965.00,EUR,A310-300,280,124,138969.65,22,10,10,4
300,SQ,0114,2028-10-03,357.44,SGD,737-200,130,16,7041.59,10,1,8,1
300,LH,0455,2028-10-03,965.00,EUR,A319,220,120,144557.00,22,12,10,6
300,LH,2402,2028-10-03,242.00,EUR,A321,220,58,17893.48,22,6,11,3
300,SQ,0117,2028-10-03,357.44,SGD,A319,220,136,60378.85,22,14,10,6
300,UA,3504,2028-10-03,879.82,USD,DC-10-10,380,23,25646.81,41,3,18,1
300,SQ,0326,2028-10-03,1737.55,SGD,A310-300,280,34,69832.15,22,3,10,1
300,LH,2407,2028-10-03,242.00,EUR,A321,220,41,12305.70,22,4,11,2
300,LH,2415,2028-10-03,242.00,EUR,727-200,189,59,18781.62,18,6,11,4
300,UA,3517,2028-10-03,611.01,USD,747-400,385,232,171419.09,31,18,21,12
300,LH,2436,2028-10-03,242.00,EUR,737-200,130,76,22530.20,10,5,8,5
300,LH,2462,2028-10-03,242.00,EUR,A319,220,17,5401.44,22,2,10,1
300,JL,0407,2028-10-03,1061.36,JPY,A310-300,280,127,155669.59,22,8,10,5
300,JL,0408,2028-10-03,1061.36,JPY,A319,220,119,156847.67,22,12,10,5
300,LH,0400,2028-10-03,666.00,EUR,DC-10-10,380,253,210922.20,41,27,18,12
300,LH,0401,2028-10-03,666.00,EUR,DC-10-10,380,77,65574.36,41,9,18,4
300,DL,0106,2028-10-03,611.01,USD,DC-10-10,380,153,117283.51,41,16,18,7
300,DL,1699,2028-10-03,422.94,USD,DC-10-10,380,222,116858.50,41,24,18,10
300,DL,1984,2028-10-03,422.94,USD,747-400,385,248,128129.84,31,21,21,13
300,SQ,0997,2028-10-03,910.15,SGD,747-400,385,7,7963.82,31,1,21,0
300,UA,0007,2028-10-03,422.94,USD,A310-300,280,96,48126.41,22,8,10,4
300,SQ,0066,2028-10-03,329.31,SGD,DC-10-10,380,117,49323.80,41,13,18,6
300,LH,2463,2028-10-03,242.00,EUR,A321,220,119,35893.44,22,11,11,6
300,LH,3577,2028-10-03,185.00,EUR,A321,220,107,24691.95,22,11,11,5
300,AA,0064,2028-10-03,422.94,USD,A319,220,77,39777.50,22,8,10,3
300,QF,0005,2028-10-03,788.64,AUD,747-400,385,15,14550.40,31,1,21,1
300,UA,0941,2028-10-04,879.82,USD,A319,220,74,78260.13,22,8,10,2
300,SQ,0158,2028-10-04,494.79,SGD,A321,220,134,82723.80,22,13,11,7
300,SQ,0863,2028-10-04,512.99,SGD,A319,220,98,62415.41,22,10,10,4
300,UA,3516,2028-10-04,611.01,USD,DC-10-10,380,225,171046.37,41,24,18,10
300,SQ,0866,2028-10-04,512.99,SGD,DC-10-10,380,79,51283.52,41,9,18,4
300,SQ,0988,2028-10-04,910.15,SGD,DC-10-10,380,243,279143.35,41,26,18,12
300,QF,0006,2028-10-04,788.64,AUD,A310-300,280,72,67239.49,22,6,10,3
300,AZ,0788,2028-10-04,1030.00,EUR,DC-10-10,380,170,216979.80,41,18,18,8
300,SQ,0002,2028-10-04,2320.04,SGD,A319,220,23,64195.51,22,2,10,1
300,AZ,0789,2028-10-04,1030.00,EUR,747-400,385,6,7982.50,31,1,21,0
300,AZ,0790,2028-10-04,1014.00,EUR,A310-300,280,7,8213.40,22,1,10,0
300,SQ,0161,2028-10-04,494.79,SGD,A321,220,61,37371.43,22,6,11,3
300,AZ,0791,2028-10-04,1014.00,EUR,A319,220,131,163416.24,22,14,10,5
300,SQ,0325,2028-10-04,1737.55,SGD,747-400,385,204,434266.23,31,16,21,11
300,SQ,0015,2028-10-04,2320.04,SGD,DC-10-10,380,14,45774.40,41,2,18,1
300,AA,0017,2028-10-04,422.94,USD,747-400,385,77,39354.65,31,6,21,4
300,AA,0026,2028-10-04,611.01,USD,A310-300,280,0,0.00,22,0,10,0
300,AZ,0555,2028-10-04,185.00,EUR,DC-10-10,380,89,20644.15,41,10,18,4
300,LH,0454,2028-10-05,965.00,EUR,A310-300,280,78,88394.00,22,6,10,3
300,LH,2402,2028-10-05,242.00,EUR,A321,220,83,24773.54,22,8,11,4
300,UA,3504,2028-10-05,879.82,USD,DC-10-10,380,22,23799.17,41,2,18,1
300,SQ,0326,2028-10-05,1737.55,SGD,A310-300,280,65,131271.96,22,5,10,2
300,LH,2407,2028-10-05,242.00,EUR,A321,220,58,17653.90,22,6,11,3
300,LH,2415,2028-10-05,242.00,EUR,727-200,189,20,5541.80,18,1,11,1
300,LH,2436,2028-10-05,242.00,EUR,737-200,130,16,4682.70,10,1,8,1
300,LH,2462,2028-10-05,242.00,EUR,A319,220,0,0.00,22,0,10,0
300,JL,0407,2028-10-05,1061.36,JPY,A310-300,280,0,0.00,22,0,10,0
300,JL,0408,2028-10-05,1061.36,JPY,A319,220,70,88549.23,22,7,10,2
300,LH,0400,2028-10-05,666.00,EUR,DC-10-10,380,192,157848.66,41,20,18,8
300,LH,0401,2028-10-05,666.00,EUR,DC-10-10,380,231,192873.60,41,25,18,11
300,SQ,0997,2028-10-05,910.15,SGD,747-400,385,142,158566.55,31,11,21,8
300,UA,0007,2028-10-05,422.94,USD,A310-300,280,124,61931.19,22,10,10,5
300,LH,2463,2028-10-05,242.00,EUR,A321,220,120,36268.54,22,12,11,6
300,LH,3577,2028-10-05,185.00,EUR,A321,220,104,23933.45,22,10,11,5
300,AA,0064,2028-10-05,422.94,USD,A319,220,23,11736.59,22,2,10,1
300,QF,0005,2028-10-05,788.64,AUD,747-400,385,164,156497.83,31,12,21,9
300,LH,0402,2028-10-06,666.00,EUR,747-400,385,143,117615.60,31,12,21,8
300,SQ,0067,2028-10-06,329.31,SGD,747-400,385,23,8957.16,31,2,21,1
300,SQ,0114,2028-10-06,357.44,SGD,737-200,130,31,13500.51,10,2,8,2
300,LH,0455,2028-10-06,965.00,EUR,A319,220,105,128026.55,22,11,10,5
300,SQ,0117,2028-10-06,357.44,SGD,A319,220,142,62344.73,22,14,10,6
300,SQ,0158,2028-10-06,494.79,SGD,A321,220,114,70378.81,22,11,11,6
300,SQ,0863,2028-10-06,512.99,SGD,A319,220,117,73942.26,22,12,10,5
300,UA,3516,2028-10-06,611.01,USD,DC-10-10,380,44,33959.98,41,5,18,2
300,UA,3517,2028-10-06,611.01,USD,747-400,385,77,57551.10,31,6,21,4
300,QF,0006,2028-10-06,788.64,AUD,A310-300,280,16,14999.92,22,1,10,1
300,AZ,0788,2028-10-06,1030.00,EUR,DC-10-10,380,131,164377.70,41,13,18,5
300,AZ,0789,2028-10-06,1030.00,EUR,747-400,385,110,138256.90,31,9,21,6
300,AZ,0790,2028-10-06,1014.00,EUR,A310-300,280,55,64348.44,22,4,10,2
300,SQ,0161,2028-10-06,494.79,SGD,A321,220,143,88775.11,22,14,11,7
300,DL,0106,2028-10-06,611.01,USD,DC-10-10,380,154,117259.10,41,17,18,7
300,SQ,0325,2028-10-06,1737.55,SGD,747-400,385,142,302733.57,31,11,21,8
300,DL,1699,2028-10-06,422.94,USD,DC-10-10,380,200,106081.86,41,22,18,9
300,DL,1984,2028-10-06,422.94,USD,747-400,385,234,120601.47,31,19,21,12
300,SQ,0015,2028-10-06,2320.04,SGD,DC-10-10,380,136,395868.49,41,15,18,6
300,SQ,0066,2028-10-06,329.31,SGD,DC-10-10,380,140,58132.83,41,15,18,7
300,AA,0017,2028-10-06,422.94,USD,747-400,385,160,81783.99,31,13,21,8
300,AA,0026,2028-10-06,611.01,USD,A310-300,280,80,56854.56,22,6,10,3
300,AZ,0555,2028-10-06,185.00,EUR,DC-10-10,380,0,0.00,41,0,18,0
300,LH,0454,2028-10-07,965.00,EUR,A310-300,280,165,186756.45,22,13,10,6
300,LH,2402,2028-10-07,242.00,EUR,A321,220,118,35181.96,22,12,11,5
300,UA,0941,2028-10-07,879.82,USD,A319,220,0,0.00,22,0,10,0
300,UA,3504,2028-10-07,879.82,USD,DC-10-10,380,45,49692.32,41,5,18,2
300,SQ,0326,2028-10-07,1737.55,SGD,A310-300,280,6,9556.54,22,0,10,0
300,LH,2407,2028-10-07,242.00,EUR,A321,220,0,0.00,22,0,11,0
300,LH,2415,2028-10-07,242.00,EUR,727-200,189,46,14619.22,18,5,11,3
300,SQ,0866,2028-10-07,512.99,SGD,DC-10-10,380,23,14132.85,41,2,18,1
300,LH,2436,2028-10-07,242.00,EUR,737-200,130,76,22914.98,10,6,8,5
300,SQ,0988,2028-10-07,910.15,SGD,DC-10-10,380,140,159813.48,41,15,18,7
300,LH,2462,2028-10-07,242.00,EUR,A319,220,47,13648.80,22,4,10,2
300,JL,0407,2028-10-07,1061.36,JPY,A310-300,280,108,135726.63,22,9,10,4
300,JL,0408,2028-10-07,1061.36,JPY,A319,220,102,133487.18,22,11,10,4
300,LH,0400,2028-10-07,666.00,EUR,DC-10-10,380,211,177855.30,41,23,18,10
300,SQ,0002,2028-10-07,2320.04,SGD,A319,220,87,252397.20,22,9,10,4
300,LH,0401,2028-10-07,666.00,EUR,DC-10-10,380,2,1198.80,41,0,18,0
300,AZ,0791,2028-10-07,1014.00,EUR,A319,220,111,139272.90,22,11,10,5
300,SQ,0997,2028-10-07,910.15,SGD,747-400,385,132,147189.69,31,11,21,7
300,UA,0007,2028-10-07,422.94,USD,A310-300,280,77,38322.70,22,6,10,3
300,LH,2463,2028-10-07,242.00,EUR,A321,220,91,27784.02,22,10,11,5
300,LH,3577,2028-10-07,185.00,EUR,A321,220,71,16757.30,22,7,11,4
300,AA,0064,2028-10-07,422.94,USD,A319,220,137,70017.79,22,12,10,6
300,QF,0005,2028-10-07,788.64,AUD,747-400,385,80,75023.37,31,7,21,3
300,LH,0402,2028-10-08,666.00,EUR,747-400,385,179,147232.62,31,15,21,10
300,SQ,0067,2028-10-08,329.31,SGD,747-400,385,164,65963.78,31,13,21,9
300,SQ,0114,2028-10-08,357.44,SGD,737-200,130,8,3431.44,10,1,8,0
300,LH,0455,2028-10-08,965.00,EUR,A319,220,0,0.00,22,0,10,0
300,SQ,0117,2028-10-08,357.44,SGD,A319,220,0,0.00,22,0,10,0
300,SQ,0158,2028-10-08,494.79,SGD,A321,220,53,33086.56,22,5,11,3
300,UA,3516,2028-10-08,611.01,USD,DC-10-10,380,115,89109.81,41,12,18,6
300,UA,3517,2028-10-08,611.01,USD,747-400,385,0,0.00,31,0,21,0
300,AZ,0788,2028-10-08,1030.00,EUR,DC-10-10,380,46,58740.90,41,5,18,2
300,SQ,0161,2028-10-08,494.79,SGD,A321,220,0,0.00,22,0,11,0
300,DL,0106,2028-10-08,611.01,USD,DC-10-10,380,84,64651.05,41,9,18,4
300,DL,1699,2028-10-08,422.94,USD,DC-10-10,380,55,28176.30,41,6,18,2
300,DL,1984,2028-10-08,422.94,USD,747-400,385,56,29297.13,31,5,21,3
300,SQ,0066,2028-10-08,329.31,SGD,DC-10-10,380,67,27276.62,41,7,18,3
300,UA,0941,2028-10-09,879.82,USD,A319,220,114,122629.53,22,11,10,5
300,UA,3504,2028-10-09,879.82,USD,DC-10-10,380,205,228762.39,41,23,18,10
300,SQ,0326,2028-10-09,1737.55,SGD,A310-300,280,131,267287.48,22,10,10,5
300,SQ,0863,2028-10-09,512.99,SGD,A319,220,37,23971.98,22,4,10,2
300,LH,2415,2028-10-09,242.00,EUR,727-200,189,56,17036.80,18,5,11,3
300,SQ,0866,2028-10-09,512.99,SGD,DC-10-10,380,111,71218.29,41,12,18,5
300,SQ,0988,2028-10-09,910.15,SGD,DC-10-10,380,192,220047.25,41,21,18,9
300,LH,2462,2028-10-09,242.00,EUR,A319,220,36,11129.58,22,4,10,2
300,JL,0407,2028-10-09,1061.36,JPY,A310-300,280,122,148961.75,22,10,10,3
300,QF,0006,2028-10-09,788.64,AUD,A310-300,280,144,133879.65,22,12,10,5
300,SQ,0002,2028-10-09,2320.04,SGD,A319,220,140,401181.44,22,14,10,6
300,AZ,0789,2028-10-09,1030.00,EUR,747-400,385,85,108665.00,31,7,21,5
300,LH,0401,2028-10-09,666.00,EUR,DC-10-10,380,113,92307.60,41,11,18,5
300,AZ,0790,2028-10-09,1014.00,EUR,A310-300,280,141,170788.02,22,12,10,5
300,AZ,0791,2028-10-09,1014.00,EUR,A319,220,50,61600.50,22,5,10,2
300,SQ,0325,2028-10-09,1737.55,SGD,747-400,385,128,272239.51,31,10,21,7
300,SQ,0997,2028-10-09,910.15,SGD,747-400,385,222,247870.55,31,18,21,12
300,SQ,0015,2028-10-09,2320.04,SGD,DC-10-10,380,96,282441.75,41,10,18,5
300,AA,0017,2028-10-09,422.94,USD,747-400,385,230,118499.42,31,19,21,12
300,AA,0026,2028-10-09,611.01,USD,A310-300,280,67,50365.61,22,6,10,3
300,AA,0064,2028-10-09,422.94,USD,A319,220,0,0.00,22,0,10,0
300,AZ,0555,2028-10-09,185.00,EUR,DC-10-10,380,20,4576.90,41,2,18,1
300,QF,0005,2028-10-09,788.64,AUD,747-400,385,222,209455.03,31,16,21,11
300,LH,0402,2028-10-10,666.00,EUR,747-400,385,57,46873.08,31,5,21,3
300,SQ,0067,2028-10-10,329.31,SGD,747-400,385,0,0.00,31,0,21,0
300,LH,0454,2028-10-10,965.00,EUR,A310-300,280,52,58527.25,22,4,10,2
300,SQ,0114,2028-10-10,357.44,SGD,737-200,130,70,30382.40,10,5,8,4
300,LH,0455,2028-10-10,965.00,EUR,A319,220,7,8279.70,22,1,10,0
300,LH,2402,2028-10-10,242.00,EUR,A321,220,67,20313.48,22,7,11,3
300,SQ,0117,2028-10-10,357.44,SGD,A319,220,44,19183.83,22,4,10,2
300,SQ,0158,2028-10-10,494.79,SGD,A321,220,34,21023.60,22,3,11,2
300,LH,2407,2028-10-10,242.00,EUR,A321,220,39,12041.92,22,4,11,2
300,UA,3516,2028-10-10,611.01,USD,DC-10-10,380,207,158661.16,41,21,18,10
300,UA,3517,2028-10-10,611.01,USD,747-400,385,93,67217.30,31,7,21,4
300,LH,2436,2028-10-10,242.00,EUR,737-200,130,79,23759.56,10,6,8,5
300,JL,0408,2028-10-10,1061.36,JPY,A319,220,47,62662.65,22,5,10,2
300,AZ,0788,2028-10-10,1030.00,EUR,DC-10-10,380,0,0.00,41,0,18,0
300,LH,0400,2028-10-10,666.00,EUR,DC-10-10,380,97,82304.28,41,11,18,5
300,SQ,0161,2028-10-10,494.79,SGD,A321,220,76,48113.32,22,8,11,4
300,DL,0106,2028-10-10,611.01,USD,DC-10-10,380,111,84906.06,41,12,18,5
300,DL,1699,2028-10-10,422.94,USD,DC-10-10,380,21,9613.44,41,2,18,0
300,DL,1984,2028-10-10,422.94,USD,747-400,385,111,57536.76,31,9,21,6
300,UA,0007,2028-10-10,422.94,USD,A310-300,280,0,0.00,22,0,10,0
300,SQ,0066,2028-10-10,329.31,SGD,DC-10-10,380,173,71647.53,41,19,18,8
300,LH,2463,2028-10-10,242.00,EUR,A321,220,3,677.60,22,0,11,0
300,LH,3577,2028-10-10,185.00,EUR,A321,220,35,8495.20,22,4,11,2
300,UA,0941,2028-10-11,879.82,USD,A319,220,63,67543.92,22,6,10,3
300,UA,3504,2028-10-11,879.82,USD,DC-10-10,380,62,68335.72,41,6,18,3
300,SQ,0326,2028-10-11,1737.55,SGD,A310-300,280,149,300144.63,22,12,10,5
300,SQ,0863,2028-10-11,512.99,SGD,A319,220,37,24002.76,22,4,10,2
300,LH,2415,2028-10-11,242.00,EUR,727-200,189,55,16083.32,18,4,11,3
300,SQ,0866,2028-10-11,512.99,SGD,DC-10-10,380,153,98596.52,41,17,18,7
300,SQ,0988,2028-10-11,910.15,SGD,DC-10-10,380,167,191113.54,41,18,18,8
300,LH,2462,2028-10-11,242.00,EUR,A319,220,87,25872.22,22,9,10,4
300,JL,0407,2028-10-11,1061.36,JPY,A310-300,280,0,0.00,22,0,10,0
300,QF,0006,2028-10-11,788.64,AUD,A310-300,280,66,60394.10,22,5,10,2
300,SQ,0002,2028-10-11,2320.04,SGD,A319,220,39,114958.03,22,4,10,2
300,AZ,0789,2028-10-11,1030.00,EUR,747-400,385,174,221233.70,31,14,21,10
300,LH,0401,2028-10-11,666.00,EUR,DC-10-10,380,192,158727.78,41,20,18,9
300,AZ,0790,2028-10-11,1014.00,EUR,A310-300,280,16,19935.24,22,1,10,1
300,AZ,0791,2028-10-11,1014.00,EUR,A319,220,41,52170.30,22,4,10,2
300,SQ,0325,2028-10-11,1737.55,SGD,747-400,385,69,150280.81,31,6,21,4
300,SQ,0997,2028-10-11,910.15,SGD,747-400,385,162,180473.92,31,13,21,9
300,SQ,0015,2028-10-11,2320.04,SGD,DC-10-10,380,125,360905.45,41,13,18,6
300,AA,0017,2028-10-11,422.94,USD,747-400,385,120,62920.90,31,10,21,7
300,AA,0026,2028-10-11,611.01,USD,A310-300,280,159,112945.35,22,13,10,5
300,AA,0064,2028-10-11,422.94,USD,A319,220,34,18926.57,22,4,10,2
300,AZ,0555,2028-10-11,185.00,EUR,DC-10-10,380,25,5476.00,41,2,18,1
300,QF,0005,2028-10-11,788.64,AUD,747-400,385,67,65086.49,31,5,21,4
300,LH,0402,2028-10-12,666.00,EUR,747-400,385,124,101285.28,31,10,21,7
300,SQ,0067,2028-10-12,329.31,SGD,747-400,385,125,50858.35,31,10,21,7
300,LH,0454,2028-10-12,965.00,EUR,A310-300,280,136,152006.80,22,10,10,5
300,SQ,0114,2028-10-12,357.44,SGD,737-200,130,8,3395.69,10,1,8,0
300,LH,0455,2028-10-12,965.00,EUR,A319,220,116,139143.35,22,12,10,5
300,LH,2402,2028-10-12,242.00,EUR,A321,220,112,34342.22,22,12,11,6
300,SQ,0117,2028-10-12,357.44,SGD,A319,220,39,17657.57,22,4,10,2
300,LH,2407,2028-10-12,242.00,EUR,A321,220,121,36285.48,22,12,11,6
300,UA,3517,2028-10-12,611.01,USD,747-400,385,81,62811.90,31,7,21,5
300,LH,2436,2028-10-12,242.00,EUR,737-200,130,33,9989.76,10,3,8,2
300,JL,0408,2028-10-12,1061.36,JPY,A319,220,59,77373.04,22,5,10,3
300,LH,0400,2028-10-12,666.00,EUR,DC-10-10,380,115,97462.44,41,12,18,6
300,DL,0106,2028-10-12,611.01,USD,DC-10-10,380,24,17597.11,41,2,18,1
300,DL,1699,2028-10-12,422.94,USD,DC-10-10,380,132,69379.11,41,13,18,6
300,DL,1984,2028-10-12,422.94,USD,747-400,385,170,86229.04,31,13,21,8
300,UA,0007,2028-10-12,422.94,USD,A310-300,280,110,53506.20,22,9,10,3
300,SQ,0066,2028-10-12,329.31,SGD,DC-10-10,380,156,64751.88,41,17,18,7
300,LH,2463,2028-10-12,242.00,EUR,A321,220,123,37493.06,22,13,11,6
300,LH,3577,2028-10-12,185.00,EUR,A321,220,79,18124.45,22,7,11,4
300,UA,0941,2028-10-13,879.82,USD,A319,220,21,22743.39,22,2,10,1
300,SQ,0158,2028-10-13,494.79,SGD,A321,220,104,63372.59,22,10,11,5
300,SQ,0863,2028-10-13,512.99,SGD,A319,220,79,50719.24,22,8,10,4
300,UA,3516,2028-10-13,611.01,USD,DC-10-10,380,37,29524.03,41,4,18,2
300,SQ,0866,2028-10-13,512.99,SGD,DC-10-10,380,16,11152.39,41,2,18,1
300,SQ,0988,2028-10-13,910.15,SGD,DC-10-10,380,98,112767.79,41,11,18,5
300,QF,0006,2028-10-13,788.64,AUD,A310-300,280,42,39368.99,22,3,10,2
300,AZ,0788,2028-10-13,1030.00,EUR,DC-10-10,380,39,50882.00,41,4,18,2
300,SQ,0002,2028-10-13,2320.04,SGD,A319,220,55,162681.25,22,6,10,3
300,AZ,0789,2028-10-13,1030.00,EUR,747-400,385,68,87570.60,31,6,21,4
300,AZ,0790,2028-10-13,1014.00,EUR,A310-300,280,147,177358.74,22,12,10,6
300,SQ,0161,2028-10-13,494.79,SGD,A321,220,50,31814.95,22,5,11,3
300,AZ,0791,2028-10-13,1014.00,EUR,A319,220,0,0.00,22,0,10,0
300,SQ,0325,2028-10-13,1737.55,SGD,747-400,385,75,158551.54,31,6,21,4
300,SQ,0015,2028-10-13,2320.04,SGD,DC-10-10,380,152,440482.89,41,16,18,7
300,AA,0017,2028-10-13,422.94,USD,747-400,385,46,24712.39,31,4,21,3
300,AA,0026,2028-10-13,611.01,USD,A310-300,280,115,80488.46,22,8,10,4
300,AZ,0555,2028-10-13,185.00,EUR,DC-10-10,380,166,38082.25,41,18,18,7
300,LH,0454,2028-10-14,965.00,EUR,A310-300,280,54,60833.60,22,4,10,2
300,LH,2402,2028-10-14,242.00,EUR,A321,220,21,6376.70,22,2,11,1
300,UA,3504,2028-10-14,879.82,USD,DC-10-10,380,50,54707.32,41,6,18,2
300,SQ,0326,2028-10-14,1737.55,SGD,A310-300,280,117,234638.91,22,9,10,4
300,LH,2407,2028-10-14,242.00,EUR,A321,220,54,16838.36,22,6,11,3
300,LH,2415,2028-10-14,242.00,EUR,727-200,189,102,31411.60,18,10,11,6
300,LH,2436,2028-10-14,242.00,EUR,737-200,130,17,4973.10,10,1,8,1
300,LH,2462,2028-10-14,242.00,EUR,A319,220,28,8421.60,22,3,10,1
300,JL,0407,2028-10-14,1061.36,JPY,A310-300,280,29,35820.89,22,2,10,1
300,JL,0408,2028-10-14,1061.36,JPY,A319,220,0,0.00,22,0,10,0
300,LH,0400,2028-10-14,666.00,EUR,DC-10-10,380,190,159753.42,41,20,18,9
300,LH,0401,2028-10-14,666.00,EUR,DC-10-10,380,203,169790.04,41,22,18,10
300,SQ,0997,2028-10-14,910.15,SGD,747-400,385,164,182448.93,31,13,21,9
300,UA,0007,2028-10-14,422.94,USD,A310-300,280,17,8691.43,22,1,10,1
300,LH,2463,2028-10-14,242.00,EUR,A321,220,26,7768.20,22,3,11,1
300,LH,3577,2028-10-14,185.00,EUR,A321,220,38,8524.80,22,3,11,2
300,AA,0064,2028-10-14,422.94,USD,A319,220,37,20089.66,22,4,10,2
300,QF,0005,2028-10-14,788.64,AUD,747-400,385,0,0.00,31,0,21,0
300,LH,0402,2028-10-15,666.00,EUR,747-400,385,144,117442.44,31,11,21,8
300,SQ,0067,2028-10-15,329.31,SGD,747-400,385,36,14825.45,31,3,21,2
300,SQ,0114,2028-10-15,357.44,SGD,737-200,130,25,11706.18,10,2,8,2
300,LH,0455,2028-10-15,965.00,EUR,A319,220,35,42894.25,22,4,10,2
300,SQ,0117,2028-10-15,357.44,SGD,A319,220,50,21839.63,22,5,10,2
300,SQ,0158,2028-10-15,494.79,SGD,A321,220,0,0.00,22,0,11,0
300,SQ,0863,2028-10-15,512.99,SGD,A319,220,8,4760.54,22,1,10,0
300,UA,3516,2028-10-15,611.01,USD,DC-10-10,380,161,124805.07,41,18,18,8
300,UA,3517,2028-10-15,611.01,USD,747-400,385,65,48929.75,31,5,21,4
300,QF,0006,2028-10-15,788.64,AUD,A310-300,280,110,102357.61,22,9,10,4
300,AZ,0788,2028-10-15,1030.00,EUR,DC-10-10,380,41,54713.60,41,5,18,2
300,AZ,0789,2028-10-15,1030.00,EUR,747-400,385,75,94893.90,31,6,21,4
300,AZ,0790,2028-10-15,1014.00,EUR,A310-300,280,75,89698.44,22,6,10,3
300,SQ,0161,2028-10-15,494.79,SGD,A321,220,57,35733.68,22,6,11,3
300,DL,0106,2028-10-15,611.01,USD,DC-10-10,380,111,84460.03,41,12,18,5
300,SQ,0325,2028-10-15,1737.55,SGD,747-400,385,124,263047.94,31,10,21,7
300,DL,1699,2028-10-15,422.94,USD,DC-10-10,380,24,12912.35,41,3,18,1
300,DL,1984,2028-10-15,422.94,USD,747-400,385,50,25266.48,31,4,21,2
300,SQ,0015,2028-10-15,2320.04,SGD,DC-10-10,380,203,592909.58,41,22,18,10
300,SQ,0066,2028-10-15,329.31,SGD,DC-10-10,380,184,76600.31,41,20,18,9
300,AA,0017,2028-10-15,422.94,USD,747-400,385,17,8649.09,31,1,21,1
300,AA,0026,2028-10-15,611.01,USD,A310-300,280,8,5774.05,22,1,10,0
300,AZ,0555,2028-10-15,185.00,EUR,DC-10-10,380,5,1193.25,41,1,18,0
300,LH,0454,2028-10-16,965.00,EUR,A310-300,280,90,101276.75,22,7,10,3
300,LH,2402,2028-10-16,242.00,EUR,A321,220,41,12027.40,22,4,11,2
300,UA,0941,2028-10-16,879.82,USD,A319,220,56,62986.41,22,6,10,3
300,UA,3504,2028-10-16,879.82,USD,DC-10-10,380,125,138096.79,41,13,18,6
300,SQ,0326,2028-10-16,1737.55,SGD,A310-300,280,24,49693.97,22,2,10,1
300,LH,2407,2028-10-16,242.00,EUR,A321,220,29,9317.00,22,3,11,2
300,LH,2415,2028-10-16,242.00,EUR,727-200,189,75,22251.90,18,6,11,4
300,SQ,0866,2028-10-16,512.99,SGD,DC-10-10,380,32,20899.18,41,3,18,2
300,LH,2436,2028-10-16,242.00,EUR,737-200,130,61,18624.32,10,5,8,4
300,SQ,0988,2028-10-16,910.15,SGD,DC-10-10,380,169,194553.90,41,18,18,8
300,LH,2462,2028-10-16,242.00,EUR,A319,220,77,23638.56,22,8,10,4
300,JL,0407,2028-10-16,1061.36,JPY,A310-300,280,130,164319.62,22,11,10,5
300,JL,0408,2028-10-16,1061.36,JPY,A319,220,75,99916.46,22,8,10,4
300,LH,0400,2028-10-16,666.00,EUR,DC-10-10,380,80,68251.68,41,9,18,4
300,SQ,0002,2028-10-16,2320.04,SGD,A319,220,88,253023.69,22,9,10,4
300,LH,0401,2028-10-16,666.00,EUR,DC-10-10,380,168,142330.86,41,19,18,8
300,AZ,0791,2028-10-16,1014.00,EUR,A319,220,94,119449.20,22,10,10,4
300,SQ,0997,2028-10-16,910.15,SGD,747-400,385,104,117145.57,31,8,21,6
300,UA,0007,2028-10-16,422.94,USD,A310-300,280,74,36922.73,22,6,10,3
300,LH,2463,2028-10-16,242.00,EUR,A321,220,104,31184.12,22,11,11,4
300,LH,3577,2028-10-16,185.00,EUR,A321,220,54,13055.45,22,6,11,3
300,AA,0064,2028-10-16,422.94,USD,A319,220,77,40767.29,22,8,10,4
300,QF,0005,2028-10-16,788.64,AUD,747-400,385,51,49250.63,31,4,21,3
300,LH,0402,2028-10-17,666.00,EUR,747-400,385,102,84155.76,31,9,21,6
300,SQ,0067,2028-10-17,329.31,SGD,747-400,385,27,10340.27,31,2,21,1
300,SQ,0114,2028-10-17,357.44,SGD,737-200,130,30,13672.11,10,2,8,2
300,LH,0455,2028-10-17,965.00,EUR,A319,220,92,108562.50,22,9,10,4
300,SQ,0117,2028-10-17,357.44,SGD,A319,220,85,38020.94,22,9,10,4
300,SQ,0158,2028-10-17,494.79,SGD,A321,220,111,69295.23,22,11,11,6
300,UA,3516,2028-10-17,611.01,USD,DC-10-10,380,95,73101.33,41,11,18,4
300,UA,3517,2028-10-17,611.01,USD,747-400,385,151,111142.84,31,11,21,7
300,AZ,0788,2028-10-17,1030.00,EUR,DC-10-10,380,84,106800.70,41,8,18,4
300,SQ,0161,2028-10-17,494.79,SGD,A321,220,112,69735.57,22,11,11,6
300,DL,0106,2028-10-17,611.01,USD,DC-10-10,380,17,13594.99,41,2,18,1
300,DL,1699,2028-10-17,422.94,USD,DC-10-10,380,11,6026.92,41,1,18,1
300,DL,1984,2028-10-17,422.94,USD,747-400,385,102,52766.03,31,8,21,6
300,SQ,0066,2028-10-17,329.31,SGD,DC-10-10,380,60,24866.04,41,6,18,3
300,LH,0454,2028-10-18,965.00,EUR,A310-300,280,0,0.00,22,0,10,0
300,LH,2402,2028-10-18,242.00,EUR,A321,220,59,17624.86,22,6,11,3
300,UA,0941,2028-10-18,879.82,USD,A319,220,111,120315.58,22,12,10,4
300,UA,3504,2028-10-18,879.82,USD,DC-10-10,380,95,101874.54,41,9,18,4
300,SQ,0326,2028-10-18,1737.55,SGD,A310-300,280,21,45263.20,22,2,10,1
300,LH,2407,2028-10-18,242.00,EUR,A321,220,104,31401.92,22,11,11,5
300,SQ,0863,2028-10-18,512.99,SGD,A319,220,67,43080.84,22,7,10,3
300,LH,2415,2028-10-18,242.00,EUR,727-200,189,10,3242.80,18,1,11,1
300,SQ,0866,2028-10-18,512.99,SGD,DC-10-10,380,163,105639.86,41,18,18,8
300,LH,2436,2028-10-18,242.00,EUR,737-200,130,60,18203.24,10,5,8,4
300,SQ,0988,2028-10-18,910.15,SGD,DC-10-10,380,24,28196.47,41,3,18,1
300,LH,2462,2028-10-18,242.00,EUR,A319,220,106,32031.12,22,11,10,5
300,JL,0407,2028-10-18,1061.36,JPY,A310-300,280,136,170305.68,22,11,10,5
300,QF,0006,2028-10-18,788.64,AUD,A310-300,280,40,36616.58,22,2,10,2
300,JL,0408,2028-10-18,1061.36,JPY,A319,220,72,93028.15,22,7,10,3
300,LH,0400,2028-10-18,666.00,EUR,DC-10-10,380,2,1265.40,41,0,18,0
300,SQ,0002,2028-10-18,2320.04,SGD,A319,220,14,41064.73,22,1,10,1
300,AZ,0789,2028-10-18,1030.00,EUR,747-400,385,180,228629.10,31,15,21,10
300,LH,0401,2028-10-18,666.00,EUR,DC-10-10,380,118,99846.72,41,13,18,6
300,AZ,0790,2028-10-18,1014.00,EUR,A310-300,280,11,11965.20,22,1,10,0
300,AZ,0791,2028-10-18,1014.00,EUR,A319,220,5,6692.40,22,1,10,0
300,SQ,0325,2028-10-18,1737.55,SGD,747-400,385,83,182633.97,31,7,21,5
300,SQ,0997,2028-10-18,910.15,SGD,747-400,385,52,56338.40,31,4,21,3
300,SQ,0015,2028-10-18,2320.04,SGD,DC-10-10,380,39,113914.00,41,4,18,2
300,UA,0007,2028-10-18,422.94,USD,A310-300,280,3,1247.67,22,0,10,0
300,AA,0017,2028-10-18,422.94,USD,747-400,385,124,63990.85,31,9,21,7
300,AA,0026,2028-10-18,611.01,USD,A310-300,280,109,79009.80,22,9,10,4
300,LH,2463,2028-10-18,242.00,EUR,A321,220,85,25630.22,22,9,11,4
300,LH,3577,2028-10-18,185.00,EUR,A321,220,53,12863.05,22,6,11,3
300,AA,0064,2028-10-18,422.94,USD,A319,220,36,19476.40,22,4,10,2
300,AZ,0555,2028-10-18,185.00,EUR,DC-10-10,380,91,21313.85,41,10,18,4
300,QF,0005,2028-10-18,788.64,AUD,747-400,385,102,100393.93,31,8,21,6
300,LH,0402,2028-10-19,666.00,EUR,747-400,385,123,99453.78,31,10,21,6
300,SQ,0067,2028-10-19,329.31,SGD,747-400,385,97,38657.46,31,8,21,5
300,SQ,0114,2028-10-19,357.44,SGD,737-200,130,17,7377.56,10,1,8,1
300,LH,0455,2028-10-19,965.00,EUR,A319,220,31,35753.25,22,3,10,1
300,SQ,0117,2028-10-19,357.44,SGD,A319,220,22,9697.38,22,2,10,1
300,SQ,0158,2028-10-19,494.79,SGD,A321,220,22,13131.70,22,2,11,1
300,UA,3516,2028-10-19,611.01,USD,DC-10-10,380,77,59451.35,41,8,18,4
300,UA,3517,2028-10-19,611.01,USD,747-400,385,114,84930.52,31,10,21,6
300,AZ,0788,2028-10-19,1030.00,EUR,DC-10-10,380,0,0.00,41,0,18,0
300,SQ,0161,2028-10-19,494.79,SGD,A321,220,81,50344.82,22,8,11,4
300,DL,0106,2028-10-19,611.01,USD,DC-10-10,380,87,67278.40,41,10,18,4
300,DL,1699,2028-10-19,422.94,USD,DC-10-10,380,14,7422.62,41,1,18,1
300,DL,1984,2028-10-19,422.94,USD,747-400,385,113,59566.89,31,10,21,6
300,SQ,0066,2028-10-19,329.31,SGD,DC-10-10,380,177,72701.42,41,19,18,8
300,UA,0941,2028-10-20,879.82,USD,A319,220,34,37480.40,22,3,10,2
300,UA,3504,2028-10-20,879.82,USD,DC-10-10,380,64,70570.48,41,7,18,3
300,SQ,0326,2028-10-20,1737.55,SGD,A310-300,280,100,205152.63,22,8,10,4
300,SQ,0863,2028-10-20,512.99,SGD,A319,220,62,39710.50,22,6,10,3
300,LH,2415,2028-10-20,242.00,EUR,727-200,189,0,0.00,18,0,11,0
300,SQ,0866,2028-10-20,512.99,SGD,DC-10-10,380,114,73254.87,41,12,18,5
300,SQ,0988,2028-10-20,910.15,SGD,DC-10-10,380,153,175722.94,41,17,18,7
300,LH,2462,2028-10-20,242.00,EUR,A319,220,67,20202.16,22,7,10,3
300,JL,0407,2028-10-20,1061.36,JPY,A310-300,280,79,95405.54,22,6,10,2
300,QF,0006,2028-10-20,788.64,AUD,A310-300,280,110,102483.83,22,9,10,4
300,SQ,0002,2028-10-20,2320.04,SGD,A319,220,11,34452.61,22,1,10,1
300,AZ,0789,2028-10-20,1030.00,EUR,747-400,385,105,133148.10,31,9,21,6
300,LH,0401,2028-10-20,666.00,EUR,DC-10-10,380,99,82603.98,41,11,18,5
300,AZ,0790,2028-10-20,1014.00,EUR,A310-300,280,40,44869.50,22,3,10,1
300,AZ,0791,2028-10-20,1014.00,EUR,A319,220,69,84821.10,22,7,10,3
300,SQ,0325,2028-10-20,1737.55,SGD,747-400,385,25,52143.90,31,2,21,1
300,SQ,0997,2028-10-20,910.15,SGD,747-400,385,1,773.63,31,0,21,0
300,SQ,0015,2028-10-20,2320.04,SGD,DC-10-10,380,61,183213.60,41,7,18,3
300,AA,0017,2028-10-20,422.94,USD,747-400,385,61,31022.73,31,5,21,3
300,AA,0026,2028-10-20,611.01,USD,A310-300,280,59,42526.35,22,5,10,2
300,AA,0064,2028-10-20,422.94,USD,A319,220,54,27410.78,22,5,10,2
300,AZ,0555,2028-10-20,185.00,EUR,DC-10-10,380,141,33403.60,41,16,18,7
300,QF,0005,2028-10-20,788.64,AUD,747-400,385,108,104676.24,31,9,21,6
300,LH,0402,2028-10-21,666.00,EUR,747-400,385,2,1265.40,31,0,21,0
300,SQ,0067,2028-10-21,329.31,SGD,747-400,385,83,33961.52,31,7,21,5
300,LH,0454,2028-10-21,965.00,EUR,A310-300,280,44,52042.45,22,4,10,2
300,SQ,0114,2028-10-21,357.44,SGD,737-200,130,49,21946.85,10,4,8,3
300,LH,0455,2028-10-21,965.00,EUR,A319,220,25,30397.50,22,3,10,1
300,LH,2402,2028-10-21,242.00,EUR,A321,220,71,21634.80,22,7,11,4
300,SQ,0117,2028-10-21,357.44,SGD,A319,220,97,42739.19,22,10,10,4
300,LH,2407,2028-10-21,242.00,EUR,A321,220,73,22092.18,22,7,11,4
300,UA,3517,2028-10-21,611.01,USD,747-400,385,64,47359.45,31,4,21,4
300,LH,2436,2028-10-21,242.00,EUR,737-200,130,20,6105.66,10,2,8,1
300,JL,0408,2028-10-21,1061.36,JPY,A319,220,3,2865.68,22,0,10,0
300,LH,0400,2028-10-21,666.00,EUR,DC-10-10,380,152,128278.26,41,16,18,8
300,DL,0106,2028-10-21,611.01,USD,DC-10-10,380,32,25222.52,41,3,18,2
300,DL,1699,2028-10-21,422.94,USD,DC-10-10,380,16,9143.97,41,2,18,1
300,DL,1984,2028-10-21,422.94,USD,747-400,385,76,37806.65,31,6,21,3
300,UA,0007,2028-10-21,422.94,USD,A310-300,280,126,63686.38,22,10,10,5
300,SQ,0066,2028-10-21,329.31,SGD,DC-10-10,380,133,54289.74,41,14,18,6
300,LH,2463,2028-10-21,242.00,EUR,A321,220,39,11845.90,22,4,11,2
300,LH,3577,2028-10-21,185.00,EUR,A321,220,95,22312.85,22,10,11,5
300,UA,0941,2028-10-22,879.82,USD,A319,220,8,7874.41,22,1,10,0
300,SQ,0158,2028-10-22,494.79,SGD,A321,220,44,26397.00,22,4,11,2
300,SQ,0863,2028-10-22,512.99,SGD,A319,220,3,1385.07,22,0,10,0
300,UA,3516,2028-10-22,611.01,USD,DC-10-10,380,94,72044.30,41,10,18,5
300,SQ,0866,2028-10-22,512.99,SGD,DC-10-10,380,76,49308.52,41,8,18,4
300,SQ,0988,2028-10-22,910.15,SGD,DC-10-10,380,142,162926.13,41,15,18,7
300,QF,0006,2028-10-22,788.64,AUD,A310-300,280,94,88469.67,22,8,10,4
300,AZ,0788,2028-10-22,1030.00,EUR,DC-10-10,380,120,155540.30,41,13,18,6
300,SQ,0002,2028-10-22,2320.04,SGD,A319,220,18,54126.53,22,2,10,1
300,AZ,0789,2028-10-22,1030.00,EUR,747-400,385,2,2060.00,31,0,21,0
300,AZ,0790,2028-10-22,1014.00,EUR,A310-300,280,15,18880.68,22,1,10,1
300,SQ,0161,2028-10-22,494.79,SGD,A321,220,43,25842.84,22,4,11,2
300,AZ,0791,2028-10-22,1014.00,EUR,A319,220,44,55263.00,22,5,10,2
300,SQ,0325,2028-10-22,1737.55,SGD,747-400,385,58,124530.30,31,5,21,3
300,SQ,0015,2028-10-22,2320.04,SGD,DC-10-10,380,137,395079.65,41,15,18,6
300,AA,0017,2028-10-22,422.94,USD,747-400,385,78,39895.93,31,6,21,4
300,AA,0026,2028-10-22,611.01,USD,A310-300,280,93,65555.35,22,7,10,3
300,AZ,0555,2028-10-22,185.00,EUR,DC-10-10,380,151,35335.00,41,17,18,7
300,LH,0454,2028-10-23,965.00,EUR,A310-300,280,1,965.00,22,0,10,0
300,LH,2402,2028-10-23,242.00,EUR,A321,220,95,28466.46,22,9,11,5
300,UA,3504,2028-10-23,879.82,USD,DC-10-10,380,76,86116.90,41,8,18,4
300,SQ,0326,2028-10-23,1737.55,SGD,A310-300,280,19,37791.77,22,1,10,1
300,LH,2407,2028-10-23,242.00,EUR,A321,220,43,12680.80,22,4,11,2
300,LH,2415,2028-10-23,242.00,EUR,727-200,189,72,21949.40,18,7,11,4
300,LH,2436,2028-10-23,242.00,EUR,737-200,130,25,7015.58,10,2,8,1
300,LH,2462,2028-10-23,242.00,EUR,A319,220,47,14140.06,22,5,10,2
300,JL,0407,2028-10-23,1061.36,JPY,A310-300,280,20,27043.44,22,2,10,1
300,JL,0408,2028-10-23,1061.36,JPY,A319,220,12,16663.34,22,1,10,1
300,LH,0400,2028-10-23,666.00,EUR,DC-10-10,380,28,22610.70,41,3,18,1
300,LH,0401,2028-10-23,666.00,EUR,DC-10-10,380,103,84235.68,41,11,18,4
300,SQ,0997,2028-10-23,910.15,SGD,747-400,385,39,42868.12,31,3,21,2
300,UA,0007,2028-10-23,422.94,USD,A310-300,280,9,4449.33,22,1,10,0
300,LH,2463,2028-10-23,242.00,EUR,A321,220,74,22830.28,22,8,11,4
300,LH,3577,2028-10-23,185.00,EUR,A321,220,0,0.00,22,0,11,0
300,AA,0064,2028-10-23,422.94,USD,A319,220,33,18545.92,22,4,10,2
300,QF,0005,2028-10-23,788.64,AUD,747-400,385,28,28406.81,31,2,21,2
300,LH,0402,2028-10-24,666.00,EUR,747-400,385,7,5561.10,31,1,21,0
300,SQ,0067,2028-10-24,329.31,SGD,747-400,385,146,58893.48,31,12,21,8
300,SQ,0114,2028-10-24,357.44,SGD,737-200,130,36,15809.60,10,3,8,2
300,LH,0455,2028-10-24,965.00,EUR,A319,220,45,53461.00,22,5,10,2
300,SQ,0117,2028-10-24,357.44,SGD,A319,220,0,0.00,22,0,10,0
300,SQ,0158,2028-10-24,494.79,SGD,A321,220,15,10039.27,22,2,11,1
300,SQ,0863,2028-10-24,512.99,SGD,A319,220,29,17749.42,22,3,10,1
300,UA,3516,2028-10-24,611.01,USD,DC-10-10,380,91,70015.72,41,10,18,4
300,UA,3517,2028-10-24,611.01,USD,747-400,385,13,9867.83,31,1,21,1
300,QF,0006,2028-10-24,788.64,AUD,A310-300,280,7,6782.31,22,1,10,0
300,AZ,0788,2028-10-24,1030.00,EUR,DC-10-10,380,126,164460.10,41,14,18,6
300,AZ,0789,2028-10-24,1030.00,EUR,747-400,385,0,0.00,31,0,21,0
300,AZ,0790,2028-10-24,1014.00,EUR,A310-300,280,7,8365.50,22,1,10,0
300,SQ,0161,2028-10-24,494.79,SGD,A321,220,70,43729.47,22,7,11,4
300,DL,0106,2028-10-24,611.01,USD,DC-10-10,380,4,2138.54,41,0,18,0
300,SQ,0325,2028-10-24,1737.55,SGD,747-400,385,54,114469.89,31,4,21,3
300,DL,1699,2028-10-24,422.94,USD,DC-10-10,380,149,79770.79,41,17,18,7
300,DL,1984,2028-10-24,422.94,USD,747-400,385,30,15902.56,31,2,21,2
300,SQ,0015,2028-10-24,2320.04,SGD,DC-10-10,380,97,283253.79,41,10,18,5
300,SQ,0066,2028-10-24,329.31,SGD,DC-10-10,380,65,27250.27,41,7,18,3
300,AA,0017,2028-10-24,422.94,USD,747-400,385,152,79419.82,31,13,21,9
300,AA,0026,2028-10-24,611.01,USD,A310-300,280,102,74133.93,22,8,10,4
300,AZ,0555,2028-10-24,185.00,EUR,DC-10-10,380,0,0.00,41,0,18,0
300,LH,0454,2028-10-25,965.00,EUR,A310-300,280,89,99163.40,22,6,10,3
300,LH,2402,2028-10-25,242.00,EUR,A321,220,10,3351.70,22,1,11,1
300,UA,0941,2028-10-25,879.82,USD,A319,220,7,7302.52,22,1,10,0
300,UA,3504,2028-10-25,879.82,USD,DC-10-10,380,64,70033.78,41,6,18,3
300,SQ,0326,2028-10-25,1737.55,SGD,A310-300,280,19,39407.63,22,1,10,1
300,LH,2407,2028-10-25,242.00,EUR,A321,220,58,17307.84,22,6,11,3
300,LH,2415,2028-10-25,242.00,EUR,727-200,189,39,11937.86,18,4,11,2
300,SQ,0866,2028-10-25,512.99,SGD,DC-10-10,380,12,8130.88,41,1,18,1
300,LH,2436,2028-10-25,242.00,EUR,737-200,130,0,0.00,10,0,8,0
300,SQ,0988,2028-10-25,910.15,SGD,DC-10-10,380,10,10011.67,41,1,18,0
300,LH,2462,2028-10-25,242.00,EUR,A319,220,29,8513.56,22,3,10,1
300,JL,0407,2028-10-25,1061.36,JPY,A310-300,280,13,14625.54,22,1,10,0
300,JL,0408,2028-10-25,1061.36,JPY,A319,220,49,64031.84,22,5,10,2
300,LH,0400,2028-10-25,666.00,EUR,DC-10-10,380,23,18241.74,41,2,18,1
300,SQ,0002,2028-10-25,2320.04,SGD,A319,220,53,148946.68,22,5,10,2
300,LH,0401,2028-10-25,666.00,EUR,DC-10-10,380,126,106013.88,41,14,18,6
300,AZ,0791,2028-10-25,1014.00,EUR,A319,220,63,79599.00,22,7,10,3
300,SQ,0997,2028-10-25,910.15,SGD,747-400,385,12,14489.59,31,1,21,1
300,UA,0007,2028-10-25,422.94,USD,A310-300,280,47,23946.86,22,4,10,2
300,LH,2463,2028-10-25,242.00,EUR,A321,220,78,23391.72,22,7,11,4
300,LH,3577,2028-10-25,185.00,EUR,A321,220,56,12826.05,22,5,11,3
300,AA,0064,2028-10-25,422.94,USD,A319,220,18,9769.93,22,2,10,1
300,QF,0005,2028-10-25,788.64,AUD,747-400,385,0,0.00,31,0,21,0
300,LH,0402,2028-10-26,666.00,EUR,747-400,385,0,0.00,31,0,21,0
300,SQ,0067,2028-10-26,329.31,SGD,747-400,385,38,14993.39,31,3,21,2
300,SQ,0114,2028-10-26,357.44,SGD,737-200,130,35,15559.36,10,3,8,2
300,LH,0455,2028-10-26,965.00,EUR,A319,220,28,33437.25,22,3,10,1
300,SQ,0117,2028-10-26,357.44,SGD,A319,220,23,9972.58,22,2,10,1
300,SQ,0158,2028-10-26,494.79,SGD,A321,220,1,445.31,22,0,11,0
300,SQ,0863,2028-10-26,512.99,SGD,A319,220,13,8248.86,22,1,10,1
300,UA,3516,2028-10-26,611.01,USD,DC-10-10,380,4,2291.29,41,0,18,0
300,UA,3517,2028-10-26,611.01,USD,747-400,385,96,71262.20,31,8,21,5
300,QF,0006,2028-10-26,788.64,AUD,A310-300,280,80,75764.74,22,7,10,3
300,AZ,0788,2028-10-26,1030.00,EUR,DC-10-10,380,122,160710.90,41,14,18,6
300,AZ,0789,2028-10-26,1030.00,EUR,747-400,385,0,0.00,31,0,21,0
300,AZ,0790,2028-10-26,1014.00,EUR,A310-300,280,46,54958.80,22,3,10,2
300,SQ,0161,2028-10-26,494.79,SGD,A321,220,47,28821.47,22,5,11,2
300,DL,0106,2028-10-26,611.01,USD,DC-10-10,380,67,50756.67,41,7,18,3
300,SQ,0325,2028-10-26,1737.55,SGD,747-400,385,133,282334.74,31,11,21,7
300,DL,1699,2028-10-26,422.94,USD,DC-10-10,380,56,29728.52,41,6,18,3
300,DL,1984,2028-10-26,422.94,USD,747-400,385,134,70195.43,31,11,21,8
300,SQ,0015,2028-10-26,2320.04,SGD,DC-10-10,380,66,192540.18,41,7,18,3
300,SQ,0066,2028-10-26,329.31,SGD,DC-10-10,380,94,38703.63,41,10,18,4
300,AA,0017,2028-10-26,422.94,USD,747-400,385,128,64972.09,31,10,21,6
300,AA,0026,2028-10-26,611.01,USD,A310-300,280,22,16613.38,22,2,10,1
300,AZ,0555,2028-10-26,185.00,EUR,DC-10-10,380,101,23345.15,41,10,18,5
300,LH,0454,2028-10-27,965.00,EUR,A310-300,280,4,3522.25,22,0,10,0
300,LH,2402,2028-10-27,242.00,EUR,A321,220,2,447.70,22,0,11,0
300,UA,0941,2028-10-27,879.82,USD,A319,220,24,26957.73,22,3,10,1
300,UA,3504,2028-10-27,879.82,USD,DC-10-10,380,72,81172.34,41,8,18,4
300,SQ,0326,2028-10-27,1737.55,SGD,A310-300,280,26,52821.58,22,2,10,1
300,LH,2407,2028-10-27,242.00,EUR,A321,220,20,5967.72,22,2,11,1
300,LH,2415,2028-10-27,242.00,EUR,727-200,189,30,9425.90,18,3,11,2
300,SQ,0866,2028-10-27,512.99,SGD,DC-10-10,380,2,949.03,41,0,18,0
300,LH,2436,2028-10-27,242.00,EUR,737-200,130,13,3968.80,10,1,8,1
300,SQ,0988,2028-10-27,910.15,SGD,DC-10-10,380,0,0.00,41,0,18,0
300,LH,2462,2028-10-27,242.00,EUR,A319,220,52,14841.86,22,4,10,2
300,JL,0407,2028-10-27,1061.36,JPY,A310-300,280,37,45298.82,22,3,10,1
300,JL,0408,2028-10-27,1061.36,JPY,A319,220,66,87848.73,22,7,10,3
300,LH,0400,2028-10-27,666.00,EUR,DC-10-10,380,85,71288.64,41,9,18,4
300,SQ,0002,2028-10-27,2320.04,SGD,A319,220,16,49764.89,22,2,10,1
300,LH,0401,2028-10-27,666.00,EUR,DC-10-10,380,7,5561.10,41,1,18,0
300,AZ,0791,2028-10-27,1014.00,EUR,A319,220,4,3974.88,22,0,10,0
300,SQ,0997,2028-10-27,910.15,SGD,747-400,385,79,86145.85,31,6,21,4
300,UA,0007,2028-10-27,422.94,USD,A310-300,280,106,51239.26,22,7,10,4
300,LH,2463,2028-10-27,242.00,EUR,A321,220,20,6086.30,22,2,11,1
300,LH,3577,2028-10-27,185.00,EUR,A321,220,64,14868.45,22,7,11,3
300,AA,0064,2028-10-27,422.94,USD,A319,220,78,41498.92,22,8,10,4
300,QF,0005,2028-10-27,788.64,AUD,747-400,385,132,128004.27,31,11,21,7
300,LH,0402,2028-10-28,666.00,EUR,747-400,385,5,3096.90,31,0,21,0
300,SQ,0067,2028-10-28,329.31,SGD,747-400,385,140,57151.44,31,11,21,8
300,SQ,0114,2028-10-28,357.44,SGD,737-200,130,42,18890.72,10,3,8,3
300,LH,0455,2028-10-28,965.00,EUR,A319,220,66,80239.75,22,7,10,3
300,SQ,0117,2028-10-28,357.44,SGD,A319,220,40,17729.04,22,4,10,2
300,SQ,0158,2028-10-28,494.79,SGD,A321,220,2,989.58,22,0,11,0
300,UA,3516,2028-10-28,611.01,USD,DC-10-10,380,23,16808.91,41,2,18,1
300,UA,3517,2028-10-28,611.01,USD,747-400,385,117,89305.34,31,10,21,7
300,AZ,0788,2028-10-28,1030.00,EUR,DC-10-10,380,135,172391.10,41,13,18,7
300,SQ,0161,2028-10-28,494.79,SGD,A321,220,12,7743.46,22,1,11,1
300,DL,0106,2028-10-28,611.01,USD,DC-10-10,380,10,6843.32,41,1,18,0
300,DL,1699,2028-10-28,422.94,USD,DC-10-10,380,73,38390.36,41,7,18,4
300,DL,1984,2028-10-28,422.94,USD,747-400,385,0,0.00,31,0,21,0
300,SQ,0066,2028-10-28,329.31,SGD,DC-10-10,380,29,11519.18,41,3,18,1
300,UA,0941,2028-10-29,879.82,USD,A319,220,73,80899.61,22,8,10,4
300,UA,3504,2028-10-29,879.82,USD,DC-10-10,380,113,127952.44,41,13,18,6
300,SQ,0326,2028-10-29,1737.55,SGD,A310-300,280,10,19721.20,22,1,10,0
300,LH,2415,2028-10-29,242.00,EUR,727-200,189,56,15984.10,18,5,11,2
300,SQ,0863,2028-10-29,512.99,SGD,A319,220,16,10834.33,22,2,10,1
300,SQ,0866,2028-10-29,512.99,SGD,DC-10-10,380,15,10270.04,41,2,18,1
300,SQ,0988,2028-10-29,910.15,SGD,DC-10-10,380,51,57530.70,41,6,18,2
300,JL,0407,2028-10-29,1061.36,JPY,A310-300,280,26,31999.98,22,2,10,1
300,QF,0006,2028-10-29,788.64,AUD,A310-300,280,0,0.00,22,0,10,0
300,SQ,0002,2028-10-29,2320.04,SGD,A319,220,45,129922.28,22,5,10,2
300,AZ,0789,2028-10-29,1030.00,EUR,747-400,385,36,46638.40,31,3,21,2
300,LH,0401,2028-10-29,666.00,EUR,DC-10-10,380,119,99154.08,41,12,18,6
300,AZ,0790,2028-10-29,1014.00,EUR,A310-300,280,83,96816.72,22,7,10,2
300,AZ,0791,2028-10-29,1014.00,EUR,A319,220,29,36534.42,22,3,10,1
300,SQ,0325,2028-10-29,1737.55,SGD,747-400,385,70,150159.23,31,6,21,4
300,SQ,0997,2028-10-29,910.15,SGD,747-400,385,0,0.00,31,0,21,0
300,SQ,0015,2028-10-29,2320.04,SGD,DC-10-10,380,3,6728.12,41,0,18,0
300,AA,0017,2028-10-29,422.94,USD,747-400,385,49,25985.49,31,4,21,3
300,AA,0026,2028-10-29,611.01,USD,A310-300,280,63,44475.48,22,5,10,2
300,LH,2462,2028-10-29,242.00,EUR,A319,220,17,5299.80,22,2,10,1
300,AA,0064,2028-10-29,422.94,USD,A319,220,65,34444.28,22,7,10,3
300,AZ,0555,2028-10-29,185.00,EUR,DC-10-10,380,127,29666.60,41,14,18,6
300,QF,0005,2028-10-29,788.64,AUD,747-400,385,71,69266.31,31,6,21,4
300,LH,0402,2028-10-30,666.00,EUR,747-400,385,73,60326.28,31,6,21,4
300,SQ,0067,2028-10-30,329.31,SGD,747-400,385,0,0.00,31,0,21,0
300,LH,0454,2028-10-30,965.00,EUR,A310-300,280,20,24057.45,22,2,10,1
300,SQ,0114,2028-10-30,357.44,SGD,737-200,130,29,12867.86,10,2,8,2
300,LH,0455,2028-10-30,965.00,EUR,A319,220,69,82082.90,22,7,10,3
300,LH,2402,2028-10-30,242.00,EUR,A321,220,48,14278.00,22,5,11,2
300,SQ,0117,2028-10-30,357.44,SGD,A319,220,17,7792.21,22,2,10,1
300,LH,2407,2028-10-30,242.00,EUR,A321,220,2,459.80,22,0,11,0
300,UA,3517,2028-10-30,611.01,USD,747-400,385,51,38481.46,31,4,21,3
300,LH,2436,2028-10-30,242.00,EUR,737-200,130,0,0.00,10,0,8,0
300,JL,0408,2028-10-30,1061.36,JPY,A319,220,11,13691.56,22,0,10,1
300,LH,0400,2028-10-30,666.00,EUR,DC-10-10,380,17,13539.78,41,1,18,1
300,DL,0106,2028-10-30,611.01,USD,DC-10-10,380,64,50170.08,41,7,18,3
300,DL,1699,2028-10-30,422.94,USD,DC-10-10,380,52,28193.20,41,5,18,3
300,DL,1984,2028-10-30,422.94,USD,747-400,385,118,61677.38,31,9,21,7
300,UA,0007,2028-10-30,422.94,USD,A310-300,280,87,41854.17,22,7,10,2
300,SQ,0066,2028-10-30,329.31,SGD,DC-10-10,380,42,17700.30,41,5,18,2
300,LH,2463,2028-10-30,242.00,EUR,A321,220,54,16964.20,22,6,11,3
300,LH,3577,2028-10-30,185.00,EUR,A321,220,15,3670.40,22,2,11,1
300,UA,0941,2028-10-31,879.82,USD,A319,220,9,8754.23,22,1,10,0
300,SQ,0158,2028-10-31,494.79,SGD,A321,220,21,12869.47,22,2,11,1
300,SQ,0863,2028-10-31,512.99,SGD,A319,220,12,8182.18,22,1,10,1
300,UA,3516,2028-10-31,611.01,USD,DC-10-10,380,95,73730.67,41,10,18,5
300,SQ,0866,2028-10-31,512.99,SGD,DC-10-10,380,56,36960.88,41,6,18,3
300,SQ,0988,2028-10-31,910.15,SGD,DC-10-10,380,70,79984.08,41,8,18,3
300,QF,0006,2028-10-31,788.64,AUD,A310-300,280,6,4416.38,22,0,10,0
300,AZ,0788,2028-10-31,1030.00,EUR,DC-10-10,380,3,3090.00,41,0,18,0
300,SQ,0002,2028-10-31,2320.04,SGD,A319,220,44,123402.94,22,4,10,2
300,AZ,0789,2028-10-31,1030.00,EUR,747-400,385,116,149834.10,31,9,21,7
300,AZ,0790,2028-10-31,1014.00,EUR,A310-300,280,82,96918.12,22,6,10,3
300,SQ,0161,2028-10-31,494.79,SGD,A321,220,58,35664.39,22,6,11,3
300,AZ,0791,2028-10-31,1014.00,EUR,A319,220,1,861.90,22,0,10,0
300,SQ,0325,2028-10-31,1737.55,SGD,747-400,385,123,266383.97,31,10,21,7
300,SQ,0015,2028-10-31,2320.04,SGD,DC-10-10,380,104,303623.71,41,11,18,5
300,AA,0017,2028-10-31,422.94,USD,747-400,385,121,63496.04,31,10,21,7
300,AA,0026,2028-10-31,611.01,USD,A310-300,280,88,63282.38,22,7,10,3
300,AZ,0555,2028-10-31,185.00,EUR,DC-10-10,380,36,8743.10,41,4,18,2
300,LH,0454,2028-11-01,965.00,EUR,A310-300,280,57,65012.05,22,5,10,2
300,LH,2402,2028-11-01,242.00,EUR,A321,220,0,0.00,22,0,11,0
300,UA,3504,2028-11-01,879.82,USD,DC-10-10,380,77,85958.56,41,8,18,4
300,SQ,0326,2028-11-01,1737.55,SGD,A310-300,280,69,136449.89,22,5,10,2
300,LH,2407,2028-11-01,242.00,EUR,A321,220,3,653.40,22,0,11,0
300,LH,2415,2028-11-01,242.00,EUR,727-200,189,5,1089.00,18,0,11,0
300,LH,2436,2028-11-01,242.00,EUR,737-200,130,1,229.90,10,0,8,0
300,JL,0407,2028-11-01,1061.36,JPY,A310-300,280,87,108704.40,22,7,10,3
300,JL,0408,2028-11-01,1061.36,JPY,A319,220,27,35184.10,22,3,10,1
300,LH,0400,2028-11-01,666.00,EUR,DC-10-10,380,47,37109.52,41,5,18,1
300,LH,0401,2028-11-01,666.00,EUR,DC-10-10,380,87,72454.14,41,10,18,4
300,SQ,0997,2028-11-01,910.15,SGD,747-400,385,53,58959.58,31,4,21,3
300,UA,0007,2028-11-01,422.94,USD,A310-300,280,80,39528.02,22,6,10,3
300,LH,2462,2028-11-01,242.00,EUR,A319,220,68,20059.38,22,7,10,3
300,LH,2463,2028-11-01,242.00,EUR,A321,220,13,4005.10,22,1,11,1
300,LH,3577,2028-11-01,185.00,EUR,A321,220,58,13712.20,22,6,11,3
300,AA,0064,2028-11-01,422.94,USD,A319,220,58,31103.02,22,6,10,3
300,QF,0005,2028-11-01,788.64,AUD,747-400,385,12,10078.82,31,1,21,0
300,LH,0402,2028-11-02,666.00,EUR,747-400,385,39,31468.50,31,3,21,2
300,SQ,0067,2028-11-02,329.31,SGD,747-400,385,82,32782.61,31,7,21,4
300,SQ,0114,2028-11-02,357.44,SGD,737-200,130,0,0.00,10,0,8,0
300,LH,0455,2028-11-02,965.00,EUR,A319,220,18,22098.50,22,2,10,1
300,SQ,0117,2028-11-02,357.44,SGD,A319,220,33,14690.77,22,3,10,2
300,UA,0941,2028-11-02,879.82,USD,A319,220,56,59924.68,22,5,10,3
300,SQ,0158,2028-11-02,494.79,SGD,A321,220,7,4007.79,22,1,11,0
300,SQ,0863,2028-11-02,512.99,SGD,A319,220,0,0.00,22,0,10,0
300,UA,3516,2028-11-02,611.01,USD,DC-10-10,380,113,84863.29,41,11,18,5
300,SQ,0866,2028-11-02,512.99,SGD,DC-10-10,380,22,13876.36,41,2,18,1
300,UA,3517,2028-11-02,611.01,USD,747-400,385,46,35927.43,31,4,21,3
300,SQ,0988,2028-11-02,910.15,SGD,DC-10-10,380,31,33766.61,41,3,18,1
300,QF,0006,2028-11-02,788.64,AUD,A310-300,280,73,68367.31,22,6,10,3
300,AZ,0788,2028-11-02,1030.00,EUR,DC-10-10,380,17,22917.50,41,2,18,1
300,SQ,0002,2028-11-02,2320.04,SGD,A319,220,56,167112.54,22,6,10,3
300,AZ,0789,2028-11-02,1030.00,EUR,747-400,385,74,94069.90,31,6,21,4
300,AZ,0790,2028-11-02,1014.00,EUR,A310-300,280,20,25268.88,22,2,10,1
300,SQ,0161,2028-11-02,494.79,SGD,A321,220,8,4675.76,22,1,11,0
300,AZ,0791,2028-11-02,1014.00,EUR,A319,220,32,38613.12,22,3,10,1
300,DL,0106,2028-11-02,611.01,USD,DC-10-10,380,110,82901.95,41,11,18,5
300,SQ,0325,2028-11-02,1737.55,SGD,747-400,385,46,101959.49,31,4,21,3
300,DL,1699,2028-11-02,422.94,USD,DC-10-10,380,76,38876.67,41,6,18,4
300,DL,1984,2028-11-02,422.94,USD,747-400,385,98,51725.58,31,8,21,6
300,SQ,0015,2028-11-02,2320.04,SGD,DC-10-10,380,39,111895.53,41,4,18,2
300,SQ,0066,2028-11-02,329.31,SGD,DC-10-10,380,76,31541.13,41,8,18,4
300,AA,0017,2028-11-02,422.94,USD,747-400,385,113,56767.05,31,8,21,5
300,AA,0026,2028-11-02,611.01,USD,A310-300,280,43,31534.26,22,3,10,2
300,AZ,0555,2028-11-02,185.00,EUR,DC-10-10,380,17,4153.25,41,2,18,1
300,LH,0454,2028-11-03,965.00,EUR,A310-300,280,25,28631.55,22,2,10,1
300,LH,2402,2028-11-03,242.00,EUR,A321,220,50,15475.90,22,5,11,3
300,UA,3504,2028-11-03,879.82,USD,DC-10-10,380,3,2507.49,41,0,18,0
300,SQ,0326,2028-11-03,1737.55,SGD,A310-300,280,22,46201.52,22,2,10,1
300,LH,2407,2028-11-03,242.00,EUR,A321,220,0,0.00,22,0,11,0
300,LH,2415,2028-11-03,242.00,EUR,727-200,189,48,15069.34,18,5,11,3
300,LH,2436,2028-11-03,242.00,EUR,737-200,130,38,11349.80,10,3,8,2
300,JL,0407,2028-11-03,1061.36,JPY,A310-300,280,64,78795.34,22,5,10,2
300,JL,0408,2028-11-03,1061.36,JPY,A319,220,22,28582.40,22,2,10,1
300,LH,0400,2028-11-03,666.00,EUR,DC-10-10,380,39,32534.10,41,4,18,2
300,LH,0401,2028-11-03,666.00,EUR,DC-10-10,380,9,6826.50,41,1,18,0
300,SQ,0997,2028-11-03,910.15,SGD,747-400,385,70,79228.66,31,6,21,4
300,UA,0007,2028-11-03,422.94,USD,A310-300,280,77,38322.70,22,6,10,3
300,LH,2462,2028-11-03,242.00,EUR,A319,220,7,2069.10,22,1,10,0
300,LH,2463,2028-11-03,242.00,EUR,A321,220,63,19132.52,22,7,11,3
300,LH,3577,2028-11-03,185.00,EUR,A321,220,25,5836.75,22,3,11,1
300,AA,0064,2028-11-03,422.94,USD,A319,220,18,9846.07,22,2,10,1
300,QF,0005,2028-11-03,788.64,AUD,747-400,385,86,83990.24,31,7,21,5
300,LH,0402,2028-11-04,666.00,EUR,747-400,385,89,71375.22,31,7,21,4
300,SQ,0067,2028-11-04,329.31,SGD,747-400,385,99,39731.01,31,8,21,5
300,SQ,0114,2028-11-04,357.44,SGD,737-200,130,43,19391.16,10,3,8,3
300,LH,0455,2028-11-04,965.00,EUR,A319,220,52,60910.80,22,5,10,2
300,SQ,0117,2028-11-04,357.44,SGD,A319,220,64,28273.59,22,6,10,3
300,SQ,0158,2028-11-04,494.79,SGD,A321,220,7,4230.45,22,1,11,0
300,SQ,0863,2028-11-04,512.99,SGD,A319,220,1,436.04,22,0,10,0
300,UA,3516,2028-11-04,611.01,USD,DC-10-10,380,1,519.36,41,0,18,0
300,UA,3517,2028-11-04,611.01,USD,747-400,385,12,9776.17,31,1,21,1
300,QF,0006,2028-11-04,788.64,AUD,A310-300,280,67,59211.14,22,4,10,2
300,AZ,0788,2028-11-04,1030.00,EUR,DC-10-10,380,26,33341.10,41,3,18,1
300,AZ,0789,2028-11-04,1030.00,EUR,747-400,385,60,74355.70,31,5,21,3
300,AZ,0790,2028-11-04,1014.00,EUR,A310-300,280,44,53944.80,22,4,10,2
300,SQ,0161,2028-11-04,494.79,SGD,A321,220,20,12453.85,22,2,11,1
300,DL,0106,2028-11-04,611.01,USD,DC-10-10,380,0,0.00,41,0,18,0
300,SQ,0325,2028-11-04,1737.55,SGD,747-400,385,79,167117.69,31,6,21,4
300,DL,1699,2028-11-04,422.94,USD,DC-10-10,380,58,31826.30,41,7,18,3
300,DL,1984,2028-11-04,422.94,USD,747-400,385,24,10848.43,31,2,21,0
300,SQ,0015,2028-11-04,2320.04,SGD,DC-10-10,380,102,301141.31,41,11,18,5
300,SQ,0066,2028-11-04,329.31,SGD,DC-10-10,380,44,18266.71,41,5,18,2
300,AA,0017,2028-11-04,422.94,USD,747-400,385,67,34427.38,31,6,21,3
300,AA,0026,2028-11-04,611.01,USD,A310-300,280,57,41371.54,22,5,10,2
300,AZ,0555,2028-11-04,185.00,EUR,DC-10-10,380,2,323.75,41,0,18,0
300,LH,0454,2028-11-05,965.00,EUR,A310-300,280,55,63487.35,22,5,10,2
300,LH,2402,2028-11-05,242.00,EUR,A321,220,38,11652.30,22,4,11,2
300,UA,0941,2028-11-05,879.82,USD,A319,220,35,39750.34,22,4,10,2
300,UA,3504,2028-11-05,879.82,USD,DC-10-10,380,22,24063.11,41,2,18,1
300,SQ,0326,2028-11-05,1737.55,SGD,A310-300,280,42,85974.05,22,3,10,2
300,LH,2407,2028-11-05,242.00,EUR,A321,220,36,11132.00,22,4,11,2
300,LH,2415,2028-11-05,242.00,EUR,727-200,189,36,11374.00,18,4,11,2
300,SQ,0866,2028-11-05,512.99,SGD,DC-10-10,380,87,55802.97,41,9,18,4
300,LH,2436,2028-11-05,242.00,EUR,737-200,130,13,4097.06,10,1,8,1
300,SQ,0988,2028-11-05,910.15,SGD,DC-10-10,380,46,52725.03,41,5,18,2
300,JL,0407,2028-11-05,1061.36,JPY,A310-300,280,40,46222.20,22,2,10,1
300,JL,0408,2028-11-05,1061.36,JPY,A319,220,10,12046.42,22,1,10,0
300,LH,0400,2028-11-05,666.00,EUR,DC-10-10,380,60,51648.30,41,7,18,3
300,SQ,0002,2028-11-05,2320.04,SGD,A319,220,19,55541.77,22,2,10,1
300,LH,0401,2028-11-05,666.00,EUR,DC-10-10,380,24,20179.80,41,3,18,1
300,AZ,0791,2028-11-05,1014.00,EUR,A319,220,0,0.00,22,0,10,0
300,SQ,0997,2028-11-05,910.15,SGD,747-400,385,74,82104.76,31,6,21,4
300,UA,0007,2028-11-05,422.94,USD,A310-300,280,18,9008.63,22,1,10,1
300,LH,2462,2028-11-05,242.00,EUR,A319,220,43,12441.22,22,3,10,2
300,LH,2463,2028-11-05,242.00,EUR,A321,220,0,0.00,22,0,11,0
300,LH,3577,2028-11-05,185.00,EUR,A321,220,29,7092.90,22,3,11,2
300,AA,0064,2028-11-05,422.94,USD,A319,220,1,359.50,22,0,10,0
300,QF,0005,2028-11-05,788.64,AUD,747-400,385,79,77570.66,31,7,21,4
300,LH,0402,2028-11-06,666.00,EUR,747-400,385,88,71761.50,31,7,21,5
300,SQ,0067,2028-11-06,329.31,SGD,747-400,385,42,16564.22,31,3,21,2
300,SQ,0114,2028-11-06,357.44,SGD,737-200,130,5,1644.23,10,0,8,0
300,LH,0455,2028-11-06,965.00,EUR,A319,220,55,65465.60,22,5,10,3
300,SQ,0117,2028-11-06,357.44,SGD,A319,220,38,17310.83,22,4,10,2
300,SQ,0158,2028-11-06,494.79,SGD,A321,220,36,22908.74,22,4,11,2
300,UA,3516,2028-11-06,611.01,USD,DC-10-10,380,70,52791.35,41,8,18,3
300,UA,3517,2028-11-06,611.01,USD,747-400,385,24,17413.81,31,2,21,1
300,AZ,0788,2028-11-06,1030.00,EUR,DC-10-10,380,33,45062.50,41,4,18,2
300,SQ,0161,2028-11-06,494.79,SGD,A321,220,3,1335.93,22,0,11,0
300,DL,0106,2028-11-06,611.01,USD,DC-10-10,380,20,14480.95,41,1,18,1
300,DL,1699,2028-11-06,422.94,USD,DC-10-10,380,76,40779.98,41,9,18,4
300,DL,1984,2028-11-06,422.94,USD,747-400,385,0,0.00,31,0,21,0
300,SQ,0066,2028-11-06,329.31,SGD,DC-10-10,380,41,16672.88,41,4,18,2
300,UA,0941,2028-11-07,879.82,USD,A319,220,50,53871.47,22,5,10,2
300,UA,3504,2028-11-07,879.82,USD,DC-10-10,380,41,47026.45,41,5,18,2
300,SQ,0326,2028-11-07,1737.55,SGD,A310-300,280,0,0.00,22,0,10,0
300,LH,2415,2028-11-07,242.00,EUR,727-200,189,7,1996.50,18,1,11,0
300,SQ,0863,2028-11-07,512.99,SGD,A319,220,21,13363.37,22,2,10,1
300,SQ,0866,2028-11-07,512.99,SGD,DC-10-10,380,5,3488.33,41,1,18,0
300,SQ,0988,2028-11-07,910.15,SGD,DC-10-10,380,76,87074.23,41,8,18,4
300,JL,0407,2028-11-07,1061.36,JPY,A310-300,280,58,73180.71,22,5,10,2
300,QF,0006,2028-11-07,788.64,AUD,A310-300,280,10,8596.19,22,1,10,0
300,SQ,0002,2028-11-07,2320.04,SGD,A319,220,22,62478.69,22,2,10,1
300,AZ,0789,2028-11-07,1030.00,EUR,747-400,385,66,86231.60,31,6,21,4
300,LH,0401,2028-11-07,666.00,EUR,DC-10-10,380,47,39527.10,41,5,18,2
300,AZ,0790,2028-11-07,1014.00,EUR,A310-300,280,26,30592.38,22,2,10,1
300,AZ,0791,2028-11-07,1014.00,EUR,A319,220,9,10292.10,22,1,10,0
300,SQ,0325,2028-11-07,1737.55,SGD,747-400,385,50,106911.53,31,4,21,3
300,SQ,0997,2028-11-07,910.15,SGD,747-400,385,53,58932.29,31,4,21,3
300,SQ,0015,2028-11-07,2320.04,SGD,DC-10-10,380,15,46516.82,41,2,18,1
300,AA,0017,2028-11-07,422.94,USD,747-400,385,47,25105.69,31,4,21,3
300,AA,0026,2028-11-07,611.01,USD,A310-300,280,0,0.00,22,0,10,0
300,LH,2462,2028-11-07,242.00,EUR,A319,220,0,0.00,22,0,10,0
300,AA,0064,2028-11-07,422.94,USD,A319,220,46,24086.47,22,5,10,2
300,AZ,0555,2028-11-07,185.00,EUR,DC-10-10,380,43,10062.15,41,5,18,2
300,QF,0005,2028-11-07,788.64,AUD,747-400,385,0,0.00,31,0,21,0
300,LH,0402,2028-11-08,666.00,EUR,747-400,385,0,0.00,31,0,21,0
300,SQ,0067,2028-11-08,329.31,SGD,747-400,385,17,6800.21,31,1,21,1
300,LH,0454,2028-11-08,965.00,EUR,A310-300,280,54,61113.45,22,4,10,2
300,SQ,0114,2028-11-08,357.44,SGD,737-200,130,7,2913.15,10,1,8,0
300,LH,0455,2028-11-08,965.00,EUR,A319,220,1,965.00,22,0,10,0
300,LH,2402,2028-11-08,242.00,EUR,A321,220,6,1790.80,22,1,11,0
300,SQ,0117,2028-11-08,357.44,SGD,A319,220,7,3020.37,22,1,10,0
300,LH,2407,2028-11-08,242.00,EUR,A321,220,50,15209.70,22,4,11,3
300,UA,3517,2028-11-08,611.01,USD,747-400,385,38,27990.41,31,3,21,2
300,LH,2436,2028-11-08,242.00,EUR,737-200,130,20,6086.30,10,2,8,1
300,JL,0408,2028-11-08,1061.36,JPY,A319,220,27,35226.51,22,3,10,1
300,LH,0400,2028-11-08,666.00,EUR,DC-10-10,380,41,34432.20,41,5,18,2
300,DL,0106,2028-11-08,611.01,USD,DC-10-10,380,71,55058.17,41,8,18,3
300,DL,1699,2028-11-08,422.94,USD,DC-10-10,380,10,4694.64,41,1,18,0
300,DL,1984,2028-11-08,422.94,USD,747-400,385,42,21857.57,31,4,21,2
300,UA,0007,2028-11-08,422.94,USD,A310-300,280,0,0.00,22,0,10,0
300,SQ,0066,2028-11-08,329.31,SGD,DC-10-10,380,7,2749.73,41,1,18,0
300,LH,2463,2028-11-08,242.00,EUR,A321,220,32,9803.42,22,3,11,2
300,LH,3577,2028-11-08,185.00,EUR,A321,220,36,8508.15,22,4,11,2
300,UA,0941,2028-11-09,879.82,USD,A319,220,14,17244.50,22,2,10,1
300,SQ,0158,2028-11-09,494.79,SGD,A321,220,5,3092.43,22,1,11,0
300,UA,3504,2028-11-09,879.82,USD,DC-10-10,380,0,0.00,41,0,18,0
300,SQ,0326,2028-11-09,1737.55,SGD,A310-300,280,4,6029.31,22,0,10,0
300,LH,2415,2028-11-09,242.00,EUR,727-200,189,11,3593.70,18,1,11,1
300,SQ,0863,2028-11-09,512.99,SGD,A319,220,0,0.00,22,0,10,0
300,UA,3516,2028-11-09,611.01,USD,DC-10-10,380,0,0.00,41,0,18,0
300,SQ,0866,2028-11-09,512.99,SGD,DC-10-10,380,19,12286.09,41,2,18,1
300,SQ,0988,2028-11-09,910.15,SGD,DC-10-10,380,72,81704.31,41,8,18,3
300,JL,0407,2028-11-09,1061.36,JPY,A310-300,280,11,12428.53,22,1,10,0
300,QF,0006,2028-11-09,788.64,AUD,A310-300,280,26,21734.96,22,2,10,0
300,AZ,0788,2028-11-09,1030.00,EUR,DC-10-10,380,80,103175.10,41,8,18,4
300,SQ,0002,2028-11-09,2320.04,SGD,A319,220,0,0.00,22,0,10,0
300,AZ,0789,2028-11-09,1030.00,EUR,747-400,385,78,96449.20,31,6,21,4
300,LH,0401,2028-11-09,666.00,EUR,DC-10-10,380,78,64235.70,41,7,18,4
300,AZ,0790,2028-11-09,1014.00,EUR,A310-300,280,49,58791.72,22,4,10,2
300,SQ,0161,2028-11-09,494.79,SGD,A321,220,26,16243.93,22,3,11,1
300,AZ,0791,2028-11-09,1014.00,EUR,A319,220,19,24944.40,22,2,10,1
300,SQ,0325,2028-11-09,1737.55,SGD,747-400,385,39,81803.94,31,3,21,2
300,SQ,0997,2028-11-09,910.15,SGD,747-400,385,0,0.00,31,0,21,0
300,SQ,0015,2028-11-09,2320.04,SGD,DC-10-10,380,6,17168.31,41,1,18,0
300,AA,0017,2028-11-09,422.94,USD,747-400,385,41,20673.30,31,3,21,2
300,LH,2462,2028-11-09,242.00,EUR,A319,220,33,9450.10,22,3,10,1
300,AA,0026,2028-11-09,611.01,USD,A310-300,280,57,41206.57,22,5,10,2
300,AA,0064,2028-11-09,422.94,USD,A319,220,18,9152.45,22,1,10,1
300,AZ,0555,2028-11-09,185.00,EUR,DC-10-10,380,51,11745.65,41,6,18,2
300,QF,0005,2028-11-09,788.64,AUD,747-400,385,54,51813.68,31,4,21,3
300,LH,0402,2028-11-10,666.00,EUR,747-400,385,0,0.00,31,0,21,0
300,SQ,0067,2028-11-10,329.31,SGD,747-400,385,30,12171.24,31,2,21,2
300,LH,0454,2028-11-10,965.00,EUR,A310-300,280,10,8926.25,22,0,10,0
300,LH,0455,2028-11-10,965.00,EUR,A319,220,0,0.00,22,0,10,0
300,SQ,0114,2028-11-10,357.44,SGD,737-200,130,17,7345.41,10,1,8,1
300,LH,2402,2028-11-10,242.00,EUR,A321,220,0,0.00,22,0,11,0
300,SQ,0117,2028-11-10,357.44,SGD,A319,220,0,0.00,22,0,10,0
300,LH,2407,2028-11-10,242.00,EUR,A321,220,0,0.00,22,0,11,0
300,UA,3517,2028-11-10,611.01,USD,747-400,385,13,9947.26,31,1,21,1
300,LH,2436,2028-11-10,242.00,EUR,737-200,130,0,0.00,10,0,8,0
300,JL,0408,2028-11-10,1061.36,JPY,A319,220,16,22681.24,22,2,10,1
300,LH,0400,2028-11-10,666.00,EUR,DC-10-10,380,71,60193.08,41,7,18,4
300,DL,0106,2028-11-10,611.01,USD,DC-10-10,380,49,38542.55,41,6,18,2
300,DL,1699,2028-11-10,422.94,USD,DC-10-10,380,52,28332.83,41,6,18,3
300,DL,1984,2028-11-10,422.94,USD,747-400,385,0,0.00,31,0,21,0
300,UA,0007,2028-11-10,422.94,USD,A310-300,280,11,5159.88,22,1,10,0
300,SQ,0066,2028-11-10,329.31,SGD,DC-10-10,380,62,25966.00,41,7,18,3
300,LH,2463,2028-11-10,242.00,EUR,A321,220,0,0.00,22,0,11,0
300,LH,3577,2028-11-10,185.00,EUR,A321,220,32,7368.55,22,3,11,2
300,UA,0941,2028-11-11,879.82,USD,A319,220,12,13558.05,22,1,10,1
300,SQ,0158,2028-11-11,494.79,SGD,A321,220,24,14225.19,22,2,11,1
300,SQ,0863,2028-11-11,512.99,SGD,A319,220,6,3821.77,22,1,10,0
300,UA,3516,2028-11-11,611.01,USD,DC-10-10,380,15,12782.34,41,2,18,1
300,SQ,0866,2028-11-11,512.99,SGD,DC-10-10,380,55,36181.13,41,6,18,3
300,SQ,0988,2028-11-11,910.15,SGD,DC-10-10,380,68,76962.37,41,7,18,3
300,QF,0006,2028-11-11,788.64,AUD,A310-300,280,11,9369.05,22,1,10,0
300,AZ,0788,2028-11-11,1030.00,EUR,DC-10-10,380,13,17458.50,41,1,18,1
300,SQ,0002,2028-11-11,2320.04,SGD,A319,220,10,25636.46,22,1,10,0
300,AZ,0789,2028-11-11,1030.00,EUR,747-400,385,16,19518.50,31,1,21,1
300,AZ,0790,2028-11-11,1014.00,EUR,A310-300,280,14,17947.80,22,1,10,1
300,SQ,0161,2028-11-11,494.79,SGD,A321,220,23,13908.53,22,2,11,1
300,AZ,0791,2028-11-11,1014.00,EUR,A319,220,30,33360.60,22,3,10,0
300,SQ,0325,2028-11-11,1737.55,SGD,747-400,385,65,139785.97,31,5,21,4
300,SQ,0015,2028-11-11,2320.04,SGD,DC-10-10,380,58,169571.72,41,6,18,3
300,AA,0017,2028-11-11,422.94,USD,747-400,385,35,18410.58,31,3,21,2
300,AA,0026,2028-11-11,611.01,USD,A310-300,280,28,19827.30,22,2,10,1
300,AZ,0555,2028-11-11,185.00,EUR,DC-10-10,380,12,2849.00,41,1,18,1
300,LH,0454,2028-11-12,965.00,EUR,A310-300,280,22,26006.75,22,2,10,1
300,LH,2402,2028-11-12,242.00,EUR,A321,220,0,0.00,22,0,11,0
300,UA,3504,2028-11-12,879.82,USD,DC-10-10,380,33,38149.07,41,4,18,2
300,SQ,0326,2028-11-12,1737.55,SGD,A310-300,280,23,48060.69,22,2,10,1
300,LH,2407,2028-11-12,242.00,EUR,A321,220,0,0.00,22,0,11,0
300,LH,2415,2028-11-12,242.00,EUR,727-200,189,0,0.00,18,0,11,0
300,LH,2436,2028-11-12,242.00,EUR,737-200,130,20,5977.40,10,2,8,1
300,JL,0407,2028-11-12,1061.36,JPY,A310-300,280,39,47018.24,22,3,10,1
300,JL,0408,2028-11-12,1061.36,JPY,A319,220,31,39429.49,22,3,10,1
300,LH,0400,2028-11-12,666.00,EUR,DC-10-10,380,33,28864.44,41,4,18,2
300,LH,0401,2028-11-12,666.00,EUR,DC-10-10,380,0,0.00,41,0,18,0
300,SQ,0997,2028-11-12,910.15,SGD,747-400,385,0,0.00,31,0,21,0
300,UA,0007,2028-11-12,422.94,USD,A310-300,280,39,18228.74,22,2,10,1
300,LH,2462,2028-11-12,242.00,EUR,A319,220,24,7114.80,22,2,10,1
300,LH,2463,2028-11-12,242.00,EUR,A321,220,0,0.00,22,0,11,0
300,LH,3577,2028-11-12,185.00,EUR,A321,220,7,1572.50,22,1,11,0
300,AA,0064,2028-11-12,422.94,USD,A319,220,27,14016.25,22,3,10,1
300,QF,0005,2028-11-12,788.64,AUD,747-400,385,41,38383.12,31,3,21,2
300,LH,0402,2028-11-13,666.00,EUR,747-400,385,18,15298.02,31,2,21,1
300,SQ,0067,2028-11-13,329.31,SGD,747-400,385,31,12806.81,31,2,21,2
300,LH,0455,2028-11-13,965.00,EUR,A319,220,37,45741.00,22,4,10,2
300,SQ,0114,2028-11-13,357.44,SGD,737-200,130,0,0.00,10,0,8,0
300,SQ,0117,2028-11-13,357.44,SGD,A319,220,7,2952.44,22,1,10,0
300,SQ,0158,2028-11-13,494.79,SGD,A321,220,0,0.00,22,0,11,0
300,SQ,0863,2028-11-13,512.99,SGD,A319,220,17,11414.01,22,2,10,1
300,UA,3516,2028-11-13,611.01,USD,DC-10-10,380,28,20591.07,41,3,18,1
300,UA,3517,2028-11-13,611.01,USD,747-400,385,34,23969.96,31,3,21,1
300,QF,0006,2028-11-13,788.64,AUD,A310-300,280,36,32807.49,22,3,10,1
300,AZ,0788,2028-11-13,1030.00,EUR,DC-10-10,380,38,48822.00,41,4,18,2
300,AZ,0789,2028-11-13,1030.00,EUR,747-400,385,31,40489.30,31,3,21,2
300,AZ,0790,2028-11-13,1014.00,EUR,A310-300,280,36,42415.62,22,3,10,1
300,SQ,0161,2028-11-13,494.79,SGD,A321,220,36,22790.00,22,4,11,2
300,DL,0106,2028-11-13,611.01,USD,DC-10-10,380,0,0.00,41,0,18,0
300,SQ,0325,2028-11-13,1737.55,SGD,747-400,385,5,7818.99,31,0,21,0
300,DL,1699,2028-11-13,422.94,USD,DC-10-10,380,48,25376.40,41,5,18,2
300,DL,1984,2028-11-13,422.94,USD,747-400,385,16,8040.10,31,1,21,1
300,SQ,0015,2028-11-13,2320.04,SGD,DC-10-10,380,14,45472.81,41,2,18,1
300,SQ,0066,2028-11-13,329.31,SGD,DC-10-10,380,18,7771.69,41,2,18,1
300,AA,0017,2028-11-13,422.94,USD,747-400,385,24,12083.44,31,2,21,1
300,AA,0026,2028-11-13,611.01,USD,A310-300,280,3,1619.18,22,0,10,0
300,AZ,0555,2028-11-13,185.00,EUR,DC-10-10,380,1,175.75,41,0,18,0
300,LH,0454,2028-11-14,965.00,EUR,A310-300,280,1,916.75,22,0,10,0
300,LH,2402,2028-11-14,242.00,EUR,A321,220,21,6231.50,22,2,11,1
300,UA,0941,2028-11-14,879.82,USD,A319,220,20,21423.67,22,2,10,1
300,UA,3504,2028-11-14,879.82,USD,DC-10-10,380,9,8780.62,41,1,18,0
300,SQ,0326,2028-11-14,1737.55,SGD,A310-300,280,15,32579.08,22,1,10,1
300,LH,2407,2028-11-14,242.00,EUR,A321,220,34,10868.22,22,4,11,2
300,LH,2415,2028-11-14,242.00,EUR,727-200,189,17,5432.90,18,2,11,1
300,SQ,0866,2028-11-14,512.99,SGD,DC-10-10,380,12,8002.63,41,1,18,1
300,LH,2436,2028-11-14,242.00,EUR,737-200,130,0,0.00,10,0,8,0
300,SQ,0988,2028-11-14,910.15,SGD,DC-10-10,380,24,27331.84,41,3,18,1
300,JL,0407,2028-11-14,1061.36,JPY,A310-300,280,14,18786.06,22,1,10,1
300,JL,0408,2028-11-14,1061.36,JPY,A319,220,0,0.00,22,0,10,0
300,LH,0400,2028-11-14,666.00,EUR,DC-10-10,380,14,11222.10,41,2,18,0
300,SQ,0002,2028-11-14,2320.04,SGD,A319,220,29,79229.37,22,3,10,1
300,LH,0401,2028-11-14,666.00,EUR,DC-10-10,380,6,4895.10,41,1,18,0
300,AZ,0791,2028-11-14,1014.00,EUR,A319,220,0,0.00,22,0,10,0
300,SQ,0997,2028-11-14,910.15,SGD,747-400,385,15,17047.14,31,1,21,1
300,UA,0007,2028-11-14,422.94,USD,A310-300,280,25,12497.91,22,2,10,1
300,LH,2462,2028-11-14,242.00,EUR,A319,220,19,5771.70,22,2,10,1
300,LH,2463,2028-11-14,242.00,EUR,A321,220,5,1633.50,22,1,11,0
300,LH,3577,2028-11-14,185.00,EUR,A321,220,0,0.00,22,0,11,0
300,AA,0064,2028-11-14,422.94,USD,A319,220,20,10848.40,22,2,10,1
300,QF,0005,2028-11-14,788.64,AUD,747-400,385,29,28627.67,31,2,21,2
300,LH,0402,2028-11-15,666.00,EUR,747-400,385,15,12407.58,31,1,21,1
300,SQ,0067,2028-11-15,329.31,SGD,747-400,385,2,609.22,31,0,21,0
300,LH,0455,2028-11-15,965.00,EUR,A319,220,10,10508.85,22,1,10,0
300,SQ,0114,2028-11-15,357.44,SGD,737-200,130,0,0.00,10,0,8,0
300,SQ,0117,2028-11-15,357.44,SGD,A319,220,21,9078.97,22,2,10,1
300,SQ,0158,2028-11-15,494.79,SGD,A321,220,27,16238.98,22,3,11,1
300,UA,3516,2028-11-15,611.01,USD,DC-10-10,380,30,23890.52,41,3,18,2
300,UA,3517,2028-11-15,611.01,USD,747-400,385,46,36214.60,31,4,21,3
300,AZ,0788,2028-11-15,1030.00,EUR,DC-10-10,380,44,56629.40,41,5,18,2
300,SQ,0161,2028-11-15,494.79,SGD,A321,220,4,1805.98,22,0,11,0
300,DL,0106,2028-11-15,611.01,USD,DC-10-10,380,11,9104.06,41,1,18,1
300,DL,1699,2028-11-15,422.94,USD,DC-10-10,380,36,18651.68,41,3,18,2
300,DL,1984,2028-11-15,422.94,USD,747-400,385,20,9414.65,31,2,21,0
300,SQ,0066,2028-11-15,329.31,SGD,DC-10-10,380,0,0.00,41,0,18,0
300,UA,0941,2028-11-16,879.82,USD,A319,220,21,23227.28,22,2,10,1
300,UA,3504,2028-11-16,879.82,USD,DC-10-10,380,15,17728.41,41,2,18,1
300,SQ,0326,2028-11-16,1737.55,SGD,A310-300,280,29,58868.24,22,2,10,1
300,LH,2415,2028-11-16,242.00,EUR,727-200,189,15,4924.70,18,2,11,1
300,SQ,0863,2028-11-16,512.99,SGD,A319,220,28,17492.93,22,3,10,1
300,SQ,0866,2028-11-16,512.99,SGD,DC-10-10,380,3,1385.07,41,0,18,0
300,SQ,0988,2028-11-16,910.15,SGD,DC-10-10,380,2,1656.48,41,0,18,0
300,JL,0407,2028-11-16,1061.36,JPY,A310-300,280,0,0.00,22,0,10,0
300,QF,0006,2028-11-16,788.64,AUD,A310-300,280,34,31356.33,22,3,10,1
300,SQ,0002,2028-11-16,2320.04,SGD,A319,220,0,0.00,22,0,10,0
300,AZ,0789,2028-11-16,1030.00,EUR,747-400,385,25,30436.50,31,2,21,1
300,LH,0401,2028-11-16,666.00,EUR,DC-10-10,380,43,35784.18,41,5,18,2
300,AZ,0790,2028-11-16,1014.00,EUR,A310-300,280,26,30521.40,22,2,10,1
300,AZ,0791,2028-11-16,1014.00,EUR,A319,220,24,29162.64,22,2,10,1
300,SQ,0325,2028-11-16,1737.55,SGD,747-400,385,46,101855.24,31,4,21,3
300,SQ,0997,2028-11-16,910.15,SGD,747-400,385,0,0.00,31,0,21,0
300,SQ,0015,2028-11-16,2320.04,SGD,DC-10-10,380,19,56260.98,41,2,18,1
300,AA,0017,2028-11-16,422.94,USD,747-400,385,10,5773.15,31,1,21,1
300,LH,2462,2028-11-16,242.00,EUR,A319,220,15,4936.80,22,2,10,1
300,AA,0026,2028-11-16,611.01,USD,A310-300,280,0,0.00,22,0,10,0
300,AA,0064,2028-11-16,422.94,USD,A319,220,0,0.00,22,0,10,0
300,AZ,0555,2028-11-16,185.00,EUR,DC-10-10,380,13,3108.00,41,1,18,1
300,QF,0005,2028-11-16,788.64,AUD,747-400,385,9,8186.10,31,1,21,0
300,LH,0454,2028-11-17,965.00,EUR,A310-300,280,19,21133.50,22,1,10,1
300,LH,2402,2028-11-17,242.00,EUR,A321,220,21,6195.20,22,2,11,1
300,LH,2407,2028-11-17,242.00,EUR,A321,220,0,0.00,22,0,11,0
300,LH,2436,2028-11-17,242.00,EUR,737-200,130,0,0.00,10,0,8,0
300,JL,0408,2028-11-17,1061.36,JPY,A319,220,23,29123.72,22,2,10,1
300,LH,0400,2028-11-17,666.00,EUR,DC-10-10,380,10,7425.90,41,1,18,0
300,UA,0007,2028-11-17,422.94,USD,A310-300,280,14,7570.62,22,1,10,1
300,LH,2463,2028-11-17,242.00,EUR,A321,220,15,4791.60,22,2,11,1
300,LH,3577,2028-11-17,185.00,EUR,A321,220,24,5670.25,22,3,11,1

300,BA,0100,2025-04-02,657.61,GBP,DC-10-10,380,343,200591.30,41,38,18,15
300,BA,0100,2025-04-12,598.03,GBP,A330-300,223,176,89854.23,22,17,11,8
300,BA,0100,2025-04-24,663.81,GBP,747-400,385,365,261860.98,31,31,21,20
300,BA,0100,2025-05-07,621.09,GBP,DC-10-10,380,286,185142.64,41,30,18,12
300,BA,0100,2025-05-18,640.99,GBP,A310-300,280,186,113117.92,22,15,10,6
300,BA,0100,2025-05-29,569.88,GBP,747-400,385,258,168787.97,31,22,21,14
300,BA,0100,2025-06-08,746.61,GBP,A310-300,280,241,163197.17,22,18,10,8
300,BA,0100,2025-06-22,587.22,GBP,DC-10-10,380,293,188096.96,41,31,18,14
300,BA,0100,2025-07-04,676.80,GBP,A330-300,223,151,98527.91,22,14,11,7
300,BA,0100,2025-07-16,744.30,GBP,747-400,385,309,219541.99,31,25,21,15
300,BA,0100,2025-07-27,643.44,GBP,A330-300,223,163,103018.78,22,16,11,8
300,BA,0100,2025-08-06,707.37,GBP,A330-300,223,176,138148.86,22,18,11,8
300,BA,0100,2025-08-20,612.44,GBP,DC-10-10,380,311,181523.29,41,35,18,14
300,BA,0100,2025-09-03,564.77,GBP,A310-300,280,220,123867.84,22,17,10,8
300,BA,0100,2025-09-15,639.64,GBP,A310-300,280,183,132370.59,22,15,10,6
300,BA,0100,2025-09-26,600.02,GBP,747-400,385,300,172751.60,31,23,21,16
300,BA,0100,2025-10-07,712.71,GBP,DC-10-10,380,354,254774.56,41,36,18,16
300,BA,0100,2025-10-17,628.88,GBP,747-400,385,296,162484.57,31,23,21,17
300,BA,0100,2025-10-28,613.74,GBP,DC-10-10,380,285,181031.36,41,30,18,13
300,BA,0100,2025-11-07,681.56,GBP,747-400,385,283,193701.86,31,24,21,14
300,BA,0101,2025-04-02,582.58,GBP,A330-300,223,153,80262.30,22,15,11,7
300,BA,0101,2025-04-12,618.01,GBP,A330-300,223,194,115074.06,22,19,11,9
300,BA,0101,2025-04-24,586.88,GBP,A310-300,280,215,120601.72,22,17,10,7
300,BA,0101,2025-05-07,592.32,GBP,747-400,385,334,200002.01,31,27,21,16
300,BA,0101,2025-05-18,674.77,GBP,747-400,385,351,217883.52,31,30,21,20
300,BA,0101,2025-05-29,710.15,GBP,DC-10-10,380,269,182103.84,41,31,18,13
300,BA,0101,2025-06-08,653.48,GBP,DC-10-10,380,324,243271.14,41,37,18,14
300,BA,0101,2025-06-22,627.98,GBP,A330-300,223,154,87271.65,22,15,11,7
300,BA,0101,2025-07-04,567.28,GBP,DC-10-10,380,265,143004.36,41,30,18,11
300,BA,0101,2025-07-16,611.05,GBP,DC-10-10,380,294,187047.90,41,34,18,14
300,BA,0101,2025-07-27,667.12,GBP,A330-300,223,178,106324.51,22,17,11,8
300,BA,0101,2025-08-06,568.31,GBP,DC-10-10,380,316,196597.79,41,33,18,14
300,BA,0101,2025-08-20,644.23,GBP,A310-300,280,237,160674.98,22,19,10,8
300,BA,0101,2025-09-03,612.48,GBP,747-400,385,343,225089.39,31,27,21,17
300,BA,0101,2025-09-15,597.92,GBP,A330-300,223,181,108178.83,22,17,11,9
300,BA,0101,2025-09-26,697.11,GBP,A310-300,280,214,151563.60,22,18,10,8
300,BA,0101,2025-10-07,531.31,GBP,747-400,385,335,176305.45,31,26,21,18
300,BA,0101,2025-10-17,706.10,GBP,DC-10-10,380,347,241443.48,41,37,18,17
300,BA,0101,2025-10-28,616.43,GBP,A310-300,280,256,160081.78,22,19,10,8
300,BA,0101,2025-11-07,642.51,GBP,A310-300,280,228,130215.59,22,18,10,8
300,BA,0200,2025-04-02,157.76,GBP,737-200,130,116,17981.83,10,9,8,7
300,BA,0200,2025-04-12,206.50,GBP,737-200,130,122,27436.88,10,9,8,7
300,BA,0200,2025-04-24,186.93,GBP,A321,220,163,34330.13,22,15,11,9
300,BA,0200,2025-05-07,156.06,GBP,727-200,189,171,25052.29,18,16,11,10
300,BA,0200,2025-05-18,166.09,GBP,A321,220,171,27796.23,22,18,11,9
300,BA,0200,2025-05-29,196.80,GBP,737-200,130,109,19963.15,10,8,8,7
300,BA,0200,2025-06-08,166.08,GBP,A319,220,186,32035.36,22,18,10,8
300,BA,0200,2025-06-22,181.85,GBP,A319,220,183,32167.09,22,18,10,7
300,BA,0200,2025-07-04,167.27,GBP,A321,220,205,36301.83,22,19,11,9
300,BA,0200,2025-07-16,173.72,GBP,737-200,130,105,16213.04,10,8,8,7
300,BA,0200,2025-07-27,189.93,GBP,A319,220,169,29199.97,22,16,10,7
300,BA,0200,2025-08-06,200.06,GBP,A319,220,189,38372.88,22,19,10,8
300,BA,0200,2025-08-20,192.44,GBP,727-200,189,166,29904.28,18,17,11,9
300,BA,0200,2025-09-03,184.61,GBP,727-200,189,161,30627.71,18,15,11,9
300,BA,0200,2025-09-15,180.30,GBP,A321,220,188,32251.43,22,18,11,9
300,BA,0200,2025-09-26,176.39,GBP,727-200,189,167,27835.90,18,17,11,9
300,BA,0200,2025-10-07,197.71,GBP,A319,220,172,35311.18,22,18,10,8
300,BA,0200,2025-10-17,163.68,GBP,727-200,189,123,21604.18,18,13,11,7
300,BA,0200,2025-10-28,170.19,GBP,A321,220,172,33027.04,22,16,11,8
300,BA,0200,2025-11-07,177.93,GBP,737-200,130,111,20175.79,10,9,8,6
300,BA,0201,2025-04-02,158.70,GBP,727-200,189,135,19359.17,18,13,11,8
300,BA,0201,2025-04-12,195.25,GBP,737-200,130,98,18333.86,10,8,8,6
300,BA,0201,2025-04-24,191.15,GBP,A321,220,161,33996.88,22,16,11,8
300,BA,0201,2025-05-07,184.46,GBP,A321,220,147,29486.34,22,14,11,7
300,BA,0201,2025-05-18,191.60,GBP,727-200,189,167,27457.71,18,15,11,10
300,BA,0201,2025-05-29,162.86,GBP,A321,220,167,25742.89,22,18,11,8
300,BA,0201,2025-06-08,155.33,GBP,737-200,130,113,15276.36,10,9,8,7
300,BA,0201,2025-06-22,149.25,GBP,A319,220,198,25248.65,22,20,10,8
300,BA,0201,2025-07-04,170.48,GBP,A319,220,161,27028.04,22,16,10,8
300,BA,0201,2025-07-16,193.75,GBP,737-200,130,87,17186.83,10,7,8,5
300,BA,0201,2025-07-27,174.72,GBP,A319,220,145,22638.49,22,15,10,6
300,BA,0201,2025-08-06,176.03,GBP,737-200,130,120,19787.61,10,9,8,8
300,BA,0201,2025-08-20,196.98,GBP,A319,220,148,32464.21,22,16,10,6
300,BA,0201,2025-09-03,163.06,GBP,727-200,189,169,31243.68,18,16,11,10
300,BA,0201,2025-09-15,195.79,GBP,A319,220,208,44409.26,22,20,10,10
300,BA,0201,2025-09-26,157.84,GBP,737-200,130,122,17177.63,10,9,8,7
300,BA,0201,2025-10-07,158.87,GBP,A321,220,201,35578.40,22,21,11,9
300,BA,0201,2025-10-17,160.79,GBP,A319,220,168,27065.57,22,17,10,7
300,BA,0201,2025-10-28,160.30,GBP,A319,220,163,27147.64,22,17,10,7
300,BA,0201,2025-11-07,181.79,GBP,737-200,130,105,18573.27,10,8,8,6
300,BA,0300,2025-04-02,899.71,GBP,A330-300,223,185,189863.18,22,18,11,9
300,BA,0300,2025-04-12,850.36,GBP,A310-300,280,242,228296.13,22,18,10,9
300,BA,0300,2025-04-24,1038.38,GBP,A310-300,280,189,185574.20,22,15,10,7
300,BA,0300,2025-05-07,898.38,GBP,A330-300,223,162,156232.97,22,16,11,8
300,BA,0300,2025-05-18,983.22,GBP,DC-10-10,380,252,226773.26,41,28,18,12
300,BA,0300,2025-05-29,926.56,GBP,DC-10-10,380,270,265797.95,41,30,18,12
300,BA,0300,2025-06-08,987.26,GBP,A330-300,223,158,152138.72,22,15,11,8
300,BA,0300,2025-06-22,1049.43,GBP,A310-300,280,222,213724.22,22,18,10,8
300,BA,0300,2025-07-04,875.99,GBP,DC-10-10,380,343,280647.18,41,36,18,16
300,BA,0300,2025-07-16,1022.42,GBP,A310-300,280,199,178954.63,22,16,10,6
300,BA,0300,2025-07-27,894.80,GBP,A310-300,280,241,189006.98,22,20,10,8
300,BA,0300,2025-08-06,847.55,GBP,DC-10-10,380,264,249644.14,41,27,18,11
300,BA,0300,2025-08-20,997.39,GBP,747-400,385,259,250947.03,31,21,21,13
300,BA,0300,2025-09-03,1018.82,GBP,DC-10-10,380,262,294689.45,41,27,18,13
300,BA,0300,2025-09-15,834.03,GBP,A310-300,280,235,193177.90,22,18,10,8
300,BA,0300,2025-09-26,971.10,GBP,DC-10-10,380,315,263886.07,41,33,18,14
300,BA,0300,2025-10-07,1031.59,GBP,DC-10-10,380,342,378169.50,41,38,18,16
300,BA,0300,2025-10-17,788.70,GBP,A310-300,280,200,146460.91,22,16,10,7
300,BA,0300,2025-10-28,995.76,GBP,DC-10-10,380,331,378511.77,41,35,18,16
300,BA,0300,2025-11-07,869.23,GBP,A330-300,223,205,189895.99,22,20,11,10
300,BA,0301,2025-04-02,1023.08,GBP,747-400,385,255,247488.62,31,21,21,13
300,BA,0301,2025-04-12,956.02,GBP,DC-10-10,380,344,332243.84,41,37,18,17
300,BA,0301,2025-04-24,949.35,GBP,747-400,385,360,335162.83,31,29,21,19
300,BA,0301,2025-05-07,932.49,GBP,747-400,385,277,230435.78,31,24,21,16
300,BA,0301,2025-05-18,939.95,GBP,747-400,385,279,278021.05,31,23,21,13
300,BA,0301,2025-05-29,922.26,GBP,A310-300,280,226,180580.71,22,18,10,8
300,BA,0301,2025-06-08,946.11,GBP,A330-300,223,208,186756.83,22,21,11,11
300,BA,0301,2025-06-22,804.99,GBP,A330-300,223,167,135506.63,22,18,11,7
300,BA,0301,2025-07-04,1014.11,GBP,A330-300,223,206,215967.48,22,21,11,10
300,BA,0301,2025-07-16,1016.88,GBP,747-400,385,263,247190.64,31,20,21,12
300,BA,0301,2025-07-27,823.44,GBP,A330-300,223,203,187856.75,22,19,11,9
300,BA,0301,2025-08-06,920.52,GBP,DC-10-10,380,278,277371.02,41,30,18,14
300,BA,0301,2025-08-20,847.13,GBP,A330-300,223,153,110794.12,22,15,11,7
300,BA,0301,2025-09-03,968.84,GBP,747-400,385,256,211300.96,31,21,21,12
300,BA,0301,2025-09-15,948.01,GBP,DC-10-10,380,308,277058.52,41,33,18,13
300,BA,0301,2025-09-26,835.53,GBP,747-400,385,357,298425.75,31,29,21,19
300,BA,0301,2025-10-07,831.41,GBP,747-400,385,271,220261.00,31,20,21,15
300,BA,0301,2025-10-17,787.63,GBP,DC-10-10,380,297,230254.38,41,31,18,13
300,BA,0301,2025-10-28,872.01,GBP,747-400,385,347,326584.77,31,28,21,19
300,BA,0301,2025-11-07,854.42,GBP,DC-10-10,380,279,209348.23,41,30,18,14
300,BA,0400,2025-04-02,761.09,GBP,A330-300,223,188,150439.32,22,19,11,9
300,BA,0400,2025-04-12,774.08,GBP,747-400,385,340,248131.01,31,28,21,18
300,BA,0400,2025-04-24,795.54,GBP,DC-10-10,380,255,182407.42,41,28,18,10
300,BA,0400,2025-05-07,768.23,GBP,A310-300,280,224,156304.61,22,17,10,8
300,BA,0400,2025-05-18,777.94,GBP,DC-10-10,380,301,261686.66,41,32,18,15
300,BA,0400,2025-05-29,928.52,GBP,A310-300,280,188,196693.25,22,15,10,6
300,BA,0400,2025-06-08,929.70,GBP,A310-300,280,237,233714.68,22,18,10,9
300,BA,0400,2025-06-22,751.98,GBP,A310-300,280,205,168659.27,22,16,10,8
300,BA,0400,2025-07-04,774.90,GBP,A310-300,280,212,174213.88,22,18,10,7
300,BA,0400,2025-07-16,733.35,GBP,DC-10-10,380,344,238570.88,41,36,18,15
300,BA,0400,2025-07-27,854.78,GBP,DC-10-10,380,353,315152.84,41,37,18,17
300,BA,0400,2025-08-06,886.11,GBP,A310-300,280,190,160998.07,22,14,10,7
300,BA,0400,2025-08-20,776.38,GBP,A310-300,280,265,186891.77,22,20,10,10
300,BA,0400,2025-09-03,746.45,GBP,A330-300,223,149,120357.75,22,15,11,8
300,BA,0400,2025-09-15,883.07,GBP,A330-300,223,179,141375.83,22,17,11,8
300,BA,0400,2025-09-26,950.30,GBP,A330-300,223,166,154520.79,22,17,11,8
300,BA,0400,2025-10-07,751.33,GBP,DC-10-10,380,344,237252.16,41,35,18,17
300,BA,0400,2025-10-17,829.75,GBP,747-400,385,257,244400.57,31,22,21,15
300,BA,0400,2025-10-28,744.67,GBP,A310-300,280,233,166203.71,22,18,10,8
300,BA,0400,2025-11-07,959.87,GBP,747-400,385,260,285923.60,31,22,21,13
300,BA,0401,2025-04-02,860.07,GBP,747-400,385,271,224235.41,31,22,21,13
300,BA,0401,2025-04-12,706.97,GBP,A330-300,223,155,103641.88,22,14,11,7
300,BA,0401,2025-04-24,827.82,GBP,A310-300,280,203,173004.84,22,15,10,7
300,BA,0401,2025-05-07,714.93,GBP,747-400,385,304,200977.79,31,23,21,15
300,BA,0401,2025-05-18,872.25,GBP,747-400,385,343,292014.11,31,27,21,20
300,BA,0401,2025-05-29,914.77,GBP,A310-300,280,242,198315.89,22,19,10,8
300,BA,0401,2025-06-08,794.90,GBP,747-400,385,315,215905.57,31,26,21,15
300,BA,0401,2025-06-22,925.45,GBP,747-400,385,260,220214.11,31,20,21,12
300,BA,0401,2025-07-04,715.98,GBP,747-400,385,284,215192.24,31,22,21,16
300,BA,0401,2025-07-16,761.38,GBP,A310-300,280,190,151346.28,22,14,10,6
300,BA,0401,2025-07-27,891.24,GBP,747-400,385,278,282764.53,31,23,21,15
300,BA,0401,2025-08-06,818.43,GBP,A310-300,280,214,173340.52,22,17,10,7
300,BA,0401,2025-08-20,837.54,GBP,DC-10-10,380,270,238421.17,41,29,18,13
300,BA,0401,2025-09-03,935.58,GBP,747-400,385,262,263300.51,31,21,21,15
300,BA,0401,2025-09-15,763.42,GBP,A310-300,280,208,170967.85,22,17,10,6
300,BA,0401,2025-09-26,716.21,GBP,A310-300,280,220,139614.46,22,17,10,8
300,BA,0401,2025-10-07,830.74,GBP,DC-10-10,380,250,200976.76,41,27,18,11
300,BA,0401,2025-10-17,766.60,GBP,A330-300,223,145,120976.81,22,14,11,7
300,BA,0401,2025-10-28,882.15,GBP,DC-10-10,380,267,216553.28,41,29,18,13
300,BA,0401,2025-11-07,874.53,GBP,A330-300,223,155,115508.90,22,14,11,8
300,BA,0500,2025-04-02,200.35,GBP,A310-300,280,221,45334.07,22,18,10,8
300,BA,0500,2025-04-12,198.34,GBP,A310-300,280,234,41228.82,22,19,10,9
300,BA,0500,2025-04-24,191.63,GBP,A321,220,208,34542.45,22,20,11,10
300,BA,0500,2025-05-07,187.60,GBP,737-200,130,93,16781.53,10,7,8,5
300,BA,0500,2025-05-18,188.06,GBP,A319,220,159,26996.81,22,17,10,6
300,BA,0500,2025-05-29,171.72,GBP,A319,220,157,29835.14,22,16,10,7
300,BA,0500,2025-06-08,177.35,GBP,A319,220,169,28671.18,22,17,10,7
300,BA,0500,2025-06-22,182.60,GBP,737-200,130,120,22032.37,10,9,8,8
300,BA,0500,2025-07-04,221.34,GBP,A321,220,192,44846.69,22,19,11,9
300,BA,0500,2025-07-16,197.77,GBP,A310-300,280,262,58224.45,22,20,10,8
300,BA,0500,2025-07-27,183.94,GBP,A310-300,280,203,36696.83,22,17,10,7
300,BA,0500,2025-08-06,190.26,GBP,737-200,130,95,17425.73,10,7,8,5
300,BA,0500,2025-08-20,176.99,GBP,A319,220,152,25468.33,22,15,10,7
300,BA,0500,2025-09-03,208.06,GBP,737-200,130,88,15990.54,10,7,8,5
300,BA,0500,2025-09-15,225.70,GBP,A310-300,280,200,39641.79,22,15,10,8
300,BA,0500,2025-09-26,182.36,GBP,A310-300,280,202,33351.90,22,16,10,8
300,BA,0500,2025-10-07,226.84,GBP,A310-300,280,200,44464.58,22,16,10,7
300,BA,0500,2025-10-17,229.24,GBP,737-200,130,91,20239.46,10,7,8,5
300,BA,0500,2025-10-28,193.72,GBP,A310-300,280,232,40854.53,22,18,10,7
300,BA,0500,2025-11-07,191.85,GBP,A319,220,158,29265.09,22,15,10,7
300,BA,0501,2025-04-02,172.52,GBP,A319,220,160,24608.47,22,16,10,8
300,BA,0501,2025-04-12,173.55,GBP,A321,220,148,28869.23,22,16,11,7
300,BA,0501,2025-04-24,188.52,GBP,737-200,130,103,16688.43,10,8,8,6
300,BA,0501,2025-05-07,213.49,GBP,A321,220,155,37900.35,22,15,11,7
300,BA,0501,2025-05-18,171.05,GBP,737-200,130,123,23536.39,10,10,8,8
300,BA,0501,2025-05-29,212.11,GBP,A319,220,207,40322.67,22,20,10,9
300,BA,0501,2025-06-08,200.18,GBP,A321,220,194,38769.78,22,19,11,10
300,BA,0501,2025-06-22,209.45,GBP,A310-300,280,187,38032.82,22,14,10,7
300,BA,0501,2025-07-04,216.50,GBP,737-200,130,105,22347.80,10,8,8,7
300,BA,0501,2025-07-16,188.42,GBP,A321,220,180,29025.98,22,17,11,9
300,BA,0501,2025-07-27,223.95,GBP,A310-300,280,220,46102.41,22,18,10,7
300,BA,0501,2025-08-06,183.21,GBP,737-200,130,110,18776.83,10,9,8,7
300,BA,0501,2025-08-20,218.01,GBP,A310-300,280,233,46430.62,22,19,10,8
300,BA,0501,2025-09-03,224.15,GBP,A310-300,280,206,43311.62,22,17,10,7
300,BA,0501,2025-09-15,192.44,GBP,A310-300,280,226,48141.37,22,19,10,7
300,BA,0501,2025-09-26,189.60,GBP,A321,220,191,31296.73,22,19,11,10
300,BA,0501,2025-10-07,215.38,GBP,737-200,130,110,26744.72,10,9,8,7
300,BA,0501,2025-10-17,196.09,GBP,A310-300,280,229,41624.67,22,19,10,7
300,BA,0501,2025-10-28,197.23,GBP,A321,220,151,33602.26,22,15,11,7
300,BA,0501,2025-11-07,172.27,GBP,A321,220,155,28846.57,22,15,11,7
300,LH,0500,2025-04-02,191.74,EUR,A321,220,180,31264.42,22,17,11,9
300,LH,0500,2025-04-12,200.09,EUR,737-200,130,107,22036.91,10,9,8,6
300,LH,0500,2025-04-24,234.13,EUR,737-200,130,93,19109.02,10,7,8,5
300,LH,0500,2025-05-07,230.87,EUR,A321,220,191,38394.68,22,20,11,9
300,LH,0500,2025-05-18,198.11,EUR,737-200,130,115,20986.39,10,9,8,7
300,LH,0500,2025-05-29,200.55,EUR,A321,220,158,30223.84,22,15,11,8
300,LH,0500,2025-06-08,195.60,EUR,737-200,130,114,24614.66,10,8,8,7
300,LH,0500,2025-06-22,186.85,EUR,737-200,130,90,18659.42,10,7,8,6
300,LH,0500,2025-07-04,214.14,EUR,A319,220,184,42584.17,22,19,10,8
300,LH,0500,2025-07-16,223.77,EUR,A321,220,193,39167.11,22,19,11,10
300,LH,0500,2025-07-27,188.20,EUR,A319,220,164,31276.70,22,17,10,7
300,LH,0500,2025-08-06,193.40,EUR,A319,220,154,30528.96,22,16,10,6
300,LH,0500,2025-08-20,230.03,EUR,727-200,189,124,30001.62,18,12,11,7
300,LH,0500,2025-09-03,226.63,EUR,A319,220,168,35222.24,22,16,10,8
300,LH,0500,2025-09-15,196.44,EUR,727-200,189,143,27253.81,18,13,11,7
300,LH,0500,2025-09-26,207.26,EUR,737-200,130,122,24208.69,10,9,8,8
300,LH,0500,2025-10-07,189.60,EUR,A319,220,196,38029.83,22,20,10,9
300,LH,0500,2025-10-17,197.44,EUR,A321,220,178,31561.72,22,18,11,9
300,LH,0500,2025-10-28,181.23,EUR,A321,220,209,37942.93,22,21,11,9
300,LH,0500,2025-11-07,185.23,EUR,737-200,130,103,17654.28,10,8,8,7
300,LH,0501,2025-04-02,220.55,EUR,737-200,130,120,28919.86,10,9,8,7
300,LH,0501,2025-04-12,178.55,EUR,737-200,130,115,20080.80,10,9,8,7
300,LH,0501,2025-04-24,228.02,EUR,A319,220,156,37445.58,22,16,10,7
300,LH,0501,2025-05-07,204.44,EUR,727-200,189,143,29787.10,18,14,11,8
300,LH,0501,2025-05-18,212.29,EUR,727-200,189,160,32316.95,18,16,11,9
300,LH,0501,2025-05-29,215.55,EUR,737-200,130,105,19778.51,10,9,8,6
300,LH,0501,2025-06-08,216.96,EUR,A321,220,166,36609.98,22,18,11,8
300,LH,0501,2025-06-22,187.78,EUR,A321,220,147,27981.82,22,16,11,6
300,LH,0501,2025-07-04,187.77,EUR,737-200,130,120,23834.05,10,9,8,8
300,LH,0501,2025-07-16,223.00,EUR,737-200,130,120,27893.66,10,10,8,7
300,LH,0501,2025-07-27,194.58,EUR,737-200,130,119,20339.09,10,9,8,8
300,LH,0501,2025-08-06,186.39,EUR,A321,220,166,28666.88,22,16,11,9
300,LH,0501,2025-08-20,229.46,EUR,A321,220,189,45700.68,22,18,11,8
300,LH,0501,2025-09-03,193.82,EUR,737-200,130,91,15349.09,10,7,8,5
300,LH,0501,2025-09-15,203.44,EUR,A321,220,191,43905.00,22,19,11,9
300,LH,0501,2025-09-26,208.89,EUR,727-200,189,162,29360.19,18,15,11,9
300,LH,0501,2025-10-07,232.51,EUR,737-200,130,107,25486.81,10,8,8,7
300,LH,0501,2025-10-17,174.38,EUR,A319,220,180,29144.35,22,18,10,8
300,LH,0501,2025-10-28,189.51,EUR,A319,220,158,29547.45,22,15,10,8
300,LH,0501,2025-11-07,224.29,EUR,A319,220,165,38563.82,22,17,10,7
300,LH,0600,2025-04-02,781.11,EUR,A330-300,223,161,130119.60,22,16,11,8
300,LH,0600,2025-04-12,704.53,EUR,747-400,385,326,230707.12,31,25,21,17
300,LH,0600,2025-04-24,622.09,EUR,A330-300,223,162,88824.34,22,17,11,8
300,LH,0600,2025-05-07,638.17,EUR,747-400,385,348,250736.88,31,29,21,20
300,LH,0600,2025-05-18,773.39,EUR,A330-300,223,197,151341.38,22,18,11,9
300,LH,0600,2025-05-29,802.58,EUR,DC-10-10,380,260,188664.66,41,28,18,13
300,LH,0600,2025-06-08,804.43,EUR,A310-300,280,184,126254.03,22,15,10,6
300,LH,0600,2025-06-22,815.57,EUR,A330-300,223,204,188227.23,22,21,11,10
300,LH,0600,2025-07-04,795.43,EUR,A310-300,280,231,190751.88,22,17,10,8
300,LH,0600,2025-07-16,757.65,EUR,747-400,385,321,211825.02,31,26,21,18
300,LH,0600,2025-07-27,756.57,EUR,A330-300,223,161,138144.72,22,16,11,7
300,LH,0600,2025-08-06,824.07,EUR,A310-300,280,257,196308.47,22,21,10,9
300,LH,0600,2025-08-20,799.69,EUR,A310-300,280,240,167028.68,22,19,10,8
300,LH,0600,2025-09-03,791.06,EUR,747-400,385,339,299050.26,31,26,21,18
300,LH,0600,2025-09-15,822.35,EUR,A330-300,223,206,182195.07,22,21,11,11
300,LH,0600,2025-09-26,612.35,EUR,DC-10-10,380,283,196686.26,41,31,18,12
300,LH,0600,2025-10-07,642.46,EUR,A310-300,280,208,117634.08,22,17,10,7
300,LH,0600,2025-10-17,795.61,EUR,DC-10-10,380,273,242490.32,41,29,18,14
300,LH,0600,2025-10-28,727.53,EUR,A310-300,280,263,183202.50,22,22,10,9
300,LH,0600,2025-11-07,741.60,EUR,A330-300,223,196,126681.24,22,20,11,9
300,LH,0601,2025-04-02,676.01,EUR,DC-10-10,380,256,186179.84,41,28,18,12
300,LH,0601,2025-04-12,665.67,EUR,747-400,385,263,200831.48,31,20,21,15
300,LH,0601,2025-04-24,656.84,EUR,A330-300,223,174,103714.04,22,18,11,9
300,LH,0601,2025-05-07,707.08,EUR,747-400,385,352,269122.10,31,28,21,18
300,LH,0601,2025-05-18,732.89,EUR,747-400,385,355,225240.43,31,30,21,17
300,LH,0601,2025-05-29,790.19,EUR,A330-300,223,205,138715.60,22,21,11,9
300,LH,0601,2025-06-08,772.92,EUR,A310-300,280,184,153115.79,22,15,10,6
300,LH,0601,2025-06-22,602.47,EUR,DC-10-10,380,286,150776.34,41,30,18,14
300,LH,0601,2025-07-04,615.17,EUR,A310-300,280,224,142284.28,22,19,10,8
300,LH,0601,2025-07-16,738.56,EUR,A310-300,280,238,196699.90,22,20,10,8
300,LH,0601,2025-07-27,777.52,EUR,A330-300,223,206,156978.47,22,20,11,9
300,LH,0601,2025-08-06,782.04,EUR,A310-300,280,206,140202.95,22,17,10,7
300,LH,0601,2025-08-20,629.49,EUR,A310-300,280,191,119603.83,22,14,10,6
300,LH,0601,2025-09-03,778.96,EUR,DC-10-10,380,288,208866.73,41,32,18,13
300,LH,0601,2025-09-15,788.38,EUR,A310-300,280,246,210701.36,22,19,10,8
300,LH,0601,2025-09-26,680.44,EUR,A330-300,223,208,129748.23,22,20,11,9
300,LH,0601,2025-10-07,626.92,EUR,747-400,385,257,171592.75,31,21,21,15
300,LH,0601,2025-10-17,750.37,EUR,DC-10-10,380,256,190380.98,41,27,18,13
300,LH,0601,2025-10-28,731.75,EUR,DC-10-10,380,298,199665.09,41,33,18,13
300,LH,0601,2025-11-07,730.44,EUR,747-400,385,252,182364.39,31,20,21,15
300,SQ,0300,2025-04-02,1277.43,SGD,747-400,385,281,403837.53,31,22,21,16
300,SQ,0300,2025-04-12,1448.37,SGD,A330-300,223,166,242688.65,22,16,11,7
300,SQ,0300,2025-04-24,1420.58,SGD,A330-300,223,151,232428.95,22,14,11,7
300,SQ,0300,2025-05-07,1362.84,SGD,747-400,385,286,434503.71,31,24,21,15
300,SQ,0300,2025-05-18,1295.78,SGD,A330-300,223,200,284276.30,22,20,11,10
300,SQ,0300,2025-05-29,1500.50,SGD,A330-300,223,176,280153.81,22,17,11,9
300,SQ,0300,2025-06-08,1265.28,SGD,DC-10-10,380,348,422712.20,41,37,18,17
300,SQ,0300,2025-06-22,1634.90,SGD,DC-10-10,380,359,609741.50,41,40,18,16
300,SQ,0300,2025-07-04,1577.49,SGD,A330-300,223,183,270799.24,22,18,11,9
300,SQ,0300,2025-07-16,1545.84,SGD,A310-300,280,234,348170.57,22,18,10,9
300,SQ,0300,2025-07-27,1655.83,SGD,A330-300,223,193,277535.86,22,19,11,9
300,SQ,0300,2025-08-06,1508.99,SGD,A330-300,223,175,290223.82,22,16,11,8
300,SQ,0300,2025-08-20,1485.15,SGD,A310-300,280,214,331375.92,22,16,10,8
300,SQ,0300,2025-09-03,1292.79,SGD,DC-10-10,380,255,317923.05,41,25,18,11
300,SQ,0300,2025-09-15,1631.23,SGD,DC-10-10,380,352,572363.50,41,39,18,15
300,SQ,0300,2025-09-26,1458.61,SGD,747-400,385,324,407397.75,31,27,21,18
300,SQ,0300,2025-10-07,1613.70,SGD,A310-300,280,216,319032.02,22,16,10,8
300,SQ,0300,2025-10-17,1587.88,SGD,DC-10-10,380,302,501662.47,41,34,18,13
300,SQ,0300,2025-10-28,1327.71,SGD,747-400,385,251,360106.50,31,20,21,14
300,SQ,0300,2025-11-07,1519.81,SGD,A310-300,280,226,385181.52,22,18,10,8
300,SQ,0301,2025-04-02,1320.17,SGD,A330-300,223,163,239090.77,22,17,11,7
300,SQ,0301,2025-04-12,1377.79,SGD,DC-10-10,380,275,363655.49,41,28,18,13
300,SQ,0301,2025-04-24,1282.84,SGD,DC-10-10,380,257,296465.91,41,28,18,12
300,SQ,0301,2025-05-07,1223.98,SGD,A330-300,223,174,186374.05,22,18,11,8
300,SQ,0301,2025-05-18,1466.34,SGD,DC-10-10,380,275,425265.64,41,31,18,12
300,SQ,0301,2025-05-29,1362.60,SGD,747-400,385,335,498320.49,31,27,21,19
300,SQ,0301,2025-06-08,1559.14,SGD,DC-10-10,380,316,432878.97,41,36,18,14
300,SQ,0301,2025-06-22,1602.57,SGD,DC-10-10,380,304,492037.04,41,33,18,14
300,SQ,0301,2025-07-04,1236.31,SGD,A330-300,223,209,263419.54,22,21,11,10
300,SQ,0301,2025-07-16,1341.93,SGD,A310-300,280,232,312004.80,22,19,10,8
300,SQ,0301,2025-07-27,1587.69,SGD,A310-300,280,220,332642.11,22,17,10,7
300,SQ,0301,2025-08-06,1321.76,SGD,747-400,385,305,399201.64,31,23,21,15
300,SQ,0301,2025-08-20,1616.51,SGD,DC-10-10,380,300,498226.27,41,34,18,15
300,SQ,0301,2025-09-03,1215.77,SGD,A330-300,223,154,164531.37,22,15,11,7
300,SQ,0301,2025-09-15,1631.36,SGD,A330-300,223,180,271182.73,22,17,11,9
300,SQ,0301,2025-09-26,1573.04,SGD,747-400,385,262,380573.02,31,20,21,12
300,SQ,0301,2025-10-07,1389.22,SGD,A330-300,223,157,192294.44,22,16,11,7
300,SQ,0301,2025-10-17,1462.56,SGD,747-400,385,269,388690.05,31,22,21,13
300,SQ,0301,2025-10-28,1588.22,SGD,DC-10-10,380,286,427310.04,41,31,18,13
300,SQ,0301,2025-11-07,1540.25,SGD,747-400,385,272,466065.94,31,23,21,14
300,AA,0100,2025-04-02,559.46,USD,A310-300,280,209,125832.27,22,15,10,6
300,AA,0100,2025-04-12,448.54,USD,747-400,385,275,130736.95,31,22,21,16
300,AA,0100,2025-04-24,494.76,USD,747-400,385,313,161512.73,31,26,21,17
300,AA,0100,2025-05-07,570.48,USD,A310-300,280,207,131683.83,22,17,10,7
300,AA,0100,2025-05-18,573.45,USD,A330-300,223,211,119230.82,22,21,11,10
300,AA,0100,2025-05-29,457.80,USD,A310-300,280,234,120642.51,22,19,10,8
300,AA,0100,2025-06-08,513.53,USD,DC-10-10,380,353,171247.25,41,40,18,15
300,AA,0100,2025-06-22,546.99,USD,747-400,385,260,156378.28,31,22,21,15
300,AA,0100,2025-07-04,590.07,USD,A330-300,223,204,120824.14,22,20,11,10
300,AA,0100,2025-07-16,570.14,USD,A330-300,223,206,116348.83,22,20,11,10
300,AA,0100,2025-07-27,553.81,USD,A330-300,223,194,114549.01,22,19,11,9
300,AA,0100,2025-08-06,528.86,USD,A330-300,223,187,98484.05,22,18,11,9
300,AA,0100,2025-08-20,585.83,USD,DC-10-10,380,332,181151.84,41,35,18,16
300,AA,0100,2025-09-03,521.06,USD,A330-300,223,198,113406.50,22,20,11,10
300,AA,0100,2025-09-15,517.98,USD,747-400,385,327,174208.30,31,27,21,16
300,AA,0100,2025-09-26,580.75,USD,DC-10-10,380,299,177688.28,41,33,18,15
300,AA,0100,2025-10-07,549.22,USD,747-400,385,305,161692.51,31,23,21,16
300,AA,0100,2025-10-17,512.95,USD,747-400,385,345,194295.84,31,27,21,17
300,AA,0100,2025-10-28,524.75,USD,747-400,385,303,172130.31,31,23,21,15
300,AA,0100,2025-11-07,525.17,USD,747-400,385,302,138210.65,31,23,21,17
300,AA,0101,2025-04-02,473.97,USD,A330-300,223,181,74464.99,22,17,11,9
300,AA,0101,2025-04-12,549.63,USD,A330-300,223,197,105510.62,22,20,11,10
300,AA,0101,2025-04-24,495.18,USD,747-400,385,273,143430.24,31,22,21,13
300,AA,0101,2025-05-07,532.36,USD,A330-300,223,197,110739.87,22,20,11,9
300,AA,0101,2025-05-18,580.81,USD,DC-10-10,380,279,140285.82,41,32,18,13
300,AA,0101,2025-05-29,596.25,USD,A310-300,280,244,141551.21,22,19,10,9
300,AA,0101,2025-06-08,603.62,USD,DC-10-10,380,314,208213.44,41,34,18,15
300,AA,0101,2025-06-22,502.12,USD,A330-300,223,156,74421.94,22,16,11,7
300,AA,0101,2025-07-04,583.78,USD,A330-300,223,149,78599.03,22,14,11,7
300,AA,0101,2025-07-16,531.20,USD,A310-300,280,251,150712.84,22,20,10,9
300,AA,0101,2025-07-27,591.83,USD,A330-300,223,183,119720.53,22,19,11,8
300,AA,0101,2025-08-06,618.08,USD,DC-10-10,380,303,177536.21,41,32,18,14
300,AA,0101,2025-08-20,518.64,USD,747-400,385,262,123657.78,31,20,21,14
300,AA,0101,2025-09-03,568.77,USD,A330-300,223,209,111008.59,22,21,11,10
300,AA,0101,2025-09-15,604.04,USD,747-400,385,293,197017.58,31,25,21,14
300,AA,0101,2025-09-26,610.33,USD,747-400,385,352,231555.22,31,29,21,20
300,AA,0101,2025-10-07,491.29,USD,A310-300,280,200,108856.48,22,16,10,7
300,AA,0101,2025-10-17,597.45,USD,A310-300,280,259,162719.33,22,20,10,9
300,AA,0101,2025-10-28,489.24,USD,DC-10-10,380,249,133034.99,41,28,18,10
300,AA,0101,2025-11-07,517.23,USD,DC-10-10,380,360,184228.49,41,40,18,16
300,AF,0100,2025-04-02,159.19,EUR,A321,220,164,28546.60,22,17,11,7
300,AF,0100,2025-04-12,137.17,EUR,A321,220,144,18875.85,22,15,11,6
300,AF,0100,2025-04-24,150.73,EUR,A319,220,183,23613.87,22,17,10,9
300,AF,0100,2025-05-07,162.30,EUR,737-200,130,97,14280.73,10,7,8,6
300,AF,0100,2025-05-18,136.52,EUR,727-200,189,152,20641.00,18,14,11,8
300,AF,0100,2025-05-29,134.52,EUR,A321,220,166,23592.48,22,16,11,9
300,AF,0100,2025-06-08,170.85,EUR,A319,220,178,32913.88,22,18,10,8
300,AF,0100,2025-06-22,138.34,EUR,727-200,189,129,16501.91,18,12,11,8
300,AF,0100,2025-07-04,150.38,EUR,A321,220,207,27857.67,22,20,11,10
300,AF,0100,2025-07-16,147.60,EUR,727-200,189,150,20313.09,18,14,11,9
300,AF,0100,2025-07-27,144.57,EUR,727-200,189,145,21353.18,18,15,11,9
300,AF,0100,2025-08-06,141.11,EUR,A319,220,175,25929.80,22,19,10,7
300,AF,0100,2025-08-20,145.34,EUR,727-200,189,169,22456.07,18,16,11,10
300,AF,0100,2025-09-03,177.22,EUR,A319,220,144,23304.10,22,14,10,6
300,AF,0100,2025-09-15,161.64,EUR,727-200,189,123,18262.13,18,11,11,7
300,AF,0100,2025-09-26,168.17,EUR,737-200,130,110,21157.06,10,8,8,7
300,AF,0100,2025-10-07,156.14,EUR,A321,220,179,25876.25,22,19,11,9
300,AF,0100,2025-10-17,166.03,EUR,727-200,189,163,26113.44,18,15,11,9
300,AF,0100,2025-10-28,135.62,EUR,A319,220,160,20230.76,22,15,10,6
300,AF,0100,2025-11-07,135.27,EUR,A321,220,164,19243.04,22,17,11,8
300,AF,0101,2025-04-02,182.72,EUR,737-200,130,93,16700.96,10,7,8,6
300,AF,0101,2025-04-12,183.56,EUR,737-200,130,92,16168.37,10,7,8,5
300,AF,0101,2025-04-24,146.61,EUR,737-200,130,122,15570.30,10,10,8,8
300,AF,0101,2025-05-07,171.03,EUR,A319,220,148,24114.04,22,15,10,7
300,AF,0101,2025-05-18,146.08,EUR,A319,220,188,29230.70,22,19,10,9
300,AF,0101,2025-05-29,137.84,EUR,A321,220,195,25112.75,22,20,11,9
300,AF,0101,2025-06-08,150.83,EUR,727-200,189,159,24250.79,18,16,11,10
300,AF,0101,2025-06-22,148.32,EUR,A321,220,192,25971.09,22,19,11,10
300,AF,0101,2025-07-04,140.91,EUR,737-200,130,96,12183.81,10,7,8,5
300,AF,0101,2025-07-16,172.94,EUR,A319,220,147,26999.42,22,15,10,7
300,AF,0101,2025-07-27,173.41,EUR,A321,220,198,38015.66,22,21,11,10
300,AF,0101,2025-08-06,154.92,EUR,737-200,130,103,13950.41,10,8,8,6
300,AF,0101,2025-08-20,152.92,EUR,A321,220,171,23124.11,22,18,11,8
300,AF,0101,2025-09-03,182.15,EUR,A319,220,163,30970.53,22,15,10,7
300,AF,0101,2025-09-15,163.71,EUR,737-200,130,88,15151.36,10,7,8,5
300,AF,0101,2025-09-26,153.60,EUR,A319,220,150,23068.60,22,15,10,6
300,AF,0101,2025-10-07,152.53,EUR,A319,220,174,29994.98,22,17,10,7
300,AF,0101,2025-10-17,180.24,EUR,A319,220,153,26310.70,22,15,10,7
300,AF,0101,2025-10-28,158.15,EUR,727-200,189,166,25006.65,18,16,11,9
300,AF,0101,2025-11-07,157.55,EUR,A319,220,180,25465.39,22,19,10,8
300,AF,0200,2025-04-02,818.86,EUR,747-400,385,313,256126.59,31,24,21,18
300,AF,0200,2025-04-12,752.57,EUR,A330-300,223,202,150133.46,22,20,11,9
300,AF,0200,2025-04-24,737.78,EUR,DC-10-10,380,286,180824.01,41,32,18,14
300,AF,0200,2025-05-07,815.06,EUR,747-400,385,306,284241.22,31,23,21,16
300,AF,0200,2025-05-18,629.31,EUR,A330-300,223,150,105587.12,22,15,11,7
300,AF,0200,2025-05-29,802.93,EUR,747-400,385,335,251267.12,31,27,21,19
300,AF,0200,2025-06-08,635.11,EUR,A330-300,223,168,107361.61,22,16,11,8
300,AF,0200,2025-06-22,663.27,EUR,DC-10-10,380,290,186759.69,41,31,18,14
300,AF,0200,2025-07-04,622.95,EUR,A330-300,223,148,96742.85,22,15,11,7
300,AF,0200,2025-07-16,807.94,EUR,747-400,385,319,243427.99,31,27,21,17
300,AF,0200,2025-07-27,675.30,EUR,747-400,385,295,197657.99,31,23,21,15
300,AF,0200,2025-08-06,721.57,EUR,747-400,385,293,212680.81,31,23,21,16
300,AF,0200,2025-08-20,707.69,EUR,DC-10-10,380,270,181385.51,41,31,18,13
300,AF,0200,2025-09-03,788.00,EUR,747-400,385,259,221074.34,31,21,21,14
300,AF,0200,2025-09-15,805.00,EUR,747-400,385,333,245944.02,31,27,21,19
300,AF,0200,2025-09-26,758.02,EUR,A310-300,280,232,150886.98,22,17,10,8
300,AF,0200,2025-10-07,708.99,EUR,DC-10-10,380,342,209037.34,41,36,18,16
300,AF,0200,2025-10-17,720.07,EUR,A330-300,223,184,150565.67,22,18,11,9
300,AF,0200,2025-10-28,685.85,EUR,A310-300,280,188,122492.62,22,16,10,7
300,AF,0200,2025-11-07,662.37,EUR,A310-300,280,234,163598.63,22,18,10,8
300,AF,0201,2025-04-02,761.85,EUR,A310-300,280,203,146790.82,22,16,10,7
300,AF,0201,2025-04-12,761.51,EUR,DC-10-10,380,312,244107.73,41,33,18,13
300,AF,0201,2025-04-24,596.78,EUR,747-400,385,317,216524.37,31,27,21,18
300,AF,0201,2025-05-07,678.99,EUR,A310-300,280,257,193235.04,22,20,10,9
300,AF,0201,2025-05-18,732.20,EUR,747-400,385,296,229707.47,31,25,21,15
300,AF,0201,2025-05-29,626.26,EUR,A330-300,223,179,116143.25,22,18,11,9
300,AF,0201,2025-06-08,743.55,EUR,A330-300,223,186,126605.89,22,19,11,10
300,AF,0201,2025-06-22,703.48,EUR,A310-300,280,213,139990.71,22,17,10,8
300,AF,0201,2025-07-04,736.64,EUR,DC-10-10,380,320,217417.14,41,37,18,13
300,AF,0201,2025-07-16,622.07,EUR,A310-300,280,194,107077.14,22,16,10,6
300,AF,0201,2025-07-27,722.81,EUR,A330-300,223,183,127669.43,22,18,11,8
300,AF,0201,2025-08-06,592.27,EUR,747-400,385,264,141891.34,31,23,21,14
300,AF,0201,2025-08-20,692.37,EUR,DC-10-10,380,290,175817.00,41,33,18,12
300,AF,0201,2025-09-03,674.08,EUR,A310-300,280,263,195581.03,22,21,10,8
300,AF,0201,2025-09-15,660.80,EUR,A330-300,223,148,105205.68,22,14,11,7
300,AF,0201,2025-09-26,737.05,EUR,DC-10-10,380,311,229044.36,41,35,18,13
300,AF,0201,2025-10-07,611.72,EUR,A330-300,223,153,80234.18,22,15,11,8
300,AF,0201,2025-10-17,774.97,EUR,747-400,385,363,311063.95,31,29,21,18
300,AF,0201,2025-10-28,718.56,EUR,747-400,385,321,247716.58,31,27,21,16
300,AF,0201,2025-11-07,783.55,EUR,A330-300,223,189,165815.50,22,18,11,9
300,SR,0100,2025-04-02,296.72,CHF,737-200,130,119,35911.92,10,9,8,7
300,SR,0100,2025-04-12,266.48,CHF,A319,220,181,52266.01,22,18,10,7
300,SR,0100,2025-04-24,246.08,CHF,A319,220,147,40268.58,22,15,10,6
300,SR,0100,2025-05-07,260.35,CHF,A321,220,159,36713.93,22,17,11,7
300,SR,0100,2025-05-18,228.84,CHF,A321,220,150,38208.35,22,16,11,8
300,SR,0100,2025-05-29,247.02,CHF,737-200,130,102,27123.32,10,8,8,6
300,SR,0100,2025-06-08,245.05,CHF,737-200,130,103,26300.29,10,8,8,6
300,SR,0100,2025-06-22,268.03,CHF,727-200,189,151,43164.46,18,15,11,9
300,SR,0100,2025-07-04,264.05,CHF,737-200,130,86,21996.31,10,7,8,5
300,SR,0100,2025-07-16,242.19,CHF,737-200,130,110,26008.77,10,8,8,6
300,SR,0100,2025-07-27,271.40,CHF,A319,220,149,37509.22,22,15,10,6
300,SR,0100,2025-08-06,251.94,CHF,A319,220,200,43377.58,22,19,10,9
300,SR,0100,2025-08-20,285.48,CHF,A319,220,149,40891.52,22,14,10,6
300,SR,0100,2025-09-03,249.92,CHF,737-200,130,121,26075.23,10,10,8,7
300,SR,0100,2025-09-15,262.69,CHF,A319,220,187,42802.99,22,18,10,9
300,SR,0100,2025-09-26,233.45,CHF,727-200,189,129,27182.45,18,12,11,7
300,SR,0100,2025-10-07,275.17,CHF,737-200,130,114,33958.27,10,9,8,7
300,SR,0100,2025-10-17,286.69,CHF,A319,220,157,42504.64,22,15,10,6
300,SR,0100,2025-10-28,281.94,CHF,727-200,189,158,49103.53,18,15,11,10
300,SR,0100,2025-11-07,270.14,CHF,727-200,189,133,34360.74,18,13,11,8
300,SR,0101,2025-04-02,268.90,CHF,727-200,189,140,35761.66,18,13,11,8
300,SR,0101,2025-04-12,220.48,CHF,A321,220,181,36706.37,22,19,11,9
300,SR,0101,2025-04-24,271.52,CHF,A321,220,206,48932.79,22,20,11,11
300,SR,0101,2025-05-07,237.36,CHF,737-200,130,97,21955.05,10,8,8,6
300,SR,0101,2025-05-18,292.16,CHF,727-200,189,160,40032.46,18,14,11,8
300,SR,0101,2025-05-29,271.99,CHF,737-200,130,110,29983.51,10,9,8,7
300,SR,0101,2025-06-08,248.06,CHF,A321,220,188,44922.51,22,18,11,9
300,SR,0101,2025-06-22,274.55,CHF,737-200,130,104,29673.82,10,8,8,6
300,SR,0101,2025-07-04,259.78,CHF,A319,220,195,56267.96,22,20,10,8
300,SR,0101,2025-07-16,269.86,CHF,727-200,189,143,43641.59,18,13,11,8
300,SR,0101,2025-07-27,275.65,CHF,A319,220,150,40698.43,22,14,10,7
300,SR,0101,2025-08-06,275.23,CHF,A319,220,156,42669.81,22,15,10,7
300,SR,0101,2025-08-20,274.46,CHF,A321,220,198,49377.45,22,20,11,9
300,SR,0101,2025-09-03,279.16,CHF,A321,220,145,43892.86,22,15,11,8
300,SR,0101,2025-09-15,276.06,CHF,727-200,189,169,51956.51,18,17,11,9
300,SR,0101,2025-09-26,250.30,CHF,727-200,189,159,43669.51,18,15,11,9
300,SR,0101,2025-10-07,229.15,CHF,737-200,130,100,22007.13,10,8,8,7
300,SR,0101,2025-10-17,283.38,CHF,737-200,130,122,37501.45,10,9,8,7
300,SR,0101,2025-10-28,288.73,CHF,737-200,130,100,33089.30,10,8,8,6
300,SR,0101,2025-11-07,237.62,CHF,727-200,189,137,37309.78,18,13,11,8
300,SR,0200,2025-04-02,996.11,CHF,747-400,385,361,378757.04,31,28,21,19
300,SR,0200,2025-04-12,834.55,CHF,DC-10-10,380,343,268565.81,41,38,18,16
300,SR,0200,2025-04-24,830.73,CHF,A310-300,280,190,161030.40,22,15,10,6
300,SR,0200,2025-05-07,821.09,CHF,A310-300,280,252,224312.02,22,21,10,9
300,SR,0200,2025-05-18,1065.96,CHF,A330-300,223,157,190280.88,22,16,11,7
300,SR,0200,2025-05-29,846.21,CHF,A330-300,223,193,144227.31,22,19,11,9
300,SR,0200,2025-06-08,958.16,CHF,DC-10-10,380,346,308878.17,41,37,18,15
300,SR,0200,2025-06-22,894.43,CHF,DC-10-10,380,345,272540.35,41,37,18,15
300,SR,0200,2025-07-04,960.61,CHF,DC-10-10,380,327,278331.41,41,37,18,15
300,SR,0200,2025-07-16,823.16,CHF,DC-10-10,380,268,227800.93,41,30,18,12
300,SR,0200,2025-07-27,864.57,CHF,A310-300,280,240,205874.09,22,18,10,9
300,SR,0200,2025-08-06,910.47,CHF,A310-300,280,262,223781.81,22,20,10,8
300,SR,0200,2025-08-20,1091.79,CHF,DC-10-10,380,291,308880.80,41,32,18,13
300,SR,0200,2025-09-03,1079.18,CHF,A310-300,280,197,202639.63,22,16,10,7
300,SR,0200,2025-09-15,830.86,CHF,747-400,385,343,278495.27,31,27,21,18
300,SR,0200,2025-09-26,946.14,CHF,DC-10-10,380,289,285519.47,41,33,18,14
300,SR,0200,2025-10-07,948.19,CHF,DC-10-10,380,267,250316.97,41,29,18,11
300,SR,0200,2025-10-17,848.80,CHF,A330-300,223,176,132059.73,22,18,11,8
300,SR,0200,2025-10-28,959.81,CHF,A330-300,223,157,137731.76,22,16,11,7
300,SR,0200,2025-11-07,896.39,CHF,A330-300,223,146,131819.01,22,15,11,6
300,SR,0201,2025-04-02,885.75,CHF,A310-300,280,219,195720.89,22,17,10,8
300,SR,0201,2025-04-12,999.47,CHF,DC-10-10,380,343,352677.90,41,38,18,16
300,SR,0201,2025-04-24,983.04,CHF,A330-300,223,161,178169.01,22,16,11,7
300,SR,0201,2025-05-07,843.40,CHF,A310-300,280,193,141561.52,22,15,10,7
300,SR,0201,2025-05-18,1056.00,CHF,A330-300,223,181,169677.53,22,18,11,9
300,SR,0201,2025-05-29,873.58,CHF,A330-300,223,162,158285.80,22,16,11,7
300,SR,0201,2025-06-08,902.30,CHF,DC-10-10,380,326,306440.15,41,37,18,14
300,SR,0201,2025-06-22,928.99,CHF,A310-300,280,182,144514.17,22,15,10,6
300,SR,0201,2025-07-04,1034.76,CHF,A330-300,223,175,163895.83,22,17,11,8
300,SR,0201,2025-07-16,984.08,CHF,747-400,385,263,250173.32,31,22,21,15
300,SR,0201,2025-07-27,909.54,CHF,A310-300,280,205,180012.33,22,17,10,6
300,SR,0201,2025-08-06,900.39,CHF,A310-300,280,235,215166.56,22,18,10,8
300,SR,0201,2025-08-20,830.66,CHF,747-400,385,357,325882.07,31,30,21,18
300,SR,0201,2025-09-03,1055.40,CHF,DC-10-10,380,324,347424.28,41,34,18,16
300,SR,0201,2025-09-15,852.50,CHF,A310-300,280,241,221004.79,22,19,10,8
300,SR,0201,2025-09-26,965.78,CHF,A310-300,280,211,220841.48,22,17,10,7
300,SR,0201,2025-10-07,988.69,CHF,747-400,385,277,280716.42,31,21,21,15
300,SR,0201,2025-10-17,1027.60,CHF,DC-10-10,380,316,303197.42,41,36,18,14
300,SR,0201,2025-10-28,1043.67,CHF,A330-300,223,171,154926.22,22,16,11,9
300,SR,0201,2025-11-07,944.41,CHF,DC-10-10,380,268,230222.92,41,27,18,12
300,UA,0100,2025-04-02,607.24,USD,A310-300,280,223,124257.98,22,18,10,8
300,UA,0100,2025-04-12,502.24,USD,A330-300,223,168,90996.43,22,18,11,8
300,UA,0100,2025-04-24,579.08,USD,747-400,385,294,181929.80,31,23,21,16
300,UA,0100,2025-05-07,521.15,USD,747-400,385,294,149618.66,31,25,21,15
300,UA,0100,2025-05-18,519.14,USD,A310-300,280,235,104833.01,22,19,10,8
300,UA,0100,2025-05-29,503.83,USD,747-400,385,263,138938.30,31,23,21,13
300,UA,0100,2025-06-08,499.17,USD,A310-300,280,206,100240.20,22,15,10,6
300,UA,0100,2025-06-22,563.54,USD,747-400,385,252,123492.15,31,20,21,12
300,UA,0100,2025-07-04,640.42,USD,A310-300,280,204,113809.04,22,15,10,7
300,UA,0100,2025-07-16,516.34,USD,DC-10-10,380,286,130800.76,41,31,18,14
300,UA,0100,2025-07-27,576.93,USD,DC-10-10,380,333,185076.25,41,37,18,15
300,UA,0100,2025-08-06,597.34,USD,747-400,385,307,202372.82,31,24,21,18
300,UA,0100,2025-08-20,502.74,USD,DC-10-10,380,317,137735.57,41,36,18,14
300,UA,0100,2025-09-03,542.62,USD,A330-300,223,175,104753.53,22,17,11,8
300,UA,0100,2025-09-15,620.81,USD,A310-300,280,210,141888.26,22,17,10,7
300,UA,0100,2025-09-26,585.29,USD,747-400,385,294,180007.17,31,25,21,14
300,UA,0100,2025-10-07,587.21,USD,A330-300,223,173,86740.54,22,17,11,8
300,UA,0100,2025-10-17,584.62,USD,A330-300,223,158,98645.47,22,16,11,8
300,UA,0100,2025-10-28,543.04,USD,DC-10-10,380,276,128490.99,41,30,18,12
300,UA,0100,2025-11-07,486.12,USD,A330-300,223,189,89124.47,22,19,11,10
300,UA,0101,2025-04-02,523.32,USD,A310-300,280,193,100101.19,22,16,10,7
300,UA,0101,2025-04-12,513.28,USD,DC-10-10,380,334,149944.26,41,36,18,16
300,UA,0101,2025-04-24,577.73,USD,A310-300,280,221,139119.59,22,17,10,8
300,UA,0101,2025-05-07,569.44,USD,A330-300,223,162,78452.83,22,16,11,7
300,UA,0101,2025-05-18,612.06,USD,A330-300,223,162,87378.07,22,15,11,7
300,UA,0101,2025-05-29,548.95,USD,747-400,385,344,216791.03,31,27,21,19
300,UA,0101,2025-06-08,518.88,USD,747-400,385,357,212629.16,31,29,21,18
300,UA,0101,2025-06-22,583.87,USD,A330-300,223,205,136891.33,22,20,11,10
300,UA,0101,2025-07-04,498.00,USD,747-400,385,333,166106.82,31,27,21,16
300,UA,0101,2025-07-16,552.04,USD,DC-10-10,380,345,175647.75,41,37,18,15
300,UA,0101,2025-07-27,475.66,USD,747-400,385,297,122365.62,31,24,21,14
300,UA,0101,2025-08-06,581.52,USD,A310-300,280,186,116661.13,22,15,10,6
300,UA,0101,2025-08-20,574.34,USD,A310-300,280,200,107431.18,22,16,10,8
300,UA,0101,2025-09-03,505.45,USD,A310-300,280,224,112019.13,22,19,10,8
300,UA,0101,2025-09-15,589.25,USD,A330-300,223,200,134699.19,22,21,11,10
300,UA,0101,2025-09-26,481.33,USD,747-400,385,282,122807.21,31,22,21,15
300,UA,0101,2025-10-07,477.88,USD,DC-10-10,380,275,146654.64,41,28,18,12
300,UA,0101,2025-10-17,546.81,USD,A310-300,280,221,117568.21,22,16,10,7
300,UA,0101,2025-10-28,553.32,USD,A310-300,280,195,93935.95,22,16,10,7
300,UA,0101,2025-11-07,513.95,USD,A310-300,280,206,99458.57,22,15,10,7
300,DL,0200,2025-04-02,448.93,USD,A330-300,223,152,63074.70,22,16,11,8
300,DL,0200,2025-04-12,471.55,USD,A330-300,223,151,76407.98,22,15,11,7
300,DL,0200,2025-04-24,495.97,USD,A330-300,223,177,91632.48,22,17,11,8
300,DL,0200,2025-05-07,535.94,USD,A330-300,223,197,116474.40,22,20,11,10
300,DL,0200,2025-05-18,483.10,USD,747-400,385,334,181350.11,31,27,21,18
300,DL,0200,2025-05-29,430.96,USD,A330-300,223,175,77487.38,22,18,11,9
300,DL,0200,2025-06-08,519.08,USD,DC-10-10,380,261,152020.68,41,27,18,13
300,DL,0200,2025-06-22,462.60,USD,A310-300,280,237,100344.04,22,18,10,8
300,DL,0200,2025-07-04,468.83,USD,A310-300,280,207,95743.96,22,16,10,7
300,DL,0200,2025-07-16,439.01,USD,A330-300,223,204,96647.07,22,20,11,10
300,DL,0200,2025-07-27,562.91,USD,747-400,385,261,153901.68,31,20,21,14
300,DL,0200,2025-08-06,426.37,USD,A330-300,223,165,60771.40,22,17,11,7
300,DL,0200,2025-08-20,539.42,USD,A330-300,223,172,103623.67,22,17,11,8
300,DL,0200,2025-09-03,468.99,USD,747-400,385,267,142902.44,31,21,21,13
300,DL,0200,2025-09-15,499.38,USD,A310-300,280,236,135224.04,22,19,10,8
300,DL,0200,2025-09-26,562.33,USD,DC-10-10,380,347,209806.17,41,37,18,15
300,DL,0200,2025-10-07,514.91,USD,DC-10-10,380,345,169107.30,41,35,18,16
300,DL,0200,2025-10-17,439.27,USD,A310-300,280,211,83228.32,22,16,10,8
300,DL,0200,2025-10-28,492.49,USD,A330-300,223,165,75700.07,22,15,11,9
300,DL,0200,2025-11-07,473.50,USD,A330-300,223,181,77150.41,22,19,11,8
300,DL,0201,2025-04-02,493.62,USD,A310-300,280,222,109878.00,22,17,10,7
300,DL,0201,2025-04-12,479.53,USD,A330-300,223,188,88180.43,22,19,11,9
300,DL,0201,2025-04-24,565.50,USD,DC-10-10,380,338,165775.32,41,38,18,16
300,DL,0201,2025-05-07,581.38,USD,A310-300,280,190,98193.24,22,14,10,7
300,DL,0201,2025-05-18,458.07,USD,747-400,385,260,126374.83,31,20,21,13
300,DL,0201,2025-05-29,524.29,USD,A310-300,280,220,125539.72,22,17,10,8
300,DL,0201,2025-06-08,534.03,USD,DC-10-10,380,310,162470.07,41,32,18,15
300,DL,0201,2025-06-22,484.67,USD,A310-300,280,227,96306.78,22,18,10,8
300,DL,0201,2025-07-04,538.95,USD,DC-10-10,380,298,142936.89,41,34,18,14
300,DL,0201,2025-07-16,534.47,USD,DC-10-10,380,249,143655.02,41,28,18,10
300,DL,0201,2025-07-27,495.83,USD,A330-300,223,189,90331.39,22,19,11,9
300,DL,0201,2025-08-06,467.74,USD,DC-10-10,380,257,118697.44,41,26,18,11
300,DL,0201,2025-08-20,577.88,USD,A330-300,223,182,114555.98,22,18,11,9
300,DL,0201,2025-09-03,578.05,USD,A330-300,223,175,93105.01,22,17,11,8
300,DL,0201,2025-09-15,523.36,USD,747-400,385,268,137062.72,31,21,21,14
300,DL,0201,2025-09-26,580.85,USD,747-400,385,268,153134.63,31,22,21,14
300,DL,0201,2025-10-07,474.12,USD,A330-300,223,177,91931.01,22,18,11,9
300,DL,0201,2025-10-17,483.22,USD,747-400,385,291,139396.08,31,22,21,15
300,DL,0201,2025-10-28,496.88,USD,747-400,385,277,128138.73,31,22,21,14
300,DL,0201,2025-11-07,585.52,USD,A330-300,223,152,82302.78,22,15,11,8
300,BA,0100,2026-01-05,702.79,GBP,DC-10-10,380,297,186485.73,41,33,18,13
300,BA,0100,2026-01-16,575.35,GBP,A310-300,280,240,132667.06,22,20,10,8
300,BA,0100,2026-01-26,650.23,GBP,DC-10-10,380,317,195323.14,41,33,18,14
300,BA,0100,2026-02-07,571.18,GBP,747-400,385,326,169593.88,31,27,21,18
300,BA,0100,2026-02-18,679.99,GBP,A330-300,223,184,109282.50,22,18,11,9
300,BA,0100,2026-02-28,693.25,GBP,A330-300,223,208,160349.42,22,21,11,10
300,BA,0100,2026-03-13,716.38,GBP,A310-300,280,239,169089.68,22,18,10,8
300,BA,0100,2026-03-26,635.20,GBP,747-400,385,335,243938.58,31,26,21,18
300,BA,0100,2026-04-06,570.60,GBP,DC-10-10,380,341,216056.76,41,38,18,14
300,BA,0100,2026-04-16,673.53,GBP,A330-300,223,202,145777.99,22,20,11,10
300,BA,0100,2026-04-28,703.11,GBP,A330-300,223,212,152782.04,22,22,11,9
300,BA,0100,2026-05-10,720.02,GBP,DC-10-10,380,324,199023.45,41,36,18,14
300,BA,0100,2026-05-24,640.45,GBP,A310-300,280,221,161333.11,22,18,10,8
300,BA,0100,2026-06-07,660.16,GBP,747-400,385,343,231955.23,31,28,21,19
300,BA,0100,2026-06-18,622.58,GBP,A310-300,280,250,153370.12,22,19,10,9
300,BA,0100,2026-06-29,729.01,GBP,DC-10-10,380,352,244235.05,41,38,18,16
300,BA,0100,2026-07-12,630.69,GBP,A310-300,280,263,153600.79,22,20,10,9
300,BA,0100,2026-07-26,769.40,GBP,747-400,385,354,303166.96,31,28,21,20
300,BA,0100,2026-08-06,601.42,GBP,DC-10-10,380,322,193494.83,41,37,18,15
300,BA,0100,2026-08-19,662.44,GBP,DC-10-10,380,338,197422.19,41,37,18,15
300,BA,0100,2026-09-01,688.96,GBP,A310-300,280,268,196575.60,22,22,10,9
300,BA,0100,2026-09-11,616.17,GBP,DC-10-10,380,359,233816.15,41,38,18,16
300,BA,0100,2026-09-22,756.53,GBP,A310-300,280,226,155579.34,22,17,10,7
300,BA,0100,2026-10-05,661.68,GBP,DC-10-10,380,275,193410.51,41,29,18,13
300,BA,0100,2026-10-15,572.93,GBP,A310-300,280,263,157980.61,22,20,10,8
300,BA,0100,2026-10-26,708.49,GBP,DC-10-10,380,258,156530.84,41,28,18,11
300,BA,0100,2026-11-07,691.70,GBP,747-400,385,331,195880.89,31,27,21,18
300,BA,0100,2026-11-19,734.93,GBP,747-400,385,317,229939.51,31,26,21,17
300,BA,0101,2026-01-05,716.78,GBP,747-400,385,263,182929.64,31,23,21,13
300,BA,0101,2026-01-16,717.12,GBP,747-400,385,345,265436.14,31,28,21,19
300,BA,0101,2026-01-26,604.37,GBP,747-400,385,348,212683.77,31,27,21,20
300,BA,0101,2026-02-07,591.94,GBP,A330-300,223,213,142818.01,22,20,11,11
300,BA,0101,2026-02-18,606.78,GBP,A310-300,280,240,166303.98,22,20,10,8
300,BA,0101,2026-02-28,645.38,GBP,A330-300,223,207,117895.65,22,20,11,11
300,BA,0101,2026-03-13,669.87,GBP,A310-300,280,199,120342.27,22,16,10,7
300,BA,0101,2026-03-26,618.40,GBP,747-400,385,268,171438.26,31,22,21,15
300,BA,0101,2026-04-06,563.67,GBP,DC-10-10,380,320,188860.46,41,35,18,14
300,BA,0101,2026-04-16,636.10,GBP,747-400,385,324,223128.39,31,26,21,16
300,BA,0101,2026-04-28,705.51,GBP,A310-300,280,186,116570.81,22,15,10,6
300,BA,0101,2026-05-10,553.45,GBP,A310-300,280,200,108030.54,22,15,10,7
300,BA,0101,2026-05-24,676.11,GBP,A310-300,280,224,135016.28,22,18,10,8
300,BA,0101,2026-06-07,623.16,GBP,A330-300,223,196,125391.11,22,20,11,9
300,BA,0101,2026-06-18,548.68,GBP,747-400,385,304,175367.82,31,26,21,17
300,BA,0101,2026-06-29,655.64,GBP,DC-10-10,380,317,194540.41,41,32,18,13
300,BA,0101,2026-07-12,631.10,GBP,747-400,385,312,189554.55,31,24,21,17
300,BA,0101,2026-07-26,691.92,GBP,DC-10-10,380,364,220914.03,41,40,18,18
300,BA,0101,2026-08-06,559.40,GBP,747-400,385,328,200663.12,31,26,21,18
300,BA,0101,2026-08-19,560.21,GBP,747-400,385,296,158374.92,31,25,21,17
300,BA,0101,2026-09-01,679.55,GBP,A310-300,280,227,140709.73,22,17,10,8
300,BA,0101,2026-09-11,600.39,GBP,747-400,385,362,237138.75,31,30,21,20
300,BA,0101,2026-09-22,579.34,GBP,DC-10-10,380,326,167409.81,41,34,18,16
300,BA,0101,2026-10-05,563.65,GBP,A310-300,280,268,152635.05,22,21,10,9
300,BA,0101,2026-10-15,620.05,GBP,A310-300,280,206,117156.76,22,15,10,8
300,BA,0101,2026-10-26,680.95,GBP,A330-300,223,193,142499.06,22,19,11,9
300,BA,0101,2026-11-07,620.41,GBP,A330-300,223,191,101972.85,22,20,11,9
300,BA,0101,2026-11-19,670.73,GBP,DC-10-10,380,318,208305.68,41,35,18,14
300,BA,0200,2026-01-05,170.37,GBP,737-200,130,93,15572.91,10,7,8,6
300,BA,0200,2026-01-16,198.24,GBP,727-200,189,174,33903.51,18,16,11,10
300,BA,0200,2026-01-26,172.45,GBP,737-200,130,105,15816.92,10,8,8,6
300,BA,0200,2026-02-07,181.14,GBP,A321,220,181,30929.43,22,18,11,8
300,BA,0200,2026-02-18,199.81,GBP,727-200,189,151,26249.24,18,15,11,8
300,BA,0200,2026-02-28,173.26,GBP,737-200,130,89,14131.90,10,7,8,5
300,BA,0200,2026-03-13,164.45,GBP,A319,220,156,25985.28,22,16,10,8
300,BA,0200,2026-03-26,167.31,GBP,727-200,189,141,22705.65,18,13,11,8
300,BA,0200,2026-04-06,158.16,GBP,727-200,189,164,24470.92,18,15,11,9
300,BA,0200,2026-04-16,201.89,GBP,A321,220,187,41958.67,22,18,11,10
300,BA,0200,2026-04-28,210.62,GBP,737-200,130,92,19673.79,10,8,8,5
300,BA,0200,2026-05-10,171.87,GBP,A321,220,208,33222.18,22,21,11,11
300,BA,0200,2026-05-24,199.17,GBP,727-200,189,126,25692.27,18,12,11,8
300,BA,0200,2026-06-07,193.94,GBP,737-200,130,109,21987.15,10,8,8,6
300,BA,0200,2026-06-18,162.52,GBP,A319,220,165,30061.19,22,17,10,7
300,BA,0200,2026-06-29,186.81,GBP,727-200,189,131,25303.67,18,12,11,7
300,BA,0200,2026-07-12,182.33,GBP,A319,220,200,39711.12,22,21,10,9
300,BA,0200,2026-07-26,206.18,GBP,A319,220,169,32675.99,22,16,10,8
300,BA,0200,2026-08-06,177.30,GBP,A319,220,159,26507.55,22,15,10,8
300,BA,0200,2026-08-19,158.17,GBP,727-200,189,156,24907.29,18,15,11,9
300,BA,0200,2026-09-01,179.47,GBP,A319,220,151,26976.26,22,14,10,7
300,BA,0200,2026-09-11,210.47,GBP,737-200,130,116,24080.28,10,9,8,7
300,BA,0200,2026-09-22,187.03,GBP,727-200,189,166,29640.57,18,16,11,10
300,BA,0200,2026-10-05,166.77,GBP,727-200,189,164,30379.65,18,16,11,9
300,BA,0200,2026-10-15,168.77,GBP,737-200,130,117,21779.60,10,9,8,7
300,BA,0200,2026-10-26,203.45,GBP,737-200,130,109,18996.29,10,8,8,6
300,BA,0200,2026-11-07,167.17,GBP,A321,220,185,30969.30,22,18,11,9
300,BA,0200,2026-11-19,178.92,GBP,A319,220,195,31026.83,22,19,10,9
300,BA,0201,2026-01-05,156.99,GBP,A319,220,150,20314.78,22,16,10,7
300,BA,0201,2026-01-16,174.64,GBP,A321,220,181,32818.09,22,19,11,9
300,BA,0201,2026-01-26,171.16,GBP,737-200,130,88,15659.43,10,7,8,5
300,BA,0201,2026-02-07,173.84,GBP,A321,220,190,33296.72,22,19,11,9
300,BA,0201,2026-02-18,156.15,GBP,727-200,189,140,18770.54,18,12,11,7
300,BA,0201,2026-02-28,173.88,GBP,727-200,189,149,23068.59,18,15,11,8
300,BA,0201,2026-03-13,170.49,GBP,A321,220,164,27719.08,22,17,11,7
300,BA,0201,2026-03-26,166.21,GBP,A319,220,168,29152.89,22,18,10,8
300,BA,0201,2026-04-06,182.17,GBP,A321,220,150,24007.57,22,14,11,8
300,BA,0201,2026-04-16,180.87,GBP,A319,220,196,37973.29,22,20,10,8
300,BA,0201,2026-04-28,174.64,GBP,A321,220,198,34576.20,22,21,11,10
300,BA,0201,2026-05-10,201.27,GBP,A321,220,171,32222.68,22,17,11,8
300,BA,0201,2026-05-24,163.01,GBP,A321,220,190,32376.76,22,20,11,9
300,BA,0201,2026-06-07,179.66,GBP,727-200,189,139,22246.40,18,12,11,9
300,BA,0201,2026-06-18,154.98,GBP,A321,220,199,29050.85,22,21,11,9
300,BA,0201,2026-06-29,164.01,GBP,727-200,189,138,20787.64,18,14,11,8
300,BA,0201,2026-07-12,175.48,GBP,737-200,130,104,19230.51,10,8,8,7
300,BA,0201,2026-07-26,161.74,GBP,727-200,189,139,24380.19,18,13,11,8
300,BA,0201,2026-08-06,156.10,GBP,A319,220,202,32146.53,22,21,10,9
300,BA,0201,2026-08-19,174.34,GBP,737-200,130,105,18463.20,10,8,8,6
300,BA,0201,2026-09-01,154.50,GBP,727-200,189,170,26193.08,18,17,11,10
300,BA,0201,2026-09-11,203.36,GBP,A319,220,174,36107.97,22,17,10,8
300,BA,0201,2026-09-22,193.58,GBP,727-200,189,140,28360.16,18,13,11,9
300,BA,0201,2026-10-05,159.31,GBP,A319,220,152,22379.99,22,15,10,7
300,BA,0201,2026-10-15,196.75,GBP,737-200,130,114,20741.92,10,8,8,6
300,BA,0201,2026-10-26,202.45,GBP,A321,220,206,35917.43,22,21,11,10
300,BA,0201,2026-11-07,172.27,GBP,A321,220,201,32881.24,22,19,11,10
300,BA,0201,2026-11-19,199.35,GBP,A319,220,147,32328.24,22,15,10,7
300,BA,0300,2026-01-05,876.79,GBP,A310-300,280,199,154450.10,22,15,10,6
300,BA,0300,2026-01-16,863.69,GBP,A330-300,223,208,183640.08,22,20,11,10
300,BA,0300,2026-01-26,955.65,GBP,DC-10-10,380,304,283959.92,41,35,18,13
300,BA,0300,2026-02-07,1055.40,GBP,A330-300,223,170,185446.25,22,17,11,8
300,BA,0300,2026-02-18,914.49,GBP,A330-300,223,181,147260.35,22,19,11,8
300,BA,0300,2026-02-28,917.58,GBP,A310-300,280,243,232884.76,22,20,10,9
300,BA,0300,2026-03-13,922.11,GBP,747-400,385,330,290420.61,31,27,21,17
300,BA,0300,2026-03-26,859.95,GBP,A330-300,223,189,163996.27,22,18,11,9
300,BA,0300,2026-04-06,1045.41,GBP,DC-10-10,380,289,260605.19,41,30,18,13
300,BA,0300,2026-04-16,854.29,GBP,DC-10-10,380,331,241533.51,41,36,18,15
300,BA,0300,2026-04-28,1004.39,GBP,DC-10-10,380,261,232041.86,41,27,18,11
300,BA,0300,2026-05-10,1063.51,GBP,A330-300,223,191,191365.99,22,18,11,10
300,BA,0300,2026-05-24,908.39,GBP,A330-300,223,196,179308.84,22,20,11,9
300,BA,0300,2026-06-07,938.26,GBP,A310-300,280,253,223216.85,22,20,10,8
300,BA,0300,2026-06-18,1018.14,GBP,A330-300,223,207,218716.79,22,20,11,11
300,BA,0300,2026-06-29,1035.55,GBP,A330-300,223,153,155166.31,22,14,11,7
300,BA,0300,2026-07-12,1013.04,GBP,747-400,385,330,331344.58,31,26,21,19
300,BA,0300,2026-07-26,983.27,GBP,DC-10-10,380,294,264522.38,41,31,18,13
300,BA,0300,2026-08-06,899.17,GBP,747-400,385,281,249986.87,31,23,21,16
300,BA,0300,2026-08-19,984.61,GBP,A310-300,280,265,289108.51,22,21,10,10
300,BA,0300,2026-09-01,806.75,GBP,DC-10-10,380,253,196115.01,41,29,18,11
300,BA,0300,2026-09-11,1076.22,GBP,DC-10-10,380,286,345347.73,41,32,18,12
300,BA,0300,2026-09-22,1049.01,GBP,A330-300,223,165,151664.00,22,16,11,8
300,BA,0300,2026-10-05,993.77,GBP,DC-10-10,380,362,309471.97,41,37,18,18
300,BA,0300,2026-10-15,939.65,GBP,A310-300,280,201,176767.40,22,17,10,7
300,BA,0300,2026-10-26,829.25,GBP,DC-10-10,380,314,256007.88,41,36,18,15
300,BA,0300,2026-11-07,920.11,GBP,A330-300,223,159,147774.41,22,15,11,7
300,BA,0300,2026-11-19,871.93,GBP,747-400,385,264,250098.31,31,21,21,15
300,BA,0301,2026-01-05,981.25,GBP,A330-300,223,151,143798.18,22,15,11,8
300,BA,0301,2026-01-16,896.23,GBP,A330-300,223,166,150151.36,22,17,11,8
300,BA,0301,2026-01-26,1007.65,GBP,747-400,385,317,351122.00,31,25,21,17
300,BA,0301,2026-02-07,828.36,GBP,A330-300,223,212,194104.36,22,21,11,10
300,BA,0301,2026-02-18,826.49,GBP,A330-300,223,159,136051.09,22,15,11,7
300,BA,0301,2026-02-28,1043.33,GBP,A310-300,280,239,254103.19,22,20,10,8
300,BA,0301,2026-03-13,913.10,GBP,747-400,385,318,298729.29,31,25,21,17
300,BA,0301,2026-03-26,810.85,GBP,747-400,385,368,288967.68,31,31,21,18
300,BA,0301,2026-04-06,1009.69,GBP,A330-300,223,208,202740.14,22,21,11,9
300,BA,0301,2026-04-16,827.70,GBP,DC-10-10,380,318,256690.82,41,36,18,15
300,BA,0301,2026-04-28,919.60,GBP,747-400,385,343,361027.73,31,29,21,17
300,BA,0301,2026-05-10,980.03,GBP,DC-10-10,380,328,274640.62,41,35,18,16
300,BA,0301,2026-05-24,828.18,GBP,A310-300,280,230,212446.09,22,18,10,8
300,BA,0301,2026-06-07,939.47,GBP,DC-10-10,380,252,256108.02,41,29,18,10
300,BA,0301,2026-06-18,901.26,GBP,747-400,385,332,330717.86,31,28,21,17
300,BA,0301,2026-06-29,909.21,GBP,747-400,385,360,363267.77,31,30,21,19
300,BA,0301,2026-07-12,875.66,GBP,747-400,385,315,288649.97,31,26,21,18
300,BA,0301,2026-07-26,1007.01,GBP,DC-10-10,380,357,360979.06,41,40,18,17
300,BA,0301,2026-08-06,1032.51,GBP,DC-10-10,380,330,322119.64,41,36,18,15
300,BA,0301,2026-08-19,989.57,GBP,A330-300,223,184,187505.17,22,18,11,8
300,BA,0301,2026-09-01,1007.11,GBP,A310-300,280,197,206023.10,22,14,10,7
300,BA,0301,2026-09-11,900.84,GBP,A330-300,223,189,148065.71,22,18,11,9
300,BA,0301,2026-09-22,879.27,GBP,A330-300,223,208,197638.90,22,19,11,10
300,BA,0301,2026-10-05,795.64,GBP,747-400,385,278,204961.38,31,24,21,13
300,BA,0301,2026-10-15,984.11,GBP,DC-10-10,380,341,334294.29,41,37,18,15
300,BA,0301,2026-10-26,949.53,GBP,DC-10-10,380,337,334259.78,41,35,18,14
300,BA,0301,2026-11-07,788.46,GBP,DC-10-10,380,295,200116.62,41,33,18,13
300,BA,0301,2026-11-19,807.77,GBP,DC-10-10,380,333,236168.35,41,36,18,14
300,BA,0400,2026-01-05,932.67,GBP,747-400,385,323,267659.31,31,25,21,17
300,BA,0400,2026-01-16,961.49,GBP,A310-300,280,247,264377.82,22,18,10,8
300,BA,0400,2026-01-26,787.90,GBP,A330-300,223,207,140375.22,22,20,11,10
300,BA,0400,2026-02-07,871.50,GBP,747-400,385,282,232712.72,31,23,21,16
300,BA,0400,2026-02-18,752.83,GBP,DC-10-10,380,296,247247.77,41,33,18,12
300,BA,0400,2026-02-28,856.85,GBP,A310-300,280,238,193990.11,22,20,10,8
300,BA,0400,2026-03-13,810.94,GBP,DC-10-10,380,364,339408.30,41,40,18,17
300,BA,0400,2026-03-26,938.69,GBP,A310-300,280,186,151732.99,22,14,10,6
300,BA,0400,2026-04-06,760.14,GBP,A310-300,280,214,171247.11,22,17,10,7
300,BA,0400,2026-04-16,770.98,GBP,A310-300,280,262,203589.85,22,20,10,9
300,BA,0400,2026-04-28,766.59,GBP,A310-300,280,202,159740.36,22,15,10,7
300,BA,0400,2026-05-10,846.69,GBP,A310-300,280,252,185148.32,22,20,10,9
300,BA,0400,2026-05-24,952.11,GBP,A310-300,280,250,273715.28,22,20,10,8
300,BA,0400,2026-06-07,946.87,GBP,747-400,385,329,328723.90,31,28,21,18
300,BA,0400,2026-06-18,795.37,GBP,A310-300,280,208,179108.49,22,15,10,7
300,BA,0400,2026-06-29,847.43,GBP,747-400,385,331,264568.47,31,26,21,17
300,BA,0400,2026-07-12,908.10,GBP,DC-10-10,380,339,330111.96,41,39,18,16
300,BA,0400,2026-07-26,915.45,GBP,DC-10-10,380,296,231796.01,41,34,18,13
300,BA,0400,2026-08-06,956.76,GBP,DC-10-10,380,321,313101.44,41,34,18,13
300,BA,0400,2026-08-19,849.12,GBP,DC-10-10,380,276,241677.82,41,28,18,13
300,BA,0400,2026-09-01,746.67,GBP,DC-10-10,380,318,266466.57,41,32,18,15
300,BA,0400,2026-09-11,984.43,GBP,A330-300,223,150,133859.21,22,15,11,8
300,BA,0400,2026-09-22,896.83,GBP,A330-300,223,150,130115.58,22,15,11,7
300,BA,0400,2026-10-05,863.78,GBP,A310-300,280,267,229482.40,22,21,10,9
300,BA,0400,2026-10-15,865.02,GBP,A330-300,223,175,155814.44,22,16,11,8
300,BA,0400,2026-10-26,898.82,GBP,747-400,385,262,237021.71,31,20,21,12
300,BA,0400,2026-11-07,996.67,GBP,DC-10-10,380,295,290987.18,41,32,18,13
300,BA,0400,2026-11-19,863.59,GBP,747-400,385,357,280804.24,31,29,21,18
300,BA,0401,2026-01-05,806.10,GBP,A330-300,223,187,158848.12,22,19,11,10
300,BA,0401,2026-01-16,969.49,GBP,DC-10-10,380,268,278664.12,41,29,18,13
300,BA,0401,2026-01-26,822.98,GBP,A330-300,223,162,151221.66,22,15,11,8
300,BA,0401,2026-02-07,937.03,GBP,A330-300,223,149,159092.41,22,14,11,7
300,BA,0401,2026-02-18,775.92,GBP,747-400,385,273,210496.69,31,22,21,15
300,BA,0401,2026-02-28,776.82,GBP,A330-300,223,203,173345.38,22,20,11,9
300,BA,0401,2026-03-13,865.57,GBP,DC-10-10,380,351,308154.65,41,40,18,15
300,BA,0401,2026-03-26,799.39,GBP,DC-10-10,380,320,289474.44,41,35,18,15
300,BA,0401,2026-04-06,969.87,GBP,A310-300,280,200,218100.24,22,15,10,7
300,BA,0401,2026-04-16,947.92,GBP,DC-10-10,380,312,264248.93,41,32,18,13
300,BA,0401,2026-04-28,857.02,GBP,747-400,385,357,323628.49,31,28,21,19
300,BA,0401,2026-05-10,927.85,GBP,A310-300,280,200,205782.17,22,15,10,7
300,BA,0401,2026-05-24,935.82,GBP,DC-10-10,380,325,267154.61,41,35,18,16
300,BA,0401,2026-06-07,801.60,GBP,A310-300,280,227,196314.36,22,17,10,8
300,BA,0401,2026-06-18,748.45,GBP,A330-300,223,174,136037.05,22,17,11,8
300,BA,0401,2026-06-29,818.31,GBP,A310-300,280,240,199823.33,22,19,10,8
300,BA,0401,2026-07-12,901.19,GBP,DC-10-10,380,280,264712.99,41,29,18,14
300,BA,0401,2026-07-26,750.43,GBP,747-400,385,284,206601.36,31,24,21,16
300,BA,0401,2026-08-06,736.48,GBP,A310-300,280,263,179612.49,22,20,10,9
300,BA,0401,2026-08-19,934.57,GBP,DC-10-10,380,357,318067.90,41,37,18,16
300,BA,0401,2026-09-01,828.17,GBP,A310-300,280,222,207565.12,22,17,10,7
300,BA,0401,2026-09-11,768.15,GBP,A330-300,223,213,168047.87,22,21,11,9
300,BA,0401,2026-09-22,744.29,GBP,747-400,385,364,240806.39,31,28,21,19
300,BA,0401,2026-10-05,786.00,GBP,747-400,385,343,237346.02,31,27,21,17
300,BA,0401,2026-10-15,792.39,GBP,A310-300,280,216,187481.71,22,16,10,8
300,BA,0401,2026-10-26,817.13,GBP,747-400,385,269,225503.60,31,21,21,14
300,BA,0401,2026-11-07,863.68,GBP,747-400,385,345,339805.67,31,28,21,18
300,BA,0401,2026-11-19,817.67,GBP,A310-300,280,264,187546.21,22,22,10,9
300,BA,0500,2026-01-05,229.79,GBP,737-200,130,97,23211.90,10,8,8,6
300,BA,0500,2026-01-16,193.26,GBP,A310-300,280,262,55544.68,22,21,10,10
300,BA,0500,2026-01-26,186.10,GBP,A310-300,280,253,49106.06,22,20,10,9
300,BA,0500,2026-02-07,188.15,GBP,A321,220,153,24721.62,22,15,11,7
300,BA,0500,2026-02-18,227.76,GBP,737-200,130,112,27678.14,10,8,8,7
300,BA,0500,2026-02-28,175.87,GBP,A319,220,184,33107.26,22,18,10,8
300,BA,0500,2026-03-13,213.77,GBP,A319,220,199,42003.67,22,21,10,9
300,BA,0500,2026-03-26,186.75,GBP,737-200,130,116,19260.68,10,9,8,7
300,BA,0500,2026-04-06,202.29,GBP,737-200,130,101,19236.14,10,8,8,6
300,BA,0500,2026-04-16,217.28,GBP,A321,220,152,36437.63,22,15,11,8
300,BA,0500,2026-04-28,188.12,GBP,A310-300,280,238,39793.03,22,19,10,9
300,BA,0500,2026-05-10,227.30,GBP,A310-300,280,219,51074.41,22,17,10,7
300,BA,0500,2026-05-24,181.43,GBP,A310-300,280,210,37010.71,22,16,10,7
300,BA,0500,2026-06-07,199.96,GBP,A321,220,166,36661.05,22,16,11,8
300,BA,0500,2026-06-18,200.78,GBP,A319,220,150,26193.98,22,16,10,6
300,BA,0500,2026-06-29,207.22,GBP,737-200,130,116,25212.93,10,8,8,6
300,BA,0500,2026-07-12,192.72,GBP,737-200,130,117,25373.39,10,9,8,7
300,BA,0500,2026-07-26,216.89,GBP,737-200,130,114,22312.64,10,9,8,7
300,BA,0500,2026-08-06,211.69,GBP,A321,220,179,35241.09,22,18,11,9
300,BA,0500,2026-08-19,208.58,GBP,A321,220,196,40335.98,22,19,11,9
300,BA,0500,2026-09-01,228.27,GBP,A310-300,280,225,50508.49,22,18,10,8
300,BA,0500,2026-09-11,175.65,GBP,737-200,130,93,18075.56,10,7,8,6
300,BA,0500,2026-09-22,221.56,GBP,A321,220,159,38201.41,22,15,11,7
300,BA,0500,2026-10-05,223.34,GBP,A319,220,189,37512.81,22,19,10,9
300,BA,0500,2026-10-15,179.85,GBP,A310-300,280,223,44936.52,22,18,10,8
300,BA,0500,2026-10-26,177.71,GBP,A321,220,193,36509.25,22,20,11,9
300,BA,0500,2026-11-07,189.39,GBP,A321,220,162,30173.58,22,17,11,8
300,BA,0500,2026-11-19,211.39,GBP,A310-300,280,207,40870.67,22,15,10,7
300,BA,0501,2026-01-05,227.39,GBP,A319,220,204,42000.11,22,20,10,9
300,BA,0501,2026-01-16,225.12,GBP,A310-300,280,190,44879.98,22,15,10,6
300,BA,0501,2026-01-26,201.27,GBP,A321,220,160,34501.90,22,16,11,8
300,BA,0501,2026-02-07,196.76,GBP,A310-300,280,216,46969.19,22,18,10,8
300,BA,0501,2026-02-18,227.71,GBP,A310-300,280,228,54906.16,22,17,10,7
300,BA,0501,2026-02-28,209.92,GBP,A319,220,177,37832.59,22,17,10,7
300,BA,0501,2026-03-13,206.50,GBP,737-200,130,108,21564.50,10,8,8,6
300,BA,0501,2026-03-26,228.88,GBP,737-200,130,97,25186.20,10,8,8,6
300,BA,0501,2026-04-06,207.08,GBP,A310-300,280,214,39414.99,22,17,10,7
300,BA,0501,2026-04-16,218.27,GBP,A310-300,280,222,47735.27,22,17,10,7
300,BA,0501,2026-04-28,228.26,GBP,A321,220,190,47714.02,22,20,11,9
300,BA,0501,2026-05-10,230.76,GBP,737-200,130,107,25631.11,10,8,8,6
300,BA,0501,2026-05-24,189.60,GBP,737-200,130,114,22871.25,10,9,8,6
300,BA,0501,2026-06-07,197.01,GBP,A319,220,208,41484.66,22,21,10,9
300,BA,0501,2026-06-18,174.53,GBP,A319,220,176,27922.31,22,17,10,8
300,BA,0501,2026-06-29,219.45,GBP,737-200,130,94,20489.07,10,8,8,6
300,BA,0501,2026-07-12,185.79,GBP,A321,220,154,29546.86,22,16,11,7
300,BA,0501,2026-07-26,173.40,GBP,A310-300,280,259,40941.88,22,21,10,9
300,BA,0501,2026-08-06,221.70,GBP,737-200,130,101,22293.91,10,8,8,6
300,BA,0501,2026-08-19,178.89,GBP,737-200,130,95,16214.19,10,7,8,5
300,BA,0501,2026-09-01,220.03,GBP,A319,220,169,41356.59,22,17,10,7
300,BA,0501,2026-09-11,188.45,GBP,A321,220,146,24204.19,22,16,11,7
300,BA,0501,2026-09-22,192.81,GBP,A310-300,280,231,46190.94,22,17,10,8
300,BA,0501,2026-10-05,178.08,GBP,A319,220,168,26617.34,22,17,10,7
300,BA,0501,2026-10-15,198.64,GBP,A310-300,280,204,43680.16,22,16,10,7
300,BA,0501,2026-10-26,192.98,GBP,737-200,130,86,17993.16,10,7,8,5
300,BA,0501,2026-11-07,216.56,GBP,737-200,130,121,24692.07,10,10,8,7
300,BA,0501,2026-11-19,219.45,GBP,A310-300,280,264,65623.01,22,20,10,9
300,LH,0500,2026-01-05,205.33,EUR,A319,220,166,37397.14,22,16,10,8
300,LH,0500,2026-01-16,234.46,EUR,737-200,130,113,25636.91,10,8,8,7
300,LH,0500,2026-01-26,189.04,EUR,A319,220,194,36211.88,22,19,10,9
300,LH,0500,2026-02-07,210.54,EUR,737-200,130,117,24111.46,10,9,8,7
300,LH,0500,2026-02-18,186.04,EUR,737-200,130,110,19725.65,10,9,8,6
300,LH,0500,2026-02-28,233.57,EUR,A319,220,172,42184.19,22,16,10,7
300,LH,0500,2026-03-13,244.91,EUR,727-200,189,137,28903.56,18,13,11,7
300,LH,0500,2026-03-26,203.45,EUR,737-200,130,97,21160.20,10,8,8,6
300,LH,0500,2026-04-06,219.87,EUR,A321,220,157,32481.41,22,16,11,7
300,LH,0500,2026-04-16,221.98,EUR,727-200,189,165,38285.66,18,15,11,9
300,LH,0500,2026-04-28,216.68,EUR,A319,220,149,36747.54,22,16,10,7
300,LH,0500,2026-05-10,244.30,EUR,727-200,189,147,32851.06,18,14,11,9
300,LH,0500,2026-05-24,188.34,EUR,A319,220,189,40546.31,22,18,10,8
300,LH,0500,2026-06-07,221.65,EUR,A319,220,204,51057.11,22,20,10,10
300,LH,0500,2026-06-18,237.49,EUR,737-200,130,117,24183.75,10,9,8,7
300,LH,0500,2026-06-29,215.39,EUR,737-200,130,100,24555.12,10,8,8,6
300,LH,0500,2026-07-12,247.82,EUR,A321,220,192,45561.23,22,19,11,10
300,LH,0500,2026-07-26,248.34,EUR,737-200,130,109,25567.55,10,8,8,7
300,LH,0500,2026-08-06,202.90,EUR,737-200,130,119,27490.07,10,9,8,7
300,LH,0500,2026-08-19,185.75,EUR,737-200,130,112,18381.37,10,8,8,7
300,LH,0500,2026-09-01,202.66,EUR,727-200,189,144,31050.31,18,14,11,8
300,LH,0500,2026-09-11,223.65,EUR,A319,220,147,35853.61,22,15,10,6
300,LH,0500,2026-09-22,198.69,EUR,727-200,189,154,34363.59,18,15,11,9
300,LH,0500,2026-10-05,209.39,EUR,727-200,189,176,38202.75,18,16,11,10
300,LH,0500,2026-10-15,209.21,EUR,737-200,130,87,15781.15,10,6,8,5
300,LH,0500,2026-10-26,185.41,EUR,A321,220,178,37945.83,22,18,11,9
300,LH,0500,2026-11-07,215.87,EUR,A319,220,194,40408.00,22,20,10,8
300,LH,0500,2026-11-19,237.40,EUR,737-200,130,113,30400.03,10,9,8,7
300,LH,0501,2026-01-05,228.18,EUR,A319,220,188,38765.80,22,19,10,8
300,LH,0501,2026-01-16,240.92,EUR,A319,220,208,47129.89,22,20,10,9
300,LH,0501,2026-01-26,241.01,EUR,A321,220,153,35220.26,22,16,11,7
300,LH,0501,2026-02-07,197.11,EUR,A319,220,204,40185.41,22,21,10,9
300,LH,0501,2026-02-18,230.46,EUR,727-200,189,163,40243.42,18,15,11,9
300,LH,0501,2026-02-28,184.95,EUR,A319,220,148,31181.18,22,14,10,7
300,LH,0501,2026-03-13,208.00,EUR,727-200,189,177,42283.32,18,17,11,10
300,LH,0501,2026-03-26,240.92,EUR,A319,220,211,49399.66,22,21,10,9
300,LH,0501,2026-04-06,180.60,EUR,727-200,189,139,22170.70,18,13,11,7
300,LH,0501,2026-04-16,200.47,EUR,727-200,189,137,27904.66,18,13,11,8
300,LH,0501,2026-04-28,241.58,EUR,727-200,189,173,45164.99,18,16,11,10
300,LH,0501,2026-05-10,180.97,EUR,A319,220,160,32266.62,22,15,10,7
300,LH,0501,2026-05-24,238.85,EUR,727-200,189,165,41923.73,18,15,11,10
300,LH,0501,2026-06-07,190.76,EUR,727-200,189,170,32863.83,18,16,11,10
300,LH,0501,2026-06-18,239.68,EUR,A321,220,190,50728.37,22,19,11,8
300,LH,0501,2026-06-29,184.78,EUR,A321,220,160,30151.92,22,15,11,7
300,LH,0501,2026-07-12,240.35,EUR,A319,220,173,38601.35,22,16,10,8
300,LH,0501,2026-07-26,201.48,EUR,A321,220,171,38683.31,22,16,11,8
300,LH,0501,2026-08-06,216.07,EUR,A319,220,206,42799.05,22,20,10,9
300,LH,0501,2026-08-19,224.74,EUR,A321,220,184,40127.55,22,18,11,10
300,LH,0501,2026-09-01,214.32,EUR,A321,220,171,39228.66,22,17,11,8
300,LH,0501,2026-09-11,222.84,EUR,A321,220,153,38137.28,22,15,11,8
300,LH,0501,2026-09-22,183.12,EUR,A321,220,147,30088.65,22,14,11,7
300,LH,0501,2026-10-05,186.80,EUR,737-200,130,121,22233.89,10,9,8,7
300,LH,0501,2026-10-15,203.47,EUR,A319,220,161,33755.13,22,16,10,6
300,LH,0501,2026-10-26,206.97,EUR,727-200,189,165,35191.17,18,16,11,9
300,LH,0501,2026-11-07,189.30,EUR,A321,220,146,30501.77,22,14,11,7
300,LH,0501,2026-11-19,199.68,EUR,737-200,130,106,19113.82,10,8,8,7
300,LH,0600,2026-01-05,642.15,EUR,A310-300,280,206,132759.11,22,17,10,7
300,LH,0600,2026-01-16,705.10,EUR,747-400,385,301,242212.82,31,25,21,15
300,LH,0600,2026-01-26,752.25,EUR,DC-10-10,380,338,269362.83,41,37,18,17
300,LH,0600,2026-02-07,825.85,EUR,747-400,385,264,187563.92,31,20,21,15
300,LH,0600,2026-02-18,656.02,EUR,A310-300,280,191,115257.96,22,15,10,6
300,LH,0600,2026-02-28,641.62,EUR,DC-10-10,380,345,229915.74,41,37,18,16
300,LH,0600,2026-03-13,674.46,EUR,747-400,385,335,245924.91,31,27,21,18
300,LH,0600,2026-03-26,806.89,EUR,A330-300,223,214,178790.40,22,21,11,11
300,LH,0600,2026-04-06,842.28,EUR,A330-300,223,201,164814.14,22,19,11,9
300,LH,0600,2026-04-16,732.69,EUR,DC-10-10,380,276,180594.37,41,29,18,13
300,LH,0600,2026-04-28,760.75,EUR,DC-10-10,380,263,189150.71,41,30,18,12
300,LH,0600,2026-05-10,829.44,EUR,A330-300,223,167,125359.12,22,16,11,7
300,LH,0600,2026-05-24,733.84,EUR,A330-300,223,177,114550.45,22,18,11,9
300,LH,0600,2026-06-07,844.86,EUR,A310-300,280,249,211122.48,22,19,10,8
300,LH,0600,2026-06-18,697.41,EUR,A330-300,223,207,133363.73,22,20,11,9
300,LH,0600,2026-06-29,633.73,EUR,DC-10-10,380,305,209409.48,41,31,18,14
300,LH,0600,2026-07-12,782.55,EUR,A310-300,280,228,196574.60,22,19,10,9
300,LH,0600,2026-07-26,767.27,EUR,DC-10-10,380,321,235979.73,41,36,18,14
300,LH,0600,2026-08-06,671.18,EUR,A310-300,280,198,147959.08,22,15,10,6
300,LH,0600,2026-08-19,817.32,EUR,DC-10-10,380,279,216783.70,41,31,18,13
300,LH,0600,2026-09-01,756.88,EUR,A330-300,223,167,130581.92,22,16,11,7
300,LH,0600,2026-09-11,638.74,EUR,A310-300,280,203,144474.85,22,15,10,7
300,LH,0600,2026-09-22,758.77,EUR,DC-10-10,380,351,247482.30,41,38,18,16
300,LH,0600,2026-10-05,715.66,EUR,747-400,385,343,254691.88,31,27,21,19
300,LH,0600,2026-10-15,674.46,EUR,A330-300,223,190,141459.88,22,19,11,9
300,LH,0600,2026-10-26,800.30,EUR,A310-300,280,238,174396.51,22,19,10,8
300,LH,0600,2026-11-07,681.91,EUR,A310-300,280,207,162102.29,22,16,10,6
300,LH,0600,2026-11-19,657.44,EUR,747-400,385,260,165903.36,31,20,21,14
300,LH,0601,2026-01-05,783.44,EUR,DC-10-10,380,318,282189.09,41,35,18,14
300,LH,0601,2026-01-16,705.88,EUR,DC-10-10,380,310,186311.85,41,35,18,15
300,LH,0601,2026-01-26,737.13,EUR,A330-300,223,191,140824.25,22,18,11,10
300,LH,0601,2026-02-07,640.45,EUR,A310-300,280,250,152427.98,22,19,10,9
300,LH,0601,2026-02-18,733.76,EUR,DC-10-10,380,312,259859.71,41,34,18,13
300,LH,0601,2026-02-28,651.15,EUR,DC-10-10,380,339,194307.83,41,35,18,15
300,LH,0601,2026-03-13,668.63,EUR,747-400,385,287,183903.08,31,23,21,15
300,LH,0601,2026-03-26,715.79,EUR,A330-300,223,170,134731.78,22,17,11,8
300,LH,0601,2026-04-06,661.08,EUR,DC-10-10,380,296,187062.52,41,31,18,13
300,LH,0601,2026-04-16,708.68,EUR,A310-300,280,228,179074.65,22,17,10,7
300,LH,0601,2026-04-28,676.23,EUR,DC-10-10,380,269,184344.41,41,29,18,13
300,LH,0601,2026-05-10,771.05,EUR,DC-10-10,380,286,222917.68,41,29,18,14
300,LH,0601,2026-05-24,825.21,EUR,DC-10-10,380,354,263000.46,41,38,18,17
300,LH,0601,2026-06-07,774.55,EUR,747-400,385,271,226894.17,31,21,21,15
300,LH,0601,2026-06-18,769.67,EUR,A310-300,280,207,138323.97,22,16,10,6
300,LH,0601,2026-06-29,765.82,EUR,A330-300,223,205,150016.42,22,19,11,10
300,LH,0601,2026-07-12,736.90,EUR,A330-300,223,193,155109.53,22,19,11,9
300,LH,0601,2026-07-26,708.98,EUR,747-400,385,345,259568.87,31,29,21,18
300,LH,0601,2026-08-06,826.31,EUR,A310-300,280,190,147451.55,22,15,10,7
300,LH,0601,2026-08-19,687.43,EUR,DC-10-10,380,315,202244.04,41,34,18,15
300,LH,0601,2026-09-01,733.97,EUR,DC-10-10,380,268,204470.51,41,30,18,13
300,LH,0601,2026-09-11,621.90,EUR,A310-300,280,193,106521.08,22,16,10,6
300,LH,0601,2026-09-22,781.41,EUR,DC-10-10,380,359,309393.81,41,37,18,18
300,LH,0601,2026-10-05,737.17,EUR,DC-10-10,380,336,223718.36,41,35,18,15
300,LH,0601,2026-10-15,807.15,EUR,DC-10-10,380,253,220850.66,41,26,18,11
300,LH,0601,2026-10-26,808.51,EUR,747-400,385,334,272208.25,31,28,21,16
300,LH,0601,2026-11-07,742.67,EUR,A330-300,223,199,150966.16,22,20,11,9
300,LH,0601,2026-11-19,827.56,EUR,A330-300,223,159,122041.06,22,16,11,8
300,SQ,0300,2026-01-05,1712.43,SGD,A310-300,280,205,375889.46,22,17,10,6
300,SQ,0300,2026-01-16,1621.09,SGD,A330-300,223,182,318854.86,22,17,11,9
300,SQ,0300,2026-01-26,1711.38,SGD,A330-300,223,153,251893.63,22,15,11,6
300,SQ,0300,2026-02-07,1479.63,SGD,747-400,385,364,480746.36,31,30,21,19
300,SQ,0300,2026-02-18,1434.00,SGD,747-400,385,273,403362.32,31,23,21,15
300,SQ,0300,2026-02-28,1560.41,SGD,DC-10-10,380,262,406225.12,41,29,18,13
300,SQ,0300,2026-03-13,1331.64,SGD,A330-300,223,196,227477.11,22,18,11,9
300,SQ,0300,2026-03-26,1487.55,SGD,DC-10-10,380,269,393007.91,41,27,18,12
300,SQ,0300,2026-04-06,1699.94,SGD,A310-300,280,225,379721.23,22,18,10,8
300,SQ,0300,2026-04-16,1426.77,SGD,A310-300,280,218,307921.82,22,16,10,8
300,SQ,0300,2026-04-28,1423.91,SGD,DC-10-10,380,296,365997.82,41,34,18,14
300,SQ,0300,2026-05-10,1636.99,SGD,747-400,385,324,602521.46,31,25,21,18
300,SQ,0300,2026-05-24,1580.65,SGD,747-400,385,295,502516.75,31,25,21,15
300,SQ,0300,2026-06-07,1457.88,SGD,A330-300,223,155,215137.32,22,15,11,8
300,SQ,0300,2026-06-18,1329.01,SGD,A310-300,280,239,301016.50,22,20,10,8
300,SQ,0300,2026-06-29,1438.25,SGD,DC-10-10,380,353,571582.81,41,39,18,16
300,SQ,0300,2026-07-12,1620.67,SGD,DC-10-10,380,352,625091.77,41,37,18,15
300,SQ,0300,2026-07-26,1457.46,SGD,747-400,385,321,478313.66,31,26,21,16
300,SQ,0300,2026-08-06,1434.70,SGD,747-400,385,274,417852.71,31,23,21,14
300,SQ,0300,2026-08-19,1560.02,SGD,A330-300,223,189,313144.20,22,19,11,9
300,SQ,0300,2026-09-01,1450.29,SGD,A330-300,223,194,295193.19,22,19,11,9
300,SQ,0300,2026-09-11,1509.56,SGD,DC-10-10,380,306,401922.92,41,35,18,15
300,SQ,0300,2026-09-22,1274.63,SGD,A310-300,280,207,241880.49,22,16,10,6
300,SQ,0300,2026-10-05,1295.76,SGD,747-400,385,262,382567.23,31,20,21,13
300,SQ,0300,2026-10-15,1473.79,SGD,A310-300,280,199,258037.40,22,17,10,7
300,SQ,0300,2026-10-26,1628.77,SGD,DC-10-10,380,300,511464.17,41,31,18,13
300,SQ,0300,2026-11-07,1347.55,SGD,A310-300,280,256,361826.84,22,19,10,9
300,SQ,0300,2026-11-19,1299.03,SGD,DC-10-10,380,333,450836.84,41,36,18,15
300,SQ,0301,2026-01-05,1656.65,SGD,A310-300,280,211,326604.40,22,17,10,8
300,SQ,0301,2026-01-16,1320.47,SGD,A310-300,280,200,266916.63,22,16,10,7
300,SQ,0301,2026-01-26,1680.14,SGD,A310-300,280,194,287109.51,22,14,10,7
300,SQ,0301,2026-02-07,1654.85,SGD,747-400,385,369,565492.87,31,31,21,18
300,SQ,0301,2026-02-18,1376.43,SGD,A310-300,280,263,400461.59,22,20,10,10
300,SQ,0301,2026-02-28,1243.99,SGD,DC-10-10,380,255,344797.72,41,28,18,13
300,SQ,0301,2026-03-13,1633.87,SGD,A310-300,280,185,325610.30,22,15,10,7
300,SQ,0301,2026-03-26,1591.71,SGD,747-400,385,301,522878.97,31,23,21,17
300,SQ,0301,2026-04-06,1640.92,SGD,747-400,385,266,494713.36,31,21,21,13
300,SQ,0301,2026-04-16,1557.77,SGD,747-400,385,271,363372.80,31,23,21,15
300,SQ,0301,2026-04-28,1289.75,SGD,DC-10-10,380,314,426802.53,41,33,18,15
300,SQ,0301,2026-05-10,1566.18,SGD,747-400,385,262,453899.27,31,20,21,13
300,SQ,0301,2026-05-24,1451.14,SGD,DC-10-10,380,279,400887.52,41,32,18,13
300,SQ,0301,2026-06-07,1351.62,SGD,DC-10-10,380,315,436257.41,41,32,18,15
300,SQ,0301,2026-06-18,1518.59,SGD,A330-300,223,212,302824.31,22,20,11,10
300,SQ,0301,2026-06-29,1402.03,SGD,A330-300,223,153,204653.61,22,14,11,7
300,SQ,0301,2026-07-12,1559.63,SGD,747-400,385,281,401110.97,31,23,21,14
300,SQ,0301,2026-07-26,1348.32,SGD,747-400,385,257,321841.99,31,22,21,15
300,SQ,0301,2026-08-06,1515.46,SGD,A330-300,223,158,234788.76,22,15,11,8
300,SQ,0301,2026-08-19,1358.47,SGD,DC-10-10,380,282,431270.33,41,29,18,14
300,SQ,0301,2026-09-01,1274.43,SGD,DC-10-10,380,260,357235.17,41,30,18,12
300,SQ,0301,2026-09-11,1508.90,SGD,DC-10-10,380,254,338200.17,41,28,18,12
300,SQ,0301,2026-09-22,1299.59,SGD,A330-300,223,203,275759.84,22,21,11,9
300,SQ,0301,2026-10-05,1591.77,SGD,DC-10-10,380,290,430301.09,41,29,18,13
300,SQ,0301,2026-10-15,1600.41,SGD,A310-300,280,262,384936.41,22,21,10,9
300,SQ,0301,2026-10-26,1407.11,SGD,747-400,385,295,361180.05,31,23,21,15
300,SQ,0301,2026-11-07,1681.68,SGD,DC-10-10,380,308,450931.64,41,34,18,14
300,SQ,0301,2026-11-19,1421.66,SGD,A330-300,223,157,203133.54,22,15,11,7
300,AA,0100,2026-01-05,555.57,USD,DC-10-10,380,314,166287.89,41,32,18,15
300,AA,0100,2026-01-16,466.34,USD,DC-10-10,380,298,140634.04,41,34,18,14
300,AA,0100,2026-01-26,612.91,USD,DC-10-10,380,265,162344.08,41,30,18,12
300,AA,0100,2026-02-07,572.82,USD,A330-300,223,212,118960.27,22,21,11,10
300,AA,0100,2026-02-18,608.37,USD,DC-10-10,380,346,223594.60,41,36,18,17
300,AA,0100,2026-02-28,486.33,USD,DC-10-10,380,315,170798.47,41,32,18,15
300,AA,0100,2026-03-13,563.60,USD,DC-10-10,380,253,122032.41,41,29,18,10
300,AA,0100,2026-03-26,595.46,USD,747-400,385,267,153429.18,31,20,21,14
300,AA,0100,2026-04-06,506.56,USD,A330-300,223,169,96724.45,22,17,11,9
300,AA,0100,2026-04-16,548.44,USD,A330-300,223,201,97069.97,22,20,11,9
300,AA,0100,2026-04-28,614.41,USD,747-400,385,337,184257.42,31,26,21,16
300,AA,0100,2026-05-10,562.33,USD,A330-300,223,209,132977.53,22,21,11,10
300,AA,0100,2026-05-24,577.79,USD,DC-10-10,380,315,156786.62,41,35,18,15
300,AA,0100,2026-06-07,508.10,USD,A310-300,280,211,91406.23,22,16,10,7
300,AA,0100,2026-06-18,461.00,USD,DC-10-10,380,268,119575.12,41,27,18,13
300,AA,0100,2026-06-29,481.65,USD,A330-300,223,161,66294.93,22,16,11,8
300,AA,0100,2026-07-12,512.00,USD,A310-300,280,267,116628.03,22,22,10,9
300,AA,0100,2026-07-26,513.95,USD,747-400,385,345,177645.26,31,27,21,19
300,AA,0100,2026-08-06,592.92,USD,DC-10-10,380,302,189044.28,41,31,18,14
300,AA,0100,2026-08-19,579.27,USD,DC-10-10,380,261,171132.88,41,28,18,13
300,AA,0100,2026-09-01,555.02,USD,DC-10-10,380,262,136676.07,41,27,18,12
300,AA,0100,2026-09-11,463.50,USD,DC-10-10,380,270,124013.21,41,29,18,13
300,AA,0100,2026-09-22,464.03,USD,A330-300,223,206,95007.02,22,20,11,11
300,AA,0100,2026-10-05,557.85,USD,DC-10-10,380,354,207839.37,41,39,18,17
300,AA,0100,2026-10-15,518.79,USD,DC-10-10,380,283,149176.85,41,32,18,14
300,AA,0100,2026-10-26,593.06,USD,A330-300,223,160,86702.25,22,16,11,8
300,AA,0100,2026-11-07,468.82,USD,DC-10-10,380,349,174359.37,41,37,18,15
300,AA,0100,2026-11-19,508.97,USD,A310-300,280,210,96256.94,22,17,10,8
300,AA,0101,2026-01-05,525.08,USD,A310-300,280,229,114624.67,22,19,10,8
300,AA,0101,2026-01-16,564.02,USD,DC-10-10,380,265,143101.35,41,30,18,13
300,AA,0101,2026-01-26,511.58,USD,747-400,385,258,117868.76,31,19,21,14
300,AA,0101,2026-02-07,482.03,USD,DC-10-10,380,251,113379.84,41,28,18,12
300,AA,0101,2026-02-18,598.64,USD,A330-300,223,178,99619.73,22,18,11,9
300,AA,0101,2026-02-28,488.33,USD,DC-10-10,380,277,115881.04,41,29,18,12
300,AA,0101,2026-03-13,634.09,USD,A310-300,280,220,120968.82,22,17,10,7
300,AA,0101,2026-03-26,564.63,USD,A310-300,280,241,144720.45,22,19,10,8
300,AA,0101,2026-04-06,476.90,USD,DC-10-10,380,295,144516.65,41,31,18,13
300,AA,0101,2026-04-16,537.67,USD,747-400,385,332,185533.58,31,26,21,18
300,AA,0101,2026-04-28,567.70,USD,A330-300,223,161,96384.20,22,16,11,7
300,AA,0101,2026-05-10,486.18,USD,DC-10-10,380,364,185793.93,41,39,18,16
300,AA,0101,2026-05-24,632.84,USD,747-400,385,352,203466.96,31,27,21,20
300,AA,0101,2026-06-07,501.52,USD,A310-300,280,256,110367.99,22,21,10,9
300,AA,0101,2026-06-18,560.16,USD,A330-300,223,166,79509.88,22,17,11,8
300,AA,0101,2026-06-29,579.70,USD,A330-300,223,152,97967.10,22,15,11,7
300,AA,0101,2026-07-12,619.94,USD,A330-300,223,205,123032.33,22,20,11,9
300,AA,0101,2026-07-26,530.23,USD,A330-300,223,179,92316.81,22,18,11,8
300,AA,0101,2026-08-06,565.31,USD,747-400,385,351,197514.69,31,29,21,19
300,AA,0101,2026-08-19,613.12,USD,A330-300,223,165,105068.33,22,17,11,7
300,AA,0101,2026-09-01,581.54,USD,747-400,385,272,165568.75,31,22,21,15
300,AA,0101,2026-09-11,497.55,USD,A330-300,223,198,94563.12,22,19,11,10
300,AA,0101,2026-09-22,624.27,USD,747-400,385,277,190034.63,31,23,21,14
300,AA,0101,2026-10-05,492.38,USD,A310-300,280,236,128678.34,22,18,10,8
300,AA,0101,2026-10-15,625.77,USD,A330-300,223,183,105077.38,22,18,11,8
300,AA,0101,2026-10-26,632.25,USD,A330-300,223,196,129982.46,22,20,11,9
300,AA,0101,2026-11-07,636.30,USD,A330-300,223,168,93174.87,22,16,11,8
300,AA,0101,2026-11-19,598.92,USD,A310-300,280,192,129374.44,22,16,10,6
300,AF,0100,2026-01-05,168.38,EUR,A319,220,154,27589.77,22,16,10,6
300,AF,0100,2026-01-16,166.24,EUR,A321,220,202,36187.95,22,20,11,10
300,AF,0100,2026-01-26,159.85,EUR,727-200,189,180,29770.53,18,16,11,10
300,AF,0100,2026-02-07,166.61,EUR,737-200,130,110,17735.49,10,9,8,7
300,AF,0100,2026-02-18,181.44,EUR,A319,220,201,32279.65,22,20,10,9
300,AF,0100,2026-02-28,138.76,EUR,A321,220,166,23123.36,22,17,11,8
300,AF,0100,2026-03-13,170.18,EUR,A321,220,207,37300.63,22,22,11,10
300,AF,0100,2026-03-26,180.05,EUR,737-200,130,124,25579.95,10,9,8,8
300,AF,0100,2026-04-06,161.27,EUR,A319,220,174,24947.31,22,16,10,8
300,AF,0100,2026-04-16,139.51,EUR,A319,220,153,19704.87,22,15,10,6
300,AF,0100,2026-04-28,157.32,EUR,727-200,189,161,28685.45,18,16,11,9
300,AF,0100,2026-05-10,173.23,EUR,727-200,189,161,25112.97,18,15,11,9
300,AF,0100,2026-05-24,136.24,EUR,A319,220,192,22557.68,22,19,10,9
300,AF,0100,2026-06-07,143.63,EUR,A321,220,208,26440.89,22,21,11,11
300,AF,0100,2026-06-18,173.71,EUR,727-200,189,159,28483.37,18,14,11,9
300,AF,0100,2026-06-29,154.61,EUR,737-200,130,101,13941.96,10,8,8,6
300,AF,0100,2026-07-12,140.15,EUR,A319,220,202,26907.51,22,21,10,10
300,AF,0100,2026-07-26,181.70,EUR,727-200,189,152,29045.66,18,14,11,9
300,AF,0100,2026-08-06,136.77,EUR,727-200,189,144,19505.68,18,14,11,9
300,AF,0100,2026-08-19,152.84,EUR,A321,220,189,31820.06,22,19,11,9
300,AF,0100,2026-09-01,183.10,EUR,A321,220,160,31419.86,22,15,11,7
300,AF,0100,2026-09-11,144.68,EUR,A319,220,195,25141.09,22,20,10,9
300,AF,0100,2026-09-22,139.70,EUR,A319,220,164,20033.57,22,16,10,7
300,AF,0100,2026-10-05,140.44,EUR,737-200,130,118,18760.07,10,9,8,7
300,AF,0100,2026-10-15,155.65,EUR,737-200,130,105,14501.88,10,8,8,6
300,AF,0100,2026-10-26,176.16,EUR,A321,220,167,32084.98,22,16,11,9
300,AF,0100,2026-11-07,179.23,EUR,737-200,130,113,22688.11,10,8,8,6
300,AF,0100,2026-11-19,179.77,EUR,A321,220,187,35937.24,22,19,11,9
300,AF,0101,2026-01-05,163.40,EUR,A319,220,210,30024.61,22,20,10,9
300,AF,0101,2026-01-16,179.85,EUR,A321,220,195,35167.45,22,20,11,9
300,AF,0101,2026-01-26,189.32,EUR,737-200,130,104,18166.77,10,8,8,6
300,AF,0101,2026-02-07,188.75,EUR,A321,220,207,38841.31,22,20,11,10
300,AF,0101,2026-02-18,152.87,EUR,737-200,130,107,15093.33,10,9,8,7
300,AF,0101,2026-02-28,171.05,EUR,A319,220,163,23794.40,22,17,10,7
300,AF,0101,2026-03-13,153.20,EUR,727-200,189,140,20476.38,18,14,11,8
300,AF,0101,2026-03-26,160.25,EUR,727-200,189,140,24885.22,18,13,11,9
300,AF,0101,2026-04-06,154.23,EUR,A319,220,167,28937.62,22,17,10,8
300,AF,0101,2026-04-16,161.89,EUR,A319,220,195,28542.18,22,20,10,8
300,AF,0101,2026-04-28,184.54,EUR,727-200,189,141,29064.47,18,13,11,8
300,AF,0101,2026-05-10,183.99,EUR,A319,220,179,34082.93,22,18,10,8
300,AF,0101,2026-05-24,158.41,EUR,727-200,189,164,28475.87,18,16,11,9
300,AF,0101,2026-06-07,188.21,EUR,A321,220,211,37032.50,22,22,11,11
300,AF,0101,2026-06-18,144.96,EUR,A319,220,153,24213.65,22,15,10,7
300,AF,0101,2026-06-29,146.58,EUR,A321,220,158,23650.85,22,16,11,7
300,AF,0101,2026-07-12,167.23,EUR,727-200,189,159,24221.98,18,14,11,10
300,AF,0101,2026-07-26,155.08,EUR,A319,220,167,27189.61,22,17,10,7
300,AF,0101,2026-08-06,149.45,EUR,727-200,189,158,26016.83,18,15,11,9
300,AF,0101,2026-08-19,141.78,EUR,A321,220,150,21605.21,22,14,11,8
300,AF,0101,2026-09-01,161.50,EUR,A321,220,188,26012.75,22,18,11,9
300,AF,0101,2026-09-11,184.31,EUR,A321,220,147,25242.26,22,16,11,8
300,AF,0101,2026-09-22,141.08,EUR,A321,220,211,25989.35,22,21,11,10
300,AF,0101,2026-10-05,157.18,EUR,A321,220,202,33853.69,22,20,11,9
300,AF,0101,2026-10-15,150.83,EUR,737-200,130,87,13091.17,10,7,8,5
300,AF,0101,2026-10-26,170.32,EUR,737-200,130,103,15871.11,10,7,8,7
300,AF,0101,2026-11-07,159.74,EUR,A321,220,150,20493.63,22,14,11,8
300,AF,0101,2026-11-19,148.56,EUR,A321,220,186,25104.93,22,20,11,9
300,AF,0200,2026-01-05,738.49,EUR,DC-10-10,380,266,184172.27,41,27,18,11
300,AF,0200,2026-01-16,671.43,EUR,A310-300,280,185,125313.46,22,15,10,7
300,AF,0200,2026-01-26,830.41,EUR,747-400,385,365,338454.77,31,29,21,18
300,AF,0200,2026-02-07,781.91,EUR,A310-300,280,227,174779.64,22,17,10,8
300,AF,0200,2026-02-18,666.53,EUR,A330-300,223,190,125661.68,22,18,11,10
300,AF,0200,2026-02-28,757.28,EUR,A310-300,280,186,121560.47,22,14,10,7
300,AF,0200,2026-03-13,692.28,EUR,DC-10-10,380,274,188000.90,41,30,18,11
300,AF,0200,2026-03-26,808.37,EUR,747-400,385,260,195378.06,31,21,21,13
300,AF,0200,2026-04-06,639.75,EUR,A330-300,223,158,98633.36,22,16,11,8
300,AF,0200,2026-04-16,662.14,EUR,747-400,385,259,175080.06,31,21,21,12
300,AF,0200,2026-04-28,681.72,EUR,A330-300,223,163,118419.29,22,17,11,8
300,AF,0200,2026-05-10,670.40,EUR,A310-300,280,239,163859.33,22,19,10,8
300,AF,0200,2026-05-24,700.74,EUR,747-400,385,326,258647.62,31,25,21,18
300,AF,0200,2026-06-07,750.09,EUR,A310-300,280,245,206936.65,22,19,10,9
300,AF,0200,2026-06-18,636.03,EUR,A310-300,280,229,127814.53,22,17,10,8
300,AF,0200,2026-06-29,635.12,EUR,A330-300,223,149,103391.78,22,14,11,7
300,AF,0200,2026-07-12,688.73,EUR,A330-300,223,189,122565.48,22,19,11,9
300,AF,0200,2026-07-26,710.99,EUR,DC-10-10,380,256,206667.25,41,27,18,12
300,AF,0200,2026-08-06,730.61,EUR,A330-300,223,182,121037.50,22,18,11,9
300,AF,0200,2026-08-19,653.51,EUR,DC-10-10,380,251,181420.58,41,28,18,12
300,AF,0200,2026-09-01,795.03,EUR,A330-300,223,173,119831.66,22,17,11,8
300,AF,0200,2026-09-11,693.28,EUR,A310-300,280,195,132765.96,22,16,10,7
300,AF,0200,2026-09-22,639.18,EUR,747-400,385,356,257086.50,31,28,21,20
300,AF,0200,2026-10-05,839.65,EUR,A330-300,223,182,172221.10,22,18,11,9
300,AF,0200,2026-10-15,788.93,EUR,A310-300,280,194,141596.62,22,15,10,6
300,AF,0200,2026-10-26,813.71,EUR,747-400,385,295,217391.11,31,25,21,16
300,AF,0200,2026-11-07,712.30,EUR,A310-300,280,202,135553.73,22,16,10,6
300,AF,0200,2026-11-19,651.58,EUR,A330-300,223,158,89089.11,22,16,11,7
300,AF,0201,2026-01-05,776.10,EUR,A330-300,223,178,138163.20,22,17,11,9
300,AF,0201,2026-01-16,808.79,EUR,DC-10-10,380,260,185331.55,41,26,18,12
300,AF,0201,2026-01-26,791.50,EUR,A310-300,280,251,180294.21,22,20,10,9
300,AF,0201,2026-02-07,710.02,EUR,DC-10-10,380,266,207856.75,41,27,18,13
300,AF,0201,2026-02-18,734.09,EUR,A330-300,223,188,144862.32,22,18,11,10
300,AF,0201,2026-02-28,640.78,EUR,DC-10-10,380,252,146486.20,41,28,18,12
300,AF,0201,2026-03-13,737.58,EUR,DC-10-10,380,269,181389.75,41,30,18,12
300,AF,0201,2026-03-26,739.28,EUR,A330-300,223,155,109897.72,22,15,11,8
300,AF,0201,2026-04-06,654.19,EUR,747-400,385,286,170533.17,31,24,21,14
300,AF,0201,2026-04-16,715.25,EUR,A310-300,280,260,171283.75,22,21,10,10
300,AF,0201,2026-04-28,785.86,EUR,DC-10-10,380,360,275729.57,41,38,18,17
300,AF,0201,2026-05-10,689.26,EUR,DC-10-10,380,305,217805.65,41,35,18,13
300,AF,0201,2026-05-24,780.29,EUR,A330-300,223,177,138967.67,22,17,11,9
300,AF,0201,2026-06-07,719.05,EUR,A330-300,223,182,148605.30,22,18,11,9
300,AF,0201,2026-06-18,638.27,EUR,747-400,385,254,185175.47,31,21,21,12
300,AF,0201,2026-06-29,642.02,EUR,A310-300,280,188,131279.66,22,15,10,7
300,AF,0201,2026-07-12,807.73,EUR,747-400,385,271,216270.53,31,22,21,16
300,AF,0201,2026-07-26,639.61,EUR,A330-300,223,187,113810.56,22,18,11,10
300,AF,0201,2026-08-06,669.50,EUR,A310-300,280,212,144403.23,22,17,10,7
300,AF,0201,2026-08-19,638.19,EUR,747-400,385,346,232771.82,31,28,21,18
300,AF,0201,2026-09-01,795.96,EUR,A310-300,280,190,139454.89,22,16,10,6
300,AF,0201,2026-09-11,696.81,EUR,DC-10-10,380,294,194087.43,41,32,18,14
300,AF,0201,2026-09-22,760.10,EUR,A330-300,223,204,164839.79,22,19,11,10
300,AF,0201,2026-10-05,655.91,EUR,A330-300,223,169,101614.73,22,17,11,8
300,AF,0201,2026-10-15,679.34,EUR,DC-10-10,380,361,242831.78,41,40,18,18
300,AF,0201,2026-10-26,811.51,EUR,A330-300,223,187,174385.57,22,19,11,10
300,AF,0201,2026-11-07,706.99,EUR,747-400,385,322,244361.47,31,26,21,17
300,AF,0201,2026-11-19,726.03,EUR,A330-300,223,174,113903.49,22,17,11,8
300,SR,0100,2026-01-05,236.20,CHF,A319,220,190,40345.32,22,19,10,8
300,SR,0100,2026-01-16,230.32,CHF,A319,220,205,53168.54,22,21,10,9
300,SR,0100,2026-01-26,273.70,CHF,737-200,130,107,25075.98,10,9,8,6
300,SR,0100,2026-02-07,279.64,CHF,A319,220,182,52904.34,22,19,10,9
300,SR,0100,2026-02-18,302.92,CHF,737-200,130,97,30003.04,10,8,8,6
300,SR,0100,2026-02-28,250.43,CHF,A319,220,146,33034.21,22,16,10,6
300,SR,0100,2026-03-13,291.61,CHF,737-200,130,119,30790.72,10,9,8,7
300,SR,0100,2026-03-26,249.30,CHF,727-200,189,149,37879.32,18,15,11,8
300,SR,0100,2026-04-06,278.95,CHF,737-200,130,94,23081.02,10,7,8,5
300,SR,0100,2026-04-16,229.63,CHF,A319,220,184,35992.14,22,18,10,9
300,SR,0100,2026-04-28,297.05,CHF,A321,220,165,50769.93,22,16,11,9
300,SR,0100,2026-05-10,288.46,CHF,A321,220,150,49409.33,22,16,11,6
300,SR,0100,2026-05-24,269.62,CHF,737-200,130,99,30341.57,10,7,8,6
300,SR,0100,2026-06-07,296.96,CHF,727-200,189,137,39039.79,18,13,11,8
300,SR,0100,2026-06-18,271.06,CHF,A319,220,197,54690.37,22,19,10,8
300,SR,0100,2026-06-29,305.61,CHF,727-200,189,135,43634.89,18,14,11,8
300,SR,0100,2026-07-12,283.10,CHF,737-200,130,119,34049.30,10,9,8,7
300,SR,0100,2026-07-26,289.06,CHF,737-200,130,112,31275.95,10,8,8,7
300,SR,0100,2026-08-06,230.84,CHF,A319,220,158,36366.19,22,17,10,7
300,SR,0100,2026-08-19,264.89,CHF,737-200,130,90,25029.52,10,7,8,5
300,SR,0100,2026-09-01,251.94,CHF,727-200,189,180,45277.16,18,18,11,11
300,SR,0100,2026-09-11,306.39,CHF,A321,220,197,60193.74,22,19,11,9
300,SR,0100,2026-09-22,267.68,CHF,A321,220,168,46605.63,22,17,11,9
300,SR,0100,2026-10-05,281.51,CHF,737-200,130,113,33420.28,10,9,8,7
300,SR,0100,2026-10-15,283.88,CHF,A321,220,183,55124.42,22,19,11,8
300,SR,0100,2026-10-26,243.21,CHF,737-200,130,105,27843.40,10,8,8,6
300,SR,0100,2026-11-07,250.76,CHF,A319,220,157,38409.01,22,16,10,7
300,SR,0100,2026-11-19,262.99,CHF,737-200,130,116,33033.23,10,9,8,7
300,SR,0101,2026-01-05,242.83,CHF,A319,220,198,46616.83,22,20,10,8
300,SR,0101,2026-01-16,251.37,CHF,A319,220,193,46335.17,22,18,10,8
300,SR,0101,2026-01-26,274.39,CHF,737-200,130,120,33054.19,10,9,8,8
300,SR,0101,2026-02-07,223.44,CHF,A319,220,202,51005.34,22,20,10,8
300,SR,0101,2026-02-18,236.08,CHF,A319,220,201,41923.41,22,21,10,9
300,SR,0101,2026-02-28,255.38,CHF,A319,220,191,49678.80,22,18,10,9
300,SR,0101,2026-03-13,292.76,CHF,727-200,189,160,48969.59,18,16,11,8
300,SR,0101,2026-03-26,223.58,CHF,727-200,189,126,24976.80,18,13,11,7
300,SR,0101,2026-04-06,294.65,CHF,A319,220,168,47326.60,22,17,10,8
300,SR,0101,2026-04-16,275.26,CHF,A321,220,158,45787.97,22,17,11,7
300,SR,0101,2026-04-28,266.94,CHF,A321,220,146,44320.02,22,15,11,7
300,SR,0101,2026-05-10,287.74,CHF,A321,220,168,43719.85,22,17,11,9
300,SR,0101,2026-05-24,293.14,CHF,727-200,189,137,36542.76,18,13,11,8
300,SR,0101,2026-06-07,232.66,CHF,A319,220,147,31802.99,22,15,10,7
300,SR,0101,2026-06-18,265.62,CHF,A321,220,180,43978.09,22,18,11,8
300,SR,0101,2026-06-29,280.81,CHF,727-200,189,167,48018.88,18,16,11,9
300,SR,0101,2026-07-12,297.37,CHF,737-200,130,115,37522.22,10,9,8,6
300,SR,0101,2026-07-26,232.23,CHF,A319,220,151,39076.97,22,15,10,7
300,SR,0101,2026-08-06,248.00,CHF,A321,220,201,56331.22,22,20,11,9
300,SR,0101,2026-08-19,236.31,CHF,737-200,130,108,29060.81,10,8,8,7
300,SR,0101,2026-09-01,240.60,CHF,737-200,130,112,29029.80,10,8,8,6
300,SR,0101,2026-09-11,246.02,CHF,A319,220,151,41050.76,22,14,10,6
300,SR,0101,2026-09-22,285.60,CHF,727-200,189,171,51038.57,18,17,11,10
300,SR,0101,2026-10-05,276.35,CHF,A321,220,184,47204.27,22,17,11,8
300,SR,0101,2026-10-15,244.16,CHF,A321,220,145,40640.00,22,14,11,7
300,SR,0101,2026-10-26,240.50,CHF,A321,220,157,35022.35,22,15,11,8
300,SR,0101,2026-11-07,299.91,CHF,737-200,130,91,27851.76,10,7,8,5
300,SR,0101,2026-11-19,230.71,CHF,737-200,130,104,23879.94,10,8,8,6
300,SR,0200,2026-01-05,915.68,CHF,DC-10-10,380,316,289509.50,41,34,18,16
300,SR,0200,2026-01-16,1134.02,CHF,A310-300,280,251,266558.72,22,20,10,9
300,SR,0200,2026-01-26,1037.08,CHF,A330-300,223,200,225799.55,22,20,11,9
300,SR,0200,2026-02-07,1069.99,CHF,A330-300,223,212,221932.84,22,22,11,11
300,SR,0200,2026-02-18,880.62,CHF,747-400,385,339,279549.70,31,26,21,19
300,SR,0200,2026-02-28,929.45,CHF,DC-10-10,380,263,268667.72,41,29,18,11
300,SR,0200,2026-03-13,891.63,CHF,A330-300,223,194,147344.94,22,18,11,9
300,SR,0200,2026-03-26,1128.75,CHF,747-400,385,316,358387.20,31,26,21,16
300,SR,0200,2026-04-06,1077.61,CHF,A330-300,223,204,206008.68,22,21,11,10
300,SR,0200,2026-04-16,989.72,CHF,DC-10-10,380,348,367385.43,41,37,18,15
300,SR,0200,2026-04-28,892.74,CHF,DC-10-10,380,359,361806.10,41,37,18,18
300,SR,0200,2026-05-10,972.18,CHF,747-400,385,258,272188.90,31,22,21,12
300,SR,0200,2026-05-24,965.41,CHF,A330-300,223,190,181388.27,22,18,11,9
300,SR,0200,2026-06-07,994.71,CHF,DC-10-10,380,322,331509.33,41,34,18,14
300,SR,0200,2026-06-18,903.10,CHF,DC-10-10,380,305,294342.63,41,35,18,14
300,SR,0200,2026-06-29,947.68,CHF,747-400,385,367,392080.87,31,29,21,19
300,SR,0200,2026-07-12,998.02,CHF,A310-300,280,189,197201.38,22,15,10,6
300,SR,0200,2026-07-26,1056.58,CHF,DC-10-10,380,327,362146.45,41,35,18,14
300,SR,0200,2026-08-06,994.75,CHF,A310-300,280,264,276838.60,22,21,10,10
300,SR,0200,2026-08-19,858.95,CHF,747-400,385,269,243274.66,31,23,21,14
300,SR,0200,2026-09-01,1011.11,CHF,DC-10-10,380,309,309805.52,41,33,18,13
300,SR,0200,2026-09-11,1015.19,CHF,A310-300,280,202,214858.95,22,16,10,7
300,SR,0200,2026-09-22,963.52,CHF,747-400,385,280,305932.62,31,22,21,16
300,SR,0200,2026-10-05,1044.26,CHF,DC-10-10,380,323,362135.46,41,33,18,14
300,SR,0200,2026-10-15,958.28,CHF,747-400,385,319,283904.62,31,26,21,17
300,SR,0200,2026-10-26,1131.48,CHF,DC-10-10,380,253,273864.71,41,27,18,12
300,SR,0200,2026-11-07,890.02,CHF,A330-300,223,185,185085.85,22,18,11,8
300,SR,0200,2026-11-19,1136.52,CHF,DC-10-10,380,307,325595.31,41,32,18,14
300,SR,0201,2026-01-05,1073.79,CHF,DC-10-10,380,272,265245.12,41,29,18,14
300,SR,0201,2026-01-16,826.69,CHF,A330-300,223,204,151739.18,22,20,11,9
300,SR,0201,2026-01-26,988.61,CHF,DC-10-10,380,267,263075.24,41,29,18,12
300,SR,0201,2026-02-07,1001.32,CHF,A330-300,223,156,169967.47,22,15,11,7
300,SR,0201,2026-02-18,1052.91,CHF,747-400,385,356,347327.56,31,30,21,20
300,SR,0201,2026-02-28,1022.72,CHF,747-400,385,255,228125.79,31,22,21,12
300,SR,0201,2026-03-13,946.73,CHF,A330-300,223,193,173813.15,22,19,11,9
300,SR,0201,2026-03-26,877.53,CHF,A330-300,223,195,151327.41,22,19,11,9
300,SR,0201,2026-04-06,848.35,CHF,747-400,385,255,211362.64,31,20,21,14
300,SR,0201,2026-04-16,1000.12,CHF,A310-300,280,206,222255.16,22,15,10,8
300,SR,0201,2026-04-28,863.41,CHF,A330-300,223,191,178772.47,22,19,11,9
300,SR,0201,2026-05-10,855.40,CHF,A310-300,280,243,206787.46,22,19,10,9
300,SR,0201,2026-05-24,1106.37,CHF,A330-300,223,151,160631.55,22,15,11,7
300,SR,0201,2026-06-07,946.57,CHF,747-400,385,331,271874.59,31,27,21,17
300,SR,0201,2026-06-18,842.07,CHF,DC-10-10,380,300,231137.75,41,31,18,15
300,SR,0201,2026-06-29,926.65,CHF,747-400,385,299,269983.51,31,25,21,16
300,SR,0201,2026-07-12,870.55,CHF,A330-300,223,199,159691.75,22,20,11,10
300,SR,0201,2026-07-26,1084.60,CHF,A310-300,280,242,290358.54,22,20,10,9
300,SR,0201,2026-08-06,887.99,CHF,A310-300,280,216,163492.60,22,17,10,7
300,SR,0201,2026-08-19,1054.50,CHF,DC-10-10,380,323,300245.36,41,36,18,15
300,SR,0201,2026-09-01,1002.95,CHF,A310-300,280,196,168794.01,22,14,10,7
300,SR,0201,2026-09-11,954.90,CHF,747-400,385,290,303855.23,31,24,21,16
300,SR,0201,2026-09-22,968.42,CHF,DC-10-10,380,285,258223.99,41,31,18,13
300,SR,0201,2026-10-05,885.55,CHF,A310-300,280,256,196059.64,22,20,10,9
300,SR,0201,2026-10-15,1036.01,CHF,A310-300,280,188,166968.35,22,16,10,7
300,SR,0201,2026-10-26,943.45,CHF,DC-10-10,380,310,307130.47,41,34,18,15
300,SR,0201,2026-11-07,1006.46,CHF,A330-300,223,157,161747.59,22,15,11,8
300,SR,0201,2026-11-19,1063.90,CHF,747-400,385,281,278351.70,31,22,21,13
300,UA,0100,2026-01-05,604.59,USD,A310-300,280,234,155632.43,22,18,10,8
300,UA,0100,2026-01-16,540.43,USD,747-400,385,311,160270.66,31,24,21,16
300,UA,0100,2026-01-26,525.19,USD,DC-10-10,380,319,172172.68,41,35,18,14
300,UA,0100,2026-02-07,568.13,USD,747-400,385,264,156066.47,31,22,21,13
300,UA,0100,2026-02-18,598.78,USD,DC-10-10,380,339,223510.10,41,37,18,17
300,UA,0100,2026-02-28,652.78,USD,A330-300,223,190,128603.42,22,19,11,9
300,UA,0100,2026-03-13,661.23,USD,747-400,385,267,150549.58,31,21,21,14
300,UA,0100,2026-03-26,528.78,USD,A310-300,280,244,141011.65,22,19,10,9
300,UA,0100,2026-04-06,523.74,USD,A310-300,280,253,144968.52,22,20,10,8
300,UA,0100,2026-04-16,625.94,USD,DC-10-10,380,360,254670.96,41,41,18,16
300,UA,0100,2026-04-28,632.04,USD,747-400,385,278,180684.56,31,22,21,14
300,UA,0100,2026-05-10,646.97,USD,DC-10-10,380,276,179524.03,41,28,18,12
300,UA,0100,2026-05-24,627.11,USD,A330-300,223,188,107877.20,22,17,11,10
300,UA,0100,2026-06-07,578.47,USD,A310-300,280,220,112440.37,22,18,10,7
300,UA,0100,2026-06-18,602.54,USD,747-400,385,312,198102.35,31,26,21,18
300,UA,0100,2026-06-29,635.32,USD,A310-300,280,202,138158.94,22,17,10,6
300,UA,0100,2026-07-12,652.35,USD,747-400,385,285,182304.59,31,22,21,14
300,UA,0100,2026-07-26,652.70,USD,747-400,385,290,195242.02,31,24,21,16
300,UA,0100,2026-08-06,651.04,USD,747-400,385,314,196107.49,31,27,21,17
300,UA,0100,2026-08-19,556.44,USD,DC-10-10,380,329,198679.41,41,36,18,15
300,UA,0100,2026-09-01,575.76,USD,DC-10-10,380,252,126822.69,41,29,18,12
300,UA,0100,2026-09-11,621.85,USD,A310-300,280,234,128425.93,22,18,10,9
300,UA,0100,2026-09-22,571.52,USD,A330-300,223,166,104191.82,22,16,11,9
300,UA,0100,2026-10-05,642.49,USD,A330-300,223,166,119348.99,22,16,11,7
300,UA,0100,2026-10-15,630.98,USD,A310-300,280,243,144498.55,22,20,10,9
300,UA,0100,2026-10-26,606.72,USD,A310-300,280,224,116470.25,22,18,10,8
300,UA,0100,2026-11-07,644.24,USD,A330-300,223,201,110811.98,22,19,11,10
300,UA,0100,2026-11-19,561.47,USD,DC-10-10,380,364,205473.35,41,41,18,16
300,UA,0101,2026-01-05,603.54,USD,DC-10-10,380,290,179293.85,41,32,18,12
300,UA,0101,2026-01-16,631.69,USD,A310-300,280,202,132406.60,22,16,10,7
300,UA,0101,2026-01-26,559.45,USD,747-400,385,332,165728.67,31,28,21,16
300,UA,0101,2026-02-07,508.76,USD,A310-300,280,252,109619.56,22,19,10,8
300,UA,0101,2026-02-18,632.74,USD,747-400,385,350,236452.34,31,27,21,18
300,UA,0101,2026-02-28,612.51,USD,A310-300,280,242,139517.03,22,20,10,8
300,UA,0101,2026-03-13,601.85,USD,A310-300,280,266,145654.65,22,21,10,9
300,UA,0101,2026-03-26,595.86,USD,747-400,385,254,148984.41,31,22,21,12
300,UA,0101,2026-04-06,637.52,USD,A310-300,280,190,128660.20,22,14,10,6
300,UA,0101,2026-04-16,562.74,USD,A330-300,223,184,104019.46,22,18,11,8
300,UA,0101,2026-04-28,516.67,USD,DC-10-10,380,335,172600.81,41,37,18,15
300,UA,0101,2026-05-10,496.07,USD,A330-300,223,167,71744.36,22,16,11,7
300,UA,0101,2026-05-24,638.66,USD,DC-10-10,380,343,247455.06,41,38,18,16
300,UA,0101,2026-06-07,547.89,USD,A310-300,280,186,97420.30,22,15,10,6
300,UA,0101,2026-06-18,510.01,USD,DC-10-10,380,253,126426.23,41,29,18,12
300,UA,0101,2026-06-29,559.36,USD,A330-300,223,197,124426.43,22,19,11,10
300,UA,0101,2026-07-12,520.74,USD,A310-300,280,204,91270.76,22,16,10,7
300,UA,0101,2026-07-26,638.92,USD,A330-300,223,190,120220.53,22,18,11,9
300,UA,0101,2026-08-06,522.67,USD,DC-10-10,380,352,180098.97,41,38,18,17
300,UA,0101,2026-08-19,621.31,USD,DC-10-10,380,339,188885.57,41,38,18,15
300,UA,0101,2026-09-01,572.42,USD,A310-300,280,188,107026.75,22,16,10,6
300,UA,0101,2026-09-11,609.45,USD,A310-300,280,259,150035.19,22,21,10,9
300,UA,0101,2026-09-22,482.11,USD,DC-10-10,380,264,140612.58,41,28,18,13
300,UA,0101,2026-10-05,560.93,USD,A310-300,280,237,132677.15,22,18,10,8
300,UA,0101,2026-10-15,602.84,USD,DC-10-10,380,318,200626.28,41,35,18,15
300,UA,0101,2026-10-26,550.54,USD,747-400,385,334,210738.82,31,28,21,19
300,UA,0101,2026-11-07,628.40,USD,DC-10-10,380,363,252152.71,41,41,18,16
300,UA,0101,2026-11-19,536.03,USD,DC-10-10,380,267,142554.10,41,31,18,12
300,DL,0200,2026-01-05,527.83,USD,A330-300,223,202,106180.86,22,21,11,10
300,DL,0200,2026-01-16,508.07,USD,A330-300,223,195,86472.69,22,19,11,9
300,DL,0200,2026-01-26,525.40,USD,747-400,385,276,140965.51,31,21,21,15
300,DL,0200,2026-02-07,479.13,USD,A330-300,223,154,69263.06,22,15,11,7
300,DL,0200,2026-02-18,577.39,USD,A310-300,280,221,114154.99,22,18,10,7
300,DL,0200,2026-02-28,517.64,USD,747-400,385,280,146275.30,31,23,21,14
300,DL,0200,2026-03-13,472.61,USD,A330-300,223,156,78040.16,22,15,11,7
300,DL,0200,2026-03-26,430.60,USD,A330-300,223,167,77982.24,22,17,11,8
300,DL,0200,2026-04-06,490.74,USD,747-400,385,320,154002.28,31,25,21,16
300,DL,0200,2026-04-16,429.36,USD,A330-300,223,150,61383.13,22,14,11,7
300,DL,0200,2026-04-28,534.41,USD,DC-10-10,380,310,154796.12,41,32,18,15
300,DL,0200,2026-05-10,461.36,USD,A310-300,280,232,93577.70,22,18,10,8
300,DL,0200,2026-05-24,563.36,USD,DC-10-10,380,360,221030.51,41,39,18,15
300,DL,0200,2026-06-07,510.57,USD,A330-300,223,196,101548.83,22,20,11,9
300,DL,0200,2026-06-18,507.59,USD,A310-300,280,263,137042.82,22,20,10,9
300,DL,0200,2026-06-29,520.64,USD,A330-300,223,157,71066.85,22,16,11,7
300,DL,0200,2026-07-12,517.90,USD,747-400,385,276,157935.95,31,24,21,16
300,DL,0200,2026-07-26,452.59,USD,A330-300,223,174,70581.89,22,18,11,8
300,DL,0200,2026-08-06,531.51,USD,747-400,385,355,163149.31,31,30,21,18
300,DL,0200,2026-08-19,455.64,USD,A310-300,280,212,91608.04,22,18,10,8
300,DL,0200,2026-09-01,549.96,USD,A330-300,223,174,89579.25,22,17,11,8
300,DL,0200,2026-09-11,546.15,USD,747-400,385,286,143971.80,31,23,21,17
300,DL,0200,2026-09-22,538.35,USD,747-400,385,362,173439.31,31,28,21,19
300,DL,0200,2026-10-05,454.88,USD,747-400,385,303,140792.13,31,26,21,16
300,DL,0200,2026-10-15,434.38,USD,747-400,385,327,135836.34,31,28,21,17
300,DL,0200,2026-10-26,459.49,USD,A330-300,223,150,74939.29,22,15,11,7
300,DL,0200,2026-11-07,473.84,USD,A310-300,280,216,107637.55,22,16,10,8
300,DL,0200,2026-11-19,532.41,USD,747-400,385,285,141782.62,31,24,21,16
300,DL,0201,2026-01-05,546.65,USD,A310-300,280,188,106519.03,22,16,10,7
300,DL,0201,2026-01-16,469.34,USD,747-400,385,298,129920.61,31,23,21,16
300,DL,0201,2026-01-26,539.61,USD,A330-300,223,177,103052.09,22,18,11,9
300,DL,0201,2026-02-07,539.25,USD,A330-300,223,197,108690.68,22,19,11,9
300,DL,0201,2026-02-18,515.32,USD,A330-300,223,182,100649.26,22,18,11,8
300,DL,0201,2026-02-28,447.46,USD,A330-300,223,154,69186.54,22,16,11,7
300,DL,0201,2026-03-13,507.24,USD,A310-300,280,241,113964.74,22,18,10,8
300,DL,0201,2026-03-26,493.98,USD,A330-300,223,156,74704.26,22,16,11,8
300,DL,0201,2026-04-06,574.15,USD,747-400,385,307,186699.07,31,25,21,17
300,DL,0201,2026-04-16,466.85,USD,747-400,385,301,160063.58,31,23,21,15
300,DL,0201,2026-04-28,593.86,USD,A310-300,280,215,109439.03,22,16,10,8
300,DL,0201,2026-05-10,506.27,USD,A330-300,223,161,85031.39,22,16,11,7
300,DL,0201,2026-05-24,465.34,USD,747-400,385,333,141091.79,31,28,21,18
300,DL,0201,2026-06-07,534.70,USD,A310-300,280,220,109056.31,22,17,10,7
300,DL,0201,2026-06-18,482.62,USD,A310-300,280,223,115768.17,22,17,10,7
300,DL,0201,2026-06-29,493.68,USD,A330-300,223,188,93708.23,22,18,11,8
300,DL,0201,2026-07-12,593.07,USD,DC-10-10,380,315,197848.09,41,33,18,16
300,DL,0201,2026-07-26,583.66,USD,DC-10-10,380,265,176358.83,41,29,18,11
300,DL,0201,2026-08-06,600.46,USD,A310-300,280,253,161483.73,22,19,10,8
300,DL,0201,2026-08-19,502.60,USD,DC-10-10,380,258,148893.21,41,29,18,11
300,DL,0201,2026-09-01,508.22,USD,A310-300,280,198,90886.79,22,15,10,7
300,DL,0201,2026-09-11,462.24,USD,A310-300,280,187,77778.01,22,15,10,7
300,DL,0201,2026-09-22,531.00,USD,747-400,385,330,175043.59,31,25,21,19
300,DL,0201,2026-10-05,462.35,USD,A330-300,223,189,95599.66,22,18,11,9
300,DL,0201,2026-10-15,511.81,USD,DC-10-10,380,265,128683.48,41,28,18,13
300,DL,0201,2026-10-26,599.78,USD,A310-300,280,226,144606.75,22,18,10,8
300,DL,0201,2026-11-07,450.36,USD,DC-10-10,380,354,180274.98,41,39,18,15
300,DL,0201,2026-11-19,451.81,USD,A310-300,280,210,106403.34,22,17,10,7
300,BA,0100,2027-01-05,614.91,GBP,DC-10-10,380,320,167839.29,41,35,18,15
300,BA,0100,2027-01-17,612.09,GBP,747-400,385,275,186340.38,31,22,21,13
300,BA,0100,2027-01-27,614.12,GBP,DC-10-10,380,333,193698.91,41,35,18,15
300,BA,0100,2027-02-07,714.30,GBP,747-400,385,302,243262.13,31,25,21,17
300,BA,0100,2027-02-19,719.54,GBP,DC-10-10,380,365,300926.80,41,40,18,16
300,BA,0100,2027-03-02,733.97,GBP,A310-300,280,260,169603.90,22,19,10,9
300,BA,0100,2027-03-14,764.13,GBP,A310-300,280,248,173816.43,22,20,10,9
300,BA,0100,2027-03-25,611.10,GBP,DC-10-10,380,315,205566.55,41,35,18,14
300,BA,0100,2027-04-07,612.39,GBP,A310-300,280,228,122028.35,22,19,10,8
300,BA,0100,2027-04-19,732.13,GBP,747-400,385,320,242022.07,31,27,21,16
300,BA,0100,2027-05-03,712.62,GBP,A310-300,280,267,171859.26,22,21,10,10
300,BA,0100,2027-05-15,597.55,GBP,DC-10-10,380,296,176736.20,41,33,18,13
300,BA,0100,2027-05-27,779.62,GBP,DC-10-10,380,293,207504.85,41,31,18,13
300,BA,0100,2027-06-07,675.41,GBP,A330-300,223,170,100911.73,22,16,11,8
300,BA,0100,2027-06-20,662.74,GBP,A310-300,280,220,128890.83,22,17,10,8
300,BA,0100,2027-07-01,601.90,GBP,747-400,385,325,175735.88,31,27,21,17
300,BA,0100,2027-07-12,674.88,GBP,DC-10-10,380,349,235642.18,41,38,18,16
300,BA,0100,2027-07-23,787.94,GBP,A310-300,280,222,186385.80,22,16,10,8
300,BA,0100,2027-08-04,744.75,GBP,A330-300,223,199,140850.36,22,19,11,9
300,BA,0100,2027-08-14,661.89,GBP,A310-300,280,194,130038.13,22,16,10,7
300,BA,0100,2027-08-28,689.83,GBP,A310-300,280,196,119374.98,22,16,10,7
300,BA,0100,2027-09-08,732.05,GBP,DC-10-10,380,323,239133.01,41,37,18,15
300,BA,0100,2027-09-20,596.14,GBP,DC-10-10,380,302,157069.37,41,31,18,13
300,BA,0100,2027-09-30,762.56,GBP,747-400,385,347,265207.40,31,29,21,19
300,BA,0100,2027-10-12,675.35,GBP,A310-300,280,227,163642.72,22,17,10,8
300,BA,0100,2027-10-23,760.02,GBP,DC-10-10,380,256,174415.65,41,28,18,12
300,BA,0100,2027-11-02,789.52,GBP,DC-10-10,380,352,248170.42,41,38,18,17
300,BA,0100,2027-11-13,705.33,GBP,747-400,385,330,208748.77,31,26,21,17
300,BA,0101,2027-01-05,746.48,GBP,A310-300,280,267,218269.38,22,21,10,10
300,BA,0101,2027-01-17,747.58,GBP,DC-10-10,380,299,256614.51,41,30,18,13
300,BA,0101,2027-01-27,722.05,GBP,DC-10-10,380,358,277082.49,41,38,18,15
300,BA,0101,2027-02-07,580.59,GBP,747-400,385,282,151554.79,31,22,21,14
300,BA,0101,2027-02-19,559.16,GBP,DC-10-10,380,288,151135.05,41,33,18,14
300,BA,0101,2027-03-02,703.63,GBP,A310-300,280,246,156660.58,22,19,10,8
300,BA,0101,2027-03-14,639.15,GBP,A330-300,223,185,132581.22,22,18,11,9
300,BA,0101,2027-03-25,712.54,GBP,747-400,385,319,237235.56,31,27,21,18
300,BA,0101,2027-04-07,698.65,GBP,A310-300,280,230,136919.50,22,19,10,8
300,BA,0101,2027-04-19,632.93,GBP,747-400,385,296,176448.34,31,23,21,16
300,BA,0101,2027-05-03,581.63,GBP,A310-300,280,268,144079.51,22,22,10,9
300,BA,0101,2027-05-15,635.23,GBP,A310-300,280,254,179981.84,22,20,10,9
300,BA,0101,2027-05-27,671.81,GBP,A310-300,280,223,155688.34,22,19,10,7
300,BA,0101,2027-06-07,698.82,GBP,A310-300,280,244,151112.38,22,18,10,9
300,BA,0101,2027-06-20,717.28,GBP,DC-10-10,380,289,185877.92,41,30,18,12
300,BA,0101,2027-07-01,562.48,GBP,DC-10-10,380,336,173341.22,41,35,18,16
300,BA,0101,2027-07-12,571.76,GBP,A330-300,223,210,108076.59,22,20,11,10
300,BA,0101,2027-07-23,723.36,GBP,DC-10-10,380,266,199112.53,41,28,18,11
300,BA,0101,2027-08-04,715.04,GBP,A330-300,223,176,121952.19,22,18,11,9
300,BA,0101,2027-08-14,669.25,GBP,DC-10-10,380,272,185847.68,41,29,18,12
300,BA,0101,2027-08-28,702.40,GBP,DC-10-10,380,347,229904.84,41,39,18,15
300,BA,0101,2027-09-08,629.82,GBP,747-400,385,368,206729.50,31,30,21,19
300,BA,0101,2027-09-20,673.80,GBP,A330-300,223,202,128013.80,22,20,11,9
300,BA,0101,2027-09-30,693.63,GBP,747-400,385,286,206945.89,31,23,21,14
300,BA,0101,2027-10-12,616.88,GBP,747-400,385,327,207153.34,31,27,21,19
300,BA,0101,2027-10-23,589.12,GBP,DC-10-10,380,303,168707.37,41,34,18,13
300,BA,0101,2027-11-02,620.69,GBP,747-400,385,317,174022.14,31,25,21,16
300,BA,0101,2027-11-13,602.13,GBP,DC-10-10,380,331,177288.23,41,36,18,16
300,BA,0200,2027-01-05,171.21,GBP,727-200,189,152,24399.12,18,15,11,9
300,BA,0200,2027-01-17,165.70,GBP,727-200,189,181,31692.00,18,17,11,10
300,BA,0200,2027-01-27,179.33,GBP,727-200,189,133,23789.74,18,14,11,7
300,BA,0200,2027-02-07,188.73,GBP,737-200,130,107,22767.89,10,8,8,7
300,BA,0200,2027-02-19,189.22,GBP,737-200,130,111,21622.84,10,8,8,7
300,BA,0200,2027-03-02,206.19,GBP,727-200,189,150,31255.99,18,14,11,8
300,BA,0200,2027-03-14,186.26,GBP,727-200,189,147,27723.33,18,13,11,8
300,BA,0200,2027-03-25,183.48,GBP,727-200,189,147,24769.32,18,14,11,8
300,BA,0200,2027-04-07,165.39,GBP,A319,220,159,27602.42,22,16,10,7
300,BA,0200,2027-04-19,193.95,GBP,727-200,189,170,33082.61,18,17,11,10
300,BA,0200,2027-05-03,176.59,GBP,A321,220,208,34193.65,22,21,11,10
300,BA,0200,2027-05-15,193.05,GBP,737-200,130,108,20522.09,10,8,8,7
300,BA,0200,2027-05-27,173.21,GBP,A319,220,182,33624.34,22,19,10,9
300,BA,0200,2027-06-07,192.21,GBP,727-200,189,134,28847.55,18,13,11,7
300,BA,0200,2027-06-20,194.11,GBP,737-200,130,96,18146.35,10,7,8,6
300,BA,0200,2027-07-01,205.04,GBP,727-200,189,182,38734.69,18,18,11,10
300,BA,0200,2027-07-12,163.20,GBP,A321,220,209,38566.04,22,22,11,10
300,BA,0200,2027-07-23,210.22,GBP,A321,220,181,41224.36,22,19,11,8
300,BA,0200,2027-08-04,191.61,GBP,727-200,189,165,27065.34,18,15,11,10
300,BA,0200,2027-08-14,205.73,GBP,A321,220,196,41466.34,22,20,11,10
300,BA,0200,2027-08-28,179.03,GBP,737-200,130,104,16459.61,10,8,8,7
300,BA,0200,2027-09-08,215.71,GBP,727-200,189,152,37230.50,18,14,11,9
300,BA,0200,2027-09-20,183.74,GBP,A321,220,194,31339.18,22,19,11,9
300,BA,0200,2027-09-30,187.08,GBP,A321,220,153,24883.26,22,16,11,7
300,BA,0200,2027-10-12,210.62,GBP,A321,220,185,40727.15,22,19,11,9
300,BA,0200,2027-10-23,203.42,GBP,727-200,189,147,27177.45,18,13,11,8
300,BA,0200,2027-11-02,212.40,GBP,727-200,189,140,33768.62,18,13,11,8
300,BA,0200,2027-11-13,193.02,GBP,A319,220,170,36973.61,22,16,10,7
300,BA,0201,2027-01-05,185.49,GBP,A321,220,172,28853.79,22,16,11,9
300,BA,0201,2027-01-17,213.28,GBP,737-200,130,116,21647.89,10,9,8,6
300,BA,0201,2027-01-27,206.82,GBP,727-200,189,181,36055.57,18,18,11,11
300,BA,0201,2027-02-07,165.57,GBP,737-200,130,106,17386.75,10,8,8,7
300,BA,0201,2027-02-19,206.80,GBP,A319,220,194,37427.18,22,20,10,8
300,BA,0201,2027-03-02,207.06,GBP,A321,220,179,40168.61,22,18,11,9
300,BA,0201,2027-03-14,170.93,GBP,727-200,189,171,32386.44,18,16,11,10
300,BA,0201,2027-03-25,208.89,GBP,A321,220,182,41177.32,22,18,11,9
300,BA,0201,2027-04-07,161.98,GBP,A319,220,209,32674.88,22,21,10,9
300,BA,0201,2027-04-19,203.09,GBP,727-200,189,134,26234.46,18,14,11,8
300,BA,0201,2027-05-03,193.91,GBP,737-200,130,124,25062.61,10,10,8,7
300,BA,0201,2027-05-15,179.47,GBP,737-200,130,117,23629.85,10,9,8,7
300,BA,0201,2027-05-27,207.94,GBP,A321,220,192,34423.30,22,20,11,10
300,BA,0201,2027-06-07,172.27,GBP,A319,220,153,23103.32,22,15,10,6
300,BA,0201,2027-06-20,168.41,GBP,A319,220,199,36686.98,22,20,10,9
300,BA,0201,2027-07-01,192.02,GBP,A321,220,148,28084.43,22,15,11,8
300,BA,0201,2027-07-12,205.77,GBP,A319,220,155,29405.19,22,15,10,7
300,BA,0201,2027-07-23,193.81,GBP,A319,220,149,26694.20,22,14,10,7
300,BA,0201,2027-08-04,174.56,GBP,A321,220,193,34228.14,22,18,11,9
300,BA,0201,2027-08-14,210.63,GBP,A319,220,209,48569.66,22,21,10,9
300,BA,0201,2027-08-28,174.25,GBP,A321,220,199,31868.78,22,21,11,10
300,BA,0201,2027-09-08,175.78,GBP,A321,220,150,23870.77,22,14,11,8
300,BA,0201,2027-09-20,208.02,GBP,727-200,189,152,32050.66,18,15,11,8
300,BA,0201,2027-09-30,198.66,GBP,A319,220,192,37185.45,22,19,10,8
300,BA,0201,2027-10-12,210.05,GBP,A321,220,205,47560.52,22,21,11,10
300,BA,0201,2027-10-23,161.53,GBP,727-200,189,149,22873.37,18,14,11,8
300,BA,0201,2027-11-02,192.94,GBP,737-200,130,90,15590.19,10,7,8,5
300,BA,0201,2027-11-13,194.80,GBP,727-200,189,141,29495.42,18,14,11,7
300,BA,0300,2027-01-05,842.52,GBP,747-400,385,341,273254.87,31,26,21,20
300,BA,0300,2027-01-17,1098.22,GBP,A330-300,223,182,171584.76,22,18,11,9
300,BA,0300,2027-01-27,1080.81,GBP,DC-10-10,380,360,378337.04,41,38,18,16
300,BA,0300,2027-02-07,839.76,GBP,747-400,385,271,258534.57,31,23,21,15
300,BA,0300,2027-02-19,889.13,GBP,A330-300,223,191,146295.40,22,20,11,10
300,BA,0300,2027-03-02,945.89,GBP,DC-10-10,380,337,344828.80,41,36,18,16
300,BA,0300,2027-03-14,980.65,GBP,A310-300,280,256,249664.58,22,19,10,9
300,BA,0300,2027-03-25,1070.85,GBP,747-400,385,275,262171.74,31,22,21,13
300,BA,0300,2027-04-07,1044.03,GBP,A310-300,280,222,235303.33,22,18,10,7
300,BA,0300,2027-04-19,837.15,GBP,A310-300,280,224,213932.81,22,18,10,8
300,BA,0300,2027-05-03,1029.66,GBP,747-400,385,271,262811.95,31,23,21,15
300,BA,0300,2027-05-15,947.31,GBP,A330-300,223,213,174369.30,22,20,11,11
300,BA,0300,2027-05-27,833.88,GBP,A330-300,223,202,183082.26,22,20,11,10
300,BA,0300,2027-06-07,1113.44,GBP,747-400,385,276,268240.75,31,21,21,16
300,BA,0300,2027-06-20,906.94,GBP,747-400,385,336,339261.27,31,28,21,18
300,BA,0300,2027-07-01,915.22,GBP,DC-10-10,380,327,320751.39,41,37,18,16
300,BA,0300,2027-07-12,1057.02,GBP,A310-300,280,190,229267.85,22,14,10,7
300,BA,0300,2027-07-23,1098.70,GBP,A310-300,280,237,247413.16,22,18,10,8
300,BA,0300,2027-08-04,996.51,GBP,747-400,385,317,351413.18,31,26,21,18
300,BA,0300,2027-08-14,957.32,GBP,A330-300,223,155,150183.63,22,16,11,7
300,BA,0300,2027-08-28,1020.26,GBP,DC-10-10,380,326,299816.50,41,36,18,14
300,BA,0300,2027-09-08,846.54,GBP,DC-10-10,380,357,303500.99,41,40,18,16
300,BA,0300,2027-09-20,1069.31,GBP,A330-300,223,154,187270.99,22,16,11,8
300,BA,0300,2027-09-30,1040.14,GBP,A310-300,280,254,230763.42,22,21,10,9
300,BA,0300,2027-10-12,1083.58,GBP,747-400,385,310,340761.74,31,26,21,15
300,BA,0300,2027-10-23,840.52,GBP,DC-10-10,380,305,256300.24,41,33,18,13
300,BA,0300,2027-11-02,1109.28,GBP,DC-10-10,380,286,306684.69,41,31,18,13
300,BA,0300,2027-11-13,894.77,GBP,747-400,385,260,209607.30,31,22,21,12
300,BA,0301,2027-01-05,824.65,GBP,A330-300,223,172,157905.51,22,18,11,9
300,BA,0301,2027-01-17,1029.81,GBP,747-400,385,278,297956.64,31,23,21,16
300,BA,0301,2027-01-27,1050.98,GBP,747-400,385,294,295593.23,31,24,21,16
300,BA,0301,2027-02-07,809.21,GBP,A330-300,223,210,192420.06,22,20,11,10
300,BA,0301,2027-02-19,1031.19,GBP,DC-10-10,380,289,257382.93,41,30,18,13
300,BA,0301,2027-03-02,818.48,GBP,A310-300,280,265,192223.89,22,20,10,9
300,BA,0301,2027-03-14,930.14,GBP,DC-10-10,380,273,239340.56,41,28,18,14
300,BA,0301,2027-03-25,1011.40,GBP,747-400,385,331,354214.87,31,27,21,18
300,BA,0301,2027-04-07,846.14,GBP,A330-300,223,173,162153.97,22,18,11,8
300,BA,0301,2027-04-19,1058.84,GBP,DC-10-10,380,359,392830.74,41,38,18,17
300,BA,0301,2027-05-03,834.00,GBP,A310-300,280,227,209648.53,22,19,10,8
300,BA,0301,2027-05-15,840.75,GBP,DC-10-10,380,291,272420.81,41,32,18,14
300,BA,0301,2027-05-27,939.65,GBP,DC-10-10,380,337,340193.74,41,35,18,16
300,BA,0301,2027-06-07,1018.60,GBP,DC-10-10,380,284,256149.83,41,29,18,12
300,BA,0301,2027-06-20,802.43,GBP,A330-300,223,204,156297.89,22,20,11,10
300,BA,0301,2027-07-01,949.51,GBP,DC-10-10,380,360,318829.33,41,38,18,16
300,BA,0301,2027-07-12,870.94,GBP,A330-300,223,161,142001.33,22,17,11,8
300,BA,0301,2027-07-23,951.59,GBP,DC-10-10,380,283,275966.54,41,29,18,13
300,BA,0301,2027-08-04,971.30,GBP,A310-300,280,202,184541.71,22,16,10,7
300,BA,0301,2027-08-14,852.63,GBP,A330-300,223,206,197473.84,22,20,11,10
300,BA,0301,2027-08-28,1024.23,GBP,747-400,385,368,388646.48,31,31,21,18
300,BA,0301,2027-09-08,1000.58,GBP,A330-300,223,157,135759.24,22,16,11,8
300,BA,0301,2027-09-20,1014.47,GBP,A330-300,223,206,235464.36,22,20,11,10
300,BA,0301,2027-09-30,925.17,GBP,747-400,385,279,272073.81,31,24,21,13
300,BA,0301,2027-10-12,909.49,GBP,DC-10-10,380,280,292764.15,41,30,18,13
300,BA,0301,2027-10-23,901.00,GBP,A330-300,223,208,180844.87,22,20,11,10
300,BA,0301,2027-11-02,935.42,GBP,DC-10-10,380,345,310295.97,41,39,18,16
300,BA,0301,2027-11-13,840.55,GBP,DC-10-10,380,287,264471.30,41,29,18,14
300,BA,0400,2027-01-05,866.63,GBP,747-400,385,313,257376.93,31,26,21,16
300,BA,0400,2027-01-17,932.48,GBP,747-400,385,337,271503.87,31,27,21,17
300,BA,0400,2027-01-27,836.38,GBP,DC-10-10,380,301,245359.24,41,31,18,13
300,BA,0400,2027-02-07,844.94,GBP,747-400,385,330,309954.92,31,28,21,18
300,BA,0400,2027-02-19,962.43,GBP,747-400,385,267,240347.35,31,22,21,15
300,BA,0400,2027-03-02,898.49,GBP,A330-300,223,153,140102.35,22,16,11,8
300,BA,0400,2027-03-14,883.62,GBP,DC-10-10,380,355,326645.30,41,40,18,17
300,BA,0400,2027-03-25,795.25,GBP,747-400,385,315,283520.80,31,25,21,18
300,BA,0400,2027-04-07,855.43,GBP,DC-10-10,380,315,304102.06,41,34,18,14
300,BA,0400,2027-04-19,1026.75,GBP,A330-300,223,202,203949.52,22,19,11,10
300,BA,0400,2027-05-03,956.13,GBP,DC-10-10,380,269,266626.79,41,30,18,12
300,BA,0400,2027-05-15,838.26,GBP,747-400,385,259,217535.37,31,22,21,13
300,BA,0400,2027-05-27,913.38,GBP,A310-300,280,205,187419.00,22,16,10,7
300,BA,0400,2027-06-07,951.32,GBP,747-400,385,333,307552.03,31,28,21,17
300,BA,0400,2027-06-20,1007.43,GBP,A330-300,223,177,200092.94,22,17,11,9
300,BA,0400,2027-07-01,833.67,GBP,DC-10-10,380,261,231870.97,41,27,18,12
300,BA,0400,2027-07-12,771.80,GBP,747-400,385,286,194860.38,31,23,21,16
300,BA,0400,2027-07-23,864.80,GBP,A310-300,280,219,189408.25,22,17,10,8
300,BA,0400,2027-08-04,1007.84,GBP,DC-10-10,380,269,268707.66,41,30,18,12
300,BA,0400,2027-08-14,897.67,GBP,A310-300,280,233,187843.86,22,18,10,8
300,BA,0400,2027-08-28,893.03,GBP,DC-10-10,380,360,275372.11,41,41,18,17
300,BA,0400,2027-09-08,779.84,GBP,A330-300,223,204,136406.16,22,21,11,10
300,BA,0400,2027-09-20,958.75,GBP,747-400,385,373,345288.23,31,30,21,19
300,BA,0400,2027-09-30,885.26,GBP,DC-10-10,380,330,329219.25,41,34,18,15
300,BA,0400,2027-10-12,817.31,GBP,747-400,385,322,271101.97,31,27,21,16
300,BA,0400,2027-10-23,988.79,GBP,747-400,385,270,233847.46,31,21,21,13
300,BA,0400,2027-11-02,795.29,GBP,747-400,385,325,258064.85,31,26,21,16
300,BA,0400,2027-11-13,827.49,GBP,A330-300,223,184,165755.07,22,18,11,8
300,BA,0401,2027-01-05,811.38,GBP,DC-10-10,380,324,283108.80,41,34,18,15
300,BA,0401,2027-01-17,825.07,GBP,A330-300,223,167,131595.52,22,17,11,7
300,BA,0401,2027-01-27,906.42,GBP,747-400,385,290,253487.81,31,24,21,14
300,BA,0401,2027-02-07,799.34,GBP,DC-10-10,380,290,247785.59,41,30,18,12
300,BA,0401,2027-02-19,943.40,GBP,A330-300,223,150,147880.98,22,16,11,7
300,BA,0401,2027-03-02,817.91,GBP,A330-300,223,214,191477.97,22,21,11,10
300,BA,0401,2027-03-14,792.28,GBP,747-400,385,367,261023.73,31,29,21,18
300,BA,0401,2027-03-25,953.39,GBP,A330-300,223,204,178884.58,22,21,11,9
300,BA,0401,2027-04-07,919.02,GBP,A330-300,223,188,152770.94,22,18,11,9
300,BA,0401,2027-04-19,927.44,GBP,A330-300,223,165,138178.13,22,16,11,8
300,BA,0401,2027-05-03,861.17,GBP,747-400,385,336,252765.79,31,27,21,18
300,BA,0401,2027-05-15,943.84,GBP,DC-10-10,380,307,278820.83,41,33,18,14
300,BA,0401,2027-05-27,856.40,GBP,DC-10-10,380,281,238734.06,41,32,18,14
300,BA,0401,2027-06-07,918.64,GBP,A330-300,223,204,186122.68,22,21,11,10
300,BA,0401,2027-06-20,959.73,GBP,A330-300,223,156,140738.76,22,16,11,8
300,BA,0401,2027-07-01,791.59,GBP,DC-10-10,380,280,209830.65,41,29,18,12
300,BA,0401,2027-07-12,863.30,GBP,747-400,385,292,217688.08,31,23,21,14
300,BA,0401,2027-07-23,758.15,GBP,A310-300,280,197,145360.87,22,16,10,6
300,BA,0401,2027-08-04,997.60,GBP,747-400,385,296,311876.29,31,24,21,17
300,BA,0401,2027-08-14,854.67,GBP,A310-300,280,190,146257.82,22,14,10,6
300,BA,0401,2027-08-28,889.99,GBP,A330-300,223,206,172495.48,22,21,11,10
300,BA,0401,2027-09-08,915.30,GBP,A310-300,280,216,215247.20,22,18,10,7
300,BA,0401,2027-09-20,800.29,GBP,A310-300,280,255,207755.16,22,20,10,8
300,BA,0401,2027-09-30,759.99,GBP,747-400,385,325,247455.94,31,27,21,19
300,BA,0401,2027-10-12,838.28,GBP,DC-10-10,380,273,227968.51,41,30,18,13
300,BA,0401,2027-10-23,814.19,GBP,DC-10-10,380,257,231454.98,41,27,18,12
300,BA,0401,2027-11-02,763.70,GBP,A310-300,280,255,210721.76,22,20,10,9
300,BA,0401,2027-11-13,809.38,GBP,747-400,385,357,295549.15,31,29,21,20
300,BA,0500,2027-01-05,196.04,GBP,A319,220,198,41746.90,22,19,10,9
300,BA,0500,2027-01-17,223.83,GBP,737-200,130,120,27178.69,10,9,8,7
300,BA,0500,2027-01-27,239.80,GBP,A319,220,195,41661.09,22,20,10,9
300,BA,0500,2027-02-07,202.68,GBP,A321,220,213,40473.83,22,22,11,10
300,BA,0500,2027-02-19,201.69,GBP,A310-300,280,254,51160.72,22,19,10,8
300,BA,0500,2027-03-02,189.17,GBP,A310-300,280,250,41435.47,22,19,10,9
300,BA,0500,2027-03-14,215.43,GBP,A319,220,169,32271.65,22,16,10,8
300,BA,0500,2027-03-25,227.91,GBP,A319,220,157,38942.02,22,15,10,7
300,BA,0500,2027-04-07,222.91,GBP,A321,220,189,41222.42,22,20,11,9
300,BA,0500,2027-04-19,210.71,GBP,A310-300,280,250,57119.90,22,20,10,8
300,BA,0500,2027-05-03,209.90,GBP,A319,220,206,39987.17,22,20,10,8
300,BA,0500,2027-05-15,184.91,GBP,A310-300,280,265,54519.62,22,22,10,10
300,BA,0500,2027-05-27,221.09,GBP,737-200,130,106,22563.85,10,8,8,6
300,BA,0500,2027-06-07,196.48,GBP,A310-300,280,248,42199.37,22,19,10,8
300,BA,0500,2027-06-20,228.86,GBP,A321,220,161,32191.97,22,15,11,8
300,BA,0500,2027-07-01,227.26,GBP,A310-300,280,232,57557.57,22,18,10,8
300,BA,0500,2027-07-12,213.25,GBP,A319,220,203,46553.12,22,21,10,9
300,BA,0500,2027-07-23,180.24,GBP,737-200,130,91,16487.56,10,7,8,5
300,BA,0500,2027-08-04,238.50,GBP,A321,220,195,47811.82,22,19,11,10
300,BA,0500,2027-08-14,192.09,GBP,A310-300,280,243,51710.85,22,20,10,9
300,BA,0500,2027-08-28,214.61,GBP,A319,220,157,35248.70,22,15,10,7
300,BA,0500,2027-09-08,233.53,GBP,737-200,130,110,21963.81,10,8,8,6
300,BA,0500,2027-09-20,215.01,GBP,737-200,130,120,27834.24,10,10,8,7
300,BA,0500,2027-09-30,188.06,GBP,737-200,130,106,19431.35,10,8,8,7
300,BA,0500,2027-10-12,238.02,GBP,737-200,130,119,27102.73,10,9,8,8
300,BA,0500,2027-10-23,223.61,GBP,A319,220,203,47871.18,22,20,10,9
300,BA,0500,2027-11-02,195.22,GBP,A321,220,152,31655.48,22,16,11,7
300,BA,0500,2027-11-13,213.42,GBP,A310-300,280,245,50572.60,22,20,10,9
300,BA,0501,2027-01-05,220.42,GBP,A310-300,280,245,55899.10,22,20,10,9
300,BA,0501,2027-01-17,183.51,GBP,A310-300,280,240,39311.69,22,18,10,8
300,BA,0501,2027-01-27,217.87,GBP,737-200,130,104,22048.94,10,8,8,6
300,BA,0501,2027-02-07,208.35,GBP,A321,220,188,35148.17,22,18,11,9
300,BA,0501,2027-02-19,231.53,GBP,A321,220,166,38768.49,22,17,11,8
300,BA,0501,2027-03-02,215.49,GBP,A319,220,178,38066.36,22,17,10,7
300,BA,0501,2027-03-14,221.72,GBP,A310-300,280,265,61149.78,22,21,10,10
300,BA,0501,2027-03-25,219.85,GBP,A319,220,174,43449.97,22,18,10,7
300,BA,0501,2027-04-07,176.92,GBP,A319,220,181,28204.54,22,19,10,8
300,BA,0501,2027-04-19,225.97,GBP,737-200,130,112,26900.70,10,9,8,6
300,BA,0501,2027-05-03,177.07,GBP,A310-300,280,249,46825.32,22,18,10,9
300,BA,0501,2027-05-15,216.52,GBP,A310-300,280,210,40097.85,22,17,10,7
300,BA,0501,2027-05-27,213.33,GBP,A321,220,152,33632.69,22,15,11,7
300,BA,0501,2027-06-07,226.44,GBP,A319,220,211,52261.21,22,22,10,9
300,BA,0501,2027-06-20,199.04,GBP,A321,220,208,36047.44,22,22,11,10
300,BA,0501,2027-07-01,235.99,GBP,737-200,130,103,27819.73,10,8,8,6
300,BA,0501,2027-07-12,231.45,GBP,737-200,130,91,22146.69,10,7,8,5
300,BA,0501,2027-07-23,216.53,GBP,737-200,130,96,18892.09,10,8,8,5
300,BA,0501,2027-08-04,234.94,GBP,737-200,130,109,24384.66,10,8,8,7
300,BA,0501,2027-08-14,236.73,GBP,A319,220,195,41677.91,22,20,10,9
300,BA,0501,2027-08-28,195.40,GBP,A319,220,151,30125.31,22,14,10,7
300,BA,0501,2027-09-08,192.26,GBP,A310-300,280,228,42702.54,22,18,10,8
300,BA,0501,2027-09-20,187.08,GBP,737-200,130,103,21363.24,10,8,8,6
300,BA,0501,2027-09-30,193.38,GBP,A310-300,280,247,45714.00,22,19,10,8
300,BA,0501,2027-10-12,177.65,GBP,A319,220,204,34945.96,22,19,10,8
300,BA,0501,2027-10-23,230.86,GBP,A319,220,164,40913.53,22,17,10,7
300,BA,0501,2027-11-02,235.17,GBP,A321,220,160,35829.15,22,16,11,8
300,BA,0501,2027-11-13,185.31,GBP,A321,220,160,31791.63,22,16,11,7
300,LH,0500,2027-01-05,189.32,EUR,737-200,130,118,22053.27,10,10,8,7
300,LH,0500,2027-01-17,218.68,EUR,A319,220,160,35989.32,22,15,10,6
300,LH,0500,2027-01-27,193.89,EUR,727-200,189,174,36657.77,18,17,11,9
300,LH,0500,2027-02-07,251.07,EUR,737-200,130,107,30568.56,10,9,8,6
300,LH,0500,2027-02-19,235.44,EUR,737-200,130,111,22369.55,10,9,8,7
300,LH,0500,2027-03-02,238.40,EUR,737-200,130,118,25144.79,10,9,8,7
300,LH,0500,2027-03-14,233.54,EUR,A319,220,176,44308.89,22,17,10,8
300,LH,0500,2027-03-25,240.72,EUR,A319,220,190,52551.39,22,18,10,9
300,LH,0500,2027-04-07,211.60,EUR,727-200,189,134,27553.24,18,13,11,7
300,LH,0500,2027-04-19,255.73,EUR,727-200,189,143,41645.58,18,13,11,9
300,LH,0500,2027-05-03,212.22,EUR,A319,220,157,30362.61,22,15,10,7
300,LH,0500,2027-05-15,224.00,EUR,A321,220,208,49283.65,22,21,11,10
300,LH,0500,2027-05-27,249.53,EUR,A319,220,189,47261.38,22,19,10,9
300,LH,0500,2027-06-07,206.52,EUR,727-200,189,147,30578.86,18,14,11,8
300,LH,0500,2027-06-20,238.22,EUR,A321,220,196,51895.86,22,19,11,9
300,LH,0500,2027-07-01,213.23,EUR,727-200,189,175,38242.23,18,17,11,10
300,LH,0500,2027-07-12,222.96,EUR,A319,220,182,36573.92,22,18,10,8
300,LH,0500,2027-07-23,209.11,EUR,A321,220,168,31721.81,22,17,11,8
300,LH,0500,2027-08-04,196.50,EUR,727-200,189,157,27316.29,18,15,11,8
300,LH,0500,2027-08-14,196.27,EUR,727-200,189,174,38252.36,18,17,11,10
300,LH,0500,2027-08-28,248.00,EUR,727-200,189,151,35086.51,18,14,11,8
300,LH,0500,2027-09-08,209.16,EUR,727-200,189,140,26153.34,18,13,11,7
300,LH,0500,2027-09-20,255.56,EUR,737-200,130,107,29214.72,10,9,8,7
300,LH,0500,2027-09-30,209.32,EUR,A321,220,149,28696.77,22,16,11,6
300,LH,0500,2027-10-12,212.98,EUR,A321,220,153,31900.96,22,15,11,7
300,LH,0500,2027-10-23,230.87,EUR,737-200,130,109,26908.37,10,8,8,6
300,LH,0500,2027-11-02,214.16,EUR,A319,220,183,43591.02,22,19,10,8
300,LH,0500,2027-11-13,227.54,EUR,737-200,130,111,21939.63,10,9,8,7
300,LH,0501,2027-01-05,245.57,EUR,A319,220,152,38919.55,22,15,10,6
300,LH,0501,2027-01-17,222.80,EUR,A321,220,172,36029.38,22,17,11,8
300,LH,0501,2027-01-27,221.68,EUR,A321,220,164,39718.58,22,17,11,8
300,LH,0501,2027-02-07,248.22,EUR,737-200,130,88,20844.63,10,7,8,5
300,LH,0501,2027-02-19,217.09,EUR,737-200,130,100,20037.39,10,8,8,5
300,LH,0501,2027-03-02,201.60,EUR,727-200,189,153,26315.41,18,15,11,8
300,LH,0501,2027-03-14,207.38,EUR,737-200,130,110,20061.98,10,8,8,6
300,LH,0501,2027-03-25,215.09,EUR,A319,220,163,31613.10,22,16,10,7
300,LH,0501,2027-04-07,200.02,EUR,A319,220,185,39055.06,22,19,10,8
300,LH,0501,2027-04-19,191.14,EUR,A319,220,188,30681.21,22,19,10,8
300,LH,0501,2027-05-03,214.98,EUR,727-200,189,150,29445.63,18,14,11,8
300,LH,0501,2027-05-15,214.19,EUR,727-200,189,169,38021.57,18,15,11,10
300,LH,0501,2027-05-27,197.24,EUR,727-200,189,165,32294.60,18,15,11,10
300,LH,0501,2027-06-07,220.33,EUR,A319,220,201,48606.08,22,21,10,9
300,LH,0501,2027-06-20,216.19,EUR,A319,220,188,39070.93,22,18,10,8
300,LH,0501,2027-07-01,195.23,EUR,727-200,189,152,28143.36,18,14,11,8
300,LH,0501,2027-07-12,197.50,EUR,737-200,130,97,16486.17,10,8,8,6
300,LH,0501,2027-07-23,214.30,EUR,727-200,189,130,27583.09,18,13,11,7
300,LH,0501,2027-08-04,191.96,EUR,727-200,189,159,34052.49,18,16,11,10
300,LH,0501,2027-08-14,237.52,EUR,A321,220,202,50306.48,22,20,11,9
300,LH,0501,2027-08-28,217.06,EUR,A319,220,211,51246.21,22,20,10,10
300,LH,0501,2027-09-08,222.82,EUR,737-200,130,106,22763.26,10,8,8,7
300,LH,0501,2027-09-20,237.56,EUR,737-200,130,111,27352.84,10,8,8,7
300,LH,0501,2027-09-30,216.72,EUR,A321,220,187,43350.55,22,20,11,9
300,LH,0501,2027-10-12,246.13,EUR,A319,220,162,37003.32,22,17,10,8
300,LH,0501,2027-10-23,228.11,EUR,A321,220,156,39425.92,22,16,11,7
300,LH,0501,2027-11-02,206.79,EUR,A319,220,194,36614.33,22,19,10,9
300,LH,0501,2027-11-13,223.45,EUR,727-200,189,134,33810.96,18,13,11,8
300,LH,0600,2027-01-05,856.23,EUR,A330-300,223,191,172899.83,22,19,11,8
300,LH,0600,2027-01-17,687.84,EUR,A330-300,223,206,153710.70,22,19,11,10
300,LH,0600,2027-01-27,834.64,EUR,747-400,385,267,227306.60,31,21,21,15
300,LH,0600,2027-02-07,733.70,EUR,747-400,385,340,280543.12,31,26,21,20
300,LH,0600,2027-02-19,784.01,EUR,DC-10-10,380,338,291934.67,41,37,18,17
300,LH,0600,2027-03-02,876.76,EUR,A330-300,223,177,156598.39,22,17,11,8
300,LH,0600,2027-03-14,781.76,EUR,747-400,385,265,183171.16,31,21,21,15
300,LH,0600,2027-03-25,664.25,EUR,DC-10-10,380,259,162271.57,41,27,18,13
300,LH,0600,2027-04-07,733.10,EUR,A310-300,280,203,170702.57,22,15,10,8
300,LH,0600,2027-04-19,657.91,EUR,DC-10-10,380,262,178782.98,41,27,18,13
300,LH,0600,2027-05-03,718.95,EUR,747-400,385,348,245692.83,31,27,21,20
300,LH,0600,2027-05-15,829.16,EUR,A310-300,280,234,198506.26,22,18,10,9
300,LH,0600,2027-05-27,817.44,EUR,A330-300,223,152,109331.39,22,14,11,8
300,LH,0600,2027-06-07,740.32,EUR,A310-300,280,234,152476.83,22,18,10,8
300,LH,0600,2027-06-20,708.80,EUR,A310-300,280,195,135590.73,22,15,10,7
300,LH,0600,2027-07-01,693.87,EUR,A310-300,280,199,156987.91,22,15,10,6
300,LH,0600,2027-07-12,849.84,EUR,A330-300,223,150,135358.22,22,14,11,8
300,LH,0600,2027-07-23,875.93,EUR,DC-10-10,380,333,277415.29,41,38,18,15
300,LH,0600,2027-08-04,715.58,EUR,A330-300,223,166,107644.87,22,17,11,8
300,LH,0600,2027-08-14,855.04,EUR,A330-300,223,151,147358.33,22,15,11,7
300,LH,0600,2027-08-28,699.21,EUR,A310-300,280,221,146518.18,22,16,10,8
300,LH,0600,2027-09-08,722.64,EUR,A310-300,280,258,176603.12,22,21,10,9
300,LH,0600,2027-09-20,740.03,EUR,A310-300,280,262,197776.23,22,20,10,9
300,LH,0600,2027-09-30,816.20,EUR,747-400,385,335,259249.42,31,26,21,18
300,LH,0600,2027-10-12,843.41,EUR,DC-10-10,380,321,269215.36,41,34,18,16
300,LH,0600,2027-10-23,839.87,EUR,747-400,385,362,279580.16,31,30,21,19
300,LH,0600,2027-11-02,721.15,EUR,DC-10-10,380,368,291726.08,41,41,18,17
300,LH,0600,2027-11-13,729.13,EUR,DC-10-10,380,257,182538.21,41,29,18,12
300,LH,0601,2027-01-05,724.10,EUR,747-400,385,281,193604.24,31,24,21,15
300,LH,0601,2027-01-17,839.69,EUR,DC-10-10,380,304,266966.03,41,32,18,14
300,LH,0601,2027-01-27,838.60,EUR,A310-300,280,198,147219.77,22,16,10,6
300,LH,0601,2027-02-07,774.60,EUR,DC-10-10,380,353,236277.56,41,37,18,17
300,LH,0601,2027-02-19,640.06,EUR,DC-10-10,380,333,242256.35,41,34,18,15
300,LH,0601,2027-03-02,652.52,EUR,DC-10-10,380,350,242177.62,41,38,18,15
300,LH,0601,2027-03-14,731.33,EUR,DC-10-10,380,263,176350.26,41,27,18,11
300,LH,0601,2027-03-25,762.21,EUR,747-400,385,320,233658.09,31,25,21,16
300,LH,0601,2027-04-07,790.18,EUR,A310-300,280,203,165377.03,22,15,10,7
300,LH,0601,2027-04-19,743.80,EUR,A310-300,280,253,174315.59,22,20,10,8
300,LH,0601,2027-05-03,710.17,EUR,DC-10-10,380,311,189192.98,41,32,18,13
300,LH,0601,2027-05-15,774.28,EUR,747-400,385,339,264464.29,31,26,21,17
300,LH,0601,2027-05-27,732.18,EUR,A330-300,223,193,125085.64,22,19,11,9
300,LH,0601,2027-06-07,751.24,EUR,A330-300,223,187,161348.77,22,20,11,10
300,LH,0601,2027-06-20,680.92,EUR,747-400,385,282,214278.41,31,24,21,15
300,LH,0601,2027-07-01,719.79,EUR,DC-10-10,380,354,265717.63,41,40,18,18
300,LH,0601,2027-07-12,809.73,EUR,DC-10-10,380,319,259541.42,41,34,18,16
300,LH,0601,2027-07-23,751.48,EUR,A330-300,223,208,177462.59,22,22,11,10
300,LH,0601,2027-08-04,722.18,EUR,DC-10-10,380,309,200472.54,41,32,18,14
300,LH,0601,2027-08-14,698.59,EUR,A310-300,280,263,162369.17,22,20,10,9
300,LH,0601,2027-08-28,791.44,EUR,A310-300,280,219,173836.74,22,17,10,7
300,LH,0601,2027-09-08,690.95,EUR,A330-300,223,168,107838.89,22,17,11,8
300,LH,0601,2027-09-20,672.34,EUR,A310-300,280,201,139247.78,22,16,10,8
300,LH,0601,2027-09-30,803.68,EUR,A310-300,280,251,186486.88,22,20,10,9
300,LH,0601,2027-10-12,834.06,EUR,A330-300,223,182,146183.53,22,18,11,9
300,LH,0601,2027-10-23,696.80,EUR,747-400,385,343,249705.00,31,29,21,18
300,LH,0601,2027-11-02,820.16,EUR,747-400,385,265,237312.38,31,22,21,15
300,LH,0601,2027-11-13,691.14,EUR,747-400,385,331,209506.81,31,25,21,18
300,SQ,0300,2027-01-05,1604.33,SGD,DC-10-10,380,263,441563.47,41,29,18,12
300,SQ,0300,2027-01-17,1348.21,SGD,747-400,385,311,396065.48,31,24,21,17
300,SQ,0300,2027-01-27,1460.74,SGD,A330-300,223,175,288755.23,22,16,11,8
300,SQ,0300,2027-02-07,1544.01,SGD,A310-300,280,234,322360.10,22,18,10,8
300,SQ,0300,2027-02-19,1454.70,SGD,DC-10-10,380,259,402972.91,41,28,18,12
300,SQ,0300,2027-03-02,1398.67,SGD,747-400,385,297,425236.63,31,25,21,15
300,SQ,0300,2027-03-14,1436.25,SGD,A310-300,280,265,338018.65,22,20,10,10
300,SQ,0300,2027-03-25,1588.49,SGD,A330-300,223,195,288707.22,22,20,11,10
300,SQ,0300,2027-04-07,1657.84,SGD,DC-10-10,380,301,568109.53,41,32,18,13
300,SQ,0300,2027-04-19,1742.29,SGD,A310-300,280,215,357096.99,22,18,10,7
300,SQ,0300,2027-05-03,1552.74,SGD,A330-300,223,209,290390.83,22,21,11,11
300,SQ,0300,2027-05-15,1420.18,SGD,747-400,385,309,425582.26,31,24,21,15
300,SQ,0300,2027-05-27,1371.66,SGD,DC-10-10,380,316,483166.30,41,36,18,13
300,SQ,0300,2027-06-07,1528.54,SGD,747-400,385,275,394539.48,31,22,21,14
300,SQ,0300,2027-06-20,1541.88,SGD,DC-10-10,380,304,473680.06,41,32,18,14
300,SQ,0300,2027-07-01,1746.88,SGD,A330-300,223,177,318336.72,22,17,11,8
300,SQ,0300,2027-07-12,1639.12,SGD,A310-300,280,271,487469.63,22,20,10,9
300,SQ,0300,2027-07-23,1660.37,SGD,DC-10-10,380,279,452814.46,41,29,18,13
300,SQ,0300,2027-08-04,1767.40,SGD,A310-300,280,251,428765.00,22,21,10,8
300,SQ,0300,2027-08-14,1599.66,SGD,A330-300,223,211,332023.73,22,20,11,10
300,SQ,0300,2027-08-28,1411.69,SGD,A330-300,223,171,268574.72,22,18,11,8
300,SQ,0300,2027-09-08,1448.52,SGD,A310-300,280,218,304165.05,22,17,10,8
300,SQ,0300,2027-09-20,1706.70,SGD,A310-300,280,234,361687.77,22,19,10,8
300,SQ,0300,2027-09-30,1735.04,SGD,DC-10-10,380,263,393438.29,41,27,18,12
300,SQ,0300,2027-10-12,1362.27,SGD,A330-300,223,153,211876.48,22,15,11,7
300,SQ,0300,2027-10-23,1608.09,SGD,DC-10-10,380,289,509453.12,41,32,18,12
300,SQ,0300,2027-11-02,1478.13,SGD,A330-300,223,174,271184.24,22,17,11,8
300,SQ,0300,2027-11-13,1535.44,SGD,A330-300,223,153,248923.06,22,15,11,8
300,SQ,0301,2027-01-05,1573.10,SGD,A310-300,280,204,357203.53,22,16,10,8
300,SQ,0301,2027-01-17,1635.77,SGD,747-400,385,312,463599.06,31,25,21,17
300,SQ,0301,2027-01-27,1491.73,SGD,A310-300,280,243,310749.80,22,18,10,8
300,SQ,0301,2027-02-07,1361.91,SGD,A330-300,223,200,242624.98,22,20,11,9
300,SQ,0301,2027-02-19,1409.28,SGD,747-400,385,265,360862.30,31,21,21,14
300,SQ,0301,2027-03-02,1306.49,SGD,A330-300,223,162,209989.37,22,17,11,8
300,SQ,0301,2027-03-14,1310.86,SGD,DC-10-10,380,352,411941.52,41,38,18,16
300,SQ,0301,2027-03-25,1564.71,SGD,A330-300,223,168,245765.47,22,16,11,8
300,SQ,0301,2027-04-07,1307.18,SGD,A330-300,223,212,239752.33,22,21,11,10
300,SQ,0301,2027-04-19,1521.91,SGD,A330-300,223,208,322247.25,22,20,11,10
300,SQ,0301,2027-05-03,1319.21,SGD,A310-300,280,252,366024.26,22,20,10,9
300,SQ,0301,2027-05-15,1656.06,SGD,747-400,385,287,458402.90,31,24,21,15
300,SQ,0301,2027-05-27,1323.43,SGD,747-400,385,311,468171.68,31,25,21,15
300,SQ,0301,2027-06-07,1309.33,SGD,DC-10-10,380,281,328732.09,41,29,18,13
300,SQ,0301,2027-06-20,1528.73,SGD,747-400,385,263,395510.05,31,21,21,14
300,SQ,0301,2027-07-01,1372.42,SGD,A310-300,280,231,321079.36,22,19,10,8
300,SQ,0301,2027-07-12,1488.77,SGD,A310-300,280,221,364706.19,22,18,10,7
300,SQ,0301,2027-07-23,1586.49,SGD,A310-300,280,267,368764.72,22,20,10,9
300,SQ,0301,2027-08-04,1376.83,SGD,747-400,385,334,474875.43,31,26,21,17
300,SQ,0301,2027-08-14,1591.82,SGD,DC-10-10,380,283,460086.30,41,30,18,13
300,SQ,0301,2027-08-28,1375.87,SGD,DC-10-10,380,350,552913.94,41,40,18,17
300,SQ,0301,2027-09-08,1426.44,SGD,A310-300,280,190,239910.48,22,14,10,7
300,SQ,0301,2027-09-20,1535.02,SGD,747-400,385,367,560789.21,31,29,21,19
300,SQ,0301,2027-09-30,1622.27,SGD,DC-10-10,380,268,485402.26,41,30,18,11
300,SQ,0301,2027-10-12,1307.32,SGD,747-400,385,306,391944.70,31,24,21,17
300,SQ,0301,2027-10-23,1554.52,SGD,A330-300,223,169,242903.00,22,16,11,8
300,SQ,0301,2027-11-02,1666.98,SGD,A330-300,223,149,279446.01,22,14,11,7
300,SQ,0301,2027-11-13,1609.27,SGD,DC-10-10,380,346,479917.61,41,37,18,15
300,AA,0100,2027-01-05,567.17,USD,747-400,385,331,207540.92,31,28,21,16
300,AA,0100,2027-01-17,553.75,USD,A310-300,280,249,137220.99,22,21,10,9
300,AA,0100,2027-01-27,632.72,USD,747-400,385,371,267748.11,31,31,21,18
300,AA,0100,2027-02-07,529.59,USD,A310-300,280,196,99740.62,22,15,10,6
300,AA,0100,2027-02-19,591.96,USD,DC-10-10,380,294,164858.36,41,31,18,13
300,AA,0100,2027-03-02,615.83,USD,747-400,385,355,236247.92,31,27,21,19
300,AA,0100,2027-03-14,493.83,USD,A330-300,223,177,83527.58,22,17,11,8
300,AA,0100,2027-03-25,480.51,USD,A310-300,280,223,94035.39,22,17,10,8
300,AA,0100,2027-04-07,546.25,USD,A330-300,223,170,103545.10,22,17,11,8
300,AA,0100,2027-04-19,489.95,USD,747-400,385,286,119387.32,31,24,21,17
300,AA,0100,2027-05-03,500.93,USD,747-400,385,278,140956.67,31,23,21,14
300,AA,0100,2027-05-15,631.85,USD,DC-10-10,380,338,218396.27,41,38,18,15
300,AA,0100,2027-05-27,552.36,USD,A330-300,223,212,118818.86,22,22,11,10
300,AA,0100,2027-06-07,550.06,USD,DC-10-10,380,330,194560.89,41,34,18,15
300,AA,0100,2027-06-20,517.65,USD,A310-300,280,214,124672.64,22,16,10,8
300,AA,0100,2027-07-01,629.32,USD,A330-300,223,166,89587.41,22,16,11,8
300,AA,0100,2027-07-12,625.03,USD,A330-300,223,198,111778.81,22,19,11,10
300,AA,0100,2027-07-23,627.74,USD,DC-10-10,380,312,203887.94,41,34,18,15
300,AA,0100,2027-08-04,528.41,USD,A310-300,280,243,129668.43,22,20,10,9
300,AA,0100,2027-08-14,470.60,USD,A310-300,280,233,108132.10,22,19,10,8
300,AA,0100,2027-08-28,594.34,USD,747-400,385,353,213369.69,31,30,21,19
300,AA,0100,2027-09-08,479.21,USD,747-400,385,327,168301.93,31,25,21,19
300,AA,0100,2027-09-20,567.04,USD,A330-300,223,177,112293.50,22,18,11,8
300,AA,0100,2027-09-30,496.85,USD,A310-300,280,215,92384.26,22,17,10,7
300,AA,0100,2027-10-12,573.60,USD,747-400,385,301,174719.10,31,24,21,17
300,AA,0100,2027-10-23,632.56,USD,DC-10-10,380,266,146565.37,41,28,18,11
300,AA,0100,2027-11-02,528.79,USD,A330-300,223,211,116729.66,22,21,11,10
300,AA,0100,2027-11-13,503.54,USD,A330-300,223,186,89003.53,22,19,11,10
300,AA,0101,2027-01-05,615.19,USD,747-400,385,322,222773.98,31,27,21,17
300,AA,0101,2027-01-17,636.80,USD,747-400,385,362,254978.22,31,28,21,20
300,AA,0101,2027-01-27,536.65,USD,747-400,385,303,181870.40,31,24,21,17
300,AA,0101,2027-02-07,571.32,USD,747-400,385,341,171489.50,31,26,21,18
300,AA,0101,2027-02-19,586.63,USD,A310-300,280,267,148763.02,22,21,10,10
300,AA,0101,2027-03-02,628.52,USD,DC-10-10,380,304,212731.83,41,31,18,14
300,AA,0101,2027-03-14,586.63,USD,A330-300,223,192,114013.25,22,19,11,10
300,AA,0101,2027-03-25,618.53,USD,747-400,385,328,222915.83,31,27,21,18
300,AA,0101,2027-04-07,536.58,USD,A330-300,223,154,74964.29,22,16,11,8
300,AA,0101,2027-04-19,595.20,USD,747-400,385,295,164339.27,31,25,21,15
300,AA,0101,2027-05-03,498.11,USD,DC-10-10,380,278,133652.77,41,28,18,13
300,AA,0101,2027-05-15,609.64,USD,DC-10-10,380,334,218553.31,41,34,18,16
300,AA,0101,2027-05-27,492.83,USD,A310-300,280,239,105825.13,22,18,10,8
300,AA,0101,2027-06-07,545.80,USD,A310-300,280,203,100262.34,22,16,10,6
300,AA,0101,2027-06-20,634.68,USD,DC-10-10,380,348,222136.50,41,38,18,15
300,AA,0101,2027-07-01,515.04,USD,747-400,385,274,159862.50,31,23,21,15
300,AA,0101,2027-07-12,589.67,USD,DC-10-10,380,257,135506.91,41,30,18,10
300,AA,0101,2027-07-23,636.53,USD,A310-300,280,247,161010.83,22,20,10,8
300,AA,0101,2027-08-04,553.76,USD,A310-300,280,265,162070.99,22,21,10,10
300,AA,0101,2027-08-14,608.20,USD,A330-300,223,172,120234.62,22,18,11,8
300,AA,0101,2027-08-28,583.37,USD,A330-300,223,203,123425.18,22,21,11,9
300,AA,0101,2027-09-08,553.89,USD,A310-300,280,250,150102.49,22,20,10,8
300,AA,0101,2027-09-20,628.24,USD,A330-300,223,150,106512.12,22,14,11,8
300,AA,0101,2027-09-30,591.15,USD,DC-10-10,380,348,179527.24,41,39,18,17
300,AA,0101,2027-10-12,564.11,USD,A310-300,280,256,153657.67,22,21,10,9
300,AA,0101,2027-10-23,643.68,USD,747-400,385,359,235582.38,31,29,21,19
300,AA,0101,2027-11-02,552.14,USD,A330-300,223,186,91860.67,22,19,11,9
300,AA,0101,2027-11-13,595.42,USD,DC-10-10,380,335,222675.24,41,37,18,16
300,AF,0100,2027-01-05,187.36,EUR,A321,220,183,38039.75,22,17,11,10
300,AF,0100,2027-01-17,178.22,EUR,727-200,189,127,19906.17,18,13,11,8
300,AF,0100,2027-01-27,168.10,EUR,737-200,130,107,18418.89,10,8,8,6
300,AF,0100,2027-02-07,146.14,EUR,727-200,189,133,21644.85,18,13,11,7
300,AF,0100,2027-02-19,173.56,EUR,A321,220,177,32047.83,22,17,11,9
300,AF,0100,2027-03-02,185.73,EUR,737-200,130,89,15574.82,10,7,8,6
300,AF,0100,2027-03-14,147.13,EUR,A321,220,185,24461.13,22,19,11,10
300,AF,0100,2027-03-25,157.53,EUR,A319,220,162,25144.61,22,16,10,8
300,AF,0100,2027-04-07,178.55,EUR,727-200,189,179,33866.53,18,17,11,10
300,AF,0100,2027-04-19,166.89,EUR,727-200,189,175,31510.71,18,17,11,10
300,AF,0100,2027-05-03,153.79,EUR,737-200,130,98,14515.11,10,7,8,6
300,AF,0100,2027-05-15,188.69,EUR,727-200,189,147,25420.48,18,13,11,8
300,AF,0100,2027-05-27,148.34,EUR,737-200,130,104,14804.30,10,8,8,6
300,AF,0100,2027-06-07,145.61,EUR,737-200,130,100,15892.38,10,8,8,6
300,AF,0100,2027-06-20,181.55,EUR,737-200,130,116,18751.97,10,9,8,7
300,AF,0100,2027-07-01,143.88,EUR,A319,220,206,31856.75,22,20,10,10
300,AF,0100,2027-07-12,166.33,EUR,737-200,130,100,17559.36,10,8,8,6
300,AF,0100,2027-07-23,156.56,EUR,727-200,189,169,25628.05,18,16,11,10
300,AF,0100,2027-08-04,172.12,EUR,737-200,130,90,14437.08,10,7,8,6
300,AF,0100,2027-08-14,153.73,EUR,727-200,189,167,28659.37,18,15,11,9
300,AF,0100,2027-08-28,142.15,EUR,727-200,189,162,24528.21,18,15,11,9
300,AF,0100,2027-09-08,159.42,EUR,A321,220,191,28776.76,22,19,11,9
300,AF,0100,2027-09-20,152.07,EUR,A321,220,175,25927.82,22,18,11,9
300,AF,0100,2027-09-30,177.36,EUR,727-200,189,166,26703.72,18,16,11,10
300,AF,0100,2027-10-12,188.56,EUR,A321,220,161,29151.59,22,15,11,8
300,AF,0100,2027-10-23,184.63,EUR,737-200,130,95,14940.27,10,7,8,6
300,AF,0100,2027-11-02,158.99,EUR,A321,220,212,33185.17,22,22,11,10
300,AF,0100,2027-11-13,173.40,EUR,A319,220,172,30251.52,22,18,10,8
300,AF,0101,2027-01-05,185.19,EUR,A319,220,209,42910.55,22,22,10,9
300,AF,0101,2027-01-17,165.83,EUR,A321,220,191,33357.11,22,19,11,9
300,AF,0101,2027-01-27,194.99,EUR,A321,220,209,41375.83,22,20,11,10
300,AF,0101,2027-02-07,157.34,EUR,737-200,130,116,16339.16,10,9,8,7
300,AF,0101,2027-02-19,173.99,EUR,727-200,189,158,23464.78,18,15,11,10
300,AF,0101,2027-03-02,194.05,EUR,727-200,189,134,25801.57,18,13,11,8
300,AF,0101,2027-03-14,172.18,EUR,A319,220,183,32061.69,22,18,10,8
300,AF,0101,2027-03-25,194.91,EUR,A321,220,193,35913.04,22,20,11,9
300,AF,0101,2027-04-07,152.90,EUR,737-200,130,111,19087.92,10,8,8,7
300,AF,0101,2027-04-19,158.47,EUR,A321,220,211,30006.91,22,22,11,11
300,AF,0101,2027-05-03,150.80,EUR,A319,220,165,25748.39,22,18,10,7
300,AF,0101,2027-05-15,146.44,EUR,A319,220,163,22235.16,22,17,10,7
300,AF,0101,2027-05-27,174.29,EUR,A319,220,170,28000.06,22,18,10,8
300,AF,0101,2027-06-07,188.29,EUR,737-200,130,91,17969.69,10,7,8,5
300,AF,0101,2027-06-20,163.88,EUR,727-200,189,127,22251.08,18,12,11,7
300,AF,0101,2027-07-01,170.53,EUR,A319,220,175,31148.23,22,16,10,7
300,AF,0101,2027-07-12,151.04,EUR,A321,220,159,25718.09,22,15,11,8
300,AF,0101,2027-07-23,172.30,EUR,727-200,189,181,29998.47,18,17,11,10
300,AF,0101,2027-08-04,164.30,EUR,727-200,189,128,19598.44,18,11,11,7
300,AF,0101,2027-08-14,158.43,EUR,737-200,130,115,16832.18,10,9,8,7
300,AF,0101,2027-08-28,182.23,EUR,727-200,189,170,34782.80,18,16,11,10
300,AF,0101,2027-09-08,163.03,EUR,A319,220,194,33952.17,22,20,10,9
300,AF,0101,2027-09-20,193.83,EUR,727-200,189,130,24753.36,18,12,11,7
300,AF,0101,2027-09-30,173.62,EUR,A319,220,205,31495.51,22,21,10,10
300,AF,0101,2027-10-12,149.63,EUR,A321,220,159,23799.15,22,15,11,8
300,AF,0101,2027-10-23,179.13,EUR,A321,220,201,40030.97,22,20,11,9
300,AF,0101,2027-11-02,178.16,EUR,727-200,189,180,30185.93,18,18,11,11
300,AF,0101,2027-11-13,194.07,EUR,A319,220,178,37666.15,22,18,10,7
300,AF,0200,2027-01-05,659.30,EUR,747-400,385,312,205266.67,31,25,21,16
300,AF,0200,2027-01-17,650.54,EUR,747-400,385,327,241518.61,31,27,21,18
300,AF,0200,2027-01-27,688.82,EUR,747-400,385,273,201065.54,31,23,21,13
300,AF,0200,2027-02-07,711.80,EUR,DC-10-10,380,283,193589.25,41,29,18,13
300,AF,0200,2027-02-19,708.05,EUR,A310-300,280,216,149542.04,22,17,10,7
300,AF,0200,2027-03-02,714.24,EUR,747-400,385,306,207791.46,31,26,21,17
300,AF,0200,2027-03-14,707.63,EUR,A330-300,223,188,127870.55,22,18,11,9
300,AF,0200,2027-03-25,707.67,EUR,A330-300,223,184,125126.56,22,18,11,9
300,AF,0200,2027-04-07,831.17,EUR,A330-300,223,189,171590.31,22,18,11,9
300,AF,0200,2027-04-19,772.12,EUR,A310-300,280,235,173152.22,22,18,10,8
300,AF,0200,2027-05-03,794.77,EUR,747-400,385,273,242571.41,31,21,21,16
300,AF,0200,2027-05-15,765.81,EUR,A310-300,280,196,171220.35,22,15,10,7
300,AF,0200,2027-05-27,825.25,EUR,A330-300,223,209,152696.88,22,22,11,11
300,AF,0200,2027-06-07,806.96,EUR,DC-10-10,380,269,241148.11,41,28,18,11
300,AF,0200,2027-06-20,788.80,EUR,747-400,385,312,267405.39,31,25,21,16
300,AF,0200,2027-07-01,666.49,EUR,747-400,385,306,216302.29,31,23,21,16
300,AF,0200,2027-07-12,849.51,EUR,A330-300,223,186,145083.31,22,18,11,9
300,AF,0200,2027-07-23,726.24,EUR,DC-10-10,380,339,237728.91,41,36,18,15
300,AF,0200,2027-08-04,667.90,EUR,A330-300,223,159,99296.35,22,15,11,7
300,AF,0200,2027-08-14,657.36,EUR,DC-10-10,380,296,198719.22,41,31,18,12
300,AF,0200,2027-08-28,699.55,EUR,DC-10-10,380,273,166139.91,41,28,18,12
300,AF,0200,2027-09-08,663.03,EUR,A310-300,280,213,151068.23,22,17,10,7
300,AF,0200,2027-09-20,810.42,EUR,747-400,385,288,245558.80,31,22,21,15
300,AF,0200,2027-09-30,822.66,EUR,A330-300,223,171,130821.57,22,17,11,7
300,AF,0200,2027-10-12,661.01,EUR,A310-300,280,195,140170.05,22,15,10,7
300,AF,0200,2027-10-23,857.85,EUR,747-400,385,334,300244.94,31,28,21,18
300,AF,0200,2027-11-02,724.51,EUR,A330-300,223,150,105581.81,22,15,11,7
300,AF,0200,2027-11-13,801.28,EUR,747-400,385,272,232456.46,31,21,21,14
300,AF,0201,2027-01-05,782.02,EUR,A330-300,223,191,159446.38,22,19,11,10
300,AF,0201,2027-01-17,766.58,EUR,A310-300,280,234,159279.81,22,18,10,8
300,AF,0201,2027-01-27,678.27,EUR,A330-300,223,181,133234.88,22,17,11,8
300,AF,0201,2027-02-07,819.06,EUR,A310-300,280,262,244434.85,22,20,10,9
300,AF,0201,2027-02-19,719.35,EUR,747-400,385,265,204508.56,31,21,21,14
300,AF,0201,2027-03-02,834.80,EUR,A330-300,223,189,151918.99,22,19,11,9
300,AF,0201,2027-03-14,658.29,EUR,A310-300,280,203,127713.65,22,15,10,7
300,AF,0201,2027-03-25,724.10,EUR,A330-300,223,157,104687.41,22,15,11,8
300,AF,0201,2027-04-07,664.66,EUR,747-400,385,279,169620.91,31,23,21,14
300,AF,0201,2027-04-19,633.37,EUR,A310-300,280,257,180276.88,22,20,10,9
300,AF,0201,2027-05-03,739.96,EUR,A330-300,223,188,128490.61,22,18,11,8
300,AF,0201,2027-05-15,830.03,EUR,A330-300,223,196,144819.02,22,19,11,9
300,AF,0201,2027-05-27,637.95,EUR,A330-300,223,154,92330.72,22,16,11,7
300,AF,0201,2027-06-07,830.82,EUR,A310-300,280,215,198007.36,22,16,10,7
300,AF,0201,2027-06-20,829.79,EUR,747-400,385,330,250203.48,31,28,21,16
300,AF,0201,2027-07-01,710.33,EUR,DC-10-10,380,281,184997.20,41,32,18,13
300,AF,0201,2027-07-12,638.69,EUR,747-400,385,327,227290.77,31,26,21,16
300,AF,0201,2027-07-23,828.19,EUR,DC-10-10,380,289,215254.04,41,30,18,12
300,AF,0201,2027-08-04,676.24,EUR,747-400,385,357,227585.64,31,28,21,18
300,AF,0201,2027-08-14,631.77,EUR,DC-10-10,380,258,154069.82,41,27,18,10
300,AF,0201,2027-08-28,696.47,EUR,A310-300,280,234,177720.12,22,19,10,9
300,AF,0201,2027-09-08,663.63,EUR,DC-10-10,380,285,203956.50,41,31,18,14
300,AF,0201,2027-09-20,655.61,EUR,A330-300,223,183,109860.43,22,18,11,9
300,AF,0201,2027-09-30,762.41,EUR,DC-10-10,380,262,179309.45,41,26,18,12
300,AF,0201,2027-10-12,727.58,EUR,747-400,385,315,248918.09,31,25,21,17
300,AF,0201,2027-10-23,707.14,EUR,A310-300,280,203,135244.39,22,17,10,7
300,AF,0201,2027-11-02,839.77,EUR,A310-300,280,207,149746.16,22,17,10,7
300,AF,0201,2027-11-13,757.52,EUR,A330-300,223,197,132738.90,22,19,11,10
300,SR,0100,2027-01-05,299.69,CHF,737-200,130,118,30211.33,10,9,8,7
300,SR,0100,2027-01-17,273.86,CHF,A321,220,170,42153.32,22,17,11,8
300,SR,0100,2027-01-27,239.09,CHF,A321,220,150,31386.18,22,15,11,7
300,SR,0100,2027-02-07,235.95,CHF,A321,220,187,50605.95,22,19,11,9
300,SR,0100,2027-02-19,315.64,CHF,A321,220,171,50793.84,22,16,11,8
300,SR,0100,2027-03-02,260.42,CHF,A319,220,150,36897.95,22,15,10,7
300,SR,0100,2027-03-14,301.01,CHF,A321,220,173,44838.47,22,18,11,9
300,SR,0100,2027-03-25,274.52,CHF,727-200,189,160,46806.08,18,16,11,9
300,SR,0100,2027-04-07,316.94,CHF,727-200,189,134,41391.49,18,13,11,8
300,SR,0100,2027-04-19,259.96,CHF,737-200,130,117,31994.60,10,9,8,7
300,SR,0100,2027-05-03,280.41,CHF,A321,220,161,41444.69,22,16,11,8
300,SR,0100,2027-05-15,311.16,CHF,A321,220,168,45751.87,22,16,11,9
300,SR,0100,2027-05-27,278.33,CHF,737-200,130,125,36262.35,10,10,8,7
300,SR,0100,2027-06-07,288.85,CHF,A321,220,150,39601.17,22,16,11,6
300,SR,0100,2027-06-20,254.67,CHF,A321,220,163,43176.25,22,16,11,7
300,SR,0100,2027-07-01,277.96,CHF,727-200,189,156,47560.15,18,15,11,9
300,SR,0100,2027-07-12,284.54,CHF,737-200,130,97,23626.45,10,7,8,6
300,SR,0100,2027-07-23,309.43,CHF,A319,220,168,47110.96,22,17,10,8
300,SR,0100,2027-08-04,294.09,CHF,727-200,189,137,41555.80,18,13,11,7
300,SR,0100,2027-08-14,313.11,CHF,A319,220,211,65531.50,22,21,10,10
300,SR,0100,2027-08-28,301.50,CHF,A319,220,155,45826.19,22,16,10,6
300,SR,0100,2027-09-08,286.04,CHF,A319,220,201,55106.65,22,21,10,10
300,SR,0100,2027-09-20,235.26,CHF,A319,220,173,37070.73,22,18,10,8
300,SR,0100,2027-09-30,306.89,CHF,737-200,130,109,37226.20,10,8,8,6
300,SR,0100,2027-10-12,274.40,CHF,A319,220,178,52393.29,22,18,10,8
300,SR,0100,2027-10-23,286.91,CHF,A321,220,178,53543.17,22,17,11,8
300,SR,0100,2027-11-02,301.93,CHF,727-200,189,173,52672.13,18,16,11,10
300,SR,0100,2027-11-13,244.90,CHF,727-200,189,163,40017.36,18,15,11,9
300,SR,0101,2027-01-05,296.47,CHF,737-200,130,89,29076.17,10,6,8,6
300,SR,0101,2027-01-17,234.36,CHF,727-200,189,179,38123.82,18,17,11,10
300,SR,0101,2027-01-27,303.71,CHF,A319,220,195,62250.60,22,19,10,8
300,SR,0101,2027-02-07,310.00,CHF,A319,220,205,72794.16,22,20,10,9
300,SR,0101,2027-02-19,293.17,CHF,737-200,130,115,30100.06,10,8,8,7
300,SR,0101,2027-03-02,309.72,CHF,A321,220,199,70721.30,22,21,11,10
300,SR,0101,2027-03-14,256.96,CHF,A321,220,164,40223.71,22,17,11,8
300,SR,0101,2027-03-25,277.72,CHF,A319,220,193,52842.50,22,20,10,9
300,SR,0101,2027-04-07,290.16,CHF,737-200,130,99,31677.88,10,7,8,6
300,SR,0101,2027-04-19,265.74,CHF,737-200,130,124,32057.69,10,9,8,7
300,SR,0101,2027-05-03,281.27,CHF,A321,220,155,48139.75,22,14,11,8
300,SR,0101,2027-05-15,271.53,CHF,A321,220,162,38589.98,22,15,11,8
300,SR,0101,2027-05-27,236.58,CHF,727-200,189,133,30398.03,18,12,11,8
300,SR,0101,2027-06-07,242.21,CHF,727-200,189,182,39405.91,18,17,11,11
300,SR,0101,2027-06-20,253.91,CHF,A321,220,197,49318.49,22,20,11,9
300,SR,0101,2027-07-01,249.56,CHF,727-200,189,139,30667.41,18,14,11,7
300,SR,0101,2027-07-12,236.75,CHF,737-200,130,96,23342.57,10,7,8,5
300,SR,0101,2027-07-23,261.45,CHF,A321,220,170,49314.85,22,18,11,9
300,SR,0101,2027-08-04,275.71,CHF,737-200,130,123,37587.93,10,10,8,7
300,SR,0101,2027-08-14,299.10,CHF,727-200,189,174,46513.44,18,17,11,11
300,SR,0101,2027-08-28,303.48,CHF,727-200,189,145,49012.06,18,13,11,8
300,SR,0101,2027-09-08,238.74,CHF,727-200,189,152,41597.95,18,15,11,9
300,SR,0101,2027-09-20,257.08,CHF,A321,220,165,36789.62,22,16,11,8
300,SR,0101,2027-09-30,283.17,CHF,727-200,189,172,49100.16,18,16,11,9
300,SR,0101,2027-10-12,232.76,CHF,737-200,130,95,20848.08,10,8,8,5
300,SR,0101,2027-10-23,240.01,CHF,727-200,189,173,44865.79,18,17,11,10
300,SR,0101,2027-11-02,230.94,CHF,A321,220,158,37248.08,22,15,11,8
300,SR,0101,2027-11-13,282.89,CHF,727-200,189,150,40851.10,18,14,11,8
300,SR,0200,2027-01-05,1130.56,CHF,A310-300,280,243,261781.00,22,20,10,8
300,SR,0200,2027-01-17,1166.29,CHF,DC-10-10,380,283,347198.28,41,29,18,12
300,SR,0200,2027-01-27,897.15,CHF,A310-300,280,237,197919.13,22,18,10,9
300,SR,0200,2027-02-07,871.32,CHF,A330-300,223,181,137325.52,22,18,11,9
300,SR,0200,2027-02-19,1029.50,CHF,DC-10-10,380,365,399964.58,41,38,18,17
300,SR,0200,2027-03-02,1049.58,CHF,747-400,385,288,278586.57,31,23,21,14
300,SR,0200,2027-03-14,1054.18,CHF,A310-300,280,223,228934.31,22,17,10,8
300,SR,0200,2027-03-25,1111.70,CHF,A310-300,280,203,254673.78,22,16,10,6
300,SR,0200,2027-04-07,935.88,CHF,A310-300,280,255,220801.10,22,19,10,9
300,SR,0200,2027-04-19,1093.77,CHF,DC-10-10,380,315,388478.53,41,34,18,14
300,SR,0200,2027-05-03,1150.27,CHF,A310-300,280,205,258311.79,22,15,10,8
300,SR,0200,2027-05-15,1018.47,CHF,DC-10-10,380,279,265182.53,41,30,18,12
300,SR,0200,2027-05-27,931.57,CHF,A310-300,280,214,182018.03,22,16,10,7
300,SR,0200,2027-06-07,1151.83,CHF,747-400,385,372,422271.03,31,29,21,20
300,SR,0200,2027-06-20,1000.55,CHF,DC-10-10,380,316,353764.77,41,34,18,13
300,SR,0200,2027-07-01,936.56,CHF,A310-300,280,249,266626.11,22,19,10,9
300,SR,0200,2027-07-12,1153.49,CHF,A330-300,223,183,216893.92,22,18,11,9
300,SR,0200,2027-07-23,1046.60,CHF,747-400,385,360,425494.87,31,28,21,19
300,SR,0200,2027-08-04,1055.72,CHF,DC-10-10,380,269,257471.71,41,28,18,12
300,SR,0200,2027-08-14,926.60,CHF,A310-300,280,211,189537.60,22,16,10,7
300,SR,0200,2027-08-28,1048.92,CHF,A310-300,280,265,305958.28,22,22,10,9
300,SR,0200,2027-09-08,922.26,CHF,A330-300,223,198,175928.99,22,19,11,9
300,SR,0200,2027-09-20,1125.77,CHF,DC-10-10,380,304,381761.30,41,32,18,14
300,SR,0200,2027-09-30,995.57,CHF,747-400,385,269,270369.51,31,23,21,14
300,SR,0200,2027-10-12,1038.51,CHF,A310-300,280,229,236555.34,22,19,10,8
300,SR,0200,2027-10-23,891.50,CHF,A330-300,223,159,130252.77,22,15,11,8
300,SR,0200,2027-11-02,1109.13,CHF,747-400,385,342,382450.50,31,27,21,18
300,SR,0200,2027-11-13,1046.73,CHF,A310-300,280,220,210119.16,22,17,10,8
300,SR,0201,2027-01-05,886.20,CHF,DC-10-10,380,265,227937.39,41,27,18,13
300,SR,0201,2027-01-17,850.12,CHF,747-400,385,302,289093.84,31,24,21,17
300,SR,0201,2027-01-27,1014.60,CHF,A310-300,280,258,293944.99,22,21,10,8
300,SR,0201,2027-02-07,957.83,CHF,A310-300,280,204,204828.59,22,17,10,8
300,SR,0201,2027-02-19,1055.48,CHF,DC-10-10,380,323,293963.21,41,36,18,15
300,SR,0201,2027-03-02,993.08,CHF,747-400,385,279,240132.57,31,22,21,16
300,SR,0201,2027-03-14,968.25,CHF,A330-300,223,206,197471.80,22,21,11,10
300,SR,0201,2027-03-25,849.35,CHF,747-400,385,345,293184.43,31,27,21,19
300,SR,0201,2027-04-07,1079.41,CHF,A330-300,223,214,246766.44,22,22,11,11
300,SR,0201,2027-04-19,1074.33,CHF,A330-300,223,211,217509.04,22,21,11,10
300,SR,0201,2027-05-03,998.93,CHF,747-400,385,345,391390.36,31,28,21,18
300,SR,0201,2027-05-15,1026.08,CHF,DC-10-10,380,292,275165.46,41,33,18,12
300,SR,0201,2027-05-27,1101.31,CHF,A330-300,223,195,192017.91,22,20,11,10
300,SR,0201,2027-06-07,1036.14,CHF,A330-300,223,189,206518.58,22,19,11,8
300,SR,0201,2027-06-20,986.72,CHF,747-400,385,353,320676.29,31,28,21,19
300,SR,0201,2027-07-01,980.57,CHF,A310-300,280,237,242575.52,22,19,10,8
300,SR,0201,2027-07-12,908.24,CHF,DC-10-10,380,312,276816.01,41,34,18,14
300,SR,0201,2027-07-23,901.40,CHF,DC-10-10,380,286,280298.45,41,31,18,14
300,SR,0201,2027-08-04,1105.68,CHF,DC-10-10,380,292,332067.85,41,30,18,13
300,SR,0201,2027-08-14,894.49,CHF,DC-10-10,380,323,277121.83,41,34,18,16
300,SR,0201,2027-08-28,1086.55,CHF,DC-10-10,380,352,367638.05,41,38,18,17
300,SR,0201,2027-09-08,970.96,CHF,DC-10-10,380,333,311148.22,41,37,18,15
300,SR,0201,2027-09-20,1019.79,CHF,A330-300,223,179,174973.28,22,17,11,9
300,SR,0201,2027-09-30,999.71,CHF,A310-300,280,250,239469.48,22,20,10,8
300,SR,0201,2027-10-12,852.90,CHF,747-400,385,286,277430.95,31,23,21,16
300,SR,0201,2027-10-23,850.28,CHF,A330-300,223,153,136041.06,22,16,11,7
300,SR,0201,2027-11-02,1124.91,CHF,747-400,385,344,338377.14,31,26,21,19
300,SR,0201,2027-11-13,1070.04,CHF,DC-10-10,380,278,318774.05,41,29,18,13
300,UA,0100,2027-01-05,677.65,USD,DC-10-10,380,320,197556.64,41,34,18,15
300,UA,0100,2027-01-17,646.88,USD,DC-10-10,380,302,183765.89,41,31,18,14
300,UA,0100,2027-01-27,667.53,USD,A310-300,280,267,187018.87,22,21,10,10
300,UA,0100,2027-02-07,563.43,USD,A330-300,223,181,113662.98,22,19,11,8
300,UA,0100,2027-02-19,541.46,USD,747-400,385,362,180587.72,31,29,21,19
300,UA,0100,2027-03-02,574.64,USD,A330-300,223,198,107929.47,22,19,11,10
300,UA,0100,2027-03-14,618.58,USD,A310-300,280,238,166245.59,22,18,10,8
300,UA,0100,2027-03-25,581.04,USD,DC-10-10,380,319,192564.86,41,35,18,16
300,UA,0100,2027-04-07,650.44,USD,DC-10-10,380,367,251562.23,41,40,18,17
300,UA,0100,2027-04-19,573.48,USD,A310-300,280,221,127949.88,22,17,10,8
300,UA,0100,2027-05-03,651.07,USD,DC-10-10,380,262,147966.59,41,26,18,13
300,UA,0100,2027-05-15,596.22,USD,DC-10-10,380,280,191382.84,41,30,18,14
300,UA,0100,2027-05-27,561.22,USD,DC-10-10,380,279,147565.62,41,29,18,13
300,UA,0100,2027-06-07,619.57,USD,747-400,385,327,181136.91,31,26,21,18
300,UA,0100,2027-06-20,517.60,USD,DC-10-10,380,356,193122.10,41,36,18,17
300,UA,0100,2027-07-01,679.91,USD,747-400,385,273,178793.26,31,23,21,14
300,UA,0100,2027-07-12,650.34,USD,A310-300,280,228,163496.88,22,17,10,8
300,UA,0100,2027-07-23,508.77,USD,A330-300,223,202,90917.13,22,21,11,9
300,UA,0100,2027-08-04,668.11,USD,A310-300,280,210,122930.77,22,17,10,7
300,UA,0100,2027-08-14,673.04,USD,DC-10-10,380,357,215352.09,41,38,18,17
300,UA,0100,2027-08-28,577.75,USD,A310-300,280,201,105473.09,22,15,10,7
300,UA,0100,2027-09-08,604.48,USD,A310-300,280,230,129203.59,22,19,10,8
300,UA,0100,2027-09-20,594.29,USD,DC-10-10,380,320,192219.39,41,34,18,15
300,UA,0100,2027-09-30,628.40,USD,A310-300,280,226,129666.27,22,19,10,7
300,UA,0100,2027-10-12,537.60,USD,A330-300,223,190,106932.17,22,19,11,9
300,UA,0100,2027-10-23,538.73,USD,DC-10-10,380,267,144685.02,41,27,18,11
300,UA,0100,2027-11-02,582.23,USD,A310-300,280,267,134484.80,22,21,10,10
300,UA,0100,2027-11-13,646.80,USD,747-400,385,371,239593.91,31,30,21,21
300,UA,0101,2027-01-05,532.21,USD,A310-300,280,209,109918.98,22,17,10,7
300,UA,0101,2027-01-17,522.09,USD,747-400,385,271,139086.10,31,21,21,16
300,UA,0101,2027-01-27,619.81,USD,747-400,385,291,156224.37,31,24,21,14
300,UA,0101,2027-02-07,615.89,USD,747-400,385,267,155365.69,31,22,21,14
300,UA,0101,2027-02-19,550.20,USD,747-400,385,300,140325.39,31,25,21,16
300,UA,0101,2027-03-02,572.32,USD,A310-300,280,259,154404.49,22,20,10,8
300,UA,0101,2027-03-14,507.55,USD,A330-300,223,203,111958.32,22,20,11,10
300,UA,0101,2027-03-25,641.16,USD,A330-300,223,171,119365.04,22,16,11,9
300,UA,0101,2027-04-07,587.38,USD,DC-10-10,380,300,192666.67,41,31,18,14
300,UA,0101,2027-04-19,574.17,USD,A310-300,280,192,94101.54,22,15,10,6
300,UA,0101,2027-05-03,661.66,USD,A330-300,223,208,119636.68,22,20,11,11
300,UA,0101,2027-05-15,617.82,USD,A330-300,223,170,95877.08,22,17,11,8
300,UA,0101,2027-05-27,645.94,USD,DC-10-10,380,350,219344.99,41,39,18,16
300,UA,0101,2027-06-07,492.22,USD,A330-300,223,155,83681.38,22,15,11,7
300,UA,0101,2027-06-20,597.22,USD,747-400,385,312,163617.63,31,25,21,15
300,UA,0101,2027-07-01,645.41,USD,A330-300,223,163,106003.25,22,16,11,7
300,UA,0101,2027-07-12,582.03,USD,A310-300,280,269,143238.85,22,21,10,9
300,UA,0101,2027-07-23,591.30,USD,DC-10-10,380,342,177660.99,41,38,18,15
300,UA,0101,2027-08-04,526.25,USD,DC-10-10,380,350,186193.38,41,38,18,15
300,UA,0101,2027-08-14,577.41,USD,DC-10-10,380,316,166929.03,41,36,18,14
300,UA,0101,2027-08-28,524.36,USD,A310-300,280,210,100294.95,22,17,10,7
300,UA,0101,2027-09-08,632.50,USD,747-400,385,314,214416.45,31,26,21,17
300,UA,0101,2027-09-20,661.32,USD,DC-10-10,380,278,160183.14,41,28,18,11
300,UA,0101,2027-09-30,652.97,USD,A310-300,280,241,172495.22,22,20,10,8
300,UA,0101,2027-10-12,656.42,USD,DC-10-10,380,263,149017.83,41,29,18,12
300,UA,0101,2027-10-23,495.36,USD,A310-300,280,245,121363.17,22,19,10,9
300,UA,0101,2027-11-02,511.26,USD,A310-300,280,191,86020.61,22,14,10,6
300,UA,0101,2027-11-13,585.01,USD,747-400,385,366,243096.48,31,30,21,20
300,DL,0200,2027-01-05,543.99,USD,A330-300,223,203,104311.96,22,19,11,10
300,DL,0200,2027-01-17,557.35,USD,DC-10-10,380,272,138592.63,41,27,18,13
300,DL,0200,2027-01-27,510.25,USD,A330-300,223,158,78238.46,22,15,11,7
300,DL,0200,2027-02-07,453.72,USD,A330-300,223,187,73594.83,22,18,11,10
300,DL,0200,2027-02-19,475.12,USD,DC-10-10,380,309,165291.04,41,34,18,15
300,DL,0200,2027-03-02,457.15,USD,747-400,385,259,115389.31,31,20,21,12
300,DL,0200,2027-03-14,595.74,USD,747-400,385,336,214956.55,31,27,21,17
300,DL,0200,2027-03-25,532.96,USD,A310-300,280,235,107843.87,22,18,10,8
300,DL,0200,2027-04-07,495.78,USD,DC-10-10,380,349,153872.53,41,36,18,17
300,DL,0200,2027-04-19,496.85,USD,DC-10-10,380,258,138940.15,41,28,18,10
300,DL,0200,2027-05-03,506.47,USD,A330-300,223,216,99858.34,22,21,11,11
300,DL,0200,2027-05-15,472.80,USD,A310-300,280,210,99940.87,22,17,10,8
300,DL,0200,2027-05-27,452.29,USD,A330-300,223,198,83946.71,22,19,11,9
300,DL,0200,2027-06-07,445.92,USD,747-400,385,290,121611.05,31,22,21,16
300,DL,0200,2027-06-20,545.56,USD,747-400,385,330,181816.64,31,27,21,18
300,DL,0200,2027-07-01,559.09,USD,A330-300,223,166,87281.32,22,16,11,8
300,DL,0200,2027-07-12,532.39,USD,A330-300,223,199,106591.39,22,19,11,10
300,DL,0200,2027-07-23,478.04,USD,A330-300,223,155,79258.32,22,16,11,8
300,DL,0200,2027-08-04,517.30,USD,DC-10-10,380,354,204047.22,41,37,18,17
300,DL,0200,2027-08-14,505.52,USD,A310-300,280,253,120769.21,22,19,10,9
300,DL,0200,2027-08-28,560.04,USD,A310-300,280,191,122728.82,22,15,10,7
300,DL,0200,2027-09-08,441.76,USD,A310-300,280,238,97917.22,22,18,10,9
300,DL,0200,2027-09-20,469.64,USD,A310-300,280,247,112696.84,22,19,10,8
300,DL,0200,2027-09-30,485.12,USD,DC-10-10,380,282,127224.38,41,32,18,13
300,DL,0200,2027-10-12,539.99,USD,DC-10-10,380,300,149277.08,41,32,18,15
300,DL,0200,2027-10-23,555.84,USD,DC-10-10,380,265,163361.03,41,27,18,12
300,DL,0200,2027-11-02,548.62,USD,747-400,385,334,159236.02,31,26,21,16
300,DL,0200,2027-11-13,555.30,USD,A330-300,223,174,93908.53,22,18,11,9
300,DL,0201,2027-01-05,480.29,USD,747-400,385,297,160729.19,31,23,21,17
300,DL,0201,2027-01-17,530.07,USD,DC-10-10,380,329,148340.61,41,34,18,16
300,DL,0201,2027-01-27,528.88,USD,747-400,385,357,184443.79,31,29,21,18
300,DL,0201,2027-02-07,598.26,USD,A330-300,223,168,97993.11,22,18,11,8
300,DL,0201,2027-02-19,536.80,USD,A330-300,223,205,120899.30,22,20,11,10
300,DL,0201,2027-03-02,520.70,USD,A330-300,223,181,105428.92,22,18,11,9
300,DL,0201,2027-03-14,589.84,USD,DC-10-10,380,353,205861.30,41,38,18,17
300,DL,0201,2027-03-25,460.00,USD,DC-10-10,380,301,124258.63,41,32,18,13
300,DL,0201,2027-04-07,469.56,USD,A310-300,280,225,103681.60,22,17,10,8
300,DL,0201,2027-04-19,575.93,USD,747-400,385,371,203043.36,31,29,21,20
300,DL,0201,2027-05-03,496.12,USD,747-400,385,274,147308.95,31,21,21,16
300,DL,0201,2027-05-15,593.52,USD,747-400,385,260,143490.26,31,22,21,14
300,DL,0201,2027-05-27,504.94,USD,DC-10-10,380,349,154627.11,41,39,18,16
300,DL,0201,2027-06-07,459.91,USD,DC-10-10,380,273,135822.04,41,28,18,13
300,DL,0201,2027-06-20,558.05,USD,DC-10-10,380,331,187272.65,41,34,18,16
300,DL,0201,2027-07-01,572.50,USD,A310-300,280,227,119855.50,22,17,10,9
300,DL,0201,2027-07-12,524.25,USD,DC-10-10,380,349,192774.25,41,38,18,16
300,DL,0201,2027-07-23,596.17,USD,DC-10-10,380,262,140338.06,41,29,18,12
300,DL,0201,2027-08-04,588.32,USD,DC-10-10,380,323,174910.28,41,35,18,15
300,DL,0201,2027-08-14,560.97,USD,DC-10-10,380,257,136234.69,41,29,18,10
300,DL,0201,2027-08-28,568.30,USD,747-400,385,353,171582.73,31,28,21,19
300,DL,0201,2027-09-08,512.91,USD,747-400,385,340,185995.19,31,28,21,18
300,DL,0201,2027-09-20,515.17,USD,A330-300,223,162,85235.04,22,17,11,7
300,DL,0201,2027-09-30,593.99,USD,DC-10-10,380,278,149055.15,41,29,18,12
300,DL,0201,2027-10-12,553.59,USD,747-400,385,309,153238.18,31,25,21,16
300,DL,0201,2027-10-23,507.30,USD,A330-300,223,165,71222.18,22,16,11,8
300,DL,0201,2027-11-02,606.41,USD,747-400,385,330,177462.61,31,26,21,18
300,DL,0201,2027-11-13,504.03,USD,A330-300,223,204,103693.40,22,21,11,10
300,BA,0100,2028-01-05,655.75,GBP,747-400,385,356,247530.38,31,29,21,18
300,BA,0100,2028-01-16,625.42,GBP,A310-300,280,204,117991.96,22,15,10,7
300,BA,0100,2028-01-27,639.50,GBP,A330-300,223,173,115623.74,22,17,11,8
300,BA,0100,2028-02-08,690.48,GBP,A310-300,280,233,149046.97,22,18,10,8
300,BA,0100,2028-02-20,680.15,GBP,A310-300,280,238,161419.55,22,19,10,8
300,BA,0100,2028-03-05,749.26,GBP,DC-10-10,380,267,203774.20,41,28,18,13
300,BA,0100,2028-03-16,700.55,GBP,A330-300,223,212,156212.02,22,21,11,11
300,BA,0100,2028-03-26,715.09,GBP,A310-300,280,222,146756.09,22,17,10,7
300,BA,0100,2028-04-06,615.40,GBP,A330-300,223,172,117128.97,22,17,11,9
300,BA,0100,2028-04-19,681.57,GBP,A330-300,223,212,128433.04,22,20,11,10
300,BA,0100,2028-04-30,742.94,GBP,DC-10-10,380,334,248055.16,41,36,18,15
300,BA,0100,2028-05-14,677.71,GBP,A330-300,223,153,89878.05,22,16,11,8
300,BA,0100,2028-05-25,729.23,GBP,747-400,385,322,233362.61,31,25,21,17
300,BA,0100,2028-06-08,622.31,GBP,DC-10-10,380,311,185515.08,41,33,18,14
300,BA,0100,2028-06-20,747.27,GBP,A330-300,223,203,169704.14,22,20,11,10
300,BA,0100,2028-07-03,631.63,GBP,747-400,385,321,189051.71,31,27,21,16
300,BA,0100,2028-07-14,615.17,GBP,DC-10-10,380,259,171558.34,41,30,18,11
300,BA,0100,2028-07-25,618.08,GBP,DC-10-10,380,338,180356.23,41,35,18,16
300,BA,0100,2028-08-04,723.11,GBP,747-400,385,331,244730.06,31,28,21,18
300,BA,0100,2028-08-17,690.27,GBP,A330-300,223,208,133704.96,22,20,11,10
300,BA,0100,2028-08-27,645.43,GBP,A330-300,223,165,98059.25,22,16,11,7
300,BA,0100,2028-09-10,646.42,GBP,A310-300,280,197,137064.09,22,16,10,7
300,BA,0100,2028-09-23,663.34,GBP,A310-300,280,193,126259.27,22,15,10,7
300,BA,0100,2028-10-05,731.50,GBP,A330-300,223,191,160338.76,22,18,11,9
300,BA,0100,2028-10-17,620.24,GBP,DC-10-10,380,302,192710.56,41,32,18,13
300,BA,0100,2028-10-28,685.57,GBP,747-400,385,306,207535.62,31,24,21,17
300,BA,0100,2028-11-11,728.98,GBP,A330-300,223,165,111758.59,22,16,11,8
300,BA,0101,2028-01-05,680.44,GBP,DC-10-10,380,292,198167.18,41,33,18,13
300,BA,0101,2028-01-16,637.20,GBP,DC-10-10,380,301,203785.90,41,31,18,14
300,BA,0101,2028-01-27,622.26,GBP,A310-300,280,217,132963.12,22,16,10,8
300,BA,0101,2028-02-08,621.30,GBP,A330-300,223,174,95569.05,22,17,11,9
300,BA,0101,2028-02-20,610.58,GBP,A310-300,280,252,131627.00,22,20,10,9
300,BA,0101,2028-03-05,663.46,GBP,747-400,385,291,188715.65,31,25,21,14
300,BA,0101,2028-03-16,709.65,GBP,A330-300,223,166,129314.62,22,17,11,8
300,BA,0101,2028-03-26,774.78,GBP,DC-10-10,380,268,210408.22,41,31,18,13
300,BA,0101,2028-04-06,708.73,GBP,747-400,385,340,251620.46,31,29,21,18
300,BA,0101,2028-04-19,628.64,GBP,747-400,385,332,183097.17,31,27,21,18
300,BA,0101,2028-04-30,736.25,GBP,DC-10-10,380,303,195373.01,41,32,18,13
300,BA,0101,2028-05-14,682.51,GBP,A310-300,280,252,197772.86,22,20,10,9
300,BA,0101,2028-05-25,603.19,GBP,A330-300,223,209,123255.41,22,20,11,10
300,BA,0101,2028-06-08,759.78,GBP,747-400,385,288,206198.51,31,22,21,15
300,BA,0101,2028-06-20,694.55,GBP,A330-300,223,198,152568.48,22,19,11,9
300,BA,0101,2028-07-03,715.94,GBP,DC-10-10,380,298,188080.32,41,32,18,13
300,BA,0101,2028-07-14,640.97,GBP,A330-300,223,185,131342.17,22,18,11,9
300,BA,0101,2028-07-25,634.89,GBP,A310-300,280,252,181639.67,22,19,10,8
300,BA,0101,2028-08-04,775.92,GBP,DC-10-10,380,352,266510.40,41,39,18,17
300,BA,0101,2028-08-17,590.30,GBP,A330-300,223,184,99482.35,22,19,11,10
300,BA,0101,2028-08-27,675.79,GBP,A330-300,223,183,139345.42,22,19,11,9
300,BA,0101,2028-09-10,730.13,GBP,A330-300,223,154,120617.52,22,16,11,8
300,BA,0101,2028-09-23,692.80,GBP,A330-300,223,191,151200.50,22,20,11,10
300,BA,0101,2028-10-05,671.30,GBP,747-400,385,349,206245.96,31,29,21,19
300,BA,0101,2028-10-17,746.27,GBP,A330-300,223,197,138491.26,22,20,11,10
300,BA,0101,2028-10-28,594.75,GBP,A310-300,280,252,132433.16,22,20,10,9
300,BA,0101,2028-11-11,624.16,GBP,747-400,385,321,189194.20,31,25,21,16
300,BA,0200,2028-01-05,169.91,GBP,727-200,189,147,28111.39,18,14,11,8
300,BA,0200,2028-01-16,170.15,GBP,727-200,189,141,25330.13,18,13,11,9
300,BA,0200,2028-01-27,201.29,GBP,A319,220,185,32709.73,22,18,10,8
300,BA,0200,2028-02-08,206.22,GBP,A319,220,188,42428.44,22,18,10,9
300,BA,0200,2028-02-20,207.34,GBP,A319,220,158,34020.82,22,16,10,7
300,BA,0200,2028-03-05,225.36,GBP,A319,220,202,46939.52,22,21,10,9
300,BA,0200,2028-03-16,194.91,GBP,A319,220,169,28274.46,22,16,10,8
300,BA,0200,2028-03-26,213.44,GBP,737-200,130,118,25813.15,10,9,8,7
300,BA,0200,2028-04-06,188.33,GBP,727-200,189,132,23860.97,18,12,11,7
300,BA,0200,2028-04-19,224.55,GBP,A319,220,170,32472.94,22,17,10,8
300,BA,0200,2028-04-30,197.09,GBP,A321,220,151,26228.16,22,15,11,8
300,BA,0200,2028-05-14,200.86,GBP,737-200,130,90,19795.46,10,7,8,6
300,BA,0200,2028-05-25,172.59,GBP,737-200,130,119,17813.39,10,9,8,7
300,BA,0200,2028-06-08,180.24,GBP,737-200,130,101,16246.51,10,8,8,5
300,BA,0200,2028-06-20,219.54,GBP,727-200,189,167,34913.45,18,16,11,9
300,BA,0200,2028-07-03,188.65,GBP,737-200,130,101,17922.59,10,8,8,5
300,BA,0200,2028-07-14,170.07,GBP,737-200,130,111,16353.22,10,9,8,6
300,BA,0200,2028-07-25,220.61,GBP,A321,220,212,44783.32,22,21,11,11
300,BA,0200,2028-08-04,179.79,GBP,727-200,189,163,32043.49,18,16,11,10
300,BA,0200,2028-08-17,221.59,GBP,A319,220,158,38721.97,22,15,10,7
300,BA,0200,2028-08-27,211.78,GBP,A321,220,169,34395.16,22,16,11,8
300,BA,0200,2028-09-10,211.80,GBP,737-200,130,100,19697.62,10,8,8,6
300,BA,0200,2028-09-23,221.89,GBP,A321,220,153,33625.82,22,14,11,7
300,BA,0200,2028-10-05,223.81,GBP,737-200,130,119,25328.59,10,9,8,7
300,BA,0200,2028-10-17,171.19,GBP,737-200,130,120,19049.97,10,9,8,8
300,BA,0200,2028-10-28,183.65,GBP,A321,220,190,35389.90,22,18,11,9
300,BA,0200,2028-11-11,221.27,GBP,A321,220,179,43805.35,22,18,11,9
300,BA,0201,2028-01-05,165.84,GBP,A321,220,183,32994.66,22,18,11,10
300,BA,0201,2028-01-16,207.19,GBP,737-200,130,117,24951.41,10,9,8,7
300,BA,0201,2028-01-27,205.45,GBP,737-200,130,111,23828.39,10,9,8,6
300,BA,0201,2028-02-08,163.10,GBP,727-200,189,178,29354.68,18,17,11,10
300,BA,0201,2028-02-20,189.76,GBP,727-200,189,160,30850.32,18,15,11,9
300,BA,0201,2028-03-05,178.63,GBP,A321,220,186,37599.83,22,19,11,10
300,BA,0201,2028-03-16,195.32,GBP,737-200,130,94,20543.10,10,8,8,6
300,BA,0201,2028-03-26,205.43,GBP,727-200,189,183,39612.55,18,17,11,11
300,BA,0201,2028-04-06,170.24,GBP,A319,220,214,31638.40,22,21,10,9
300,BA,0201,2028-04-19,174.34,GBP,737-200,130,108,21338.28,10,8,8,7
300,BA,0201,2028-04-30,211.80,GBP,727-200,189,170,33369.08,18,15,11,9
300,BA,0201,2028-05-14,196.14,GBP,727-200,189,162,36260.97,18,15,11,9
300,BA,0201,2028-05-25,193.54,GBP,A321,220,154,32398.63,22,16,11,7
300,BA,0201,2028-06-08,163.01,GBP,A321,220,161,30105.87,22,17,11,8
300,BA,0201,2028-06-20,211.96,GBP,737-200,130,92,19896.30,10,7,8,5
300,BA,0201,2028-07-03,215.07,GBP,A319,220,157,29036.82,22,15,10,6
300,BA,0201,2028-07-14,203.18,GBP,A319,220,213,39119.55,22,21,10,10
300,BA,0201,2028-07-25,201.52,GBP,A319,220,177,39893.10,22,18,10,8
300,BA,0201,2028-08-04,202.47,GBP,737-200,130,114,21838.52,10,9,8,6
300,BA,0201,2028-08-17,169.57,GBP,A321,220,154,26536.30,22,16,11,8
300,BA,0201,2028-08-27,186.43,GBP,737-200,130,107,18807.81,10,8,8,6
300,BA,0201,2028-09-10,176.41,GBP,A321,220,161,27540.32,22,16,11,8
300,BA,0201,2028-09-23,178.83,GBP,737-200,130,93,18843.92,10,7,8,5
300,BA,0201,2028-10-05,210.46,GBP,A319,220,185,44002.92,22,18,10,8
300,BA,0201,2028-10-17,199.56,GBP,727-200,189,161,34118.72,18,16,11,9
300,BA,0201,2028-10-28,217.42,GBP,727-200,189,137,29077.52,18,14,11,8
300,BA,0201,2028-11-11,182.09,GBP,737-200,130,99,20071.90,10,8,8,6
300,BA,0300,2028-01-05,1071.78,GBP,A330-300,223,187,172535.26,22,18,11,10
300,BA,0300,2028-01-16,907.96,GBP,747-400,385,369,380526.64,31,30,21,21
300,BA,0300,2028-01-27,1146.31,GBP,747-400,385,366,379809.54,31,28,21,21
300,BA,0300,2028-02-08,884.41,GBP,A330-300,223,202,168252.31,22,20,11,9
300,BA,0300,2028-02-20,1023.02,GBP,DC-10-10,380,337,319955.73,41,37,18,16
300,BA,0300,2028-03-05,940.18,GBP,747-400,385,282,256358.91,31,21,21,15
300,BA,0300,2028-03-16,880.51,GBP,A330-300,223,157,128347.12,22,17,11,8
300,BA,0300,2028-03-26,878.23,GBP,A310-300,280,196,195978.08,22,16,10,7
300,BA,0300,2028-04-06,1004.64,GBP,747-400,385,294,287862.78,31,24,21,16
300,BA,0300,2028-04-19,1086.46,GBP,DC-10-10,380,270,267969.98,41,29,18,11
300,BA,0300,2028-04-30,863.82,GBP,A310-300,280,243,198077.79,22,19,10,8
300,BA,0300,2028-05-14,930.34,GBP,747-400,385,302,289467.58,31,24,21,17
300,BA,0300,2028-05-25,991.33,GBP,A310-300,280,250,275867.11,22,20,10,8
300,BA,0300,2028-06-08,928.20,GBP,A330-300,223,166,135962.60,22,16,11,8
300,BA,0300,2028-06-20,950.85,GBP,DC-10-10,380,315,297402.53,41,33,18,16
300,BA,0300,2028-07-03,1127.16,GBP,A330-300,223,168,179705.17,22,16,11,8
300,BA,0300,2028-07-14,1018.18,GBP,747-400,385,280,314066.99,31,23,21,15
300,BA,0300,2028-07-25,951.45,GBP,DC-10-10,380,313,309467.22,41,36,18,15
300,BA,0300,2028-08-04,995.40,GBP,DC-10-10,380,346,383085.95,41,36,18,16
300,BA,0300,2028-08-17,1076.43,GBP,A330-300,223,194,223292.72,22,19,11,9
300,BA,0300,2028-08-27,975.37,GBP,747-400,385,356,311868.61,31,29,21,20
300,BA,0300,2028-09-10,956.37,GBP,A330-300,223,159,156369.76,22,16,11,7
300,BA,0300,2028-09-23,986.10,GBP,A310-300,280,239,240201.51,22,18,10,9
300,BA,0300,2028-10-05,919.25,GBP,A330-300,223,217,203051.35,22,22,11,10
300,BA,0300,2028-10-17,1097.80,GBP,A310-300,280,245,289307.18,22,19,10,9
300,BA,0300,2028-10-28,983.75,GBP,DC-10-10,380,317,297190.27,41,33,18,15
300,BA,0300,2028-11-11,973.88,GBP,747-400,385,314,346425.76,31,26,21,18
300,BA,0301,2028-01-05,999.73,GBP,DC-10-10,380,264,295273.30,41,30,18,11
300,BA,0301,2028-01-16,1101.51,GBP,A330-300,223,157,173105.55,22,16,11,7
300,BA,0301,2028-01-27,977.01,GBP,747-400,385,286,295895.48,31,23,21,16
300,BA,0301,2028-02-08,977.05,GBP,A330-300,223,188,205611.02,22,19,11,8
300,BA,0301,2028-02-20,930.47,GBP,DC-10-10,380,283,271817.73,41,31,18,14
300,BA,0301,2028-03-05,1057.69,GBP,A330-300,223,199,213011.55,22,19,11,9
300,BA,0301,2028-03-16,867.30,GBP,747-400,385,308,282701.81,31,24,21,15
300,BA,0301,2028-03-26,918.88,GBP,DC-10-10,380,355,327894.74,41,39,18,17
300,BA,0301,2028-04-06,886.98,GBP,747-400,385,347,313367.71,31,29,21,20
300,BA,0301,2028-04-19,1097.44,GBP,747-400,385,321,313901.29,31,27,21,19
300,BA,0301,2028-04-30,1023.08,GBP,A310-300,280,233,206511.25,22,18,10,7
300,BA,0301,2028-05-14,854.61,GBP,A310-300,280,245,235374.99,22,19,10,8
300,BA,0301,2028-05-25,1086.28,GBP,747-400,385,297,367847.18,31,25,21,16
300,BA,0301,2028-06-08,950.68,GBP,747-400,385,367,379153.56,31,29,21,20
300,BA,0301,2028-06-20,881.40,GBP,A310-300,280,234,231989.39,22,17,10,8
300,BA,0301,2028-07-03,1027.90,GBP,A330-300,223,195,199527.62,22,19,11,9
300,BA,0301,2028-07-14,918.16,GBP,A310-300,280,274,230178.28,22,22,10,10
300,BA,0301,2028-07-25,832.93,GBP,A310-300,280,228,205273.87,22,17,10,8
300,BA,0301,2028-08-04,1005.29,GBP,A310-300,280,247,272524.89,22,19,10,9
300,BA,0301,2028-08-17,916.01,GBP,DC-10-10,380,286,293750.55,41,32,18,12
300,BA,0301,2028-08-27,857.05,GBP,A330-300,223,206,150075.10,22,21,11,9
300,BA,0301,2028-09-10,961.83,GBP,A330-300,223,162,134847.79,22,15,11,8
300,BA,0301,2028-09-23,856.70,GBP,A310-300,280,193,173284.18,22,16,10,6
300,BA,0301,2028-10-05,1025.56,GBP,747-400,385,313,313487.62,31,25,21,17
300,BA,0301,2028-10-17,1041.59,GBP,A310-300,280,205,192666.09,22,17,10,7
300,BA,0301,2028-10-28,1061.15,GBP,A310-300,280,239,247521.62,22,19,10,8
300,BA,0301,2028-11-11,1085.35,GBP,DC-10-10,380,319,322677.78,41,36,18,14
300,BA,0400,2028-01-05,1056.42,GBP,747-400,385,295,295842.49,31,23,21,14
300,BA,0400,2028-01-16,881.99,GBP,A330-300,223,175,170003.30,22,18,11,8
300,BA,0400,2028-01-27,834.27,GBP,A330-300,223,171,139841.05,22,17,11,9
300,BA,0400,2028-02-08,1039.27,GBP,A310-300,280,233,258406.85,22,17,10,8
300,BA,0400,2028-02-20,949.19,GBP,DC-10-10,380,359,371968.42,41,40,18,18
300,BA,0400,2028-03-05,1007.21,GBP,DC-10-10,380,326,334742.34,41,37,18,15
300,BA,0400,2028-03-16,960.75,GBP,747-400,385,328,335575.79,31,26,21,18
300,BA,0400,2028-03-26,978.96,GBP,747-400,385,320,309269.82,31,27,21,18
300,BA,0400,2028-04-06,1053.60,GBP,DC-10-10,380,353,339363.54,41,38,18,16
300,BA,0400,2028-04-19,981.76,GBP,A310-300,280,232,196388.82,22,19,10,8
300,BA,0400,2028-04-30,932.80,GBP,747-400,385,268,225472.82,31,21,21,14
300,BA,0400,2028-05-14,913.82,GBP,747-400,385,281,220541.47,31,23,21,14
300,BA,0400,2028-05-25,879.34,GBP,A310-300,280,210,192589.52,22,16,10,8
300,BA,0400,2028-06-08,1006.47,GBP,A330-300,223,157,137242.54,22,15,11,8
300,BA,0400,2028-06-20,944.32,GBP,A310-300,280,234,242253.27,22,18,10,8
300,BA,0400,2028-07-03,880.20,GBP,A310-300,280,274,244643.11,22,22,10,9
300,BA,0400,2028-07-14,994.78,GBP,747-400,385,357,304687.97,31,28,21,19
300,BA,0400,2028-07-25,1009.32,GBP,747-400,385,281,288633.54,31,23,21,14
300,BA,0400,2028-08-04,799.50,GBP,747-400,385,367,250639.14,31,30,21,19
300,BA,0400,2028-08-17,931.47,GBP,A330-300,223,164,133315.36,22,15,11,8
300,BA,0400,2028-08-27,974.51,GBP,747-400,385,304,283884.94,31,23,21,15
300,BA,0400,2028-09-10,1030.20,GBP,A330-300,223,199,225450.83,22,20,11,10
300,BA,0400,2028-09-23,856.53,GBP,A310-300,280,251,224707.68,22,19,10,8
300,BA,0400,2028-10-05,864.39,GBP,747-400,385,288,275806.31,31,22,21,15
300,BA,0400,2028-10-17,824.73,GBP,DC-10-10,380,350,330462.35,41,38,18,16
300,BA,0400,2028-10-28,935.78,GBP,DC-10-10,380,306,309009.83,41,32,18,14
300,BA,0400,2028-11-11,894.90,GBP,747-400,385,290,293928.74,31,24,21,15
300,BA,0401,2028-01-05,975.76,GBP,747-400,385,263,270011.97,31,22,21,15
300,BA,0401,2028-01-16,963.62,GBP,747-400,385,313,333937.01,31,25,21,17
300,BA,0401,2028-01-27,833.01,GBP,DC-10-10,380,259,191323.50,41,27,18,12
300,BA,0401,2028-02-08,980.68,GBP,A330-300,223,177,166718.66,22,16,11,9
300,BA,0401,2028-02-20,944.57,GBP,A330-300,223,152,150426.50,22,14,11,7
300,BA,0401,2028-03-05,989.41,GBP,747-400,385,262,236494.79,31,21,21,13
300,BA,0401,2028-03-16,968.03,GBP,A330-300,223,154,137023.63,22,16,11,8
300,BA,0401,2028-03-26,990.40,GBP,A330-300,223,192,198864.33,22,20,11,9
300,BA,0401,2028-04-06,810.16,GBP,A330-300,223,168,120753.07,22,15,11,7
300,BA,0401,2028-04-19,906.14,GBP,DC-10-10,380,318,278428.70,41,32,18,14
300,BA,0401,2028-04-30,962.15,GBP,A330-300,223,167,155013.03,22,16,11,8
300,BA,0401,2028-05-14,910.42,GBP,A330-300,223,174,165307.27,22,17,11,9
300,BA,0401,2028-05-25,818.98,GBP,DC-10-10,380,348,247110.93,41,37,18,15
300,BA,0401,2028-06-08,958.29,GBP,DC-10-10,380,281,250364.29,41,28,18,12
300,BA,0401,2028-06-20,838.03,GBP,747-400,385,283,219935.67,31,21,21,15
300,BA,0401,2028-07-03,1003.79,GBP,747-400,385,377,407963.24,31,31,21,20
300,BA,0401,2028-07-14,886.08,GBP,A330-300,223,195,161426.03,22,19,11,10
300,BA,0401,2028-07-25,820.02,GBP,A310-300,280,215,200029.81,22,16,10,7
300,BA,0401,2028-08-04,987.99,GBP,DC-10-10,380,323,296808.45,41,33,18,16
300,BA,0401,2028-08-17,819.47,GBP,A310-300,280,253,223789.44,22,21,10,8
300,BA,0401,2028-08-27,989.95,GBP,A310-300,280,211,217592.30,22,16,10,7
300,BA,0401,2028-09-10,960.49,GBP,A310-300,280,201,180509.10,22,15,10,7
300,BA,0401,2028-09-23,990.18,GBP,A330-300,223,183,189963.50,22,18,11,9
300,BA,0401,2028-10-05,1021.88,GBP,747-400,385,309,341334.12,31,25,21,18
300,BA,0401,2028-10-17,811.87,GBP,A330-300,223,210,181925.15,22,22,11,11
300,BA,0401,2028-10-28,874.05,GBP,747-400,385,371,316552.15,31,28,21,20
300,BA,0401,2028-11-11,960.00,GBP,DC-10-10,380,330,329430.58,41,34,18,16
300,BA,0500,2028-01-05,219.02,GBP,A319,220,205,48085.84,22,21,10,10
300,BA,0500,2028-01-16,221.60,GBP,737-200,130,109,24321.45,10,8,8,6
300,BA,0500,2028-01-27,233.43,GBP,737-200,130,126,27150.11,10,10,8,7
300,BA,0500,2028-02-08,190.66,GBP,737-200,130,119,21565.50,10,9,8,7
300,BA,0500,2028-02-20,222.99,GBP,A321,220,172,36557.10,22,16,11,9
300,BA,0500,2028-03-05,195.72,GBP,A321,220,193,32650.57,22,19,11,9
300,BA,0500,2028-03-16,244.42,GBP,737-200,130,121,26471.02,10,9,8,7
300,BA,0500,2028-03-26,214.00,GBP,737-200,130,107,23965.34,10,8,8,7
300,BA,0500,2028-04-06,242.42,GBP,737-200,130,118,25842.43,10,9,8,7
300,BA,0500,2028-04-19,210.10,GBP,737-200,130,102,22259.46,10,8,8,6
300,BA,0500,2028-04-30,203.61,GBP,A321,220,176,38866.65,22,17,11,9
300,BA,0500,2028-05-14,201.09,GBP,A321,220,203,36431.47,22,21,11,11
300,BA,0500,2028-05-25,213.64,GBP,737-200,130,116,27216.00,10,9,8,7
300,BA,0500,2028-06-08,185.33,GBP,A321,220,163,27484.83,22,16,11,7
300,BA,0500,2028-06-20,201.11,GBP,737-200,130,120,20948.98,10,9,8,7
300,BA,0500,2028-07-03,185.57,GBP,A310-300,280,248,39616.52,22,19,10,8
300,BA,0500,2028-07-14,219.00,GBP,A310-300,280,194,45757.03,22,14,10,6
300,BA,0500,2028-07-25,247.36,GBP,737-200,130,121,33033.56,10,9,8,7
300,BA,0500,2028-08-04,186.65,GBP,A310-300,280,270,52966.31,22,20,10,9
300,BA,0500,2028-08-17,230.77,GBP,A321,220,211,47564.29,22,21,11,10
300,BA,0500,2028-08-27,192.69,GBP,A321,220,172,37783.10,22,18,11,8
300,BA,0500,2028-09-10,236.27,GBP,A310-300,280,193,42346.54,22,15,10,7
300,BA,0500,2028-09-23,195.30,GBP,A319,220,212,43873.83,22,21,10,9
300,BA,0500,2028-10-05,235.10,GBP,737-200,130,105,28030.79,10,8,8,6
300,BA,0500,2028-10-17,197.64,GBP,A310-300,280,264,55860.56,22,21,10,9
300,BA,0500,2028-10-28,189.04,GBP,A310-300,280,245,51672.42,22,19,10,8
300,BA,0500,2028-11-11,247.83,GBP,A319,220,179,43040.02,22,19,10,8
300,BA,0501,2028-01-05,238.11,GBP,A310-300,280,204,46053.71,22,17,10,7
300,BA,0501,2028-01-16,196.48,GBP,A319,220,183,36705.54,22,18,10,8
300,BA,0501,2028-01-27,203.70,GBP,A310-300,280,259,54789.67,22,20,10,10
300,BA,0501,2028-02-08,204.88,GBP,A310-300,280,219,50754.55,22,16,10,8
300,BA,0501,2028-02-20,241.27,GBP,A310-300,280,198,43503.13,22,16,10,6
300,BA,0501,2028-03-05,184.79,GBP,737-200,130,113,18463.29,10,9,8,7
300,BA,0501,2028-03-16,196.97,GBP,A319,220,162,31571.66,22,17,10,7
300,BA,0501,2028-03-26,230.69,GBP,737-200,130,101,20492.00,10,8,8,6
300,BA,0501,2028-04-06,236.33,GBP,A310-300,280,196,43809.49,22,16,10,7
300,BA,0501,2028-04-19,226.87,GBP,A321,220,191,42702.16,22,18,11,10
300,BA,0501,2028-04-30,227.41,GBP,737-200,130,103,23134.96,10,8,8,6
300,BA,0501,2028-05-14,219.11,GBP,A319,220,160,39255.35,22,17,10,7
300,BA,0501,2028-05-25,239.42,GBP,A310-300,280,273,70354.97,22,21,10,10
300,BA,0501,2028-06-08,228.94,GBP,A321,220,177,43790.50,22,17,11,8
300,BA,0501,2028-06-20,199.50,GBP,737-200,130,95,18407.17,10,7,8,6
300,BA,0501,2028-07-03,210.94,GBP,A321,220,185,44259.06,22,19,11,10
300,BA,0501,2028-07-14,208.65,GBP,A319,220,212,39769.40,22,21,10,10
300,BA,0501,2028-07-25,225.12,GBP,A319,220,168,42828.09,22,17,10,7
300,BA,0501,2028-08-04,230.01,GBP,737-200,130,90,21307.04,10,7,8,5
300,BA,0501,2028-08-17,214.70,GBP,737-200,130,125,25435.67,10,9,8,7
300,BA,0501,2028-08-27,215.26,GBP,A319,220,177,42219.48,22,18,10,7
300,BA,0501,2028-09-10,200.91,GBP,A319,220,197,35740.30,22,19,10,8
300,BA,0501,2028-09-23,186.40,GBP,A310-300,280,268,54817.78,22,21,10,9
300,BA,0501,2028-10-05,229.40,GBP,A310-300,280,191,47801.69,22,16,10,7
300,BA,0501,2028-10-17,237.60,GBP,A321,220,210,45622.34,22,22,11,11
300,BA,0501,2028-10-28,221.76,GBP,A319,220,168,41777.78,22,18,10,8
300,BA,0501,2028-11-11,190.05,GBP,A310-300,280,239,43376.71,22,18,10,8
300,LH,0500,2028-01-05,195.92,EUR,737-200,130,115,21958.65,10,9,8,7
300,LH,0500,2028-01-16,234.86,EUR,737-200,130,103,26944.82,10,7,8,6
300,LH,0500,2028-01-27,255.37,EUR,A319,220,186,42824.79,22,19,10,8
300,LH,0500,2028-02-08,258.89,EUR,727-200,189,175,45042.81,18,17,11,11
300,LH,0500,2028-02-20,205.80,EUR,A321,220,172,40345.21,22,17,11,8
300,LH,0500,2028-03-05,203.24,EUR,A319,220,214,39685.70,22,20,10,9
300,LH,0500,2028-03-16,244.63,EUR,737-200,130,98,24672.20,10,8,8,6
300,LH,0500,2028-03-26,262.70,EUR,727-200,189,131,35363.79,18,12,11,7
300,LH,0500,2028-04-06,256.61,EUR,A319,220,185,47417.02,22,20,10,8
300,LH,0500,2028-04-19,262.01,EUR,727-200,189,159,42725.09,18,16,11,10
300,LH,0500,2028-04-30,255.99,EUR,A321,220,151,33332.99,22,15,11,7
300,LH,0500,2028-05-14,238.89,EUR,737-200,130,108,27530.30,10,8,8,6
300,LH,0500,2028-05-25,232.57,EUR,A321,220,158,39138.78,22,16,11,8
300,LH,0500,2028-06-08,212.03,EUR,A321,220,166,33013.09,22,17,11,8
300,LH,0500,2028-06-20,215.09,EUR,A321,220,204,49138.77,22,20,11,11
300,LH,0500,2028-07-03,236.53,EUR,737-200,130,109,29644.37,10,8,8,6
300,LH,0500,2028-07-14,214.24,EUR,737-200,130,106,26015.11,10,8,8,6
300,LH,0500,2028-07-25,222.94,EUR,A321,220,215,43582.48,22,21,11,11
300,LH,0500,2028-08-04,217.21,EUR,727-200,189,178,43165.74,18,18,11,10
300,LH,0500,2028-08-17,241.17,EUR,A321,220,182,46674.62,22,19,11,10
300,LH,0500,2028-08-27,236.43,EUR,737-200,130,123,33393.66,10,9,8,8
300,LH,0500,2028-09-10,205.56,EUR,737-200,130,102,21674.90,10,8,8,6
300,LH,0500,2028-09-23,200.74,EUR,727-200,189,183,38838.37,18,17,11,10
300,LH,0500,2028-10-05,250.69,EUR,727-200,189,145,36016.33,18,13,11,8
300,LH,0500,2028-10-17,217.84,EUR,A319,220,166,37791.36,22,16,10,7
300,LH,0500,2028-10-28,207.62,EUR,727-200,189,149,32781.75,18,15,11,8
300,LH,0500,2028-11-11,195.49,EUR,A319,220,188,33489.48,22,20,10,9
300,LH,0501,2028-01-05,222.73,EUR,A319,220,169,40767.69,22,16,10,7
300,LH,0501,2028-01-16,234.12,EUR,727-200,189,170,45093.87,18,16,11,9
300,LH,0501,2028-01-27,247.37,EUR,727-200,189,162,34339.19,18,15,11,10
300,LH,0501,2028-02-08,235.36,EUR,A321,220,182,45216.25,22,18,11,8
300,LH,0501,2028-02-20,247.21,EUR,A319,220,194,43025.53,22,20,10,8
300,LH,0501,2028-03-05,252.26,EUR,727-200,189,140,33748.10,18,14,11,8
300,LH,0501,2028-03-16,229.03,EUR,727-200,189,131,33724.88,18,13,11,8
300,LH,0501,2028-03-26,215.47,EUR,A321,220,151,29053.37,22,16,11,6
300,LH,0501,2028-04-06,234.81,EUR,737-200,130,111,29023.77,10,8,8,6
300,LH,0501,2028-04-19,251.56,EUR,727-200,189,170,41446.74,18,15,11,10
300,LH,0501,2028-04-30,232.53,EUR,A321,220,166,32872.07,22,16,11,8
300,LH,0501,2028-05-14,234.47,EUR,A319,220,187,37693.85,22,20,10,8
300,LH,0501,2028-05-25,216.51,EUR,737-200,130,99,20010.77,10,8,8,6
300,LH,0501,2028-06-08,245.46,EUR,A321,220,171,36026.25,22,17,11,9
300,LH,0501,2028-06-20,194.34,EUR,A321,220,155,34398.21,22,15,11,8
300,LH,0501,2028-07-03,219.11,EUR,A321,220,172,34842.40,22,17,11,9
300,LH,0501,2028-07-14,217.22,EUR,737-200,130,97,20760.15,10,7,8,6
300,LH,0501,2028-07-25,247.52,EUR,727-200,189,129,27868.93,18,12,11,7
300,LH,0501,2028-08-04,193.70,EUR,737-200,130,116,19701.38,10,9,8,6
300,LH,0501,2028-08-17,246.42,EUR,A321,220,203,54426.45,22,19,11,9
300,LH,0501,2028-08-27,239.22,EUR,737-200,130,95,20742.17,10,7,8,6
300,LH,0501,2028-09-10,240.88,EUR,A321,220,165,44224.86,22,17,11,8
300,LH,0501,2028-09-23,226.16,EUR,737-200,130,125,30492.51,10,10,8,7
300,LH,0501,2028-10-05,234.58,EUR,737-200,130,118,25065.80,10,9,8,7
300,LH,0501,2028-10-17,232.60,EUR,727-200,189,133,27862.08,18,13,11,7
300,LH,0501,2028-10-28,214.26,EUR,A319,220,160,31449.80,22,16,10,6
300,LH,0501,2028-11-11,218.90,EUR,737-200,130,90,19611.26,10,7,8,5
300,LH,0600,2028-01-05,852.29,EUR,A310-300,280,202,169754.43,22,15,10,7
300,LH,0600,2028-01-16,670.16,EUR,A330-300,223,215,163050.86,22,21,11,10
300,LH,0600,2028-01-27,730.17,EUR,747-400,385,326,255326.00,31,25,21,17
300,LH,0600,2028-02-08,838.33,EUR,A330-300,223,179,157800.61,22,18,11,9
300,LH,0600,2028-02-20,795.61,EUR,A330-300,223,190,131067.70,22,19,11,9
300,LH,0600,2028-03-05,724.73,EUR,A330-300,223,196,148565.63,22,20,11,10
300,LH,0600,2028-03-16,881.92,EUR,A310-300,280,245,204185.37,22,19,10,8
300,LH,0600,2028-03-26,781.77,EUR,A330-300,223,165,110045.00,22,17,11,8
300,LH,0600,2028-04-06,748.19,EUR,A310-300,280,202,142710.39,22,17,10,7
300,LH,0600,2028-04-19,672.19,EUR,A330-300,223,162,108282.18,22,16,11,8
300,LH,0600,2028-04-30,814.37,EUR,A310-300,280,193,145212.54,22,15,10,7
300,LH,0600,2028-05-14,758.41,EUR,747-400,385,295,255977.25,31,25,21,14
300,LH,0600,2028-05-25,818.93,EUR,747-400,385,348,253500.79,31,28,21,20
300,LH,0600,2028-06-08,733.66,EUR,A330-300,223,191,159012.48,22,19,11,9
300,LH,0600,2028-06-20,875.07,EUR,747-400,385,370,295835.73,31,29,21,19
300,LH,0600,2028-07-03,714.00,EUR,A330-300,223,180,134864.76,22,17,11,9
300,LH,0600,2028-07-14,833.17,EUR,A310-300,280,254,218121.77,22,20,10,8
300,LH,0600,2028-07-25,772.36,EUR,A310-300,280,193,132797.25,22,16,10,7
300,LH,0600,2028-08-04,800.54,EUR,A310-300,280,194,134205.07,22,16,10,6
300,LH,0600,2028-08-17,830.79,EUR,747-400,385,270,218226.88,31,22,21,14
300,LH,0600,2028-08-27,821.08,EUR,A310-300,280,258,219394.54,22,21,10,9
300,LH,0600,2028-09-10,850.89,EUR,A330-300,223,209,175862.03,22,21,11,9
300,LH,0600,2028-09-23,761.05,EUR,DC-10-10,380,328,274273.06,41,34,18,16
300,LH,0600,2028-10-05,786.97,EUR,A310-300,280,239,170380.12,22,18,10,8
300,LH,0600,2028-10-17,674.28,EUR,DC-10-10,380,361,277058.48,41,37,18,18
300,LH,0600,2028-10-28,888.70,EUR,DC-10-10,380,308,252957.50,41,34,18,15
300,LH,0600,2028-11-11,715.74,EUR,747-400,385,287,206940.67,31,22,21,15
300,LH,0601,2028-01-05,850.69,EUR,A330-300,223,176,169204.49,22,18,11,8
300,LH,0601,2028-01-16,774.12,EUR,DC-10-10,380,298,255506.42,41,31,18,13
300,LH,0601,2028-01-27,671.51,EUR,A330-300,223,162,94198.53,22,16,11,8
300,LH,0601,2028-02-08,720.21,EUR,A330-300,223,164,130501.50,22,15,11,8
300,LH,0601,2028-02-20,764.77,EUR,A330-300,223,193,153526.52,22,19,11,10
300,LH,0601,2028-03-05,713.70,EUR,DC-10-10,380,286,210338.56,41,30,18,13
300,LH,0601,2028-03-16,680.94,EUR,A330-300,223,167,128902.27,22,17,11,8
300,LH,0601,2028-03-26,865.91,EUR,DC-10-10,380,349,300731.35,41,38,18,17
300,LH,0601,2028-04-06,662.23,EUR,A330-300,223,158,98967.74,22,15,11,7
300,LH,0601,2028-04-19,715.36,EUR,DC-10-10,380,370,273397.05,41,40,18,18
300,LH,0601,2028-04-30,807.20,EUR,A330-300,223,179,158652.33,22,19,11,9
300,LH,0601,2028-05-14,748.90,EUR,747-400,385,277,231749.41,31,24,21,13
300,LH,0601,2028-05-25,860.34,EUR,747-400,385,290,240481.68,31,22,21,16
300,LH,0601,2028-06-08,680.43,EUR,A330-300,223,211,143633.62,22,21,11,11
300,LH,0601,2028-06-20,788.00,EUR,747-400,385,266,188331.12,31,23,21,13
300,LH,0601,2028-07-03,856.38,EUR,DC-10-10,380,337,329202.71,41,38,18,15
300,LH,0601,2028-07-14,854.12,EUR,A310-300,280,253,185552.74,22,20,10,8
300,LH,0601,2028-07-25,653.94,EUR,A330-300,223,175,124853.20,22,18,11,9
300,LH,0601,2028-08-04,827.86,EUR,A310-300,280,271,223867.01,22,22,10,9
300,LH,0601,2028-08-17,776.35,EUR,A330-300,223,199,170362.37,22,20,11,10
300,LH,0601,2028-08-27,812.83,EUR,A330-300,223,197,182193.00,22,20,11,9
300,LH,0601,2028-09-10,812.79,EUR,A310-300,280,272,203251.09,22,21,10,9
300,LH,0601,2028-09-23,759.89,EUR,A330-300,223,189,136070.19,22,18,11,9
300,LH,0601,2028-10-05,714.61,EUR,A330-300,223,156,120258.56,22,16,11,7
300,LH,0601,2028-10-17,840.70,EUR,DC-10-10,380,292,279960.78,41,30,18,14
300,LH,0601,2028-10-28,745.89,EUR,DC-10-10,380,281,204634.83,41,30,18,12
300,LH,0601,2028-11-11,649.80,EUR,DC-10-10,380,360,266587.61,41,37,18,16
300,SQ,0300,2028-01-05,1562.70,SGD,747-400,385,320,507281.20,31,27,21,16
300,SQ,0300,2028-01-16,1399.65,SGD,747-400,385,344,429521.02,31,27,21,20
300,SQ,0300,2028-01-27,1409.00,SGD,A330-300,223,156,210219.50,22,15,11,7
300,SQ,0300,2028-02-08,1609.94,SGD,DC-10-10,380,347,483170.24,41,38,18,16
300,SQ,0300,2028-02-20,1783.28,SGD,747-400,385,329,545407.49,31,27,21,19
300,SQ,0300,2028-03-05,1602.72,SGD,DC-10-10,380,315,441363.69,41,35,18,14
300,SQ,0300,2028-03-16,1584.59,SGD,DC-10-10,380,365,552812.90,41,37,18,18
300,SQ,0300,2028-03-26,1406.68,SGD,A310-300,280,235,299641.92,22,19,10,8
300,SQ,0300,2028-04-06,1347.03,SGD,A330-300,223,173,258655.30,22,17,11,9
300,SQ,0300,2028-04-19,1688.71,SGD,A310-300,280,250,400562.84,22,21,10,9
300,SQ,0300,2028-04-30,1715.18,SGD,747-400,385,274,454476.03,31,23,21,14
300,SQ,0300,2028-05-14,1443.90,SGD,A330-300,223,215,294354.65,22,22,11,11
300,SQ,0300,2028-05-25,1470.54,SGD,A330-300,223,214,336671.42,22,21,11,11
300,SQ,0300,2028-06-08,1445.54,SGD,DC-10-10,380,301,437339.47,41,34,18,14
300,SQ,0300,2028-06-20,1637.19,SGD,A330-300,223,171,315533.97,22,17,11,8
300,SQ,0300,2028-07-03,1479.14,SGD,A310-300,280,248,400628.18,22,19,10,8
300,SQ,0300,2028-07-14,1516.66,SGD,A330-300,223,193,311280.84,22,20,11,9
300,SQ,0300,2028-07-25,1351.01,SGD,A330-300,223,189,218873.45,22,19,11,9
300,SQ,0300,2028-08-04,1366.26,SGD,A310-300,280,218,303794.37,22,17,10,8
300,SQ,0300,2028-08-17,1660.89,SGD,DC-10-10,380,316,584176.48,41,36,18,14
300,SQ,0300,2028-08-27,1707.78,SGD,747-400,385,312,500712.33,31,24,21,16
300,SQ,0300,2028-09-10,1446.63,SGD,A330-300,223,152,212445.72,22,15,11,7
300,SQ,0300,2028-09-23,1458.29,SGD,A310-300,280,268,396731.60,22,20,10,10
300,SQ,0300,2028-10-05,1697.42,SGD,DC-10-10,380,368,544210.76,41,38,18,18
300,SQ,0300,2028-10-17,1733.60,SGD,747-400,385,345,552398.22,31,28,21,19
300,SQ,0300,2028-10-28,1395.89,SGD,A310-300,280,207,295767.92,22,16,10,7
300,SQ,0300,2028-11-11,1817.47,SGD,DC-10-10,380,363,586220.88,41,38,18,16
300,SQ,0301,2028-01-05,1630.57,SGD,A310-300,280,230,373539.43,22,19,10,8
300,SQ,0301,2028-01-16,1697.62,SGD,DC-10-10,380,273,422185.20,41,29,18,12
300,SQ,0301,2028-01-27,1754.86,SGD,747-400,385,283,446484.60,31,24,21,14
300,SQ,0301,2028-02-08,1737.99,SGD,747-400,385,335,577063.29,31,28,21,18
300,SQ,0301,2028-02-20,1663.81,SGD,DC-10-10,380,352,586557.62,41,38,18,15
300,SQ,0301,2028-03-05,1642.34,SGD,A310-300,280,244,378161.19,22,20,10,8
300,SQ,0301,2028-03-16,1702.18,SGD,747-400,385,323,517180.21,31,25,21,17
300,SQ,0301,2028-03-26,1691.47,SGD,747-400,385,372,692171.68,31,30,21,21
300,SQ,0301,2028-04-06,1365.88,SGD,A330-300,223,205,301169.74,22,21,11,10
300,SQ,0301,2028-04-19,1642.83,SGD,747-400,385,370,545749.53,31,29,21,21
300,SQ,0301,2028-04-30,1337.55,SGD,747-400,385,305,415633.26,31,24,21,17
300,SQ,0301,2028-05-14,1681.43,SGD,747-400,385,309,476375.88,31,25,21,17
300,SQ,0301,2028-05-25,1318.35,SGD,A330-300,223,177,233448.69,22,17,11,8
300,SQ,0301,2028-06-08,1549.94,SGD,DC-10-10,380,309,415652.38,41,34,18,15
300,SQ,0301,2028-06-20,1720.37,SGD,A310-300,280,237,434965.56,22,18,10,8
300,SQ,0301,2028-07-03,1384.19,SGD,747-400,385,336,453550.77,31,27,21,18
300,SQ,0301,2028-07-14,1679.32,SGD,A330-300,223,158,300627.52,22,15,11,7
300,SQ,0301,2028-07-25,1469.97,SGD,A330-300,223,185,250041.84,22,17,11,9
300,SQ,0301,2028-08-04,1678.20,SGD,A310-300,280,245,402018.98,22,20,10,9
300,SQ,0301,2028-08-17,1629.89,SGD,747-400,385,373,681113.97,31,30,21,19
300,SQ,0301,2028-08-27,1432.56,SGD,A330-300,223,164,219490.85,22,17,11,7
300,SQ,0301,2028-09-10,1678.68,SGD,DC-10-10,380,304,572539.37,41,31,18,13
300,SQ,0301,2028-09-23,1778.48,SGD,747-400,385,311,632804.82,31,24,21,17
300,SQ,0301,2028-10-05,1322.55,SGD,A330-300,223,189,246282.30,22,19,11,9
300,SQ,0301,2028-10-17,1778.30,SGD,A330-300,223,162,286565.22,22,15,11,8
300,SQ,0301,2028-10-28,1341.47,SGD,747-400,385,316,414124.45,31,25,21,15
300,SQ,0301,2028-11-11,1759.73,SGD,A330-300,223,213,357841.14,22,21,11,10
300,AA,0100,2028-01-05,583.47,USD,A310-300,280,247,151120.22,22,18,10,9
300,AA,0100,2028-01-16,550.56,USD,A330-300,223,158,75435.64,22,15,11,8
300,AA,0100,2028-01-27,583.99,USD,747-400,385,304,163731.17,31,25,21,16
300,AA,0100,2028-02-08,532.29,USD,747-400,385,284,161289.21,31,23,21,16
300,AA,0100,2028-02-20,535.04,USD,DC-10-10,380,329,193445.11,41,35,18,14
300,AA,0100,2028-03-05,614.42,USD,DC-10-10,380,331,228367.57,41,37,18,14
300,AA,0100,2028-03-16,572.67,USD,A330-300,223,185,99092.12,22,17,11,9
300,AA,0100,2028-03-26,642.34,USD,747-400,385,279,160744.39,31,21,21,14
300,AA,0100,2028-04-06,638.54,USD,747-400,385,321,203530.93,31,26,21,16
300,AA,0100,2028-04-19,482.66,USD,A330-300,223,161,80188.50,22,16,11,8
300,AA,0100,2028-04-30,557.28,USD,DC-10-10,380,269,147786.74,41,31,18,13
300,AA,0100,2028-05-14,575.14,USD,DC-10-10,380,337,169634.05,41,36,18,16
300,AA,0100,2028-05-25,638.35,USD,747-400,385,263,154742.14,31,20,21,15
300,AA,0100,2028-06-08,503.69,USD,A310-300,280,234,134265.17,22,18,10,8
300,AA,0100,2028-06-20,513.40,USD,DC-10-10,380,372,204250.76,41,40,18,18
300,AA,0100,2028-07-03,496.07,USD,A330-300,223,201,94056.58,22,19,11,9
300,AA,0100,2028-07-14,641.34,USD,747-400,385,372,237372.58,31,31,21,20
300,AA,0100,2028-07-25,515.40,USD,A310-300,280,271,124129.57,22,20,10,10
300,AA,0100,2028-08-04,596.10,USD,A330-300,223,186,112898.57,22,19,11,9
300,AA,0100,2028-08-17,518.07,USD,747-400,385,288,157894.96,31,22,21,15
300,AA,0100,2028-08-27,593.78,USD,DC-10-10,380,364,244084.02,41,41,18,18
300,AA,0100,2028-09-10,590.29,USD,A330-300,223,192,120842.34,22,18,11,9
300,AA,0100,2028-09-23,483.74,USD,747-400,385,303,136215.91,31,26,21,17
300,AA,0100,2028-10-05,613.51,USD,DC-10-10,380,360,208760.45,41,40,18,17
300,AA,0100,2028-10-17,503.01,USD,A310-300,280,241,111350.98,22,19,10,9
300,AA,0100,2028-10-28,499.24,USD,747-400,385,292,153681.99,31,25,21,17
300,AA,0100,2028-11-11,646.05,USD,747-400,385,338,208421.96,31,28,21,17
300,AA,0101,2028-01-05,668.68,USD,DC-10-10,380,272,182533.64,41,30,18,11
300,AA,0101,2028-01-16,662.56,USD,DC-10-10,380,301,192674.52,41,32,18,15
300,AA,0101,2028-01-27,598.91,USD,DC-10-10,380,269,166359.36,41,29,18,11
300,AA,0101,2028-02-08,579.69,USD,747-400,385,320,168349.08,31,24,21,16
300,AA,0101,2028-02-20,643.93,USD,A310-300,280,211,144435.87,22,18,10,8
300,AA,0101,2028-03-05,541.14,USD,A330-300,223,158,80831.49,22,15,11,8
300,AA,0101,2028-03-16,533.28,USD,A310-300,280,270,150685.07,22,21,10,9
300,AA,0101,2028-03-26,643.86,USD,747-400,385,350,211917.54,31,28,21,17
300,AA,0101,2028-04-06,587.68,USD,A330-300,223,185,103129.48,22,19,11,8
300,AA,0101,2028-04-19,583.14,USD,A310-300,280,219,112020.33,22,16,10,7
300,AA,0101,2028-04-30,660.44,USD,DC-10-10,380,371,217559.15,41,40,18,18
300,AA,0101,2028-05-14,641.07,USD,A330-300,223,202,129221.84,22,21,11,10
300,AA,0101,2028-05-25,520.22,USD,A330-300,223,215,120176.38,22,22,11,11
300,AA,0101,2028-06-08,642.86,USD,A310-300,280,271,189404.46,22,22,10,10
300,AA,0101,2028-06-20,509.79,USD,747-400,385,270,154103.98,31,22,21,13
300,AA,0101,2028-07-03,565.62,USD,A310-300,280,200,111943.79,22,16,10,7
300,AA,0101,2028-07-14,596.38,USD,747-400,385,283,151856.19,31,24,21,15
300,AA,0101,2028-07-25,503.13,USD,A310-300,280,253,137414.38,22,19,10,8
300,AA,0101,2028-08-04,633.47,USD,DC-10-10,380,364,231887.73,41,38,18,16
300,AA,0101,2028-08-17,580.41,USD,A310-300,280,199,128220.31,22,15,10,7
300,AA,0101,2028-08-27,525.60,USD,DC-10-10,380,274,141552.88,41,31,18,13
300,AA,0101,2028-09-10,518.00,USD,A330-300,223,167,88351.53,22,17,11,8
300,AA,0101,2028-09-23,617.23,USD,DC-10-10,380,269,179912.88,41,28,18,12
300,AA,0101,2028-10-05,512.91,USD,747-400,385,270,155830.05,31,21,21,13
300,AA,0101,2028-10-17,675.06,USD,747-400,385,281,191394.52,31,23,21,16
300,AA,0101,2028-10-28,595.25,USD,A310-300,280,238,138430.94,22,18,10,9
300,AA,0101,2028-11-11,532.29,USD,A330-300,223,174,80950.82,22,18,11,8
300,AF,0100,2028-01-05,166.55,EUR,737-200,130,105,15814.49,10,8,8,6
300,AF,0100,2028-01-16,146.13,EUR,A319,220,166,22128.85,22,16,10,7
300,AF,0100,2028-01-27,146.66,EUR,A319,220,211,30071.03,22,21,10,10
300,AF,0100,2028-02-08,160.42,EUR,737-200,130,116,19304.89,10,9,8,7
300,AF,0100,2028-02-20,164.00,EUR,A321,220,211,33181.49,22,22,11,10
300,AF,0100,2028-03-05,158.26,EUR,A321,220,168,23863.47,22,16,11,7
300,AF,0100,2028-03-16,151.03,EUR,A321,220,173,24706.62,22,17,11,9
300,AF,0100,2028-03-26,193.00,EUR,A321,220,151,33488.67,22,16,11,6
300,AF,0100,2028-04-06,185.28,EUR,A321,220,173,30024.51,22,18,11,9
300,AF,0100,2028-04-19,177.65,EUR,A321,220,177,32805.33,22,18,11,9
300,AF,0100,2028-04-30,145.39,EUR,737-200,130,124,20550.79,10,9,8,8
300,AF,0100,2028-05-14,183.90,EUR,737-200,130,96,16763.87,10,7,8,6
300,AF,0100,2028-05-25,169.60,EUR,727-200,189,133,19301.91,18,12,11,7
300,AF,0100,2028-06-08,179.24,EUR,A321,220,165,27576.84,22,16,11,8
300,AF,0100,2028-06-20,174.55,EUR,A319,220,158,31081.05,22,15,10,6
300,AF,0100,2028-07-03,145.66,EUR,727-200,189,174,22634.56,18,17,11,9
300,AF,0100,2028-07-14,147.49,EUR,727-200,189,157,25323.60,18,16,11,9
300,AF,0100,2028-07-25,187.91,EUR,737-200,130,101,17703.83,10,8,8,6
300,AF,0100,2028-08-04,158.47,EUR,727-200,189,135,20451.04,18,12,11,8
300,AF,0100,2028-08-17,184.03,EUR,727-200,189,172,30728.99,18,17,11,10
300,AF,0100,2028-08-27,169.36,EUR,737-200,130,91,15042.80,10,7,8,5
300,AF,0100,2028-09-10,155.08,EUR,A321,220,199,32798.37,22,21,11,9
300,AF,0100,2028-09-23,143.62,EUR,727-200,189,144,19794.12,18,14,11,7
300,AF,0100,2028-10-05,171.47,EUR,A321,220,168,25879.44,22,17,11,8
300,AF,0100,2028-10-17,182.59,EUR,A319,220,178,36273.11,22,19,10,7
300,AF,0100,2028-10-28,176.53,EUR,727-200,189,161,32202.93,18,16,11,10
300,AF,0100,2028-11-11,162.39,EUR,727-200,189,140,24258.60,18,13,11,8
300,AF,0101,2028-01-05,154.24,EUR,737-200,130,115,19329.84,10,9,8,7
300,AF,0101,2028-01-16,197.83,EUR,727-200,189,182,36917.68,18,18,11,10
300,AF,0101,2028-01-27,178.97,EUR,727-200,189,153,27785.39,18,14,11,9
300,AF,0101,2028-02-08,170.26,EUR,737-200,130,98,14647.62,10,8,8,6
300,AF,0101,2028-02-20,154.11,EUR,A319,220,185,24638.91,22,19,10,8
300,AF,0101,2028-03-05,185.19,EUR,A319,220,190,35380.13,22,19,10,8
300,AF,0101,2028-03-16,162.17,EUR,A321,220,175,24484.39,22,18,11,9
300,AF,0101,2028-03-26,168.70,EUR,737-200,130,123,23439.04,10,10,8,7
300,AF,0101,2028-04-06,158.94,EUR,A321,220,159,27874.83,22,15,11,7
300,AF,0101,2028-04-19,161.96,EUR,737-200,130,102,18960.60,10,7,8,6
300,AF,0101,2028-04-30,156.01,EUR,A321,220,203,33452.21,22,20,11,9
300,AF,0101,2028-05-14,176.93,EUR,A319,220,173,26694.25,22,16,10,7
300,AF,0101,2028-05-25,190.63,EUR,727-200,189,148,30008.64,18,15,11,9
300,AF,0101,2028-06-08,165.12,EUR,727-200,189,145,20614.03,18,14,11,8
300,AF,0101,2028-06-20,178.19,EUR,A321,220,211,34486.49,22,21,11,11
300,AF,0101,2028-07-03,149.84,EUR,A319,220,151,20177.69,22,15,10,7
300,AF,0101,2028-07-14,198.24,EUR,727-200,189,180,39618.82,18,18,11,10
300,AF,0101,2028-07-25,197.37,EUR,727-200,189,150,32986.56,18,14,11,9
300,AF,0101,2028-08-04,197.98,EUR,727-200,189,158,27318.81,18,14,11,9
300,AF,0101,2028-08-17,164.36,EUR,727-200,189,172,30791.25,18,17,11,10
300,AF,0101,2028-08-27,171.59,EUR,A319,220,172,33688.85,22,17,10,7
300,AF,0101,2028-09-10,190.24,EUR,A321,220,182,37731.91,22,18,11,8
300,AF,0101,2028-09-23,193.90,EUR,737-200,130,98,20154.34,10,8,8,6
300,AF,0101,2028-10-05,168.48,EUR,A321,220,197,32372.67,22,20,11,10
300,AF,0101,2028-10-17,168.84,EUR,737-200,130,121,21816.46,10,9,8,8
300,AF,0101,2028-10-28,182.92,EUR,727-200,189,146,24599.82,18,14,11,8
300,AF,0101,2028-11-11,185.53,EUR,727-200,189,170,28581.91,18,16,11,9
300,AF,0200,2028-01-05,711.65,EUR,A330-300,223,163,119399.48,22,16,11,9
300,AF,0200,2028-01-16,744.52,EUR,A330-300,223,212,140953.65,22,22,11,11
300,AF,0200,2028-01-27,753.27,EUR,A310-300,280,264,198016.45,22,21,10,10
300,AF,0200,2028-02-08,757.22,EUR,A330-300,223,202,145792.93,22,20,11,10
300,AF,0200,2028-02-20,791.52,EUR,747-400,385,317,229271.45,31,24,21,18
300,AF,0200,2028-03-05,717.34,EUR,DC-10-10,380,363,294457.10,41,41,18,17
300,AF,0200,2028-03-16,875.06,EUR,747-400,385,334,329418.99,31,26,21,19
300,AF,0200,2028-03-26,692.67,EUR,A310-300,280,247,169597.69,22,19,10,9
300,AF,0200,2028-04-06,797.04,EUR,747-400,385,330,245387.70,31,26,21,16
300,AF,0200,2028-04-19,786.51,EUR,747-400,385,279,201882.81,31,22,21,16
300,AF,0200,2028-04-30,748.82,EUR,A330-300,223,185,118896.67,22,19,11,8
300,AF,0200,2028-05-14,898.15,EUR,A330-300,223,154,123212.88,22,15,11,8
300,AF,0200,2028-05-25,681.89,EUR,A310-300,280,231,151749.41,22,17,10,8
300,AF,0200,2028-06-08,760.30,EUR,A310-300,280,227,191060.78,22,18,10,8
300,AF,0200,2028-06-20,869.88,EUR,A330-300,223,219,173057.15,22,21,11,11
300,AF,0200,2028-07-03,866.10,EUR,A330-300,223,164,123151.11,22,17,11,8
300,AF,0200,2028-07-14,708.50,EUR,747-400,385,284,215463.33,31,24,21,16
300,AF,0200,2028-07-25,691.86,EUR,A330-300,223,187,139979.94,22,18,11,9
300,AF,0200,2028-08-04,786.61,EUR,A310-300,280,264,216361.86,22,22,10,9
300,AF,0200,2028-08-17,804.91,EUR,DC-10-10,380,277,205683.94,41,28,18,11
300,AF,0200,2028-08-27,799.69,EUR,DC-10-10,380,273,213823.14,41,28,18,14
300,AF,0200,2028-09-10,667.74,EUR,DC-10-10,380,286,213498.76,41,31,18,13
300,AF,0200,2028-09-23,697.50,EUR,A310-300,280,219,160196.29,22,17,10,7
300,AF,0200,2028-10-05,865.68,EUR,DC-10-10,380,272,206694.72,41,28,18,13
300,AF,0200,2028-10-17,697.67,EUR,A310-300,280,227,179924.14,22,17,10,8
300,AF,0200,2028-10-28,709.51,EUR,A330-300,223,199,120177.01,22,20,11,9
300,AF,0200,2028-11-11,730.75,EUR,A330-300,223,214,151510.57,22,21,11,10
300,AF,0201,2028-01-05,655.96,EUR,A330-300,223,182,134267.78,22,18,11,10
300,AF,0201,2028-01-16,810.61,EUR,DC-10-10,380,351,297447.38,41,37,18,17
300,AF,0201,2028-01-27,658.64,EUR,747-400,385,265,150209.20,31,20,21,13
300,AF,0201,2028-02-08,642.93,EUR,A330-300,223,189,127540.72,22,19,11,9
300,AF,0201,2028-02-20,764.42,EUR,747-400,385,304,202930.01,31,24,21,15
300,AF,0201,2028-03-05,678.93,EUR,A330-300,223,176,132045.23,22,18,11,9
300,AF,0201,2028-03-16,842.04,EUR,747-400,385,341,304174.66,31,27,21,19
300,AF,0201,2028-03-26,775.61,EUR,747-400,385,274,235887.48,31,22,21,14
300,AF,0201,2028-04-06,722.02,EUR,A310-300,280,273,221969.68,22,21,10,9
300,AF,0201,2028-04-19,745.26,EUR,DC-10-10,380,325,275254.47,41,35,18,16
300,AF,0201,2028-04-30,766.07,EUR,A330-300,223,208,154941.70,22,21,11,9
300,AF,0201,2028-05-14,838.25,EUR,747-400,385,270,254826.68,31,23,21,15
300,AF,0201,2028-05-25,816.06,EUR,A330-300,223,161,139260.47,22,15,11,8
300,AF,0201,2028-06-08,656.94,EUR,A310-300,280,241,134609.88,22,18,10,8
300,AF,0201,2028-06-20,743.04,EUR,DC-10-10,380,275,217101.72,41,31,18,12
300,AF,0201,2028-07-03,760.39,EUR,DC-10-10,380,335,292479.60,41,38,18,15
300,AF,0201,2028-07-14,685.32,EUR,DC-10-10,380,355,263171.04,41,40,18,16
300,AF,0201,2028-07-25,802.99,EUR,A330-300,223,174,120599.11,22,17,11,8
300,AF,0201,2028-08-04,850.73,EUR,DC-10-10,380,336,273028.38,41,37,18,14
300,AF,0201,2028-08-17,811.45,EUR,A310-300,280,260,188836.36,22,21,10,9
300,AF,0201,2028-08-27,741.58,EUR,747-400,385,293,231729.06,31,25,21,15
300,AF,0201,2028-09-10,801.12,EUR,747-400,385,277,191212.60,31,23,21,15
300,AF,0201,2028-09-23,800.36,EUR,DC-10-10,380,285,205550.98,41,30,18,13
300,AF,0201,2028-10-05,665.84,EUR,DC-10-10,380,344,243505.64,41,38,18,16
300,AF,0201,2028-10-17,682.28,EUR,A310-300,280,255,180431.55,22,19,10,9
300,AF,0201,2028-10-28,675.46,EUR,A310-300,280,239,158224.45,22,18,10,9
300,AF,0201,2028-11-11,807.54,EUR,A310-300,280,234,214911.94,22,19,10,9
300,SR,0100,2028-01-05,315.34,CHF,A321,220,191,54983.45,22,19,11,10
300,SR,0100,2028-01-16,268.06,CHF,A321,220,194,48207.96,22,19,11,10
300,SR,0100,2028-01-27,282.91,CHF,A321,220,174,44357.42,22,16,11,9
300,SR,0100,2028-02-08,291.01,CHF,A321,220,173,48449.16,22,17,11,8
300,SR,0100,2028-02-20,303.56,CHF,A319,220,166,46864.02,22,17,10,7
300,SR,0100,2028-03-05,285.60,CHF,A321,220,213,66003.40,22,22,11,11
300,SR,0100,2028-03-16,241.31,CHF,A321,220,202,46260.48,22,20,11,10
300,SR,0100,2028-03-26,317.09,CHF,A321,220,175,58002.52,22,17,11,8
300,SR,0100,2028-04-06,291.79,CHF,A321,220,187,50744.47,22,19,11,9
300,SR,0100,2028-04-19,299.84,CHF,A319,220,150,51652.02,22,14,10,6
300,SR,0100,2028-04-30,246.98,CHF,A321,220,184,40593.91,22,18,11,9
300,SR,0100,2028-05-14,262.54,CHF,737-200,130,93,25971.46,10,7,8,6
300,SR,0100,2028-05-25,285.84,CHF,A319,220,184,55097.28,22,19,10,7
300,SR,0100,2028-06-08,268.30,CHF,A321,220,153,42545.57,22,16,11,7
300,SR,0100,2028-06-20,266.42,CHF,727-200,189,152,41527.06,18,14,11,9
300,SR,0100,2028-07-03,306.70,CHF,A319,220,209,55452.06,22,22,10,9
300,SR,0100,2028-07-14,270.59,CHF,737-200,130,89,23950.52,10,6,8,5
300,SR,0100,2028-07-25,304.64,CHF,A321,220,158,51041.84,22,17,11,8
300,SR,0100,2028-08-04,278.44,CHF,A319,220,202,55262.11,22,20,10,9
300,SR,0100,2028-08-17,285.40,CHF,727-200,189,164,53316.90,18,16,11,10
300,SR,0100,2028-08-27,266.89,CHF,A319,220,159,36458.74,22,15,10,7
300,SR,0100,2028-09-10,272.85,CHF,737-200,130,104,27631.23,10,8,8,6
300,SR,0100,2028-09-23,287.32,CHF,A321,220,172,42663.65,22,17,11,8
300,SR,0100,2028-10-05,296.94,CHF,A321,220,206,66787.51,22,20,11,10
300,SR,0100,2028-10-17,295.86,CHF,727-200,189,171,48988.68,18,16,11,9
300,SR,0100,2028-10-28,248.11,CHF,737-200,130,123,32651.46,10,9,8,8
300,SR,0100,2028-11-11,253.29,CHF,737-200,130,104,24102.96,10,8,8,6
300,SR,0101,2028-01-05,294.84,CHF,A321,220,186,56659.63,22,19,11,9
300,SR,0101,2028-01-16,249.92,CHF,A319,220,161,44296.64,22,17,10,6
300,SR,0101,2028-01-27,267.82,CHF,727-200,189,130,32148.73,18,12,11,7
300,SR,0101,2028-02-08,266.14,CHF,727-200,189,147,40489.79,18,14,11,8
300,SR,0101,2028-02-20,267.22,CHF,A321,220,187,53458.28,22,19,11,9
300,SR,0101,2028-03-05,308.13,CHF,A319,220,168,56714.80,22,16,10,8
300,SR,0101,2028-03-16,314.92,CHF,A321,220,182,64927.91,22,18,11,9
300,SR,0101,2028-03-26,298.88,CHF,A321,220,151,50947.69,22,15,11,7
300,SR,0101,2028-04-06,303.46,CHF,A319,220,175,59947.57,22,18,10,8
300,SR,0101,2028-04-19,307.56,CHF,727-200,189,153,47787.24,18,15,11,8
300,SR,0101,2028-04-30,303.98,CHF,A321,220,157,54278.24,22,15,11,7
300,SR,0101,2028-05-14,303.89,CHF,A321,220,179,55426.25,22,19,11,8
300,SR,0101,2028-05-25,236.77,CHF,A319,220,167,44199.12,22,17,10,8
300,SR,0101,2028-06-08,309.35,CHF,737-200,130,109,30979.85,10,9,8,6
300,SR,0101,2028-06-20,250.02,CHF,A319,220,190,46175.59,22,18,10,9
300,SR,0101,2028-07-03,278.58,CHF,A319,220,171,45321.49,22,18,10,7
300,SR,0101,2028-07-14,280.88,CHF,A319,220,180,43454.95,22,17,10,7
300,SR,0101,2028-07-25,316.36,CHF,A319,220,208,62361.43,22,20,10,8
300,SR,0101,2028-08-04,241.79,CHF,727-200,189,178,40904.07,18,17,11,10
300,SR,0101,2028-08-17,307.28,CHF,737-200,130,94,33044.60,10,7,8,6
300,SR,0101,2028-08-27,303.40,CHF,727-200,189,154,47713.78,18,14,11,9
300,SR,0101,2028-09-10,295.55,CHF,737-200,130,105,28008.23,10,8,8,6
300,SR,0101,2028-09-23,312.49,CHF,A321,220,182,64970.35,22,18,11,9
300,SR,0101,2028-10-05,270.04,CHF,727-200,189,173,52886.34,18,16,11,10
300,SR,0101,2028-10-17,281.78,CHF,737-200,130,100,30338.52,10,8,8,6
300,SR,0101,2028-10-28,284.45,CHF,A319,220,174,55989.48,22,17,10,8
300,SR,0101,2028-11-11,316.68,CHF,A321,220,168,51536.68,22,17,11,8
300,SR,0200,2028-01-05,1141.92,CHF,DC-10-10,380,306,350468.28,41,31,18,15
300,SR,0200,2028-01-16,1048.31,CHF,A310-300,280,236,257249.50,22,19,10,8
300,SR,0200,2028-01-27,1021.77,CHF,DC-10-10,380,265,283437.51,41,29,18,11
300,SR,0200,2028-02-08,1003.08,CHF,DC-10-10,380,330,292842.67,41,34,18,14
300,SR,0200,2028-02-20,1022.90,CHF,DC-10-10,380,268,255139.09,41,28,18,12
300,SR,0200,2028-03-05,1188.15,CHF,747-400,385,294,348863.32,31,22,21,15
300,SR,0200,2028-03-16,1137.51,CHF,A330-300,223,188,194883.55,22,18,11,9
300,SR,0200,2028-03-26,967.37,CHF,A310-300,280,247,228503.03,22,20,10,8
300,SR,0200,2028-04-06,1178.14,CHF,A310-300,280,234,304184.89,22,18,10,9
300,SR,0200,2028-04-19,911.06,CHF,747-400,385,377,322521.79,31,29,21,21
300,SR,0200,2028-04-30,919.41,CHF,DC-10-10,380,312,279462.61,41,35,18,16
300,SR,0200,2028-05-14,1178.72,CHF,DC-10-10,380,265,336331.20,41,29,18,13
300,SR,0200,2028-05-25,917.15,CHF,DC-10-10,380,304,299547.79,41,33,18,15
300,SR,0200,2028-06-08,1023.09,CHF,DC-10-10,380,315,315150.89,41,34,18,14
300,SR,0200,2028-06-20,1155.37,CHF,A310-300,280,216,260428.06,22,16,10,7
300,SR,0200,2028-07-03,1058.16,CHF,A310-300,280,206,192759.05,22,16,10,7
300,SR,0200,2028-07-14,959.68,CHF,747-400,385,268,265333.77,31,21,21,14
300,SR,0200,2028-07-25,1193.25,CHF,A310-300,280,226,298066.47,22,17,10,8
300,SR,0200,2028-08-04,1129.27,CHF,A330-300,223,169,192664.00,22,18,11,8
300,SR,0200,2028-08-17,1191.53,CHF,A330-300,223,161,214272.11,22,17,11,8
300,SR,0200,2028-08-27,912.11,CHF,DC-10-10,380,266,258418.73,41,27,18,12
300,SR,0200,2028-09-10,1192.21,CHF,A310-300,280,191,213202.39,22,16,10,7
300,SR,0200,2028-09-23,934.90,CHF,DC-10-10,380,286,234553.57,41,31,18,12
300,SR,0200,2028-10-05,999.68,CHF,747-400,385,331,290318.81,31,25,21,17
300,SR,0200,2028-10-17,1130.66,CHF,DC-10-10,380,369,451113.20,41,39,18,18
300,SR,0200,2028-10-28,998.82,CHF,DC-10-10,380,334,289947.03,41,35,18,16
300,SR,0200,2028-11-11,1113.83,CHF,A330-300,223,161,190807.36,22,15,11,7
300,SR,0201,2028-01-05,916.96,CHF,747-400,385,322,255222.33,31,26,21,19
300,SR,0201,2028-01-16,895.88,CHF,A310-300,280,198,170194.54,22,15,10,6
300,SR,0201,2028-01-27,1040.06,CHF,A330-300,223,214,226838.63,22,21,11,10
300,SR,0201,2028-02-08,1025.35,CHF,747-400,385,307,320048.09,31,25,21,16
300,SR,0201,2028-02-20,1013.58,CHF,DC-10-10,380,305,336995.37,41,31,18,14
300,SR,0201,2028-03-05,1064.65,CHF,747-400,385,288,294779.46,31,23,21,15
300,SR,0201,2028-03-16,1127.21,CHF,747-400,385,361,372059.31,31,30,21,19
300,SR,0201,2028-03-26,889.27,CHF,DC-10-10,380,333,252180.38,41,36,18,16
300,SR,0201,2028-04-06,962.97,CHF,A310-300,280,205,216090.22,22,15,10,7
300,SR,0201,2028-04-19,1069.22,CHF,747-400,385,302,313127.16,31,23,21,16
300,SR,0201,2028-04-30,982.77,CHF,747-400,385,342,299360.89,31,26,21,17
300,SR,0201,2028-05-14,1126.16,CHF,A310-300,280,241,281585.96,22,20,10,9
300,SR,0201,2028-05-25,882.62,CHF,747-400,385,329,249476.17,31,27,21,19
300,SR,0201,2028-06-08,973.35,CHF,DC-10-10,380,350,325932.77,41,37,18,15
300,SR,0201,2028-06-20,1023.53,CHF,DC-10-10,380,319,363387.89,41,36,18,16
300,SR,0201,2028-07-03,1114.22,CHF,A330-300,223,213,272675.82,22,20,11,10
300,SR,0201,2028-07-14,1113.38,CHF,A310-300,280,220,257705.45,22,17,10,7
300,SR,0201,2028-07-25,928.13,CHF,A310-300,280,256,243005.67,22,21,10,9
300,SR,0201,2028-08-04,1143.99,CHF,A330-300,223,158,175683.66,22,15,11,7
300,SR,0201,2028-08-17,1115.15,CHF,747-400,385,364,393996.76,31,30,21,18
300,SR,0201,2028-08-27,1146.21,CHF,DC-10-10,380,275,286374.53,41,29,18,14
300,SR,0201,2028-09-10,1084.40,CHF,A330-300,223,187,176666.28,22,19,11,8
300,SR,0201,2028-09-23,871.77,CHF,747-400,385,306,244460.73,31,24,21,15
300,SR,0201,2028-10-05,1032.53,CHF,747-400,385,306,300530.94,31,25,21,15
300,SR,0201,2028-10-17,874.24,CHF,DC-10-10,380,302,234841.77,41,34,18,15
300,SR,0201,2028-10-28,1156.86,CHF,A330-300,223,164,180544.69,22,17,11,8
300,SR,0201,2028-11-11,945.70,CHF,DC-10-10,380,341,319959.65,41,37,18,15
300,UA,0100,2028-01-05,627.70,USD,747-400,385,285,204078.86,31,23,21,14
300,UA,0100,2028-01-16,627.15,USD,A310-300,280,243,162271.78,22,20,10,8
300,UA,0100,2028-01-27,529.44,USD,A310-300,280,274,134070.26,22,22,10,10
300,UA,0100,2028-02-08,633.31,USD,A330-300,223,185,110472.42,22,19,11,9
300,UA,0100,2028-02-20,593.88,USD,DC-10-10,380,284,161802.87,41,32,18,13
300,UA,0100,2028-03-05,544.11,USD,747-400,385,263,164178.91,31,23,21,13
300,UA,0100,2028-03-16,629.82,USD,A310-300,280,234,161600.00,22,18,10,8
300,UA,0100,2028-03-26,655.66,USD,A330-300,223,174,106960.96,22,18,11,8
300,UA,0100,2028-04-06,651.75,USD,747-400,385,316,217235.47,31,26,21,17
300,UA,0100,2028-04-19,642.33,USD,DC-10-10,380,261,155532.39,41,26,18,12
300,UA,0100,2028-04-30,533.44,USD,A330-300,223,215,107203.13,22,21,11,10
300,UA,0100,2028-05-14,566.58,USD,DC-10-10,380,329,201996.16,41,35,18,16
300,UA,0100,2028-05-25,627.42,USD,A310-300,280,197,116515.47,22,15,10,6
300,UA,0100,2028-06-08,664.14,USD,DC-10-10,380,364,223654.20,41,41,18,16
300,UA,0100,2028-06-20,607.16,USD,DC-10-10,380,348,191086.08,41,38,18,15
300,UA,0100,2028-07-03,616.95,USD,747-400,385,322,175715.52,31,27,21,17
300,UA,0100,2028-07-14,645.54,USD,DC-10-10,380,310,224343.42,41,32,18,14
300,UA,0100,2028-07-25,579.06,USD,DC-10-10,380,278,166876.79,41,32,18,13
300,UA,0100,2028-08-04,533.38,USD,747-400,385,298,180562.75,31,24,21,16
300,UA,0100,2028-08-17,560.67,USD,747-400,385,275,144927.13,31,23,21,14
300,UA,0100,2028-08-27,547.24,USD,A330-300,223,192,116995.00,22,20,11,10
300,UA,0100,2028-09-10,696.03,USD,A330-300,223,218,129696.42,22,20,11,10
300,UA,0100,2028-09-23,602.27,USD,DC-10-10,380,314,203900.59,41,33,18,16
300,UA,0100,2028-10-05,690.94,USD,A310-300,280,196,122671.71,22,15,10,6
300,UA,0100,2028-10-17,597.10,USD,A330-300,223,202,122343.80,22,20,11,10
300,UA,0100,2028-10-28,543.67,USD,A330-300,223,217,131072.31,22,22,11,11
300,UA,0100,2028-11-11,693.82,USD,A310-300,280,210,128255.82,22,16,10,8
300,UA,0101,2028-01-05,591.81,USD,A310-300,280,257,159758.70,22,19,10,9
300,UA,0101,2028-01-16,660.86,USD,A310-300,280,245,147758.51,22,19,10,9
300,UA,0101,2028-01-27,655.57,USD,DC-10-10,380,260,180492.94,41,26,18,13
300,UA,0101,2028-02-08,600.58,USD,747-400,385,343,178340.22,31,27,21,17
300,UA,0101,2028-02-20,666.02,USD,A310-300,280,195,117376.58,22,15,10,6
300,UA,0101,2028-03-05,595.66,USD,DC-10-10,380,358,201448.61,41,38,18,15
300,UA,0101,2028-03-16,542.29,USD,747-400,385,283,154065.54,31,22,21,16
300,UA,0101,2028-03-26,634.97,USD,DC-10-10,380,371,221356.45,41,40,18,17
300,UA,0101,2028-04-06,611.27,USD,A310-300,280,197,134205.67,22,16,10,7
300,UA,0101,2028-04-19,507.01,USD,A330-300,223,159,73991.92,22,15,11,8
300,UA,0101,2028-04-30,603.25,USD,747-400,385,335,183386.89,31,28,21,17
300,UA,0101,2028-05-14,575.65,USD,A330-300,223,170,88623.90,22,16,11,9
300,UA,0101,2028-05-25,625.44,USD,DC-10-10,380,324,230840.55,41,37,18,15
300,UA,0101,2028-06-08,623.41,USD,747-400,385,351,226551.74,31,27,21,17
300,UA,0101,2028-06-20,590.41,USD,A330-300,223,178,94344.69,22,17,11,9
300,UA,0101,2028-07-03,649.72,USD,A330-300,223,152,88151.91,22,15,11,6
300,UA,0101,2028-07-14,635.98,USD,747-400,385,329,215898.22,31,27,21,17
300,UA,0101,2028-07-25,673.43,USD,A330-300,223,191,138777.27,22,18,11,9
300,UA,0101,2028-08-04,511.64,USD,A310-300,280,229,119099.73,22,19,10,8
300,UA,0101,2028-08-17,658.50,USD,A310-300,280,202,126214.81,22,16,10,7
300,UA,0101,2028-08-27,669.74,USD,DC-10-10,380,267,182804.60,41,30,18,13
300,UA,0101,2028-09-10,539.66,USD,DC-10-10,380,340,193710.91,41,39,18,16
300,UA,0101,2028-09-23,539.80,USD,A330-300,223,170,82486.59,22,17,11,8
300,UA,0101,2028-10-05,657.44,USD,A310-300,280,210,152097.41,22,16,10,7
300,UA,0101,2028-10-17,540.21,USD,DC-10-10,380,358,171477.99,41,38,18,18
300,UA,0101,2028-10-28,614.21,USD,A310-300,280,255,169513.04,22,20,10,9
300,UA,0101,2028-11-11,505.82,USD,A330-300,223,161,78768.65,22,16,11,8
300,DL,0200,2028-01-05,586.97,USD,A330-300,223,174,94370.42,22,18,11,8
300,DL,0200,2028-01-16,466.09,USD,DC-10-10,380,271,116763.39,41,29,18,12
300,DL,0200,2028-01-27,510.76,USD,747-400,385,300,151668.62,31,23,21,17
300,DL,0200,2028-02-08,606.92,USD,A310-300,280,194,133200.58,22,16,10,6
300,DL,0200,2028-02-20,531.18,USD,DC-10-10,380,355,199812.86,41,38,18,18
300,DL,0200,2028-03-05,509.10,USD,747-400,385,324,170268.88,31,27,21,18
300,DL,0200,2028-03-16,467.94,USD,DC-10-10,380,326,140629.39,41,34,18,14
300,DL,0200,2028-03-26,579.06,USD,747-400,385,341,173001.67,31,27,21,19
300,DL,0200,2028-04-06,502.38,USD,A310-300,280,210,100874.64,22,16,10,7
300,DL,0200,2028-04-19,569.81,USD,A310-300,280,235,135640.64,22,19,10,8
300,DL,0200,2028-04-30,465.06,USD,DC-10-10,380,303,133361.66,41,32,18,13
300,DL,0200,2028-05-14,541.03,USD,747-400,385,374,222116.90,31,31,21,19
300,DL,0200,2028-05-25,562.04,USD,DC-10-10,380,277,164990.90,41,32,18,12
300,DL,0200,2028-06-08,587.67,USD,747-400,385,346,230527.24,31,29,21,18
300,DL,0200,2028-06-20,583.86,USD,A330-300,223,162,99487.88,22,15,11,8
300,DL,0200,2028-07-03,598.70,USD,A310-300,280,249,156693.43,22,19,10,8
300,DL,0200,2028-07-14,457.00,USD,747-400,385,270,130867.99,31,22,21,15
300,DL,0200,2028-07-25,584.27,USD,A330-300,223,157,88445.37,22,15,11,8
300,DL,0200,2028-08-04,502.12,USD,747-400,385,371,175952.64,31,30,21,20
300,DL,0200,2028-08-17,607.35,USD,DC-10-10,380,326,191566.81,41,36,18,15
300,DL,0200,2028-08-27,582.87,USD,A310-300,280,257,141468.44,22,20,10,9
300,DL,0200,2028-09-10,553.10,USD,A310-300,280,200,124989.91,22,16,10,7
300,DL,0200,2028-09-23,575.64,USD,747-400,385,272,177284.54,31,23,21,14
300,DL,0200,2028-10-05,539.38,USD,A330-300,223,196,97186.75,22,20,11,9
300,DL,0200,2028-10-17,511.52,USD,A310-300,280,247,144132.81,22,19,10,8
300,DL,0200,2028-10-28,565.80,USD,DC-10-10,380,260,162020.64,41,27,18,13
300,DL,0200,2028-11-11,500.42,USD,DC-10-10,380,276,122683.08,41,29,18,12
300,DL,0201,2028-01-05,541.57,USD,DC-10-10,380,364,223872.62,41,39,18,17
300,DL,0201,2028-01-16,613.38,USD,747-400,385,273,176098.02,31,22,21,14
300,DL,0201,2028-01-27,553.67,USD,A330-300,223,194,103025.44,22,18,11,9
300,DL,0201,2028-02-08,637.14,USD,DC-10-10,380,307,213122.15,41,34,18,15
300,DL,0201,2028-02-20,634.14,USD,DC-10-10,380,363,238105.87,41,39,18,17
300,DL,0201,2028-03-05,594.43,USD,A310-300,280,194,122332.17,22,16,10,6
300,DL,0201,2028-03-16,571.25,USD,A310-300,280,201,117202.66,22,16,10,7
300,DL,0201,2028-03-26,620.23,USD,A310-300,280,246,173666.86,22,18,10,8
300,DL,0201,2028-04-06,595.20,USD,A310-300,280,242,162208.73,22,19,10,8
300,DL,0201,2028-04-19,503.80,USD,A330-300,223,203,110949.86,22,19,11,10
300,DL,0201,2028-04-30,612.82,USD,A310-300,280,267,182028.47,22,21,10,9
300,DL,0201,2028-05-14,610.52,USD,A310-300,280,229,140954.57,22,17,10,9
300,DL,0201,2028-05-25,549.66,USD,DC-10-10,380,317,181405.09,41,33,18,15
300,DL,0201,2028-06-08,485.37,USD,DC-10-10,380,351,181849.67,41,39,18,17
300,DL,0201,2028-06-20,559.79,USD,747-400,385,344,201421.12,31,27,21,17
300,DL,0201,2028-07-03,517.47,USD,747-400,385,275,153154.06,31,23,21,15
300,DL,0201,2028-07-14,617.87,USD,A330-300,223,213,150471.28,22,22,11,10
300,DL,0201,2028-07-25,626.95,USD,747-400,385,338,243251.03,31,28,21,19
300,DL,0201,2028-08-04,614.18,USD,DC-10-10,380,343,219989.05,41,38,18,17
300,DL,0201,2028-08-17,583.45,USD,A310-300,280,219,109773.99,22,17,10,8
300,DL,0201,2028-08-27,542.21,USD,DC-10-10,380,354,182629.09,41,40,18,16
300,DL,0201,2028-09-10,566.43,USD,747-400,385,296,143843.52,31,23,21,17
300,DL,0201,2028-09-23,620.54,USD,A310-300,280,231,144968.08,22,18,10,8
300,DL,0201,2028-10-05,562.73,USD,A330-300,223,179,98475.38,22,17,11,9
300,DL,0201,2028-10-17,619.36,USD,A310-300,280,257,139211.33,22,20,10,9
300,DL,0201,2028-10-28,477.73,USD,A330-300,223,164,84594.93,22,16,11,8
300,DL,0201,2028-11-11,613.78,USD,DC-10-10,380,298,157062.29,41,33,18,15