MANDT,CARRID,CONNID,FLDATE,BOOKID,CUSTOMID,TICKET,PLACE,ARCHIVE_
300,LH,402,2028-10-12,116914,2272,O,AIRPORT,
300,UA,3516,2028-08-18,117491,2272,O,AIRPORT,
300,UA,3516,2028-08-25,118879,2272,O,AIRPORT,
300,AZ,790,2028-04-26,118602,2272,O,AIRPORT,
300,AZ,791,2028-07-16,154018,2272,O,AIRPORT,
300,LH,455,2028-04-17,148023,2272,O,AIRPORT,
300,LH,455,2028-07-20,158600,2769,O,AIRPORT,
300,AZ,791,2028-05-21,147727,2272,O,AIRPORT,
300,AZ,790,2028-08-23,134995,2769,O,AIRPORT,
300,AZ,791,2028-05-15,146921,2272,O,AIRPORT,
300,LH,454,2028-08-19,138166,2769,O,AIRPORT,
300,UA,3517,2028-07-02,147381,2272,O,AIRPORT,
300,AZ,790,2028-09-01,136465,2769,O,AIRPORT,
300,AZ,791,2028-06-10,150010,2272,O,AIRPORT,
300,LH,454,2028-08-06,136197,2769,O,AIRPORT,
300,LH,455,2028-04-21,148700,2272,O,AIRPORT,
300,UA,3517,2028-05-09,136807,2769,O,AIRPORT,
300,AZ,791,2028-09-08,159873,2272,O,AIRPORT,
300,LH,454,2028-07-19,133784,2769,O,AIRPORT,
300,LH,455,2028-08-22,162208,2272,O,AIRPORT,
300,UA,3517,2028-06-14,143677,2769,O,AIRPORT,
300,LH,455,2028-08-20,162027,2272,O,AIRPORT,
300,UA,3517,2028-05-20,139161,2769,O,AIRPORT,
300,LH,455,2028-06-25,155946,2272,O,AIRPORT,
300,UA,3517,2028-06-05,141929,2769,O,AIRPORT,
300,UA,3517,2028-08-15,155791,2272,O,AIRPORT,
300,LH,454,2028-09-08,141283,2769,O,AIRPORT,
300,AZ,791,2028-08-23,158176,2272,O,AIRPORT,
300,UA,3517,2028-11-15,166624,2769,O,AIRPORT,
300,UA,3517,2028-08-24,157489,2272,O,AIRPORT,
300,UA,3517,2028-09-29,164903,2769,O,AIRPORT,
300,AZ,790,2028-08-27,135907,2272,O,AIRPORT,
300,UA,3517,2028-09-25,164339,2769,O,AIRPORT,
300,UA,3517,2028-05-14,137559,2272,O,AIRPORT,
300,LH,2462,2028-09-19,265983,2769,O,AIRPORT,
300,UA,3517,2028-05-14,137667,2272,O,AIRPORT,
300,LH,2462,2028-09-26,266637,2769,O,AIRPORT,
300,AZ,790,2028-09-05,137128,2272,O,AIRPORT,
300,LH,2462,2028-09-06,264178,2769,O,AIRPORT,
300,AZ,790,2028-07-20,130386,2272,O,AIRPORT,
300,LH,2462,2028-06-28,256132,2769,O,AIRPORT,
300,LH,454,2028-09-28,144204,2272,O,AIRPORT,
300,LH,2463,2028-06-09,276239,2769,O,AIRPORT,
300,LH,455,2028-03-28,145878,2272,O,AIRPORT,
300,LH,2463,2028-05-26,274757,2769,O,AIRPORT,
300,UA,3517,2028-05-22,139492,2272,O,AIRPORT,
300,LH,2463,2028-07-01,278813,2769,O,AIRPORT,
300,LH,454,2028-09-02,140096,2272,O,AIRPORT,
300,LH,2463,2028-04-16,270307,2769,O,AIRPORT,
300,LH,2462,2028-09-21,266027,2272,O,AIRPORT,
300,LH,2436,2028-07-28,240460,2769,O,AIRPORT,
300,LH,2462,2028-07-01,256419,2272,O,AIRPORT,
300,LH,2415,2028-08-26,227922,2769,O,AIRPORT,
300,LH,2462,2028-07-21,258634,2272,O,AIRPORT,
300,LH,2415,2028-09-17,230356,2769,O,AIRPORT,
300,LH,2462,2028-07-19,258528,2272,O,AIRPORT,
300,LH,2462,2028-04-16,247903,2769,O,AIRPORT,
300,LH,2463,2028-04-07,269359,2272,O,AIRPORT,
300,LH,2462,2028-04-07,247000,2769,O,AIRPORT,
300,LH,2463,2028-04-05,269132,2272,O,AIRPORT,
300,LH,3577,2028-09-08,309590,2769,O,AIRPORT,
300,LH,2463,2028-05-06,272570,2272,O,AIRPORT,
300,LH,3577,2028-09-19,311284,2769,O,AIRPORT,
300,LH,2436,2028-05-08,235262,2272,O,AIRPORT,
300,LH,2463,2028-09-11,287380,2769,O,AIRPORT,
300,LH,2436,2028-06-15,237807,2272,O,AIRPORT,
300,LH,2463,2028-08-12,283533,2769,O,AIRPORT,
300,LH,2415,2028-09-12,229954,2272,O,AIRPORT,
300,LH,2462,2028-05-19,251625,2272,O,AIRPORT,
300,LH,2463,2028-07-30,282140,2769,O,AIRPORT,
300,LH,2462,2028-04-14,247586,2272,O,AIRPORT,
300,LH,3577,2028-07-12,302839,2769,O,AIRPORT,
300,LH,3577,2028-09-06,309345,2272,O,AIRPORT,
300,LH,3577,2028-07-10,302538,2769,O,AIRPORT,
300,LH,2463,2028-10-03,289532,2272,O,AIRPORT,
300,LH,3577,2028-05-11,295883,2769,O,AIRPORT,
300,LH,3577,2028-04-18,293375,2272,O,AIRPORT,
300,LH,3577,2028-06-15,299949,2769,O,AIRPORT,
300,LH,2463,2028-08-01,282247,2272,O,AIRPORT,
300,LH,2407,2028-07-08,202220,2769,O,AIRPORT,
300,LH,2463,2028-07-30,282173,2272,O,AIRPORT,
300,LH,2402,2028-10-18,190189,2769,O,AIRPORT,
300,LH,2463,2028-08-31,285973,2272,O,AIRPORT,
300,LH,2402,2028-09-13,187791,2769,O,AIRPORT,
300,LH,3577,2028-07-01,301641,2272,O,AIRPORT,
300,LH,2407,2028-09-19,210960,2769,O,AIRPORT,
300,LH,3577,2028-05-11,295824,2272,O,AIRPORT,
300,LH,2407,2028-08-21,207238,2769,O,AIRPORT,
300,LH,3577,2028-05-29,297929,2272,O,AIRPORT,
300,LH,2415,2028-04-20,215563,2769,O,AIRPORT,
300,LH,3577,2028-06-06,298873,2272,O,AIRPORT,
300,LH,2407,2028-09-26,211954,2769,O,AIRPORT,
300,LH,2407,2028-06-18,200111,2272,O,AIRPORT,
300,LH,2402,2028-08-12,183840,2769,O,AIRPORT,
300,LH,2407,2028-06-18,199982,2272,O,AIRPORT,
300,LH,2402,2028-05-29,175372,2769,O,AIRPORT,
300,LH,2402,2028-09-22,188800,2272,O,AIRPORT,
300,QF,5,2028-07-05,19843,794,O,AIRPORT,
300,LH,2407,2028-05-11,195705,2272,O,AIRPORT,
300,LH,400,2028-07-03,19550,794,O,AIRPORT,
300,LH,2407,2028-05-20,196829,2272,O,AIRPORT,
300,LH,400,2028-04-23,5380,794,O,AIRPORT,
300,LH,2407,2028-05-20,196916,2272,O,AIRPORT,
300,JL,407,2028-08-23,20991,794,O,AIRPORT,
300,LH,2407,2028-04-16,193163,2272,O,AIRPORT,
300,LH,400,2028-06-27,17876,794,O,AIRPORT,
300,LH,2415,2028-05-04,216715,2272,O,AIRPORT,
300,DL,106,2028-04-06,1773,794,O,AIRPORT,
300,LH,2415,2028-07-16,224062,2272,O,AIRPORT,
300,JL,407,2028-07-25,16906,794,O,AIRPORT,
300,LH,2415,2028-07-03,222570,2272,O,AIRPORT,
300,AZ,555,2028-06-28,18626,794,O,AIRPORT,
300,LH,2415,2028-07-10,223322,2272,O,AIRPORT,
300,LH,400,2028-06-29,18626,794,O,AIRPORT,
300,LH,2407,2028-09-22,211336,2272,O,AIRPORT,
300,DL,106,2028-06-29,18705,794,O,AIRPORT,
300,LH,2415,2028-04-29,216329,2272,O,AIRPORT,
300,AA,17,2028-04-20,4851,794,O,AIRPORT,
300,LH,2402,2028-07-12,180349,2272,O,AIRPORT,
300,AZ,555,2028-07-27,24301,794,O,AIRPORT,
300,LH,2402,2028-07-06,179541,2272,O,AIRPORT,
300,AZ,555,2028-07-27,24331,794,O,AIRPORT,
300,LH,2402,2028-09-06,186718,2272,O,AIRPORT,
300,QF,5,2028-04-20,4932,794,O,AIRPORT,
300,LH,2402,2028-04-25,171572,2272,O,AIRPORT,
300,AZ,555,2028-04-17,4724,794,O,AIRPORT,
300,LH,2402,2028-03-27,168311,2272,O,AIRPORT,
300,AZ,788,2028-05-14,47780,794,O,AIRPORT,
300,LH,2402,2028-03-27,168388,2272,O,AIRPORT,
300,AA,17,2028-07-20,22670,794,O,AIRPORT,
300,JL,407,2028-08-12,19289,3947,O,AIRPORT,
300,JL,407,2028-09-01,22050,794,O,AIRPORT,
300,QF,5,2028-07-03,19274,3947,O,AIRPORT,
300,LH,400,2028-07-26,23907,794,O,AIRPORT,
300,AA,17,2028-07-11,21138,3947,O,AIRPORT,
300,UA,7,2028-09-10,23713,794,O,AIRPORT,
300,UA,7,2028-08-04,17884,3947,O,AIRPORT,
300,AA,17,2028-07-22,23039,794,O,AIRPORT,
300,AZ,555,2028-06-23,17819,3947,O,AIRPORT,
300,UA,7,2028-06-09,10249,794,O,AIRPORT,
300,JL,407,2028-08-10,19039,3947,O,AIRPORT,
300,AA,17,2028-05-03,7659,794,O,AIRPORT,
300,DL,106,2028-06-29,18349,3947,O,AIRPORT,
300,LH,400,2028-05-04,7647,794,O,AIRPORT,
300,DL,1699,2028-05-18,47398,3947,O,AIRPORT,
300,UA,7,2028-05-17,7164,794,O,AIRPORT,
300,AA,26,2028-05-25,47255,3947,O,AIRPORT,
300,QF,5,2028-05-01,7237,794,O,AIRPORT,
300,JL,408,2028-10-07,48305,3947,O,AIRPORT,
300,AA,17,2028-05-21,11106,794,O,AIRPORT,
300,LH,400,2028-04-18,4793,3947,O,AIRPORT,
300,AA,17,2028-05-19,10838,794,O,AIRPORT,
300,DL,106,2028-07-17,22142,3947,O,AIRPORT,
300,JL,407,2028-06-06,9937,794,O,AIRPORT,
300,JL,407,2028-04-11,2369,3947,O,AIRPORT,
300,UA,7,2028-07-12,14954,794,O,AIRPORT,
300,JL,407,2028-09-12,23578,3947,O,AIRPORT,
300,AZ,555,2028-06-10,15242,794,O,AIRPORT,
300,UA,7,2028-05-15,6861,3947,O,AIRPORT,
300,LH,400,2028-06-09,14450,794,O,AIRPORT,
300,AZ,555,2028-04-29,6905,3947,O,AIRPORT,
300,JL,407,2028-07-07,14413,794,O,AIRPORT,
300,UA,7,2028-05-15,6884,3947,O,AIRPORT,
300,DL,106,2028-06-18,16182,794,O,AIRPORT,
300,AZ,555,2028-04-29,6586,3947,O,AIRPORT,
300,DL,106,2028-06-21,16648,794,O,AIRPORT,
300,QF,5,2028-05-26,11890,794,O,AIRPORT,
300,JL,407,2028-05-13,6548,3947,O,AIRPORT,
300,AZ,555,2028-05-25,12129,794,O,AIRPORT,
300,AA,17,2028-05-01,7191,3947,O,AIRPORT,
300,AZ,555,2028-04-26,6129,794,O,AIRPORT,
300,UA,7,2028-06-15,11322,3947,O,AIRPORT,
300,AZ,555,2028-05-23,11602,3947,O,AIRPORT,
300,UA,7,2028-06-29,13145,794,O,AIRPORT,
300,AA,17,2028-05-19,10530,3947,O,AIRPORT,
300,DL,106,2028-09-09,32408,794,O,AIRPORT,
300,QF,5,2028-05-19,10519,3947,O,AIRPORT,
300,AZ,555,2028-09-03,31828,794,O,AIRPORT,
300,JL,407,2028-04-02,1047,3947,O,AIRPORT,
300,DL,106,2028-09-07,31891,794,O,AIRPORT,
300,QF,5,2028-05-22,10899,3947,O,AIRPORT,
300,DL,106,2028-09-22,35235,794,O,AIRPORT,
300,JL,407,2028-06-04,9713,3947,O,AIRPORT,
300,QF,5,2028-09-15,33872,794,O,AIRPORT,
300,JL,407,2028-06-06,9905,3947,O,AIRPORT,
300,JL,408,2028-06-02,34664,794,O,AIRPORT,
300,AZ,555,2028-05-05,8001,3947,O,AIRPORT,
300,LH,400,2028-09-15,34721,794,O,AIRPORT,
300,UA,7,2028-05-29,8866,3947,O,AIRPORT,
300,AA,17,2028-08-12,27084,794,O,AIRPORT,
300,UA,7,2028-07-12,14920,3947,O,AIRPORT,
300,DL,106,2028-08-02,25164,794,O,AIRPORT,
300,UA,7,2028-07-14,15415,3947,O,AIRPORT,
300,DL,106,2028-08-11,26717,794,O,AIRPORT,
300,DL,106,2028-06-18,16204,3947,O,AIRPORT,
300,QF,5,2028-08-03,25614,794,O,AIRPORT,
300,QF,5,2028-06-17,16075,3947,O,AIRPORT,
300,LH,400,2028-08-04,25538,794,O,AIRPORT,
300,DL,106,2028-08-27,29830,794,O,AIRPORT,
300,AA,17,2028-08-18,28265,794,O,AIRPORT,
300,QF,5,2028-04-09,2854,794,O,AIRPORT,
300,JL,408,2028-04-09,28734,794,O,AIRPORT,
300,LH,400,2028-05-29,12363,3947,O,AIRPORT,
300,LH,400,2028-08-19,28627,794,O,AIRPORT,
300,AA,17,2028-04-08,2887,794,O,AIRPORT,
300,JL,407,2028-04-02,1188,3947,O,AIRPORT,
300,AZ,788,2028-04-24,43735,794,O,AIRPORT,
300,QF,6,2028-04-24,41998,794,O,AIRPORT,
300,AZ,555,2028-05-28,12216,3947,O,AIRPORT,
300,LH,401,2028-04-07,41979,794,O,AIRPORT,
300,QF,6,2028-05-28,46634,794,O,AIRPORT,
300,LH,400,2028-04-25,6088,3947,O,AIRPORT,
300,UA,941,2028-08-23,44579,794,O,AIRPORT,
300,JL,408,2028-05-13,32412,3947,O,AIRPORT,
300,DL,106,2028-09-09,32628,3947,O,AIRPORT,
300,LH,401,2028-04-25,45410,794,O,AIRPORT,
300,JL,408,2028-05-11,32243,3947,O,AIRPORT,
300,LH,401,2028-04-22,45021,794,O,AIRPORT,
300,AA,17,2028-09-12,33313,3947,O,AIRPORT,
300,UA,7,2028-04-27,4516,794,O,AIRPORT,
300,UA,941,2028-05-15,33342,3947,O,AIRPORT,
300,JL,408,2028-06-27,37608,794,O,AIRPORT,
300,AZ,555,2028-08-29,30881,3947,O,AIRPORT,
300,QF,5,2028-10-27,37382,794,O,AIRPORT,
300,UA,941,2028-05-01,31903,3947,O,AIRPORT,
300,AA,26,2028-04-06,40259,794,O,AIRPORT,
300,UA,941,2028-05-21,34021,3947,O,AIRPORT,
300,AZ,788,2028-04-06,40405,794,O,AIRPORT,
300,QF,5,2028-09-15,33525,3947,O,AIRPORT,
300,JL,408,2028-05-22,33530,3947,O,AIRPORT,
300,UA,941,2028-07-21,40945,794,O,AIRPORT,
300,LH,400,2028-09-13,34130,3947,O,AIRPORT,
300,UA,941,2028-07-07,39369,794,O,AIRPORT,
300,UA,7,2028-11-01,27441,3947,O,AIRPORT,
300,QF,6,2028-08-29,59773,794,O,AIRPORT,
300,QF,5,2028-08-03,25303,3947,O,AIRPORT,
300,AA,26,2028-08-23,59412,794,O,AIRPORT,
300,QF,5,2028-08-26,29755,3947,O,AIRPORT,
300,DL,1699,2028-07-17,59595,794,O,AIRPORT,
300,UA,941,2028-04-11,29685,3947,O,AIRPORT,
300,LH,401,2028-07-12,60634,794,O,AIRPORT,
300,LH,400,2028-08-30,30618,3947,O,AIRPORT,
300,DL,1699,2028-07-06,57147,794,O,AIRPORT,
300,AZ,555,2028-08-16,27985,3947,O,AIRPORT,
300,LH,401,2028-06-28,58147,794,O,AIRPORT,
300,LH,400,2028-04-09,2905,3947,O,AIRPORT,
300,AZ,788,2028-07-09,58502,794,O,AIRPORT,
300,AZ,555,2028-04-08,2861,3947,O,AIRPORT,
300,DL,1699,2028-08-11,64130,794,O,AIRPORT,
300,UA,941,2028-04-04,28910,3947,O,AIRPORT,
300,QF,6,2028-10-24,64717,794,O,AIRPORT,
300,UA,7,2028-04-27,4374,3947,O,AIRPORT,
300,DL,1699,2028-08-06,63166,794,O,AIRPORT,
300,AA,26,2028-04-17,41982,3947,O,AIRPORT,
300,LH,401,2028-05-26,51464,794,O,AIRPORT,
300,QF,5,2028-04-16,4287,3947,O,AIRPORT,
300,QF,6,2028-06-26,50855,794,O,AIRPORT,
300,UA,941,2028-08-07,42908,3947,O,AIRPORT,
300,UA,3504,2028-03-29,50813,794,O,AIRPORT,
300,LH,401,2028-06-22,56839,794,O,AIRPORT,
300,AZ,788,2028-05-07,46191,3947,O,AIRPORT,
300,DL,1699,2028-07-04,56929,794,O,AIRPORT,
300,DL,106,2028-04-19,4572,3947,O,AIRPORT,
300,AZ,788,2028-06-19,54420,794,O,AIRPORT,
300,UA,941,2028-09-03,45984,3947,O,AIRPORT,
300,AA,64,2028-05-01,70107,794,O,AIRPORT,
300,DL,1699,2028-05-14,46662,3947,O,AIRPORT,
300,DL,1699,2028-09-07,69227,794,O,AIRPORT,
300,AZ,788,2028-05-09,46552,3947,O,AIRPORT,
300,LH,401,2028-08-26,69186,794,O,AIRPORT,
300,DL,1699,2028-05-14,46584,3947,O,AIRPORT,
300,AZ,788,2028-08-25,67647,794,O,AIRPORT,
300,UA,7,2028-04-27,4557,3947,O,AIRPORT,
300,LH,401,2028-04-25,45549,3947,O,AIRPORT,
300,DL,1699,2028-08-31,67960,794,O,AIRPORT,
300,UA,941,2028-06-21,37653,3947,O,AIRPORT,
300,DL,1984,2028-05-18,85734,794,O,AIRPORT,
300,AA,17,2028-10-04,36737,3947,O,AIRPORT,
300,LH,402,2028-04-26,84956,794,O,AIRPORT,
300,JL,408,2028-07-23,40583,3947,O,AIRPORT,
300,UA,3504,2028-09-15,84968,794,O,AIRPORT,
300,AZ,788,2028-04-01,39375,3947,O,AIRPORT,
300,UA,3504,2028-08-01,75282,794,O,AIRPORT,
300,LH,401,2028-03-27,39780,3947,O,AIRPORT,
300,UA,3504,2028-08-01,75342,794,O,AIRPORT,
300,AA,26,2028-04-02,39835,3947,O,AIRPORT,
300,DL,1699,2028-10-03,73988,794,O,AIRPORT,
300,AZ,555,2028-03-26,242,3947,O,AIRPORT,
300,DL,1699,2028-10-24,74734,794,O,AIRPORT,
300,QF,6,2028-09-07,60859,3947,O,AIRPORT,
300,AA,64,2028-05-17,71980,794,O,AIRPORT,
300,AZ,788,2028-09-09,70584,794,O,AIRPORT,
300,DL,1699,2028-07-26,60978,3947,O,AIRPORT,
300,UA,3504,2028-07-25,73939,794,O,AIRPORT,
300,UA,3504,2028-05-06,58147,3947,O,AIRPORT,
300,DL,1984,2028-04-30,82301,794,O,AIRPORT,
300,AZ,788,2028-07-06,58243,3947,O,AIRPORT,
300,UA,3504,2028-09-01,81674,794,O,AIRPORT,
300,QF,6,2028-08-20,58443,3947,O,AIRPORT,
300,UA,3504,2028-09-11,83992,794,O,AIRPORT,
300,UA,3504,2028-05-06,58394,3947,O,AIRPORT,
300,AA,64,2028-09-08,84781,794,O,AIRPORT,
300,DL,106,2028-03-30,853,3947,O,AIRPORT,
300,LH,402,2028-04-17,83233,794,O,AIRPORT,
300,UA,7,2028-03-27,83,3947,O,AIRPORT,
300,AA,64,2028-07-21,79099,794,O,AIRPORT,
300,UA,7,2028-03-31,766,3947,O,AIRPORT,
300,AZ,788,2028-08-11,64883,3947,O,AIRPORT,
300,AA,26,2028-10-02,64659,3947,O,AIRPORT,
300,AA,64,2028-08-01,80446,794,O,AIRPORT,
300,AA,26,2028-09-05,61498,3947,O,AIRPORT,
300,UA,3504,2028-08-23,79569,794,O,AIRPORT,
300,DL,1699,2028-05-25,49087,3947,O,AIRPORT,
300,DL,1984,2028-11-13,113333,794,O,AIRPORT,
300,DL,1699,2028-06-03,50575,3947,O,AIRPORT,
300,AZ,789,2028-10-09,112838,794,O,AIRPORT,
300,QF,6,2028-08-03,55865,3947,O,AIRPORT,
300,UA,3516,2028-07-24,112727,794,O,AIRPORT,
300,DL,1699,2028-06-25,55191,3947,O,AIRPORT,
300,QF,6,2028-08-07,56621,3947,O,AIRPORT,
300,DL,1984,2028-08-22,104276,794,O,AIRPORT,
300,AZ,788,2028-06-14,53777,3947,O,AIRPORT,
300,UA,3516,2028-06-10,104106,794,O,AIRPORT,
300,UA,3504,2028-04-16,54205,3947,O,AIRPORT,
300,LH,402,2028-07-28,103477,794,O,AIRPORT,
300,UA,3516,2028-05-21,100050,794,O,AIRPORT,
300,AA,26,2028-07-13,53983,3947,O,AIRPORT,
300,UA,3516,2028-05-21,100087,794,O,AIRPORT,
300,LH,401,2028-06-08,54221,3947,O,AIRPORT,
300,LH,402,2028-07-24,102415,794,O,AIRPORT,
300,AZ,788,2028-09-05,69620,3947,O,AIRPORT,
300,DL,1984,2028-09-20,109894,794,O,AIRPORT,
300,LH,401,2028-08-10,66383,3947,O,AIRPORT,
300,AZ,789,2028-08-27,106380,794,O,AIRPORT,
300,DL,1699,2028-08-18,65296,3947,O,AIRPORT,
300,LH,401,2028-08-19,68123,3947,O,AIRPORT,
300,LH,402,2028-08-15,106932,794,O,AIRPORT,
300,AZ,789,2028-05-16,85999,3947,O,AIRPORT,
300,AZ,789,2028-09-07,108534,794,O,AIRPORT,
300,UA,3504,2028-09-21,86284,3947,O,AIRPORT,
300,LH,402,2028-06-05,93144,794,O,AIRPORT,
300,AZ,789,2028-05-16,86321,3947,O,AIRPORT,
300,LH,402,2028-06-03,92529,794,O,AIRPORT,
300,AA,64,2028-09-30,86937,3947,O,AIRPORT,
300,UA,3516,2028-04-10,92268,794,O,AIRPORT,
300,LH,402,2028-05-05,86667,3947,O,AIRPORT,
300,AZ,789,2028-07-09,96436,794,O,AIRPORT,
300,DL,1699,2028-10-26,74950,3947,O,AIRPORT,
300,DL,1984,2028-07-13,96410,794,O,AIRPORT,
300,UA,3504,2028-08-01,75373,3947,O,AIRPORT,
300,UA,3516,2028-05-03,96738,794,O,AIRPORT,
300,AA,64,2028-06-17,75536,3947,O,AIRPORT,
300,DL,1984,2028-07-04,94925,794,O,AIRPORT,
300,AZ,788,2028-09-27,74064,3947,O,AIRPORT,
300,AZ,789,2028-07-18,98208,794,O,AIRPORT,
300,LH,401,2028-09-17,74459,3947,O,AIRPORT,
300,AZ,789,2028-07-16,97836,794,O,AIRPORT,
300,DL,1984,2028-04-03,77120,3947,O,AIRPORT,
300,LH,402,2028-06-27,97423,794,O,AIRPORT,
300,DL,1984,2028-04-01,76798,3947,O,AIRPORT,
300,UA,3516,2028-09-23,125172,794,O,AIRPORT,
300,UA,3504,2028-08-12,77435,3947,O,AIRPORT,
300,AZ,790,2028-05-23,122381,794,O,AIRPORT,
300,AZ,789,2028-04-02,77376,3947,O,AIRPORT,
300,AZ,790,2028-07-07,128574,794,O,AIRPORT,
300,LH,401,2028-09-24,75871,3947,O,AIRPORT,
300,LH,454,2028-06-18,129356,794,O,AIRPORT,
300,AA,64,2028-05-17,72009,3947,O,AIRPORT,
300,UA,3517,2028-04-03,129842,794,O,AIRPORT,
300,UA,3504,2028-07-12,71212,3947,O,AIRPORT,
300,UA,3516,2028-09-25,125624,794,O,AIRPORT,
300,DL,1699,2028-09-22,72606,3947,O,AIRPORT,
300,UA,3516,2028-10-02,126426,794,O,AIRPORT,
300,DL,1984,2028-04-30,82271,3947,O,AIRPORT,
300,AZ,790,2028-03-28,114740,794,O,AIRPORT,
300,AA,64,2028-08-10,81382,3947,O,AIRPORT,
300,AZ,789,2028-11-04,113939,794,O,AIRPORT,
300,LH,402,2028-04-23,84633,3947,O,AIRPORT,
300,LH,454,2028-04-09,119706,794,O,AIRPORT,
300,AZ,789,2028-05-01,83256,3947,O,AIRPORT,
300,AZ,790,2028-05-03,119787,794,O,AIRPORT,
300,AZ,789,2028-05-01,83042,3947,O,AIRPORT,
300,AZ,791,2028-07-12,153404,794,O,AIRPORT,
300,DL,1984,2028-04-08,77952,3947,O,AIRPORT,
300,LH,455,2028-04-21,148602,794,O,AIRPORT,
300,UA,3504,2028-08-28,80489,3947,O,AIRPORT,
300,AZ,791,2028-09-08,159949,794,O,AIRPORT,
300,UA,3504,2028-08-26,80159,3947,O,AIRPORT,
300,AZ,791,2028-10-07,162448,794,O,AIRPORT,
300,DL,1984,2028-10-17,112488,3947,O,AIRPORT,
300,LH,455,2028-06-27,156061,794,O,AIRPORT,
300,UA,3516,2028-07-27,113190,3947,O,AIRPORT,
300,AZ,791,2028-08-12,156941,794,O,AIRPORT,
300,LH,455,2028-07-20,158464,794,O,AIRPORT,
300,AZ,791,2028-08-14,157247,794,O,AIRPORT,
300,DL,1984,2028-08-18,103355,3947,O,AIRPORT,
300,AZ,790,2028-09-07,137298,794,O,AIRPORT,
300,UA,3516,2028-05-23,100622,3947,O,AIRPORT,
300,UA,3517,2028-05-11,137267,794,O,AIRPORT,
300,UA,3516,2028-05-29,102025,3947,O,AIRPORT,
300,UA,3517,2028-04-08,130771,794,O,AIRPORT,
300,AZ,789,2028-09-18,110418,3947,O,AIRPORT,
300,UA,3517,2028-04-23,133919,794,O,AIRPORT,
300,LH,402,2028-08-18,107439,3947,O,AIRPORT,
300,UA,3517,2028-04-19,132668,794,O,AIRPORT,
300,UA,3516,2028-06-28,107645,3947,O,AIRPORT,
300,UA,3517,2028-05-20,138816,794,O,AIRPORT,
300,UA,3516,2028-06-25,106913,3947,O,AIRPORT,
300,LH,454,2028-09-13,142025,794,O,AIRPORT,
300,AZ,789,2028-09-01,106931,3947,O,AIRPORT,
300,LH,454,2028-09-04,140667,794,O,AIRPORT,
300,AZ,789,2028-09-07,108593,3947,O,AIRPORT,
300,LH,454,2028-09-04,140450,794,O,AIRPORT,
300,DL,1984,2028-09-16,109162,3947,O,AIRPORT,
300,LH,454,2028-09-08,141165,794,O,AIRPORT,
300,DL,1984,2028-06-14,90821,3947,O,AIRPORT,
300,LH,455,2028-09-22,166226,794,O,AIRPORT,
300,UA,3516,2028-04-04,91117,3947,O,AIRPORT,
300,UA,3517,2028-09-27,164853,794,O,AIRPORT,
300,UA,3516,2028-04-04,91045,3947,O,AIRPORT,
300,LH,2462,2028-10-25,267587,794,O,AIRPORT,
300,LH,402,2028-05-16,89164,3947,O,AIRPORT,
300,LH,2462,2028-07-01,256464,794,O,AIRPORT,
300,DL,1984,2028-07-28,99567,3947,O,AIRPORT,
300,LH,2462,2028-07-23,258859,794,O,AIRPORT,
300,DL,1984,2028-07-13,96525,3947,O,AIRPORT,
300,LH,2462,2028-11-16,267915,794,O,AIRPORT,
300,AZ,789,2028-07-02,95130,3947,O,AIRPORT,
300,LH,2463,2028-05-20,274043,794,O,AIRPORT,
300,LH,402,2028-06-29,97802,3947,O,AIRPORT,
300,LH,2436,2028-04-14,233733,794,O,AIRPORT,
300,DL,1984,2028-07-15,96831,3947,O,AIRPORT,
300,LH,2436,2028-05-08,235269,794,O,AIRPORT,
300,AZ,790,2028-05-25,122622,3947,O,AIRPORT,
300,LH,2436,2028-06-27,238456,794,O,AIRPORT,
300,AZ,790,2028-07-09,129091,3947,O,AIRPORT,
300,LH,2436,2028-06-24,238370,794,O,AIRPORT,
300,AZ,790,2028-06-14,125611,3947,O,AIRPORT,
300,LH,2415,2028-09-01,228778,794,O,AIRPORT,
300,AZ,790,2028-04-15,117059,3947,O,AIRPORT,
300,LH,2436,2028-09-02,243007,794,O,AIRPORT,
300,LH,402,2028-10-12,116948,3947,O,AIRPORT,
300,LH,2436,2028-09-17,244079,794,O,AIRPORT,
300,AZ,790,2028-04-08,116233,3947,O,AIRPORT,
300,LH,3577,2028-04-16,293229,794,O,AIRPORT,
300,UA,3516,2028-08-31,120047,3947,O,AIRPORT,
300,UA,3516,2028-09-03,121145,3947,O,AIRPORT,
300,LH,3577,2028-04-07,292111,794,O,AIRPORT,
300,UA,3517,2028-07-26,151952,3947,O,AIRPORT,
300,LH,2463,2028-08-04,282637,794,O,AIRPORT,
300,LH,455,2028-05-25,152393,3947,O,AIRPORT,
300,LH,3577,2028-08-24,307593,794,O,AIRPORT,
300,UA,3517,2028-07-28,152307,3947,O,AIRPORT,
300,LH,2407,2028-06-04,198489,794,O,AIRPORT,
300,AZ,791,2028-07-03,152437,3947,O,AIRPORT,
300,LH,2407,2028-07-17,203250,794,O,AIRPORT,
300,AZ,791,2028-05-19,147504,3947,O,AIRPORT,
300,LH,2415,2028-06-02,219607,794,O,AIRPORT,
300,AZ,791,2028-09-10,160042,3947,O,AIRPORT,
300,LH,2415,2028-05-19,218393,794,O,AIRPORT,
300,UA,3517,2028-09-10,161277,3947,O,AIRPORT,
300,LH,2415,2028-05-17,218182,794,O,AIRPORT,
300,LH,455,2028-06-27,156182,3947,O,AIRPORT,
300,LH,2415,2028-04-25,215913,794,O,AIRPORT,
300,AZ,791,2028-08-12,156869,3947,O,AIRPORT,
300,LH,2407,2028-10-18,212596,794,O,AIRPORT,
300,UA,3517,2028-08-13,155534,3947,O,AIRPORT,
300,LH,455,2028-10-06,167336,794,O,AIRPORT,
300,UA,3517,2028-05-05,135841,3947,O,AIRPORT,
300,LH,2402,2028-08-15,184008,794,O,AIRPORT,
300,LH,454,2028-07-26,134560,3947,O,AIRPORT,
300,LH,2402,2028-04-09,169683,794,O,AIRPORT,
300,UA,3517,2028-05-16,138040,3947,O,AIRPORT,
300,AA,17,2028-07-07,20312,86,O,AIRPORT,
300,LH,454,2028-08-19,138183,3947,O,AIRPORT,
300,UA,7,2028-05-04,5509,86,O,AIRPORT,
300,UA,3517,2028-05-07,136163,3947,O,AIRPORT,
300,LH,400,2028-07-12,21305,86,O,AIRPORT,
300,UA,3517,2028-04-10,131199,3947,O,AIRPORT,
300,AZ,555,2028-07-13,21457,86,O,AIRPORT,
300,UA,3517,2028-04-17,132446,3947,O,AIRPORT,
300,AA,17,2028-07-13,21542,86,O,AIRPORT,
300,UA,3517,2028-06-29,146544,3947,O,AIRPORT,
300,UA,7,2028-08-24,20973,86,O,AIRPORT,
300,LH,454,2028-08-26,139037,3947,O,AIRPORT,
300,UA,7,2028-08-04,17929,86,O,AIRPORT,
300,LH,454,2028-09-11,141699,3947,O,AIRPORT,
300,LH,400,2028-06-22,17212,86,O,AIRPORT,
300,UA,3517,2028-06-05,142123,3947,O,AIRPORT,
300,QF,5,2028-06-22,17136,86,O,AIRPORT,
300,UA,3517,2028-10-12,165503,3947,O,AIRPORT,
300,QF,5,2028-04-07,2488,86,O,AIRPORT,
300,LH,2462,2028-07-05,256970,3947,O,AIRPORT,
300,LH,400,2028-07-30,24484,86,O,AIRPORT,
300,LH,2462,2028-07-21,258647,3947,O,AIRPORT,
300,JL,407,2028-09-01,22000,86,O,AIRPORT,
300,LH,2463,2028-05-13,273269,3947,O,AIRPORT,
300,LH,400,2028-04-21,5211,86,O,AIRPORT,
300,LH,2463,2028-05-02,272074,3947,O,AIRPORT,
300,LH,400,2028-07-17,22066,86,O,AIRPORT,
300,LH,2436,2028-04-30,234704,3947,O,AIRPORT,
300,QF,5,2028-07-25,23838,86,O,AIRPORT,
300,LH,2415,2028-10-25,232204,3947,O,AIRPORT,
300,UA,7,2028-09-11,23771,86,O,AIRPORT,
300,LH,2415,2028-09-15,230246,3947,O,AIRPORT,
300,UA,7,2028-09-10,23765,86,O,AIRPORT,
300,LH,2462,2028-05-06,250136,3947,O,AIRPORT,
300,LH,400,2028-07-21,23083,86,O,AIRPORT,
300,LH,2462,2028-05-17,251504,3947,O,AIRPORT,
300,LH,400,2028-07-23,23311,86,O,AIRPORT,
300,LH,2436,2028-08-31,242755,3947,O,AIRPORT,
300,LH,2436,2028-09-10,243494,3947,O,AIRPORT,
300,JL,407,2028-05-19,7511,86,O,AIRPORT,
300,LH,3577,2028-04-18,293502,3947,O,AIRPORT,
300,AZ,555,2028-05-21,11268,86,O,AIRPORT,
300,LH,2463,2028-08-04,282630,3947,O,AIRPORT,
300,DL,106,2028-05-20,10666,86,O,AIRPORT,
300,LH,2463,2028-07-21,281120,3947,O,AIRPORT,
300,AA,17,2028-05-16,10021,86,O,AIRPORT,
300,LH,2463,2028-08-30,285605,3947,O,AIRPORT,
300,JL,407,2028-06-04,9789,86,O,AIRPORT,
300,LH,3577,2028-07-03,301807,3947,O,AIRPORT,
300,QF,5,2028-05-06,8093,86,O,AIRPORT,
300,LH,2407,2028-04-03,191591,3947,O,AIRPORT,
300,QF,5,2028-05-08,8316,86,O,AIRPORT,
300,LH,2402,2028-09-19,188409,3947,O,AIRPORT,
300,AZ,555,2028-06-10,15004,86,O,AIRPORT,
300,LH,2407,2028-04-09,192348,3947,O,AIRPORT,
300,DL,106,2028-06-09,14471,86,O,AIRPORT,
300,LH,2415,2028-06-28,222307,3947,O,AIRPORT,
300,DL,106,2028-06-07,14338,86,O,AIRPORT,
300,LH,2415,2028-07-05,222914,3947,O,AIRPORT,
300,AA,17,2028-06-19,16637,86,O,AIRPORT,
300,LH,2407,2028-09-13,210208,3947,O,AIRPORT,
300,DL,106,2028-05-31,12922,86,O,AIRPORT,
300,LH,2415,2028-04-14,214916,3947,O,AIRPORT,
300,UA,7,2028-07-03,13657,86,O,AIRPORT,
300,LH,2402,2028-07-21,181182,3947,O,AIRPORT,
300,LH,400,2028-04-25,6107,86,O,AIRPORT,
300,LH,2402,2028-07-03,179204,3947,O,AIRPORT,
300,DL,106,2028-09-09,32461,86,O,AIRPORT,
300,JL,408,2028-05-13,32530,86,O,AIRPORT,
300,UA,7,2028-04-18,3213,86,O,AIRPORT,
300,LH,400,2028-08-31,31051,86,O,AIRPORT,
300,JL,408,2028-04-27,30762,86,O,AIRPORT,
300,JL,408,2028-05-04,31500,86,O,AIRPORT,
300,LH,400,2028-09-17,35227,86,O,AIRPORT,
300,UA,941,2028-06-01,35334,86,O,AIRPORT,
300,LH,400,2028-09-22,35927,86,O,AIRPORT,
300,QF,5,2028-08-10,26895,86,O,AIRPORT,
300,AZ,555,2028-08-09,26867,86,O,AIRPORT,
300,JL,408,2028-03-29,27608,86,O,AIRPORT,
300,DL,106,2028-08-13,27344,86,O,AIRPORT,
300,UA,7,2028-10-27,27228,86,O,AIRPORT,
300,UA,7,2028-11-01,27505,86,O,AIRPORT,
300,JL,407,2028-09-26,25635,86,O,AIRPORT,
300,AA,17,2028-08-05,25879,86,O,AIRPORT,
300,UA,941,2028-04-13,29859,86,O,AIRPORT,
300,AZ,555,2028-08-20,29189,86,O,AIRPORT,
300,UA,941,2028-04-04,28841,86,O,AIRPORT,
300,UA,941,2028-08-14,43525,86,O,AIRPORT,
300,DL,1699,2028-04-19,41765,86,O,AIRPORT,
300,UA,941,2028-08-03,42256,86,O,AIRPORT,
300,JL,407,2028-04-25,4246,86,O,AIRPORT,
300,DL,1699,2028-05-11,46431,86,O,AIRPORT,
300,AZ,788,2028-05-07,46344,86,O,AIRPORT,
300,DL,1699,2028-05-14,46531,86,O,AIRPORT,
300,UA,941,2028-08-23,44608,86,O,AIRPORT,
300,AA,26,2028-05-14,45537,86,O,AIRPORT,
300,UA,941,2028-08-30,45294,86,O,AIRPORT,
300,AZ,788,2028-03-26,38050,86,O,AIRPORT,
300,QF,6,2028-03-28,38216,86,O,AIRPORT,
300,DL,106,2028-10-30,37042,86,O,AIRPORT,
300,AZ,788,2028-04-08,40495,86,O,AIRPORT,
300,AZ,788,2028-04-10,41027,86,O,AIRPORT,
300,LH,400,2028-04-16,4107,86,O,AIRPORT,
300,LH,400,2028-11-10,39422,86,O,AIRPORT,
300,DL,1699,2028-04-10,40137,86,O,AIRPORT,
300,JL,408,2028-07-19,40120,86,O,AIRPORT,
300,AA,26,2028-08-27,60044,86,O,AIRPORT,
300,AA,26,2028-08-23,59511,86,O,AIRPORT,
300,AZ,788,2028-07-20,60687,86,O,AIRPORT,
300,QF,6,2028-08-16,57706,86,O,AIRPORT,
300,QF,6,2028-08-16,57692,86,O,AIRPORT,
300,AZ,788,2028-07-06,57901,86,O,AIRPORT,
300,DL,1699,2028-07-13,58472,86,O,AIRPORT,
300,DL,1699,2028-08-11,64278,86,O,AIRPORT,
300,DL,1699,2028-08-09,63568,86,O,AIRPORT,
300,AZ,788,2028-07-24,61378,86,O,AIRPORT,
300,UA,3504,2028-05-30,63191,86,O,AIRPORT,
300,LH,401,2028-05-26,51322,86,O,AIRPORT,
300,AZ,788,2028-05-23,49518,86,O,AIRPORT,
300,UA,941,2028-10-18,49616,86,O,AIRPORT,
300,QF,6,2028-07-27,55067,86,O,AIRPORT,
300,QF,6,2028-07-27,55078,86,O,AIRPORT,
300,LH,401,2028-06-24,56996,86,O,AIRPORT,
300,LH,401,2028-06-08,53924,86,O,AIRPORT,
300,AA,26,2028-07-18,54535,86,O,AIRPORT,
300,DL,1699,2028-06-21,54357,86,O,AIRPORT,
300,LH,401,2028-08-28,69958,86,O,AIRPORT,
300,AZ,788,2028-08-31,68996,86,O,AIRPORT,
300,UA,3504,2028-07-01,68985,86,O,AIRPORT,
300,AA,64,2028-09-24,86292,86,O,AIRPORT,
300,DL,1984,2028-05-14,84886,86,O,AIRPORT,
300,AZ,789,2028-05-10,84884,86,O,AIRPORT,
300,AZ,789,2028-05-12,85278,86,O,AIRPORT,
300,AA,64,2028-09-26,86708,86,O,AIRPORT,
300,DL,1699,2028-11-02,75163,86,O,AIRPORT,
300,DL,1699,2028-11-10,75433,86,O,AIRPORT,
300,AA,64,2028-06-06,74287,86,O,AIRPORT,
300,LH,401,2028-09-30,77045,86,O,AIRPORT,
300,DL,1699,2028-09-27,73377,86,O,AIRPORT,
300,AZ,788,2028-09-23,73415,86,O,AIRPORT,
300,LH,401,2028-09-12,73808,86,O,AIRPORT,
300,UA,3504,2028-07-16,72193,86,O,AIRPORT,
300,LH,402,2028-04-15,82976,86,O,AIRPORT,
300,AZ,789,2028-04-22,81306,86,O,AIRPORT,
300,UA,3504,2028-09-01,81789,86,O,AIRPORT,
300,AZ,789,2028-05-05,84248,86,O,AIRPORT,
300,AA,64,2028-09-06,84529,86,O,AIRPORT,
300,AA,64,2028-08-28,83319,86,O,AIRPORT,
300,DL,1984,2028-04-21,80432,86,O,AIRPORT,
300,LH,402,2028-04-06,81066,86,O,AIRPORT,
300,DL,1984,2028-08-04,100760,86,O,AIRPORT,
300,UA,3516,2028-05-23,100750,86,O,AIRPORT,
300,DL,1984,2028-08-13,102630,86,O,AIRPORT,
300,UA,3516,2028-06-03,102593,86,O,AIRPORT,
300,UA,3516,2028-06-05,102987,86,O,AIRPORT,
300,UA,3516,2028-07-20,111756,86,O,AIRPORT,
300,DL,1984,2028-10-06,111819,86,O,AIRPORT,
300,LH,402,2028-08-20,107779,86,O,AIRPORT,
300,LH,402,2028-08-22,108086,86,O,AIRPORT,
300,DL,1984,2028-06-09,90030,86,O,AIRPORT,
300,UA,3516,2028-04-01,90502,86,O,AIRPORT,
300,AZ,789,2028-06-03,89693,86,O,AIRPORT,
300,DL,1984,2028-06-05,89223,86,O,AIRPORT,
300,DL,1984,2028-06-23,92769,86,O,AIRPORT,
300,AZ,789,2028-06-23,93504,86,O,AIRPORT,
300,UA,3516,2028-04-08,91883,86,O,AIRPORT,
300,UA,3516,2028-04-08,91943,86,O,AIRPORT,
300,AZ,789,2028-07-22,99181,86,O,AIRPORT,
300,DL,1984,2028-07-06,95377,86,O,AIRPORT,
300,UA,3516,2028-05-12,98551,86,O,AIRPORT,
300,DL,1984,2028-07-15,97036,86,O,AIRPORT,
300,LH,454,2028-05-06,123533,86,O,AIRPORT,
300,AZ,790,2028-05-28,123164,86,O,AIRPORT,
300,AZ,790,2028-05-23,122477,86,O,AIRPORT,
300,AZ,790,2028-06-30,127828,86,O,AIRPORT,
300,AZ,790,2028-06-21,126370,86,O,AIRPORT,
300,AZ,790,2028-03-31,115153,86,O,AIRPORT,
300,UA,3516,2028-08-02,114584,86,O,AIRPORT,
300,AZ,790,2028-03-26,114437,86,O,AIRPORT,
300,LH,402,2028-09-20,114761,86,O,AIRPORT,
300,LH,454,2028-04-12,120078,86,O,AIRPORT,
300,AZ,791,2028-07-12,153324,86,O,AIRPORT,
300,AZ,791,2028-05-26,148213,86,O,AIRPORT,
300,LH,455,2028-04-08,147071,86,O,AIRPORT,
300,UA,3517,2028-07-15,149804,86,O,AIRPORT,
300,UA,3517,2028-07-11,148875,86,O,AIRPORT,
300,UA,3517,2028-08-18,156295,86,O,AIRPORT,
300,LH,2402,2028-08-15,183990,3947,O,AIRPORT,
300,UA,3517,2028-08-18,156454,86,O,AIRPORT,
300,AZ,791,2028-08-27,158683,86,O,AIRPORT,
300,LH,2402,2028-06-04,176077,3947,O,AIRPORT,
300,LH,2402,2028-05-20,174194,3947,O,AIRPORT,
300,LH,2402,2028-05-20,174277,3947,O,AIRPORT,
300,JL,407,2028-04-09,2062,985,O,AIRPORT,
300,AZ,555,2028-06-23,17460,985,O,AIRPORT,
300,UA,7,2028-07-26,16751,985,O,AIRPORT,
300,LH,400,2028-06-22,17343,985,O,AIRPORT,
300,QF,5,2028-06-22,17283,985,O,AIRPORT,
300,AZ,555,2028-06-21,17158,985,O,AIRPORT,
300,QF,5,2028-07-01,18703,985,O,AIRPORT,
300,DL,106,2028-07-02,19166,985,O,AIRPORT,
300,QF,5,2028-06-28,18510,985,O,AIRPORT,
300,AA,26,2028-06-06,48849,985,O,AIRPORT,
300,JL,407,2028-04-29,4932,985,O,AIRPORT,
300,AA,26,2028-05-28,47588,985,O,AIRPORT,
300,UA,941,2028-09-12,47335,985,O,AIRPORT,
300,LH,400,2028-07-21,22890,985,O,AIRPORT,
300,JL,407,2028-09-08,22906,985,O,AIRPORT,
300,LH,400,2028-07-26,23775,985,O,AIRPORT,
300,AA,17,2028-05-01,7169,985,O,AIRPORT,
300,JL,407,2028-06-13,10881,985,O,AIRPORT,
300,LH,400,2028-05-15,9839,985,O,AIRPORT,
300,AA,17,2028-05-14,9984,985,O,AIRPORT,
300,AA,17,2028-05-07,8277,985,O,AIRPORT,
300,AA,17,2028-05-10,8861,985,O,AIRPORT,
300,DL,106,2028-05-09,8637,985,O,AIRPORT,
300,AZ,555,2028-06-06,14302,985,O,AIRPORT,
300,AA,17,2028-06-08,14719,985,O,AIRPORT,
300,UA,7,2028-07-17,15587,985,O,AIRPORT,
300,AZ,555,2028-05-30,12798,985,O,AIRPORT,
300,LH,400,2028-06-06,13983,985,O,AIRPORT,
300,DL,106,2028-06-03,13349,985,O,AIRPORT,
300,UA,941,2028-05-06,32454,985,O,AIRPORT,
300,QF,5,2028-04-11,3281,985,O,AIRPORT,
300,JL,408,2028-05-17,32931,985,O,AIRPORT,
300,UA,941,2028-04-22,30774,985,O,AIRPORT,
300,JL,408,2028-04-27,30651,985,O,AIRPORT,
300,AZ,555,2028-09-05,31925,985,O,AIRPORT,
300,LH,400,2028-09-17,35098,985,O,AIRPORT,
300,UA,3517,2028-08-22,157274,86,O,AIRPORT,
300,LH,400,2028-08-12,27149,985,O,AIRPORT,
300,LH,455,2028-07-08,157432,86,O,AIRPORT,
300,UA,7,2028-10-27,27254,985,O,AIRPORT,
300,UA,3517,2028-05-11,137371,86,O,AIRPORT,
300,AZ,555,2028-08-03,25427,985,O,AIRPORT,
300,UA,3517,2028-04-21,133480,86,O,AIRPORT,
300,JL,407,2028-10-16,26324,985,O,AIRPORT,
300,AZ,790,2028-08-07,132852,86,O,AIRPORT,
300,AA,17,2028-08-25,29620,985,O,AIRPORT,
300,AZ,791,2028-04-07,142761,86,O,AIRPORT,
300,LH,400,2028-08-17,28289,985,O,AIRPORT,
300,LH,454,2028-10-03,144542,86,O,AIRPORT,
300,AA,17,2028-08-23,29131,985,O,AIRPORT,
300,AZ,791,2028-04-24,144683,86,O,AIRPORT,
300,LH,401,2028-04-18,44052,985,O,AIRPORT,
300,AZ,790,2028-09-18,138766,86,O,AIRPORT,
300,AA,26,2028-05-01,43688,985,O,AIRPORT,
300,UA,3517,2028-06-03,141773,86,O,AIRPORT,
300,LH,401,2028-04-07,41960,985,O,AIRPORT,
300,AZ,791,2028-04-02,142227,86,O,AIRPORT,
300,AA,26,2028-04-17,41809,985,O,AIRPORT,
300,LH,454,2028-09-15,142355,86,O,AIRPORT,
300,UA,941,2028-08-05,42697,985,O,AIRPORT,
300,LH,454,2028-09-04,140439,86,O,AIRPORT,
300,AA,26,2028-04-22,42584,985,O,AIRPORT,
300,LH,454,2028-09-08,141176,86,O,AIRPORT,
300,DL,1699,2028-05-02,44456,985,O,AIRPORT,
300,UA,3517,2028-05-31,140967,86,O,AIRPORT,
300,JL,408,2028-08-28,44435,985,O,AIRPORT,
300,LH,2462,2028-07-30,259608,86,O,AIRPORT,
300,UA,7,2028-04-27,4556,985,O,AIRPORT,
300,LH,2463,2028-06-02,275460,86,O,AIRPORT,
300,AA,17,2028-10-22,37751,985,O,AIRPORT,
300,LH,2462,2028-06-04,253435,86,O,AIRPORT,
300,DL,1699,2028-03-28,37731,985,O,AIRPORT,
300,LH,2436,2028-08-31,242890,86,O,AIRPORT,
300,UA,941,2028-06-30,38568,985,O,AIRPORT,
300,LH,2436,2028-08-01,240738,86,O,AIRPORT,
300,AA,17,2028-10-31,38259,985,O,AIRPORT,
300,LH,2462,2028-03-29,246067,86,O,AIRPORT,
300,AZ,555,2028-07-31,25063,985,O,AIRPORT,
300,LH,2462,2028-04-11,247414,86,O,AIRPORT,
300,QF,5,2028-10-09,36708,985,O,AIRPORT,
300,LH,2463,2028-09-17,288070,86,O,AIRPORT,
300,QF,5,2028-10-18,37079,985,O,AIRPORT,
300,LH,2463,2028-09-24,288764,86,O,AIRPORT,
300,LH,400,2028-10-21,38844,985,O,AIRPORT,
300,LH,3577,2028-04-25,294066,86,O,AIRPORT,
300,AZ,788,2028-04-06,40022,985,O,AIRPORT,
300,LH,2463,2028-08-31,285782,86,O,AIRPORT,
300,DL,1699,2028-04-08,39918,985,O,AIRPORT,
300,LH,3577,2028-07-19,303756,86,O,AIRPORT,
300,DL,106,2028-03-28,171,985,O,AIRPORT,
300,LH,2407,2028-05-08,195625,86,O,AIRPORT,
300,QF,6,2028-08-27,59342,985,O,AIRPORT,
300,LH,2415,2028-06-04,219851,86,O,AIRPORT,
300,AA,26,2028-08-29,60377,985,O,AIRPORT,
300,LH,2415,2028-07-10,223413,86,O,AIRPORT,
300,QF,6,2028-08-16,57710,985,O,AIRPORT,
300,LH,2407,2028-08-24,207481,86,O,AIRPORT,
300,LH,401,2028-06-26,57479,985,O,AIRPORT,
300,LH,2415,2028-04-02,213872,86,O,AIRPORT,
300,QF,6,2028-08-14,57547,985,O,AIRPORT,
300,LH,2402,2028-08-15,183937,86,O,AIRPORT,
300,AZ,788,2028-07-09,58709,985,O,AIRPORT,
300,LH,2402,2028-06-18,177402,86,O,AIRPORT,
300,UA,3504,2028-05-06,58294,985,O,AIRPORT,
300,LH,2402,2028-05-20,174267,86,O,AIRPORT,
300,UA,3504,2028-06-04,63898,985,O,AIRPORT,
300,JL,407,2028-08-19,20088,2374,O,AIRPORT,
300,UA,3504,2028-06-04,63921,985,O,AIRPORT,
300,QF,5,2028-07-07,20105,2374,O,AIRPORT,
300,QF,6,2028-10-15,64301,985,O,AIRPORT,
300,AA,17,2028-07-02,19309,2374,O,AIRPORT,
300,QF,6,2028-10-11,64203,985,O,AIRPORT,
300,UA,7,2028-08-15,19650,2374,O,AIRPORT,
300,AZ,788,2028-08-11,65094,985,O,AIRPORT,
300,QF,5,2028-07-12,21120,2374,O,AIRPORT,
300,QF,5,2028-03-29,856,985,O,AIRPORT,
300,DL,106,2028-07-11,20542,2374,O,AIRPORT,
300,LH,401,2028-07-19,62044,985,O,AIRPORT,
300,JL,407,2028-05-04,5338,2374,O,AIRPORT,
300,LH,401,2028-07-14,61286,985,O,AIRPORT,
300,LH,400,2028-06-22,17432,2374,O,AIRPORT,
300,DL,1699,2028-08-02,62524,985,O,AIRPORT,
300,AA,17,2028-06-26,17888,2374,O,AIRPORT,
300,UA,3504,2028-03-31,51134,985,O,AIRPORT,
300,QF,5,2028-07-01,19095,2374,O,AIRPORT,
300,JL,407,2028-03-29,523,985,O,AIRPORT,
300,AZ,555,2028-07-31,24922,2374,O,AIRPORT,
300,LH,401,2028-05-22,50416,985,O,AIRPORT,
300,LH,400,2028-07-28,24385,2374,O,AIRPORT,
300,UA,3504,2028-04-29,56839,985,O,AIRPORT,
300,QF,6,2028-06-06,47924,2374,O,AIRPORT,
300,LH,401,2028-06-20,56449,985,O,AIRPORT,
300,DL,106,2028-07-26,23668,2374,O,AIRPORT,
300,AZ,788,2028-08-29,68496,985,O,AIRPORT,
300,UA,7,2028-09-11,23939,2374,O,AIRPORT,
300,LH,401,2028-08-30,70175,985,O,AIRPORT,
300,LH,400,2028-04-30,6747,2374,O,AIRPORT,
300,AZ,788,2028-08-18,66110,985,O,AIRPORT,
300,QF,5,2028-05-04,7521,2374,O,AIRPORT,
300,UA,3504,2028-06-17,66516,985,O,AIRPORT,
300,DL,106,2028-04-01,1159,2374,O,AIRPORT,
300,AZ,788,2028-08-13,65512,985,O,AIRPORT,
300,AA,17,2028-05-21,10939,2374,O,AIRPORT,
300,DL,1699,2028-08-29,67515,985,O,AIRPORT,
300,UA,7,2028-06-02,9442,2374,O,AIRPORT,
300,AA,64,2028-04-11,67950,985,O,AIRPORT,
300,JL,407,2028-05-24,8145,2374,O,AIRPORT,
300,AZ,788,2028-08-20,66881,985,O,AIRPORT,
300,JL,407,2028-05-22,8020,2374,O,AIRPORT,
300,DL,1699,2028-08-27,67048,985,O,AIRPORT,
300,JL,407,2028-05-24,8266,2374,O,AIRPORT,
300,UA,3504,2028-09-21,86261,985,O,AIRPORT,
300,DL,106,2028-05-07,8011,2374,O,AIRPORT,
300,DL,1984,2028-05-16,85203,985,O,AIRPORT,
300,UA,3504,2028-08-01,75186,985,O,AIRPORT,
300,AA,17,2028-05-10,8962,2374,O,AIRPORT,
300,DL,1699,2028-11-04,75238,985,O,AIRPORT,
300,AA,17,2028-06-12,15458,2374,O,AIRPORT,
300,LH,401,2028-09-28,76809,985,O,AIRPORT,
300,JL,407,2028-07-07,14520,2374,O,AIRPORT,
300,DL,1984,2028-04-06,77353,985,O,AIRPORT,
300,UA,7,2028-05-08,6015,2374,O,AIRPORT,
300,DL,1984,2028-04-06,77540,985,O,AIRPORT,
300,AA,17,2028-06-14,15822,2374,O,AIRPORT,
300,LH,401,2028-10-09,77463,985,O,AIRPORT,
300,LH,400,2028-05-29,12630,2374,O,AIRPORT,
300,AA,17,2028-05-30,13035,2374,O,AIRPORT,
300,LH,401,2028-10-03,77122,985,O,AIRPORT,
300,AZ,555,2028-05-30,12991,2374,O,AIRPORT,
300,LH,401,2028-09-24,76097,985,O,AIRPORT,
300,QF,5,2028-06-04,13580,2374,O,AIRPORT,
300,DL,1699,2028-09-18,71409,985,O,AIRPORT,
300,QF,5,2028-06-02,13291,2374,O,AIRPORT,
300,DL,1699,2028-09-20,71933,985,O,AIRPORT,
300,QF,5,2028-09-06,32012,2374,O,AIRPORT,
300,DL,1699,2028-09-29,73392,985,O,AIRPORT,
300,AZ,555,2028-09-05,32220,2374,O,AIRPORT,
300,AA,64,2028-06-04,73843,985,O,AIRPORT,
300,QF,5,2028-04-11,3333,2374,O,AIRPORT,
300,AZ,789,2028-05-03,83715,985,O,AIRPORT,
300,AA,17,2028-09-10,32791,2374,O,AIRPORT,
300,UA,3504,2028-08-19,78813,985,O,AIRPORT,
300,DL,106,2028-09-04,31669,2374,O,AIRPORT,
300,LH,401,2028-10-29,78835,985,O,AIRPORT,
300,UA,941,2028-04-27,31432,2374,O,AIRPORT,
300,LH,402,2028-03-28,79333,985,O,AIRPORT,
300,AZ,555,2028-09-23,35371,2374,O,AIRPORT,
300,DL,1984,2028-04-12,79014,985,O,AIRPORT,
300,DL,106,2028-09-27,35799,2374,O,AIRPORT,
300,LH,402,2028-04-01,80297,985,O,AIRPORT,
300,DL,106,2028-09-16,33814,2374,O,AIRPORT,
300,LH,402,2028-03-30,80065,985,O,AIRPORT,
300,LH,400,2028-09-11,33723,2374,O,AIRPORT,
300,LH,402,2028-09-10,112292,985,O,AIRPORT,
300,UA,941,2028-05-26,34561,2374,O,AIRPORT,
300,DL,1984,2028-10-30,113055,985,O,AIRPORT,
300,JL,408,2028-05-31,34596,2374,O,AIRPORT,
300,LH,402,2028-09-11,113045,985,O,AIRPORT,
300,DL,106,2028-04-12,3414,2374,O,AIRPORT,
300,LH,402,2028-08-02,104060,985,O,AIRPORT,
300,AZ,555,2028-08-14,27697,2374,O,AIRPORT,
300,AZ,789,2028-08-14,103370,985,O,AIRPORT,
300,QF,5,2028-08-12,27307,2374,O,AIRPORT,
300,AZ,789,2028-08-14,103667,985,O,AIRPORT,
300,LH,400,2028-08-04,25304,2374,O,AIRPORT,
300,LH,402,2028-07-31,103705,985,O,AIRPORT,
300,LH,400,2028-08-04,25417,2374,O,AIRPORT,
300,DL,1984,2028-08-27,105449,985,O,AIRPORT,
300,UA,7,2028-04-16,2989,2374,O,AIRPORT,
300,DL,1984,2028-08-09,101635,985,O,AIRPORT,
300,DL,106,2028-08-29,30382,2374,O,AIRPORT,
300,UA,3516,2028-06-01,102211,985,O,AIRPORT,
300,QF,5,2028-08-19,28400,2374,O,AIRPORT,
300,DL,1984,2028-09-18,109784,985,O,AIRPORT,
300,DL,106,2028-04-17,4179,2374,O,AIRPORT,
300,AZ,789,2028-09-23,111509,985,O,AIRPORT,
300,JL,407,2028-04-25,4237,2374,O,AIRPORT,
300,DL,1984,2028-09-22,110697,985,O,AIRPORT,
300,QF,6,2028-05-30,46915,2374,O,AIRPORT,
300,DL,1984,2028-09-11,108098,985,O,AIRPORT,
300,LH,401,2028-05-01,46491,2374,O,AIRPORT,
300,LH,402,2028-05-22,90216,985,O,AIRPORT,
300,DL,1699,2028-05-07,45436,2374,O,AIRPORT,
300,DL,1984,2028-06-09,90101,985,O,AIRPORT,
300,AZ,555,2028-04-17,4504,2374,O,AIRPORT,
300,AZ,789,2028-06-06,90106,985,O,AIRPORT,
300,QF,6,2028-05-16,45243,2374,O,AIRPORT,
300,LH,402,2028-05-22,90357,985,O,AIRPORT,
300,LH,400,2028-10-03,37658,2374,O,AIRPORT,
300,LH,402,2028-05-14,88550,985,O,AIRPORT,
300,AA,26,2028-03-26,38756,2374,O,AIRPORT,
300,LH,402,2028-05-18,89529,985,O,AIRPORT,
300,QF,5,2028-04-14,3658,2374,O,AIRPORT,
300,AZ,789,2028-06-03,89668,985,O,AIRPORT,
300,AZ,788,2028-04-13,41371,2374,O,AIRPORT,
300,LH,402,2028-05-18,89282,985,O,AIRPORT,
300,JL,408,2028-07-12,39286,2374,O,AIRPORT,
300,UA,3516,2028-04-06,91221,985,O,AIRPORT,
300,QF,6,2028-04-02,38983,2374,O,AIRPORT,
300,AZ,789,2028-07-02,95506,985,O,AIRPORT,
300,UA,941,2028-07-14,40001,2374,O,AIRPORT,
300,DL,1984,2028-07-08,95581,985,O,AIRPORT,
300,LH,401,2028-06-28,57901,2374,O,AIRPORT,
300,AZ,789,2028-07-20,98820,985,O,AIRPORT,
300,AA,26,2028-09-21,63572,2374,O,AIRPORT,
300,DL,1984,2028-07-24,98962,985,O,AIRPORT,
300,LH,402,2028-07-04,98505,985,O,AIRPORT,
300,UA,3504,2028-06-08,64982,2374,O,AIRPORT,
300,QF,6,2028-09-14,61902,2374,O,AIRPORT,
300,AZ,789,2028-07-11,97075,985,O,AIRPORT,
300,QF,6,2028-09-14,61810,2374,O,AIRPORT,
300,LH,454,2028-05-06,123516,985,O,AIRPORT,
300,LH,454,2028-04-30,122544,985,O,AIRPORT,
300,AA,26,2028-09-05,61321,2374,O,AIRPORT,
300,LH,454,2028-06-09,128216,985,O,AIRPORT,
300,LH,401,2028-07-23,63036,2374,O,AIRPORT,
300,AZ,790,2028-07-07,128504,985,O,AIRPORT,
300,UA,3504,2028-04-02,51518,2374,O,AIRPORT,
300,LH,454,2028-06-18,129231,985,O,AIRPORT,
300,QF,6,2028-07-02,51532,2374,O,AIRPORT,
300,UA,3516,2028-07-29,113785,985,O,AIRPORT,
300,LH,401,2028-05-24,51075,2374,O,AIRPORT,
300,UA,3516,2028-08-02,114287,985,O,AIRPORT,
300,UA,3504,2028-04-07,52575,2374,O,AIRPORT,
300,UA,3516,2028-08-29,119887,985,O,AIRPORT,
300,AZ,788,2028-06-07,52471,2374,O,AIRPORT,
300,AZ,790,2028-04-26,118584,985,O,AIRPORT,
300,QF,6,2028-08-07,56578,2374,O,AIRPORT,
300,AZ,791,2028-06-13,150172,985,O,AIRPORT,
300,UA,3504,2028-04-14,53719,2374,O,AIRPORT,
300,AZ,791,2028-06-13,150289,985,O,AIRPORT,
300,QF,6,2028-07-25,54688,2374,O,AIRPORT,
300,AZ,791,2028-09-14,160506,985,O,AIRPORT,
300,UA,3504,2028-07-05,70077,2374,O,AIRPORT,
300,LH,455,2028-07-28,159620,985,O,AIRPORT,
300,AA,64,2028-09-21,86094,2374,O,AIRPORT,
300,UA,3517,2028-09-18,163147,985,O,AIRPORT,
300,LH,402,2028-05-02,86532,2374,O,AIRPORT,
300,AZ,791,2028-10-16,162792,985,O,AIRPORT,
300,AZ,789,2028-05-16,86211,2374,O,AIRPORT,
300,UA,3517,2028-09-16,162852,985,O,AIRPORT,
300,AZ,791,2028-07-25,154896,985,O,AIRPORT,
300,UA,3517,2028-08-11,155073,985,O,AIRPORT,
300,UA,3517,2028-08-31,158668,985,O,AIRPORT,
300,LH,455,2028-07-13,157771,985,O,AIRPORT,
300,LH,454,2028-08-08,136403,985,O,AIRPORT,
300,LH,454,2028-08-12,136983,985,O,AIRPORT,
300,AZ,790,2028-09-03,136706,985,O,AIRPORT,
300,LH,454,2028-08-10,136836,985,O,AIRPORT,
300,LH,454,2028-07-06,131717,985,O,AIRPORT,
300,LH,454,2028-07-19,133775,985,O,AIRPORT,
300,AZ,790,2028-08-07,133028,985,O,AIRPORT,
300,AZ,791,2028-04-27,144933,985,O,AIRPORT,
300,AZ,790,2028-09-21,139289,985,O,AIRPORT,
300,AZ,791,2028-03-31,142098,985,O,AIRPORT,
300,UA,3517,2028-05-31,141232,985,O,AIRPORT,
300,LH,455,2028-09-02,163895,985,O,AIRPORT,
300,LH,2462,2028-09-17,265761,985,O,AIRPORT,
300,LH,2462,2028-08-08,260669,985,O,AIRPORT,
300,LH,2463,2028-06-06,276031,985,O,AIRPORT,
300,LH,2463,2028-04-25,271428,985,O,AIRPORT,
300,LH,2436,2028-04-30,234703,985,O,AIRPORT,
300,LH,2415,2028-08-14,226745,985,O,AIRPORT,
300,LH,2462,2028-05-08,250383,985,O,AIRPORT,
300,LH,2462,2028-05-10,250727,985,O,AIRPORT,
300,LH,2462,2028-06-08,253939,985,O,AIRPORT,
300,LH,2462,2028-06-15,254641,985,O,AIRPORT,
300,LH,2462,2028-06-11,254175,985,O,AIRPORT,
300,LH,2436,2028-09-04,243068,985,O,AIRPORT,
300,LH,2436,2028-07-30,240716,985,O,AIRPORT,
300,LH,2463,2028-09-28,289317,985,O,AIRPORT,
300,LH,3577,2028-03-31,291436,985,O,AIRPORT,
300,LH,3577,2028-03-31,291409,985,O,AIRPORT,
300,LH,2463,2028-08-12,283597,985,O,AIRPORT,
300,LH,2463,2028-08-15,283903,985,O,AIRPORT,
300,LH,2463,2028-08-26,285207,985,O,AIRPORT,
300,LH,3577,2028-08-08,305877,985,O,AIRPORT,
300,LH,3577,2028-05-04,295096,985,O,AIRPORT,
300,LH,2407,2028-06-22,200669,985,O,AIRPORT,
300,LH,2407,2028-06-22,200506,985,O,AIRPORT,
300,LH,2407,2028-07-03,201721,985,O,AIRPORT,
300,LH,2415,2028-05-19,218328,985,O,AIRPORT,
300,LH,2407,2028-09-15,210450,985,O,AIRPORT,
300,LH,2407,2028-09-02,208888,985,O,AIRPORT,
300,LH,2415,2028-03-31,213642,985,O,AIRPORT,
300,LH,455,2028-10-01,166960,985,O,AIRPORT,
300,LH,455,2028-10-06,167315,985,O,AIRPORT,
300,LH,2402,2028-08-21,184811,985,O,AIRPORT,
300,LH,2402,2028-03-31,168810,985,O,AIRPORT,
300,LH,2402,2028-05-11,173268,985,O,AIRPORT,
300,DL,106,2028-07-04,19454,2286,O,AIRPORT,
300,AA,17,2028-07-02,19408,2286,O,AIRPORT,
300,AZ,555,2028-04-22,5514,2286,O,AIRPORT,
300,UA,7,2028-08-15,19646,2286,O,AIRPORT,
300,JL,407,2028-08-28,21452,2286,O,AIRPORT,
300,AA,17,2028-07-09,20622,2286,O,AIRPORT,
300,DL,106,2028-06-27,17909,2286,O,AIRPORT,
300,AZ,555,2028-04-04,1920,2286,O,AIRPORT,
300,DL,106,2028-04-06,1831,2286,O,AIRPORT,
300,AZ,555,2028-06-28,18395,2286,O,AIRPORT,
300,AZ,555,2028-04-06,2429,2286,O,AIRPORT,
300,DL,1699,2028-05-18,47411,2286,O,AIRPORT,
300,AZ,555,2028-04-17,4762,2286,O,AIRPORT,
300,JL,408,2028-09-19,47086,2286,O,AIRPORT,
300,AZ,788,2028-05-16,47866,2286,O,AIRPORT,
300,AZ,788,2028-05-16,48040,2286,O,AIRPORT,
300,AZ,555,2028-07-18,22489,2286,O,AIRPORT,
300,AZ,555,2028-07-16,21933,2286,O,AIRPORT,
300,DL,106,2028-07-20,22357,2286,O,AIRPORT,
300,QF,5,2028-07-16,22158,2286,O,AIRPORT,
300,UA,7,2028-09-11,23948,2286,O,AIRPORT,
300,LH,400,2028-07-23,23535,2286,O,AIRPORT,
300,AA,17,2028-05-03,7507,2286,O,AIRPORT,
300,AZ,555,2028-05-01,7227,2286,O,AIRPORT,
300,AA,17,2028-05-23,11644,2286,O,AIRPORT,
300,UA,7,2028-06-11,10499,2286,O,AIRPORT,
300,UA,7,2028-04-03,1086,2286,O,AIRPORT,
300,AA,17,2028-05-12,9485,2286,O,AIRPORT,
300,DL,1984,2028-05-25,86959,2374,O,AIRPORT,
300,UA,3504,2028-09-26,87079,2374,O,AIRPORT,
300,DL,1699,2028-10-03,74063,2374,O,AIRPORT,
300,LH,401,2028-09-15,74122,2374,O,AIRPORT,
300,UA,3504,2028-07-25,74094,2374,O,AIRPORT,
300,AZ,789,2028-03-31,76987,2374,O,AIRPORT,
300,AZ,788,2028-09-11,71308,2374,O,AIRPORT,
300,AA,64,2028-05-19,72136,2374,O,AIRPORT,
300,AZ,788,2028-09-23,73149,2374,O,AIRPORT,
300,UA,3504,2028-07-23,73685,2374,O,AIRPORT,
300,LH,401,2028-09-12,73647,2374,O,AIRPORT,
300,LH,401,2028-09-10,73010,2374,O,AIRPORT,
300,UA,3504,2028-07-19,72622,2374,O,AIRPORT,
300,AA,64,2028-08-19,82311,2374,O,AIRPORT,
300,LH,401,2028-10-25,78673,2374,O,AIRPORT,
300,AZ,789,2028-04-11,79270,2374,O,AIRPORT,
300,AZ,789,2028-04-04,77841,2374,O,AIRPORT,
300,DL,1984,2028-04-21,80538,2374,O,AIRPORT,
300,DL,1984,2028-10-19,112644,2374,O,AIRPORT,
300,UA,3516,2028-07-27,113218,2374,O,AIRPORT,
300,DL,1984,2028-08-15,103172,2374,O,AIRPORT,
300,DL,1984,2028-08-29,105681,2374,O,AIRPORT,
300,AZ,789,2028-08-27,106223,2374,O,AIRPORT,
300,LH,402,2028-08-06,104955,2374,O,AIRPORT,
300,UA,3516,2028-07-13,110383,2374,O,AIRPORT,
300,UA,3516,2028-07-20,111802,2374,O,AIRPORT,
300,UA,3516,2028-06-25,107215,2374,O,AIRPORT,
300,LH,402,2028-08-22,108317,2374,O,AIRPORT,
300,UA,3516,2028-03-30,90195,2374,O,AIRPORT,
300,DL,1984,2028-06-21,92295,2374,O,AIRPORT,
300,AZ,789,2028-06-17,92240,2374,O,AIRPORT,
300,DL,1984,2028-07-11,96297,2374,O,AIRPORT,
300,LH,402,2028-06-14,94829,2374,O,AIRPORT,
300,UA,3516,2028-04-24,94902,2374,O,AIRPORT,
300,LH,402,2028-07-04,98567,2374,O,AIRPORT,
300,UA,3516,2028-09-14,123640,2374,O,AIRPORT,
300,LH,454,2028-05-20,125322,2374,O,AIRPORT,
300,UA,3516,2028-09-23,125585,2374,O,AIRPORT,
300,AZ,789,2028-10-31,113695,2374,O,AIRPORT,
300,UA,3516,2028-07-31,114035,2374,O,AIRPORT,
300,LH,454,2028-04-16,120656,2374,O,AIRPORT,
300,AZ,791,2028-07-18,154180,2374,O,AIRPORT,
300,UA,3517,2028-07-04,147824,2374,O,AIRPORT,
300,AZ,791,2028-05-12,146763,2374,O,AIRPORT,
300,AZ,791,2028-05-19,147586,2374,O,AIRPORT,
300,AZ,791,2028-06-10,150004,2374,O,AIRPORT,
300,LH,455,2028-04-28,149280,2374,O,AIRPORT,
300,LH,455,2028-04-26,149167,2374,O,AIRPORT,
300,UA,3517,2028-09-04,160062,2374,O,AIRPORT,
300,UA,3517,2028-09-11,161981,2374,O,AIRPORT,
300,UA,3517,2028-08-18,156093,2374,O,AIRPORT,
300,LH,455,2028-07-20,158602,2374,O,AIRPORT,
300,LH,455,2028-07-11,157575,2374,O,AIRPORT,
300,AZ,790,2028-08-23,135203,2374,O,AIRPORT,
300,AZ,790,2028-08-16,134093,2374,O,AIRPORT,
300,AZ,790,2028-08-23,135001,2374,O,AIRPORT,
300,UA,3517,2028-04-28,134808,2374,O,AIRPORT,
300,UA,3517,2028-05-09,136719,2374,O,AIRPORT,
300,AZ,790,2028-07-25,131116,2374,O,AIRPORT,
300,LH,454,2028-06-29,130880,2374,O,AIRPORT,
300,AZ,790,2028-08-09,133306,2374,O,AIRPORT,
300,UA,3517,2028-04-19,132865,2374,O,AIRPORT,
300,LH,454,2028-09-19,143063,2374,O,AIRPORT,
300,UA,3517,2028-06-23,145302,2374,O,AIRPORT,
300,LH,454,2028-09-02,140131,2374,O,AIRPORT,
300,LH,454,2028-09-08,141031,2374,O,AIRPORT,
300,UA,3517,2028-10-28,166261,2374,O,AIRPORT,
300,LH,455,2028-09-20,165976,2374,O,AIRPORT,
300,UA,3517,2028-10-17,165842,2374,O,AIRPORT,
300,LH,2462,2028-10-25,267577,2374,O,AIRPORT,
300,LH,2462,2028-09-11,264844,2374,O,AIRPORT,
300,LH,2462,2028-07-03,256688,2374,O,AIRPORT,
300,LH,2463,2028-07-06,279359,2374,O,AIRPORT,
300,LH,2463,2028-07-12,280154,2374,O,AIRPORT,
300,LH,2436,2028-06-22,238170,2374,O,AIRPORT,
300,LH,2415,2028-08-10,226435,2374,O,AIRPORT,
300,LH,2415,2028-09-17,230400,2374,O,AIRPORT,
300,LH,2462,2028-05-30,252967,2374,O,AIRPORT,
300,LH,2436,2028-09-22,244439,2374,O,AIRPORT,
300,LH,3577,2028-09-19,311137,2374,O,AIRPORT,
300,LH,3577,2028-04-14,292926,2374,O,AIRPORT,
300,LH,3577,2028-04-21,293675,2374,O,AIRPORT,
300,LH,2463,2028-07-30,282117,2374,O,AIRPORT,
300,LH,2463,2028-08-31,285960,2374,O,AIRPORT,
300,LH,3577,2028-08-21,307292,2374,O,AIRPORT,
300,LH,3577,2028-08-24,307541,2374,O,AIRPORT,
300,LH,3577,2028-06-11,299283,2374,O,AIRPORT,
300,LH,3577,2028-06-18,300262,2374,O,AIRPORT,
300,LH,2407,2028-06-27,201001,2374,O,AIRPORT,
300,LH,2407,2028-07-28,204598,2374,O,AIRPORT,
300,LH,2402,2028-09-26,189219,2374,O,AIRPORT,
300,LH,2407,2028-05-08,195510,2374,O,AIRPORT,
300,LH,2407,2028-05-22,196950,2374,O,AIRPORT,
300,LH,2407,2028-04-16,193149,2374,O,AIRPORT,
300,LH,2407,2028-04-21,193467,2374,O,AIRPORT,
300,LH,2415,2028-06-08,220206,2374,O,AIRPORT,
300,LH,2415,2028-08-08,226133,2374,O,AIRPORT,
300,LH,2407,2028-09-24,211487,2374,O,AIRPORT,
300,LH,2415,2028-04-09,214394,2374,O,AIRPORT,
300,LH,2407,2028-09-26,211833,2374,O,AIRPORT,
300,LH,455,2028-10-12,167391,2374,O,AIRPORT,
300,LH,2402,2028-07-26,181737,2374,O,AIRPORT,
300,LH,2402,2028-05-20,174282,2374,O,AIRPORT,
300,JL,0407,2028-07-23,00016400,00003454,O,AIRPORT,0000
300,UA,7,2028-07-14,15304,2286,O,AIRPORT,
300,UA,0007,2028-07-19,00015885,00003454,O,AIRPORT,0000
300,DL,106,2028-06-18,16245,2286,O,AIRPORT,
300,DL,0106,2028-06-25,00017870,00003454,O,AIRPORT,0000
300,LH,400,2028-04-03,1646,2286,O,AIRPORT,
300,QF,0005,2028-06-26,00018231,00003454,O,AIRPORT,0000
300,UA,7,2028-07-17,15599,2286,O,AIRPORT,
300,QF,0005,2028-06-22,00017003,00003454,O,AIRPORT,0000
300,DL,106,2028-05-29,12274,2286,O,AIRPORT,
300,JL,0407,2028-06-24,00012385,00003454,O,AIRPORT,0000
300,JL,407,2028-05-10,6317,2286,O,AIRPORT,
300,AZ,0555,2028-06-10,00015036,00003454,O,AIRPORT,0000
300,LH,400,2028-05-26,12042,2286,O,AIRPORT,
300,JL,0407,2028-07-14,00015162,00003454,O,AIRPORT,0000
300,DL,106,2028-06-05,13737,2286,O,AIRPORT,
300,AA,0017,2028-06-06,00014042,00003454,O,AIRPORT,0000
300,LH,400,2028-09-02,31722,2286,O,AIRPORT,
300,DL,0106,2028-06-09,00014457,00003454,O,AIRPORT,0000
300,JL,408,2028-05-04,31598,2286,O,AIRPORT,
300,AZ,0555,2028-06-08,00014385,00003454,O,AIRPORT,0000
300,JL,408,2028-06-02,34846,2286,O,AIRPORT,
300,DL,0106,2028-07-22,00022766,00003454,O,AIRPORT,0000
300,DL,106,2028-04-12,3478,2286,O,AIRPORT,
300,LH,0400,2028-07-14,00021405,00003454,O,AIRPORT,0000
300,QF,5,2028-09-15,33689,2286,O,AIRPORT,
300,UA,0007,2028-08-31,00021973,00003454,O,AIRPORT,0000
300,DL,106,2028-04-12,3411,2286,O,AIRPORT,
300,AA,0017,2028-07-16,00021953,00003454,O,AIRPORT,0000
300,AZ,555,2028-08-12,27169,2286,O,AIRPORT,
300,LH,0400,2028-07-26,00023736,00003454,O,AIRPORT,0000
300,LH,400,2028-08-10,26846,2286,O,AIRPORT,
300,AA,0017,2028-07-27,00024016,00003454,O,AIRPORT,0000
300,DL,106,2028-08-11,26736,2286,O,AIRPORT,
300,LH,0400,2028-07-26,00023578,00003454,O,AIRPORT,0000
300,JL,407,2028-10-03,25835,2286,O,AIRPORT,
300,QF,0005,2028-07-07,00020100,00003454,O,AIRPORT,0000
300,QF,5,2028-08-05,25763,2286,O,AIRPORT,
300,AA,0017,2028-07-07,00020186,00003454,O,AIRPORT,0000
300,JL,407,2028-10-09,26097,2286,O,AIRPORT,
300,DL,0106,2028-04-15,00003550,00003454,O,AIRPORT,0000
300,DL,106,2028-08-24,29339,2286,O,AIRPORT,
300,UA,0007,2028-05-08,00006021,00003454,O,AIRPORT,0000
300,AZ,555,2028-08-16,28246,2286,O,AIRPORT,
300,JL,0407,2028-04-29,00004814,00003454,O,AIRPORT,0000
300,JL,408,2028-04-12,28982,2286,O,AIRPORT,
300,DL,1699,2028-04-26,43399,2286,O,AIRPORT,
300,DL,0106,2028-04-21,00005098,00003454,O,AIRPORT,0000
300,AA,26,2028-05-19,46188,2286,O,AIRPORT,
300,UA,0007,2028-03-31,00000818,00003454,O,AIRPORT,0000
300,QF,6,2028-05-21,45889,2286,O,AIRPORT,
300,AZ,0555,2028-04-06,00002358,00003454,O,AIRPORT,0000
300,LH,401,2028-04-20,44712,2286,O,AIRPORT,
300,JL,0407,2028-06-06,00009962,00003454,O,AIRPORT,0000
300,QF,6,2028-05-14,44872,2286,O,AIRPORT,
300,LH,0400,2028-05-20,00010610,00003454,O,AIRPORT,0000
300,JL,408,2028-07-01,37931,2286,O,AIRPORT,
300,QF,0005,2028-05-26,00011976,00003454,O,AIRPORT,0000
300,AA,17,2028-10-18,37599,2286,O,AIRPORT,
300,AA,0017,2028-05-01,00007221,00003454,O,AIRPORT,0000
300,DL,1699,2028-03-28,37602,2286,O,AIRPORT,
300,QF,0005,2028-05-04,00007594,00003454,O,AIRPORT,0000
300,AZ,788,2028-03-28,38609,2286,O,AIRPORT,
300,LH,0400,2028-04-27,00006363,00003454,O,AIRPORT,0000
300,UA,941,2028-06-26,38150,2286,O,AIRPORT,
300,JL,407,2028-04-20,3666,2286,O,AIRPORT,
300,JL,0407,2028-05-10,00006407,00003454,O,AIRPORT,0000
300,QF,5,2028-10-05,36400,2286,O,AIRPORT,
300,AZ,0555,2028-05-07,00008339,00003454,O,AIRPORT,0000
300,UA,941,2028-06-10,36304,2286,O,AIRPORT,
300,LH,0400,2028-05-08,00008306,00003454,O,AIRPORT,0000
300,AA,26,2028-04-06,40232,2286,O,AIRPORT,
300,JL,0407,2028-05-24,00008141,00003454,O,AIRPORT,0000
300,AA,26,2028-03-31,39483,2286,O,AIRPORT,
300,JL,0408,2028-07-14,00039478,00003454,O,AIRPORT,0000
300,UA,941,2028-07-12,39887,2286,O,AIRPORT,
300,AA,0017,2028-10-24,00037888,00003454,O,AIRPORT,0000
300,QF,6,2028-04-08,39910,2286,O,AIRPORT,
300,JL,0408,2028-06-29,00037676,00003454,O,AIRPORT,0000
300,AA,26,2028-08-25,59899,2286,O,AIRPORT,
300,LH,0400,2028-09-26,00036881,00003454,O,AIRPORT,0000
300,DL,1699,2028-07-22,60243,2286,O,AIRPORT,
300,DL,1699,2028-04-06,00039124,00003454,O,AIRPORT,0000
300,AA,26,2028-08-12,58040,2286,O,AIRPORT,
300,AZ,0788,2028-03-26,00038002,00003454,O,AIRPORT,0000
300,AA,26,2028-08-05,57128,2286,O,AIRPORT,
300,UA,0941,2028-09-08,00046520,00003454,O,AIRPORT,0000
300,AZ,788,2028-07-11,58865,2286,O,AIRPORT,
300,DL,1699,2028-05-14,00046630,00003454,O,AIRPORT,0000
300,AZ,788,2028-07-09,58329,2286,O,AIRPORT,
300,LH,0401,2028-04-27,00045834,00003454,O,AIRPORT,0000
300,UA,3504,2028-05-06,58392,2286,O,AIRPORT,
300,DL,1699,2028-08-11,64101,2286,O,AIRPORT,
300,AA,0026,2028-05-16,00046012,00003454,O,AIRPORT,0000
300,LH,400,2028-03-29,781,2286,O,AIRPORT,
300,AZ,0788,2028-04-24,00043900,00003454,O,AIRPORT,0000
300,QF,6,2028-10-15,64391,2286,O,AIRPORT,
300,AZ,0788,2028-04-17,00042603,00003454,O,AIRPORT,0000
300,DL,106,2028-03-30,622,2286,O,AIRPORT,
300,JL,0408,2028-08-17,00043200,00003454,O,AIRPORT,0000
300,AZ,788,2028-07-27,62095,2286,O,AIRPORT,
300,LH,0401,2028-04-22,00045079,00003454,O,AIRPORT,0000
300,LH,401,2028-05-26,51523,2286,O,AIRPORT,
300,JL,0408,2028-08-26,00044240,00003454,O,AIRPORT,0000
300,LH,401,2028-05-24,51047,2286,O,AIRPORT,
300,AA,0026,2028-05-03,00044213,00003454,O,AIRPORT,0000
300,QF,5,2028-03-29,490,2286,O,AIRPORT,
300,UA,941,2028-09-28,49015,2286,O,AIRPORT,
300,AA,0026,2028-05-03,00044116,00003454,O,AIRPORT,0000
300,AZ,788,2028-06-25,56062,2286,O,AIRPORT,
300,AA,0017,2028-08-03,00025388,00003454,O,AIRPORT,0000
300,AA,26,2028-07-09,53445,2286,O,AIRPORT,
300,AZ,0555,2028-07-29,00024529,00003454,O,AIRPORT,0000
300,LH,401,2028-06-02,52954,2286,O,AIRPORT,
300,AA,0017,2028-09-12,00033373,00003454,O,AIRPORT,0000
300,AA,26,2028-07-09,53248,2286,O,AIRPORT,
300,AA,0017,2028-09-14,00033489,00003454,O,AIRPORT,0000
300,QF,6,2028-07-27,54979,2286,O,AIRPORT,
300,DL,1699,2028-09-04,69175,2286,O,AIRPORT,
300,AZ,0555,2028-09-23,00035663,00003454,O,AIRPORT,0000
300,DL,1699,2028-09-07,69414,2286,O,AIRPORT,
300,JL,0408,2028-06-11,00035801,00003454,O,AIRPORT,0000
300,UA,3504,2028-07-05,70200,2286,O,AIRPORT,
300,AZ,0555,2028-09-23,00035627,00003454,O,AIRPORT,0000
300,LH,401,2028-08-03,65124,2286,O,AIRPORT,
300,AZ,0555,2028-09-03,00031501,00003454,O,AIRPORT,0000
300,DL,1699,2028-08-15,65270,2286,O,AIRPORT,
300,UA,0941,2028-04-27,00031311,00003454,O,AIRPORT,0000
300,LH,401,2028-08-12,66645,2286,O,AIRPORT,
300,JL,0408,2028-05-06,00031718,00003454,O,AIRPORT,0000
300,AA,64,2028-09-24,86442,2286,O,AIRPORT,
300,AZ,0555,2028-08-27,00030489,00003454,O,AIRPORT,0000
300,UA,3504,2028-07-28,74387,2286,O,AIRPORT,
300,AZ,0555,2028-09-12,00033252,00003454,O,AIRPORT,0000
300,DL,1699,2028-10-06,74328,2286,O,AIRPORT,
300,UA,0941,2028-05-12,00033086,00003454,O,AIRPORT,0000
300,DL,1699,2028-09-18,71466,2286,O,AIRPORT,
300,AA,64,2028-05-10,71098,2286,O,AIRPORT,
300,AZ,0555,2028-09-05,00032205,00003454,O,AIRPORT,0000
300,DL,1699,2028-09-16,71165,2286,O,AIRPORT,
300,QF,0005,2028-09-08,00032422,00003454,O,AIRPORT,0000
300,LH,401,2028-09-10,73009,2286,O,AIRPORT,
300,UA,3504,2028-06-02,00063603,00003454,O,AIRPORT,0000
300,LH,402,2028-04-12,82379,2286,O,AIRPORT,
300,LH,0401,2028-07-21,00062440,00003454,O,AIRPORT,0000
300,AZ,789,2028-05-07,84382,2286,O,AIRPORT,
300,UA,3504,2028-05-28,00062501,00003454,O,AIRPORT,0000
300,UA,3504,2028-09-08,83318,2286,O,AIRPORT,
300,UA,3504,2028-06-02,00063286,00003454,O,AIRPORT,0000
300,AA,64,2028-08-28,83323,2286,O,AIRPORT,
300,AZ,0788,2028-08-11,00064816,00003454,O,AIRPORT,0000
300,DL,1984,2028-04-10,78496,2286,O,AIRPORT,
300,AZ,0788,2028-06-30,00056922,00003454,O,AIRPORT,0000
300,UA,3504,2028-08-21,79370,2286,O,AIRPORT,
300,AA,0026,2028-08-18,00059017,00003454,O,AIRPORT,0000
300,AZ,789,2028-04-04,77857,2286,O,AIRPORT,
300,AZ,789,2028-04-20,80841,2286,O,AIRPORT,
300,LH,0401,2028-05-30,00052534,00003454,O,AIRPORT,0000
300,LH,402,2028-04-01,80193,2286,O,AIRPORT,
300,AA,0026,2028-07-20,00054949,00003454,O,AIRPORT,0000
300,UA,3516,2028-07-27,113248,2286,O,AIRPORT,
300,LH,0401,2028-05-19,00049970,00003454,O,AIRPORT,0000
300,AZ,789,2028-10-06,112770,2286,O,AIRPORT,
300,AZ,0788,2028-06-14,00053729,00003454,O,AIRPORT,0000
300,LH,402,2028-08-02,104136,2286,O,AIRPORT,
300,AA,0026,2028-07-13,00054049,00003454,O,AIRPORT,0000
300,DL,1984,2028-08-27,105331,2286,O,AIRPORT,
300,LH,402,2028-08-06,105256,2286,O,AIRPORT,
300,DL,1699,2028-10-24,00074862,00003454,O,AIRPORT,0000
300,LH,402,2028-07-13,100219,2286,O,AIRPORT,
300,AZ,0788,2028-08-18,00066257,00003454,O,AIRPORT,0000
300,DL,1984,2028-07-31,100000,2286,O,AIRPORT,
300,AA,0064,2028-03-29,00066430,00003454,O,AIRPORT,0000
300,LH,402,2028-07-22,102173,2286,O,AIRPORT,
300,UA,3504,2028-07-05,00070017,00003454,O,AIRPORT,0000
300,AZ,789,2028-09-14,109545,2286,O,AIRPORT,
300,AA,0064,2028-05-06,00070592,00003454,O,AIRPORT,0000
300,LH,402,2028-09-07,111717,2286,O,AIRPORT,
300,AZ,0788,2028-09-09,00070445,00003454,O,AIRPORT,0000
300,DL,1984,2028-09-25,111031,2286,O,AIRPORT,
300,AA,0064,2028-04-16,00068391,00003454,O,AIRPORT,0000
300,LH,402,2028-08-18,107111,2286,O,AIRPORT,
300,DL,1699,2028-09-02,00068639,00003454,O,AIRPORT,0000
300,DL,1984,2028-09-13,108901,2286,O,AIRPORT,
300,UA,3516,2028-04-04,90969,2286,O,AIRPORT,
300,AZ,0788,2028-08-27,00068057,00003454,O,AIRPORT,0000
300,LH,402,2028-05-11,88342,2286,O,AIRPORT,
300,AA,0064,2028-04-11,00068023,00003454,O,AIRPORT,0000
300,AZ,789,2028-06-19,92726,2286,O,AIRPORT,
300,DL,1984,2028-04-10,00078437,00003454,O,AIRPORT,0000
300,DL,1984,2028-06-25,92949,2286,O,AIRPORT,
300,DL,1984,2028-04-08,00077930,00003454,O,AIRPORT,0000
300,AZ,789,2028-06-26,93828,2286,O,AIRPORT,
300,LH,0401,2028-10-16,00078044,00003454,O,AIRPORT,0000
300,AZ,789,2028-06-23,93630,2286,O,AIRPORT,
300,AZ,0789,2028-04-04,00077996,00003454,O,AIRPORT,0000
300,DL,1984,2028-05-29,88063,2286,O,AIRPORT,
300,DL,1984,2028-04-12,00078993,00003454,O,AIRPORT,0000
300,DL,1984,2028-07-31,99965,2286,O,AIRPORT,
300,DL,1984,2028-07-08,95583,2286,O,AIRPORT,
300,AA,0064,2028-09-19,00085803,00003454,O,AIRPORT,0000
300,AZ,789,2028-06-28,94670,2286,O,AIRPORT,
300,DL,1984,2028-05-14,00084867,00003454,O,AIRPORT,0000
300,UA,3516,2028-04-26,95182,2286,O,AIRPORT,
300,DL,1984,2028-05-27,00087547,00003454,O,AIRPORT,0000
300,DL,1984,2028-07-06,95130,2286,O,AIRPORT,
300,DL,1984,2028-05-25,00087234,00003454,O,AIRPORT,0000
300,LH,402,2028-07-06,99071,2286,O,AIRPORT,
300,LH,402,2028-06-27,97339,2286,O,AIRPORT,
300,DL,1984,2028-04-23,00081046,00003454,O,AIRPORT,0000
300,LH,454,2028-04-27,122408,2286,O,AIRPORT,
300,DL,1984,2028-08-27,00105096,00003454,O,AIRPORT,0000
300,AZ,790,2028-07-05,128242,2286,O,AIRPORT,
300,LH,0402,2028-08-06,00105075,00003454,O,AIRPORT,0000
300,UA,3517,2028-03-28,128615,2286,O,AIRPORT,
300,UA,3516,2028-06-23,00106781,00003454,O,AIRPORT,0000
300,AZ,790,2028-07-13,129606,2286,O,AIRPORT,
300,DL,1984,2028-09-04,00107094,00003454,O,AIRPORT,0000
300,LH,454,2028-06-15,129035,2286,O,AIRPORT,
300,AZ,790,2028-06-26,127212,2286,O,AIRPORT,
300,LH,0402,2028-08-13,00106241,00003454,O,AIRPORT,0000
300,LH,402,2028-09-25,115525,2286,O,AIRPORT,
300,UA,3516,2028-06-19,00105942,00003454,O,AIRPORT,0000
300,AZ,790,2028-04-13,116736,2286,O,AIRPORT,
300,UA,3516,2028-05-29,00102035,00003454,O,AIRPORT,0000
300,LH,402,2028-09-18,114148,2286,O,AIRPORT,
300,AZ,0789,2028-08-14,00103586,00003454,O,AIRPORT,0000
300,AZ,790,2028-04-17,117603,2286,O,AIRPORT,
300,UA,3516,2028-06-05,00103365,00003454,O,AIRPORT,0000
300,AZ,790,2028-05-03,119682,2286,O,AIRPORT,
300,LH,0402,2028-09-07,00111469,00003454,O,AIRPORT,0000
300,AZ,791,2028-06-26,151716,2286,O,AIRPORT,
300,UA,3516,2028-07-15,00110848,00003454,O,AIRPORT,0000
300,LH,455,2028-06-07,153864,2286,O,AIRPORT,
300,AZ,791,2028-07-21,154390,2286,O,AIRPORT,
300,LH,0402,2028-09-13,00113217,00003454,O,AIRPORT,0000
300,UA,3517,2028-08-02,153284,2286,O,AIRPORT,
300,UA,3516,2028-04-22,00094523,00003454,O,AIRPORT,0000
300,LH,455,2028-05-07,150426,2286,O,AIRPORT,
300,AZ,0789,2028-06-08,00090672,00003454,O,AIRPORT,0000
300,LH,455,2028-04-30,149566,2286,O,AIRPORT,
300,DL,1984,2028-06-18,00091757,00003454,O,AIRPORT,0000
300,AZ,791,2028-09-14,160547,2286,O,AIRPORT,
300,DL,1984,2028-06-21,00092345,00003454,O,AIRPORT,0000
300,UA,3517,2028-09-07,160657,2286,O,AIRPORT,
300,DL,1984,2028-06-29,00093987,00003454,O,AIRPORT,0000
300,LH,455,2028-07-04,156877,2286,O,AIRPORT,
300,AZ,791,2028-08-12,156852,2286,O,AIRPORT,
300,LH,0402,2028-05-18,00089509,00003454,O,AIRPORT,0000
300,AZ,791,2028-08-19,157555,2286,O,AIRPORT,
300,UA,3516,2028-03-26,00089373,00003454,O,AIRPORT,0000
300,UA,3517,2028-05-02,135576,2286,O,AIRPORT,
300,LH,0402,2028-06-23,00096484,00003454,O,AIRPORT,0000
300,LH,454,2028-08-04,135988,2286,O,AIRPORT,
300,DL,1984,2028-07-31,00100096,00003454,O,AIRPORT,0000
300,UA,3517,2028-05-09,136603,2286,O,AIRPORT,
300,UA,3517,2028-06-29,00146800,00003454,O,AIRPORT,0000
300,LH,454,2028-08-10,136761,2286,O,AIRPORT,
300,AZ,0791,2028-04-27,00145085,00003454,O,AIRPORT,0000
300,AZ,790,2028-08-12,133687,2286,O,AIRPORT,
300,AZ,0791,2028-04-27,00145123,00003454,O,AIRPORT,0000
300,UA,3517,2028-04-23,133809,2286,O,AIRPORT,
300,AZ,791,2028-05-03,145860,2286,O,AIRPORT,
300,AZ,0791,2028-06-13,00150303,00003454,O,AIRPORT,0000
300,LH,455,2028-03-30,146102,2286,O,AIRPORT,
300,AZ,0790,2028-10-31,00141137,00003454,O,AIRPORT,0000
300,UA,3517,2028-06-27,146195,2286,O,AIRPORT,
300,UA,3517,2028-06-12,00143281,00003454,O,AIRPORT,0000
300,UA,3517,2028-06-05,141912,2286,O,AIRPORT,
300,LH,0454,2028-10-07,00144752,00003454,O,AIRPORT,0000
300,AZ,791,2028-03-31,142109,2286,O,AIRPORT,
300,LH,0454,2028-09-19,00142929,00003454,O,AIRPORT,0000
300,LH,455,2028-09-07,164164,2286,O,AIRPORT,
300,LH,0455,2028-07-22,00158905,00003454,O,AIRPORT,0000
300,LH,2462,2028-08-26,262723,2286,O,AIRPORT,
300,AZ,0791,2028-08-23,00158123,00003454,O,AIRPORT,0000
300,LH,2462,2028-09-06,264128,2286,O,AIRPORT,
300,LH,2462,2028-09-01,263574,2286,O,AIRPORT,
300,AZ,0791,2028-11-16,00163179,00003454,O,AIRPORT,0000
300,LH,2462,2028-09-12,265131,2286,O,AIRPORT,
300,LH,0455,2028-08-11,00161016,00003454,O,AIRPORT,0000
300,LH,2463,2028-05-31,275209,2286,O,AIRPORT,
300,AZ,0791,2028-09-19,00161205,00003454,O,AIRPORT,0000
300,LH,2463,2028-07-08,279617,2286,O,AIRPORT,
300,UA,3517,2028-07-28,00152461,00003454,O,AIRPORT,0000
300,LH,2463,2028-04-16,270195,2286,O,AIRPORT,
300,LH,0455,2028-05-25,00152414,00003454,O,AIRPORT,0000
300,LH,2463,2028-04-05,269083,2286,O,AIRPORT,
300,LH,0455,2028-07-02,00156652,00003454,O,AIRPORT,0000
300,LH,2436,2028-05-15,235687,2286,O,AIRPORT,
300,LH,3577,2028-08-24,307688,2286,O,AIRPORT,
300,AZ,0791,2028-07-23,00154553,00003454,O,AIRPORT,0000
300,LH,3577,2028-10-12,312564,2286,O,AIRPORT,
300,LH,0455,2028-06-21,00155434,00003454,O,AIRPORT,0000
300,LH,2463,2028-10-07,289807,2286,O,AIRPORT,
300,UA,3517,2028-08-11,00155055,00003454,O,AIRPORT,0000
300,LH,2463,2028-07-19,280936,2286,O,AIRPORT,
300,AZ,0790,2028-05-21,00122200,00003454,O,AIRPORT,0000
300,LH,2463,2028-07-23,281413,2286,O,AIRPORT,
300,UA,3516,2028-09-10,00122852,00003454,O,AIRPORT,0000
300,LH,2463,2028-09-06,286654,2286,O,AIRPORT,
300,LH,0454,2028-05-20,00125237,00003454,O,AIRPORT,0000
300,LH,2463,2028-08-17,284122,2286,O,AIRPORT,
300,LH,0454,2028-05-15,00124734,00003454,O,AIRPORT,0000
300,LH,3577,2028-08-10,306170,2286,O,AIRPORT,
300,UA,3516,2028-09-16,00124108,00003454,O,AIRPORT,0000
300,LH,3577,2028-04-30,294676,2286,O,AIRPORT,
300,LH,2407,2028-06-15,199742,2286,O,AIRPORT,
300,LH,0402,2028-09-20,00114762,00003454,O,AIRPORT,0000
300,LH,2407,2028-07-08,202267,2286,O,AIRPORT,
300,LH,0402,2028-09-25,00115450,00003454,O,AIRPORT,0000
300,LH,2407,2028-07-17,203271,2286,O,AIRPORT,
300,AZ,0790,2028-04-02,00115303,00003454,O,AIRPORT,0000
300,LH,2407,2028-04-16,193020,2286,O,AIRPORT,
300,LH,0402,2028-10-30,00117454,00003454,O,AIRPORT,0000
300,LH,2415,2028-06-22,221579,2286,O,AIRPORT,
300,UA,3516,2028-08-25,00118680,00003454,O,AIRPORT,0000
300,LH,2407,2028-09-04,208956,2286,O,AIRPORT,
300,AZ,0790,2028-04-24,00118560,00003454,O,AIRPORT,0000
300,LH,2407,2028-09-04,209178,2286,O,AIRPORT,
300,LH,0454,2028-08-19,00138019,00003454,O,AIRPORT,0000
300,LH,2407,2028-09-26,211920,2286,O,AIRPORT,
300,UA,3516,2028-10-31,00127993,00003454,O,AIRPORT,0000
300,LH,2415,2028-03-31,213530,2286,O,AIRPORT,
300,LH,0454,2028-06-18,00129312,00003454,O,AIRPORT,0000
300,LH,455,2028-09-29,166870,2286,O,AIRPORT,
300,UA,3517,2028-03-30,00129038,00003454,O,AIRPORT,0000
300,LH,2402,2028-07-21,181271,2286,O,AIRPORT,
300,LH,2402,2028-06-24,178278,2286,O,AIRPORT,
300,AZ,0790,2028-06-23,00126613,00003454,O,AIRPORT,0000
300,LH,2402,2028-06-24,178231,2286,O,AIRPORT,
300,LH,0454,2028-06-27,00130711,00003454,O,AIRPORT,0000
300,LH,2402,2028-07-08,179716,2286,O,AIRPORT,
300,LH,0455,2028-09-16,00165540,00003454,O,AIRPORT,0000
300,LH,2402,2028-08-24,185109,2286,O,AIRPORT,
300,LH,0455,2028-09-11,00165017,00003454,O,AIRPORT,0000
300,LH,2402,2028-09-06,186855,2286,O,AIRPORT,
300,LH,2402,2028-08-06,183109,2286,O,AIRPORT,
300,LH,2407,2028-06-15,00199858,00003454,O,AIRPORT,0000
300,LH,2402,2028-06-15,177368,2286,O,AIRPORT,
300,LH,2402,2028-09-22,00188879,00003454,O,AIRPORT,0000
300,AZ,555,2028-07-07,20102,3983,O,AIRPORT,
300,LH,2402,2028-07-28,00182033,00003454,O,AIRPORT,0000
300,LH,400,2028-04-05,2117,3983,O,AIRPORT,
300,LH,400,2028-07-14,21618,3983,O,AIRPORT,
300,LH,2402,2028-08-12,00183786,00003454,O,AIRPORT,0000
300,AZ,555,2028-06-23,17575,3983,O,AIRPORT,
300,LH,2402,2028-06-29,00178894,00003454,O,AIRPORT,0000
300,DL,106,2028-06-25,17822,3983,O,AIRPORT,
300,LH,2402,2028-06-29,00178724,00003454,O,AIRPORT,0000
300,AZ,555,2028-06-30,18880,3983,O,AIRPORT,
300,LH,2402,2028-07-21,00181323,00003454,O,AIRPORT,0000
300,DL,106,2028-04-06,1921,3983,O,AIRPORT,
300,LH,2402,2028-07-21,00181269,00003454,O,AIRPORT,0000
300,QF,5,2028-06-28,18607,3983,O,AIRPORT,
300,LH,2402,2028-05-20,00174242,00003454,O,AIRPORT,0000
300,AZ,555,2028-07-29,24472,3983,O,AIRPORT,
300,LH,2402,2028-06-20,00177845,00003454,O,AIRPORT,0000
300,UA,7,2028-09-17,24956,3983,O,AIRPORT,
300,LH,2462,2028-06-11,00254249,00003454,O,AIRPORT,0000
300,AZ,788,2028-05-16,48176,3983,O,AIRPORT,
300,AZ,555,2028-07-18,22515,3983,O,AIRPORT,
300,LH,2462,2028-07-14,00258000,00003454,O,AIRPORT,0000
300,UA,7,2028-09-04,22715,3983,O,AIRPORT,
300,LH,2462,2028-07-25,00259184,00003454,O,AIRPORT,0000
300,UA,7,2028-09-10,23666,3983,O,AIRPORT,
300,LH,2462,2028-07-07,00257153,00003454,O,AIRPORT,0000
300,DL,106,2028-07-26,23778,3983,O,AIRPORT,
300,LH,2462,2028-05-28,00252699,00003454,O,AIRPORT,0000
300,JL,407,2028-09-10,23202,3983,O,AIRPORT,
300,LH,2462,2028-08-28,00263034,00003454,O,AIRPORT,0000
300,LH,400,2028-07-23,23540,3983,O,AIRPORT,
300,LH,2436,2028-04-25,00234460,00003454,O,AIRPORT,0000
300,JL,407,2028-06-08,10389,3983,O,AIRPORT,
300,LH,2415,2028-08-17,00227065,00003454,O,AIRPORT,0000
300,JL,407,2028-05-19,7439,3983,O,AIRPORT,
300,LH,2463,2028-10-18,00290188,00003454,O,AIRPORT,0000
300,AZ,555,2028-05-16,10202,3983,O,AIRPORT,
300,LH,2463,2028-07-12,00280074,00003454,O,AIRPORT,0000
300,UA,7,2028-06-18,11608,3983,O,AIRPORT,
300,LH,2463,2028-07-10,00279702,00003454,O,AIRPORT,0000
300,DL,106,2028-05-20,10500,3983,O,AIRPORT,
300,LH,2463,2028-08-21,00284553,00003454,O,AIRPORT,0000
300,AZ,555,2028-05-10,9118,3983,O,AIRPORT,
300,LH,2463,2028-05-08,00272792,00003454,O,AIRPORT,0000
300,QF,5,2028-05-15,9733,3983,O,AIRPORT,
300,LH,3577,2028-07-01,00301629,00003454,O,AIRPORT,0000
300,AZ,555,2028-05-16,10146,3983,O,AIRPORT,
300,LH,3577,2028-08-06,00305724,00003454,O,AIRPORT,0000
300,QF,5,2028-05-04,7733,3983,O,AIRPORT,
300,LH,2407,2028-09-26,00211938,00003454,O,AIRPORT,0000
300,AZ,555,2028-05-05,7860,3983,O,AIRPORT,
300,LH,2415,2028-04-02,00213752,00003454,O,AIRPORT,0000
300,JL,407,2028-05-26,8569,3983,O,AIRPORT,
300,LH,2407,2028-08-17,00206717,00003454,O,AIRPORT,0000
300,AZ,555,2028-04-02,1523,3983,O,AIRPORT,
300,LH,2407,2028-09-15,00210597,00003454,O,AIRPORT,0000
300,JL,407,2028-07-14,15309,3983,O,AIRPORT,
300,LH,2415,2028-07-30,00225304,00003454,O,AIRPORT,0000
300,AZ,555,2028-06-12,15264,3983,O,AIRPORT,
300,LH,2415,2028-05-30,00219525,00003454,O,AIRPORT,0000
300,QF,5,2028-06-20,16521,3983,O,AIRPORT,
300,AZ,555,2028-07-02,19528,2765,O,AIRPORT,
300,JL,407,2028-05-08,5892,3983,O,AIRPORT,
300,LH,400,2028-04-23,5478,2765,O,AIRPORT,
300,JL,407,2028-05-10,6280,3983,O,AIRPORT,
300,JL,407,2028-07-30,17361,2765,O,AIRPORT,
300,QF,5,2028-05-28,12187,3983,O,AIRPORT,
300,UA,7,2028-07-30,17437,2765,O,AIRPORT,
300,AZ,555,2028-05-25,12148,3983,O,AIRPORT,
300,AZ,555,2028-06-26,17914,2765,O,AIRPORT,
300,JL,407,2028-07-03,13819,3983,O,AIRPORT,
300,LH,400,2028-06-24,17813,2765,O,AIRPORT,
300,DL,106,2028-06-05,13665,3983,O,AIRPORT,
300,AA,17,2028-06-21,17262,2765,O,AIRPORT,
300,LH,400,2028-06-04,13609,3983,O,AIRPORT,
300,JL,407,2028-07-28,17063,2765,O,AIRPORT,
300,LH,400,2028-06-27,18266,2765,O,AIRPORT,
300,LH,400,2028-06-04,13684,3983,O,AIRPORT,
300,JL,407,2028-08-03,18006,2765,O,AIRPORT,
300,DL,106,2028-04-06,1858,2765,O,AIRPORT,
300,UA,941,2028-05-06,32291,3983,O,AIRPORT,
300,DL,106,2028-04-06,1859,2765,O,AIRPORT,
300,LH,400,2028-09-10,33177,3983,O,AIRPORT,
300,UA,941,2028-05-15,33313,3983,O,AIRPORT,
300,LH,400,2028-06-29,18443,2765,O,AIRPORT,
300,AZ,555,2028-09-10,32822,3983,O,AIRPORT,
300,JL,407,2028-09-21,24923,2765,O,AIRPORT,
300,DL,106,2028-09-27,35835,3983,O,AIRPORT,
300,AA,17,2028-07-29,24547,2765,O,AIRPORT,
300,UA,941,2028-05-19,33927,3983,O,AIRPORT,
300,QF,5,2028-09-15,33639,3983,O,AIRPORT,
300,AZ,555,2028-07-27,24362,2765,O,AIRPORT,
300,AZ,555,2028-09-14,33611,3983,O,AIRPORT,
300,QF,5,2028-08-01,24811,2765,O,AIRPORT,
300,LH,400,2028-08-10,26687,3983,O,AIRPORT,
300,DL,106,2028-08-13,27232,3983,O,AIRPORT,
300,QF,6,2028-06-03,47633,2765,O,AIRPORT,
300,AZ,555,2028-08-03,25556,3983,O,AIRPORT,
300,UA,7,2028-09-26,25976,3983,O,AIRPORT,
300,AA,17,2028-04-17,4727,2765,O,AIRPORT,
300,LH,400,2028-08-06,25936,3983,O,AIRPORT,
300,DL,106,2028-07-22,22671,2765,O,AIRPORT,
300,AA,17,2028-08-25,29610,3983,O,AIRPORT,
300,UA,941,2028-04-18,30432,3983,O,AIRPORT,
300,DL,106,2028-07-22,22852,2765,O,AIRPORT,
300,QF,5,2028-08-19,28544,3983,O,AIRPORT,
300,LH,400,2028-07-17,22203,2765,O,AIRPORT,
300,AZ,555,2028-08-14,27934,3983,O,AIRPORT,
300,QF,5,2028-04-09,2916,3983,O,AIRPORT,
300,JL,407,2028-04-11,2366,2765,O,AIRPORT,
300,QF,6,2028-05-07,44032,3983,O,AIRPORT,
300,QF,5,2028-07-28,24001,2765,O,AIRPORT,
300,DL,1699,2028-04-30,44180,3983,O,AIRPORT,
300,UA,941,2028-08-14,43661,3983,O,AIRPORT,
300,DL,106,2028-04-08,2305,2765,O,AIRPORT,
300,DL,1699,2028-04-23,42746,3983,O,AIRPORT,
300,LH,401,2028-04-29,46232,3983,O,AIRPORT,
300,LH,400,2028-07-23,23478,2765,O,AIRPORT,
300,AA,26,2028-05-21,46561,3983,O,AIRPORT,
300,AA,17,2028-04-17,4433,3983,O,AIRPORT,
300,AZ,555,2028-05-01,7176,2765,O,AIRPORT,
300,DL,1699,2028-05-05,45157,3983,O,AIRPORT,
300,UA,7,2028-04-23,3779,3983,O,AIRPORT,
300,AA,17,2028-05-23,11306,2765,O,AIRPORT,
300,DL,1699,2028-03-28,37800,3983,O,AIRPORT,
300,QF,5,2028-09-30,36144,3983,O,AIRPORT,
300,LH,400,2028-05-22,11031,2765,O,AIRPORT,
300,AZ,555,2028-10-22,37327,3983,O,AIRPORT,
300,JL,408,2028-06-20,36847,3983,O,AIRPORT,
300,QF,5,2028-05-10,9116,2765,O,AIRPORT,
300,JL,408,2028-07-23,40555,3983,O,AIRPORT,
300,DL,1699,2028-04-12,40737,3983,O,AIRPORT,
300,JL,407,2028-05-22,7968,2765,O,AIRPORT,
300,QF,6,2028-04-13,40421,3983,O,AIRPORT,
300,AZ,788,2028-04-13,41430,3983,O,AIRPORT,
300,JL,407,2028-05-28,8685,2765,O,AIRPORT,
300,DL,1699,2028-04-10,40151,3983,O,AIRPORT,
300,LH,401,2028-03-27,39553,3983,O,AIRPORT,
300,UA,3504,2028-05-15,60111,3983,O,AIRPORT,
300,DL,106,2028-06-09,14532,2765,O,AIRPORT,
300,UA,3504,2028-05-15,60053,3983,O,AIRPORT,
300,AZ,788,2028-07-13,59272,3983,O,AIRPORT,
300,DL,106,2028-06-18,16342,2765,O,AIRPORT,
300,UA,3504,2028-05-04,57996,3983,O,AIRPORT,
300,AA,26,2028-08-14,58418,3983,O,AIRPORT,
300,JL,407,2028-07-21,16369,2765,O,AIRPORT,
300,QF,6,2028-08-20,58489,3983,O,AIRPORT,
300,AA,26,2028-08-16,58479,3983,O,AIRPORT,
300,JL,407,2028-05-06,5867,2765,O,AIRPORT,
300,AA,26,2028-09-21,63480,3983,O,AIRPORT,
300,UA,7,2028-05-06,5810,2765,O,AIRPORT,
300,AZ,788,2028-08-02,63413,3983,O,AIRPORT,
300,DL,106,2028-03-30,738,3983,O,AIRPORT,
300,AZ,555,2028-06-14,15775,2765,O,AIRPORT,
300,UA,3504,2028-06-08,64831,3983,O,AIRPORT,
300,AZ,788,2028-07-27,62039,3983,O,AIRPORT,
300,LH,400,2028-06-13,15562,2765,O,AIRPORT,
300,UA,3504,2028-05-24,61577,3983,O,AIRPORT,
300,AA,17,2028-05-28,12419,2765,O,AIRPORT,
300,DL,1699,2028-08-04,62938,3983,O,AIRPORT,
300,AA,26,2028-06-28,51773,3983,O,AIRPORT,
300,AA,17,2028-09-07,32404,2765,O,AIRPORT,
300,UA,941,2028-04-20,30664,2765,O,AIRPORT,
300,QF,6,2028-07-05,51803,3983,O,AIRPORT,
300,DL,106,2028-09-04,31459,2765,O,AIRPORT,
300,LH,401,2028-05-28,51982,3983,O,AIRPORT,
300,QF,6,2028-07-07,52316,3983,O,AIRPORT,
300,QF,5,2028-09-03,31555,2765,O,AIRPORT,
300,AZ,788,2028-05-29,50482,3983,O,AIRPORT,
300,AA,26,2028-06-19,50699,3983,O,AIRPORT,
300,QF,5,2028-09-17,33940,2765,O,AIRPORT,
300,AZ,788,2028-05-25,49980,3983,O,AIRPORT,
300,AA,17,2028-09-18,34500,2765,O,AIRPORT,
300,DL,1699,2028-05-31,50257,3983,O,AIRPORT,
300,UA,3504,2028-04-20,55090,3983,O,AIRPORT,
300,UA,941,2028-05-26,34538,2765,O,AIRPORT,
300,AA,26,2028-07-22,55287,3983,O,AIRPORT,
300,DL,106,2028-04-10,2778,2765,O,AIRPORT,
300,LH,401,2028-06-15,55262,3983,O,AIRPORT,
300,QF,6,2028-08-05,56208,3983,O,AIRPORT,
300,AZ,555,2028-08-12,27287,2765,O,AIRPORT,
300,AA,26,2028-07-31,56292,3983,O,AIRPORT,
300,QF,6,2028-08-05,56337,3983,O,AIRPORT,
300,JL,408,2028-03-29,27530,2765,O,AIRPORT,
300,LH,401,2028-06-08,53916,3983,O,AIRPORT,
300,UA,7,2028-09-22,25569,2765,O,AIRPORT,
300,DL,1699,2028-06-14,52933,3983,O,AIRPORT,
300,DL,1699,2028-06-23,54762,3983,O,AIRPORT,
300,UA,7,2028-09-22,25570,2765,O,AIRPORT,
300,DL,1699,2028-06-21,54323,3983,O,AIRPORT,
300,QF,5,2028-08-28,30124,2765,O,AIRPORT,
300,AA,64,2028-04-18,68610,3983,O,AIRPORT,
300,LH,401,2028-08-28,69791,3983,O,AIRPORT,
300,DL,106,2028-04-10,2874,2765,O,AIRPORT,
300,DL,1699,2028-09-11,70297,3983,O,AIRPORT,
300,DL,1699,2028-09-04,69064,3983,O,AIRPORT,
300,AA,26,2028-05-03,44065,2765,O,AIRPORT,
300,UA,3504,2028-06-13,65519,3983,O,AIRPORT,
300,AZ,789,2028-05-12,85158,3983,O,AIRPORT,
300,LH,402,2028-04-23,84909,3983,O,AIRPORT,
300,LH,401,2028-04-18,44263,2765,O,AIRPORT,
300,LH,402,2028-04-28,85685,3983,O,AIRPORT,
300,LH,402,2028-04-28,85675,3983,O,AIRPORT,
300,UA,941,2028-08-14,43662,2765,O,AIRPORT,
300,AA,64,2028-09-17,85704,3983,O,AIRPORT,
300,DL,1699,2028-04-19,41742,2765,O,AIRPORT,
300,UA,3504,2028-09-24,86661,3983,O,AIRPORT,
300,AA,64,2028-10-20,87515,3983,O,AIRPORT,
300,AA,26,2028-04-24,42861,2765,O,AIRPORT,
300,UA,3504,2028-07-30,74983,3983,O,AIRPORT,
300,AA,64,2028-06-26,76388,3983,O,AIRPORT,
300,QF,6,2028-05-25,46234,2765,O,AIRPORT,
300,LH,401,2028-08-31,70544,3983,O,AIRPORT,
300,AZ,788,2028-09-23,73425,3983,O,AIRPORT,
300,JL,408,2028-09-15,46378,2765,O,AIRPORT,
300,LH,402,2028-04-10,82125,3983,O,AIRPORT,
300,DL,1699,2028-05-07,45608,2765,O,AIRPORT,
300,LH,402,2028-04-10,82140,3983,O,AIRPORT,
300,UA,3504,2028-09-11,83915,3983,O,AIRPORT,
300,AZ,788,2028-04-30,45018,2765,O,AIRPORT,
300,AZ,789,2028-04-02,77611,3983,O,AIRPORT,
300,AA,64,2028-07-14,78449,3983,O,AIRPORT,
300,DL,106,2028-10-19,36836,2765,O,AIRPORT,
300,AZ,789,2028-04-17,80436,3983,O,AIRPORT,
300,DL,1984,2028-10-19,112594,3983,O,AIRPORT,
300,DL,1699,2028-04-12,40652,2765,O,AIRPORT,
300,UA,3516,2028-07-24,112541,3983,O,AIRPORT,
300,DL,1699,2028-04-17,41309,2765,O,AIRPORT,
300,LH,402,2028-09-10,112391,3983,O,AIRPORT,
300,UA,3516,2028-07-24,112937,3983,O,AIRPORT,
300,AA,26,2028-04-13,41422,2765,O,AIRPORT,
300,AZ,789,2028-08-18,104285,3983,O,AIRPORT,
300,UA,3516,2028-06-21,105997,3983,O,AIRPORT,
300,UA,941,2028-07-03,38854,2765,O,AIRPORT,
300,UA,3516,2028-06-03,102662,3983,O,AIRPORT,
300,UA,941,2028-07-09,39609,2765,O,AIRPORT,
300,UA,3516,2028-06-01,102174,3983,O,AIRPORT,
300,DL,1984,2028-09-22,110541,3983,O,AIRPORT,
300,JL,407,2028-03-27,182,2765,O,AIRPORT,
300,LH,402,2028-09-04,111317,3983,O,AIRPORT,
300,DL,1984,2028-09-04,106779,3983,O,AIRPORT,
300,JL,407,2028-03-27,228,2765,O,AIRPORT,
300,AZ,789,2028-09-07,108193,3983,O,AIRPORT,
300,AZ,555,2028-03-28,604,2765,O,AIRPORT,
300,AZ,789,2028-05-28,88315,3983,O,AIRPORT,
300,DL,1984,2028-06-05,89347,3983,O,AIRPORT,
300,AZ,788,2028-07-06,58062,2765,O,AIRPORT,
300,DL,1984,2028-07-28,99652,3983,O,AIRPORT,
300,UA,3516,2028-05-16,99190,3983,O,AIRPORT,
300,LH,401,2028-07-03,59074,2765,O,AIRPORT,
300,DL,1984,2028-07-13,96655,3983,O,AIRPORT,
300,QF,6,2028-11-02,64877,2765,O,AIRPORT,
300,AZ,789,2028-07-20,98813,3983,O,AIRPORT,
300,LH,402,2028-06-27,97268,3983,O,AIRPORT,
300,AZ,788,2028-08-11,64896,2765,O,AIRPORT,
300,UA,3516,2028-09-14,123475,3983,O,AIRPORT,
300,AZ,790,2028-05-23,122362,3983,O,AIRPORT,
300,QF,6,2028-09-14,61884,2765,O,AIRPORT,
300,UA,3516,2028-09-16,124292,3983,O,AIRPORT,
300,QF,6,2028-09-16,62090,2765,O,AIRPORT,
300,UA,3517,2028-03-28,128630,3983,O,AIRPORT,
300,LH,454,2028-06-09,128036,3983,O,AIRPORT,
300,DL,1699,2028-07-28,61465,2765,O,AIRPORT,
300,AZ,790,2028-07-02,127937,3983,O,AIRPORT,
300,LH,454,2028-05-24,125815,3983,O,AIRPORT,
300,QF,6,2028-09-23,63014,2765,O,AIRPORT,
300,UA,3516,2028-08-07,115351,3983,O,AIRPORT,
300,DL,1699,2028-08-04,62796,2765,O,AIRPORT,
300,AZ,789,2028-11-02,113841,3983,O,AIRPORT,
300,LH,454,2028-04-18,121127,3983,O,AIRPORT,
300,DL,1699,2028-08-04,62797,2765,O,AIRPORT,
300,LH,454,2028-03-27,118031,3983,O,AIRPORT,
300,AZ,790,2028-05-01,119230,3983,O,AIRPORT,
300,UA,3504,2028-04-05,51990,2765,O,AIRPORT,
300,LH,455,2028-05-20,151754,3983,O,AIRPORT,
300,UA,941,2028-09-28,49039,2765,O,AIRPORT,
300,AZ,791,2028-06-17,150800,3983,O,AIRPORT,
300,LH,455,2028-05-11,150954,3983,O,AIRPORT,
300,DL,1699,2028-05-31,50354,2765,O,AIRPORT,
300,AZ,791,2028-06-19,150859,3983,O,AIRPORT,
300,QF,6,2028-06-26,50590,2765,O,AIRPORT,
300,AZ,791,2028-07-12,153306,3983,O,AIRPORT,
300,AZ,791,2028-06-13,150179,3983,O,AIRPORT,
300,QF,6,2028-08-03,55947,2765,O,AIRPORT,
300,AZ,791,2028-06-01,149046,3983,O,AIRPORT,
300,UA,3504,2028-04-20,55036,2765,O,AIRPORT,
300,LH,455,2028-08-04,160325,3983,O,AIRPORT,
300,UA,3517,2028-09-02,159926,3983,O,AIRPORT,
300,LH,401,2028-06-22,56588,2765,O,AIRPORT,
300,AZ,791,2028-10-09,162594,3983,O,AIRPORT,
300,QF,6,2028-08-09,56988,2765,O,AIRPORT,
300,LH,455,2028-08-29,162941,3983,O,AIRPORT,
300,AZ,791,2028-08-30,158767,3983,O,AIRPORT,
300,AZ,788,2028-06-30,56864,2765,O,AIRPORT,
300,LH,455,2028-07-06,157046,3983,O,AIRPORT,
300,AA,26,2028-08-03,56826,2765,O,AIRPORT,
300,LH,454,2028-08-04,135923,3983,O,AIRPORT,
300,AZ,790,2028-08-20,134756,3983,O,AIRPORT,
300,QF,6,2028-08-07,56487,2765,O,AIRPORT,
300,AZ,790,2028-09-10,137719,3983,O,AIRPORT,
300,UA,3504,2028-04-09,53143,2765,O,AIRPORT,
300,UA,3517,2028-04-08,130562,3983,O,AIRPORT,
300,AA,26,2028-07-07,52969,2765,O,AIRPORT,
300,AZ,790,2028-08-03,132261,3983,O,AIRPORT,
300,LH,454,2028-09-28,144188,3983,O,AIRPORT,
300,UA,3504,2028-04-16,54351,2765,O,AIRPORT,
300,AZ,791,2028-04-04,142568,3983,O,AIRPORT,
300,LH,401,2028-06-08,54267,2765,O,AIRPORT,
300,AZ,791,2028-04-13,143414,3983,O,AIRPORT,
300,LH,454,2028-10-03,144545,3983,O,AIRPORT,
300,DL,1699,2028-09-09,69751,2765,O,AIRPORT,
300,LH,454,2028-09-06,140860,3983,O,AIRPORT,
300,AZ,788,2028-08-11,65180,2765,O,AIRPORT,
300,LH,455,2028-09-04,163952,3983,O,AIRPORT,
300,AA,64,2028-04-05,67205,2765,O,AIRPORT,
300,LH,455,2028-09-10,164899,3983,O,AIRPORT,
300,LH,2462,2028-08-26,262605,3983,O,AIRPORT,
300,AZ,789,2028-05-14,85936,2765,O,AIRPORT,
300,LH,2462,2028-09-12,265181,3983,O,AIRPORT,
300,UA,3504,2028-09-19,85892,2765,O,AIRPORT,
300,LH,2462,2028-08-12,261073,3983,O,AIRPORT,
300,LH,2436,2028-05-17,235799,3983,O,AIRPORT,
300,AA,64,2028-09-10,85039,2765,O,AIRPORT,
300,LH,2436,2028-04-14,233764,3983,O,AIRPORT,
300,DL,1984,2028-05-18,85711,2765,O,AIRPORT,
300,LH,2436,2028-07-28,240458,3983,O,AIRPORT,
300,LH,2462,2028-04-16,248003,3983,O,AIRPORT,
300,AZ,789,2028-05-12,85465,2765,O,AIRPORT,
300,LH,2462,2028-06-15,254710,3983,O,AIRPORT,
300,UA,3504,2028-09-24,86663,2765,O,AIRPORT,
300,LH,2462,2028-04-05,246766,3983,O,AIRPORT,
300,LH,3577,2028-09-15,310592,3983,O,AIRPORT,
300,LH,401,2028-09-19,75153,2765,O,AIRPORT,
300,LH,3577,2028-05-04,295079,3983,O,AIRPORT,
300,UA,3504,2028-08-01,75297,2765,O,AIRPORT,
300,LH,2407,2028-07-10,202517,3983,O,AIRPORT,
300,LH,2407,2028-07-08,202332,3983,O,AIRPORT,
300,UA,3504,2028-08-03,75691,2765,O,AIRPORT,
300,LH,2402,2028-10-18,190185,3983,O,AIRPORT,
300,AZ,789,2028-04-02,77518,2765,O,AIRPORT,
300,LH,2407,2028-05-04,195073,3983,O,AIRPORT,
300,UA,3504,2028-08-08,76537,2765,O,AIRPORT,
300,LH,2407,2028-04-23,193899,3983,O,AIRPORT,
300,AA,64,2028-06-26,76576,2765,O,AIRPORT,
300,LH,2407,2028-09-24,211599,3983,O,AIRPORT,
300,LH,401,2028-09-03,71528,2765,O,AIRPORT,
300,LH,2415,2028-04-11,214677,3983,O,AIRPORT,
300,UA,3504,2028-07-16,71984,2765,O,AIRPORT,
300,LH,455,2028-10-12,167438,3983,O,AIRPORT,
300,DL,1699,2028-09-20,71980,2765,O,AIRPORT,
300,LH,2402,2028-04-18,170865,3983,O,AIRPORT,
300,UA,3504,2028-07-23,73493,2765,O,AIRPORT,
300,LH,2402,2028-03-31,168693,3983,O,AIRPORT,
300,AA,64,2028-05-19,72318,2765,O,AIRPORT,
300,LH,400,2028-07-08,20323,3985,O,AIRPORT,
300,AA,64,2028-07-10,78002,2765,O,AIRPORT,
300,QF,5,2028-04-22,5301,3985,O,AIRPORT,
300,UA,3504,2028-08-30,80724,2765,O,AIRPORT,
300,QF,5,2028-07-14,21409,3985,O,AIRPORT,
300,UA,3504,2028-08-28,80404,2765,O,AIRPORT,
300,UA,7,2028-08-30,21619,3985,O,AIRPORT,
300,UA,7,2028-04-09,2143,3985,O,AIRPORT,
300,DL,1984,2028-04-23,81136,2765,O,AIRPORT,
300,UA,7,2028-08-28,21467,3985,O,AIRPORT,
300,DL,1984,2028-04-17,79767,2765,O,AIRPORT,
300,AA,17,2028-04-22,5282,3985,O,AIRPORT,
300,DL,1984,2028-04-17,79766,2765,O,AIRPORT,
300,UA,7,2028-08-24,20845,3985,O,AIRPORT,
300,UA,3504,2028-08-23,79463,2765,O,AIRPORT,
300,JL,407,2028-08-01,17778,3985,O,AIRPORT,
300,UA,3504,2028-08-23,79483,2765,O,AIRPORT,
300,AA,17,2028-06-21,17140,3985,O,AIRPORT,
300,AA,64,2028-07-28,79929,2765,O,AIRPORT,
300,AZ,555,2028-04-22,5636,3985,O,AIRPORT,
300,AZ,789,2028-09-27,112085,2765,O,AIRPORT,
300,DL,106,2028-06-27,18051,3985,O,AIRPORT,
300,LH,402,2028-09-11,113112,2765,O,AIRPORT,
300,LH,400,2028-04-23,5606,3985,O,AIRPORT,
300,DL,1984,2028-08-22,104560,2765,O,AIRPORT,
300,LH,401,2028-05-10,48298,3985,O,AIRPORT,
300,AZ,789,2028-08-27,106321,2765,O,AIRPORT,
300,AA,17,2028-07-18,22410,3985,O,AIRPORT,
300,LH,402,2028-07-20,101541,2765,O,AIRPORT,
300,UA,7,2028-09-04,22712,3985,O,AIRPORT,
300,UA,3516,2028-05-21,100176,2765,O,AIRPORT,
300,AA,17,2028-05-16,10406,3985,O,AIRPORT,
300,DL,1984,2028-08-02,100551,2765,O,AIRPORT,
300,QF,5,2028-05-01,7338,3985,O,AIRPORT,
300,DL,1984,2028-08-13,102466,2765,O,AIRPORT,
300,QF,5,2028-05-24,11553,3985,O,AIRPORT,
300,AZ,789,2028-09-18,110562,2765,O,AIRPORT,
300,UA,7,2028-06-13,11011,3985,O,AIRPORT,
300,LH,400,2028-05-13,9548,3985,O,AIRPORT,
300,DL,1984,2028-09-07,107362,2765,O,AIRPORT,
300,AA,17,2028-05-12,9315,3985,O,AIRPORT,
300,AZ,789,2028-09-03,107358,2765,O,AIRPORT,
300,LH,400,2028-05-13,9251,3985,O,AIRPORT,
300,UA,3516,2028-06-25,107193,2765,O,AIRPORT,
300,LH,400,2028-06-06,14283,3985,O,AIRPORT,
300,UA,3516,2028-07-06,109044,2765,O,AIRPORT,
300,UA,7,2028-05-08,6019,3985,O,AIRPORT,
300,LH,402,2028-08-20,107883,2765,O,AIRPORT,
300,LH,400,2028-06-18,16310,3985,O,AIRPORT,
300,UA,3516,2028-04-01,90446,2765,O,AIRPORT,
300,UA,7,2028-07-23,16604,3985,O,AIRPORT,
300,LH,402,2028-05-14,88446,2765,O,AIRPORT,
300,AZ,555,2028-06-19,16596,3985,O,AIRPORT,
300,UA,3516,2028-04-19,94002,2765,O,AIRPORT,
300,UA,7,2028-06-29,12955,3985,O,AIRPORT,
300,LH,402,2028-05-29,91710,2765,O,AIRPORT,
300,UA,941,2028-05-06,32286,3985,O,AIRPORT,
300,DL,1984,2028-07-28,99798,2765,O,AIRPORT,
300,DL,106,2028-09-11,32797,3985,O,AIRPORT,
300,UA,3516,2028-04-30,96070,2765,O,AIRPORT,
300,AA,17,2028-09-01,31088,3985,O,AIRPORT,
300,AZ,789,2028-07-05,95689,2765,O,AIRPORT,
300,AA,17,2028-08-29,30807,3985,O,AIRPORT,
300,UA,3516,2028-04-22,94437,2765,O,AIRPORT,
300,QF,5,2028-09-03,31580,3985,O,AIRPORT,
300,AZ,789,2028-06-30,94885,2765,O,AIRPORT,
300,LH,400,2028-08-01,25076,3985,O,AIRPORT,
300,DL,1984,2028-07-15,97173,2765,O,AIRPORT,
300,QF,5,2028-09-17,33949,3985,O,AIRPORT,
300,UA,3516,2028-09-20,124771,2765,O,AIRPORT,
300,LH,400,2028-08-10,26994,3985,O,AIRPORT,
300,DL,106,2028-08-11,26987,3985,O,AIRPORT,
300,UA,3516,2028-11-06,128169,2765,O,AIRPORT,
300,AA,17,2028-08-09,26925,3985,O,AIRPORT,
300,LH,454,2028-05-24,126090,2765,O,AIRPORT,
300,QF,5,2028-08-10,26641,3985,O,AIRPORT,
300,UA,3516,2028-08-13,116438,2765,O,AIRPORT,
300,AA,17,2028-08-07,26290,3985,O,AIRPORT,
300,UA,3516,2028-09-07,121749,2765,O,AIRPORT,
300,LH,400,2028-08-08,26307,3985,O,AIRPORT,
300,AZ,790,2028-05-16,121459,2765,O,AIRPORT,
300,QF,5,2028-08-10,26534,3985,O,AIRPORT,
300,LH,402,2028-10-30,117479,2765,O,AIRPORT,
300,JL,408,2028-04-16,29548,3985,O,AIRPORT,
300,LH,454,2028-03-27,117934,2765,O,AIRPORT,
300,UA,941,2028-04-18,30426,3985,O,AIRPORT,
300,LH,454,2028-04-05,119023,2765,O,AIRPORT,
300,UA,941,2028-03-29,28062,3985,O,AIRPORT,
300,QF,5,2028-08-21,29079,3985,O,AIRPORT,
300,UA,3517,2028-07-31,152867,2765,O,AIRPORT,
300,LH,400,2028-08-21,29161,3985,O,AIRPORT,
300,UA,3517,2028-07-20,150474,2765,O,AIRPORT,
300,LH,400,2028-08-19,28668,3985,O,AIRPORT,
300,UA,941,2028-08-12,43409,3985,O,AIRPORT,
300,UA,3517,2028-08-27,157804,2765,O,AIRPORT,
300,UA,941,2028-08-14,43602,3985,O,AIRPORT,
300,AZ,790,2028-08-20,134761,2765,O,AIRPORT,
300,QF,6,2028-04-26,42232,3985,O,AIRPORT,
300,LH,400,2028-04-16,4212,3985,O,AIRPORT,
300,UA,3517,2028-05-11,137400,2765,O,AIRPORT,
300,LH,401,2028-04-11,42751,3985,O,AIRPORT,
300,UA,7,2028-04-27,4576,3985,O,AIRPORT,
300,AZ,791,2028-04-18,143935,2765,O,AIRPORT,
300,JL,408,2028-09-15,46593,3985,O,AIRPORT,
300,UA,3517,2028-06-23,145570,2765,O,AIRPORT,
300,AZ,788,2028-04-28,44781,3985,O,AIRPORT,
300,UA,941,2028-08-23,44495,3985,O,AIRPORT,
300,UA,3517,2028-05-20,139105,2765,O,AIRPORT,
300,AZ,788,2028-05-03,45317,3985,O,AIRPORT,
300,AZ,790,2028-09-18,138903,2765,O,AIRPORT,
300,UA,941,2028-06-30,38641,3985,O,AIRPORT,
300,LH,454,2028-09-04,140556,2765,O,AIRPORT,
300,UA,941,2028-07-03,38783,3985,O,AIRPORT,
300,LH,2462,2028-09-03,263869,2765,O,AIRPORT,
300,LH,400,2028-04-14,3674,3985,O,AIRPORT,
300,LH,2462,2028-09-03,263958,2765,O,AIRPORT,
300,DL,106,2028-10-15,36644,3985,O,AIRPORT,
300,LH,2462,2028-07-05,257012,2765,O,AIRPORT,
300,UA,941,2028-06-19,37391,3985,O,AIRPORT,
300,LH,2463,2028-05-13,273196,2765,O,AIRPORT,
300,LH,400,2028-10-01,37298,3985,O,AIRPORT,
300,DL,106,2028-11-02,37099,3985,O,AIRPORT,
300,LH,2436,2028-07-10,239404,2765,O,AIRPORT,
300,JL,408,2028-07-23,40437,3985,O,AIRPORT,
300,UA,7,2028-04-25,4041,3985,O,AIRPORT,
300,LH,2462,2028-04-09,247217,2765,O,AIRPORT,
300,LH,401,2028-04-05,41407,3985,O,AIRPORT,
300,LH,3577,2028-08-28,308279,2765,O,AIRPORT,
300,QF,6,2028-04-17,41208,3985,O,AIRPORT,
300,QF,6,2028-04-04,39181,3985,O,AIRPORT,
300,QF,6,2028-04-11,40117,3985,O,AIRPORT,
300,LH,3577,2028-08-28,308280,2765,O,AIRPORT,
300,QF,6,2028-08-29,59728,3985,O,AIRPORT,
300,LH,401,2028-06-26,57769,3985,O,AIRPORT,
300,LH,2463,2028-07-28,281920,2765,O,AIRPORT,
300,QF,6,2028-08-16,57820,3985,O,AIRPORT,
300,AZ,788,2028-07-06,58069,3985,O,AIRPORT,
300,LH,3577,2028-07-26,304389,2765,O,AIRPORT,
300,LH,401,2028-07-03,58881,3985,O,AIRPORT,
300,AZ,788,2028-07-11,59127,3985,O,AIRPORT,
300,LH,3577,2028-04-25,294106,2765,O,AIRPORT,
300,UA,3504,2028-06-08,64994,3985,O,AIRPORT,
300,AZ,788,2028-08-09,64421,3985,O,AIRPORT,
300,LH,3577,2028-05-29,297875,2765,O,AIRPORT,
300,DL,1699,2028-07-31,62160,3985,O,AIRPORT,
300,LH,2407,2028-05-29,197833,2765,O,AIRPORT,
300,AA,26,2028-09-07,61766,3985,O,AIRPORT,
300,AZ,788,2028-08-02,63311,3985,O,AIRPORT,
300,LH,2407,2028-05-17,196537,2765,O,AIRPORT,
300,AA,26,2028-09-18,63133,3985,O,AIRPORT,
300,DL,1699,2028-06-05,50999,3985,O,AIRPORT,
300,LH,2407,2028-04-27,194402,2765,O,AIRPORT,
300,AA,26,2028-06-23,51116,3985,O,AIRPORT,
300,LH,2415,2028-07-21,224488,2765,O,AIRPORT,
300,QF,6,2028-07-07,52099,3985,O,AIRPORT,
300,UA,3504,2028-03-27,50350,3985,O,AIRPORT,
300,LH,2407,2028-08-31,208505,2765,O,AIRPORT,
300,QF,6,2028-06-21,49959,3985,O,AIRPORT,
300,UA,3504,2028-04-22,55777,3985,O,AIRPORT,
300,LH,2415,2028-05-01,216563,2765,O,AIRPORT,
300,UA,3504,2028-04-27,56460,3985,O,AIRPORT,
300,DL,1699,2028-08-31,68226,3985,O,AIRPORT,
300,LH,2415,2028-04-20,215531,2765,O,AIRPORT,
300,LH,401,2028-08-26,69535,3985,O,AIRPORT,
300,LH,2402,2028-04-23,171180,2765,O,AIRPORT,
300,DL,1699,2028-09-11,70112,3985,O,AIRPORT,
300,AZ,788,2028-08-25,67742,3985,O,AIRPORT,
300,LH,2402,2028-04-25,171601,2765,O,AIRPORT,
300,AZ,788,2028-08-22,66978,3985,O,AIRPORT,
300,DL,1699,2028-08-27,67085,3985,O,AIRPORT,
300,JL,407,2028-08-12,19238,1621,O,AIRPORT,
300,DL,1984,2028-05-14,85004,3985,O,AIRPORT,
300,UA,7,2028-08-28,21423,1621,O,AIRPORT,
300,DL,1984,2028-05-27,87575,3985,O,AIRPORT,
300,AA,64,2028-06-20,75647,3985,O,AIRPORT,
300,DL,106,2028-07-15,21739,1621,O,AIRPORT,
300,UA,3504,2028-08-03,75680,3985,O,AIRPORT,
300,AA,64,2028-06-28,76788,3985,O,AIRPORT,
300,LH,400,2028-07-14,21488,1621,O,AIRPORT,
300,LH,401,2028-09-26,76591,3985,O,AIRPORT,
300,DL,1699,2028-10-01,73874,3985,O,AIRPORT,
300,UA,7,2028-08-28,21433,1621,O,AIRPORT,
300,AZ,789,2028-04-22,81317,3985,O,AIRPORT,
300,AZ,789,2028-04-24,81697,3985,O,AIRPORT,
300,AA,17,2028-06-23,17549,1621,O,AIRPORT,
300,DL,1984,2028-05-11,84317,3985,O,AIRPORT,
300,LH,402,2028-04-19,83960,3985,O,AIRPORT,
300,LH,400,2028-06-20,16972,1621,O,AIRPORT,
300,DL,1984,2028-05-11,84557,3985,O,AIRPORT,
300,UA,3504,2028-09-10,83610,3985,O,AIRPORT,
300,QF,5,2028-06-22,17086,1621,O,AIRPORT,
300,DL,1984,2028-04-12,78697,3985,O,AIRPORT,
300,QF,5,2028-07-01,18935,1621,O,AIRPORT,
300,AZ,789,2028-04-04,77921,3985,O,AIRPORT,
300,UA,3504,2028-08-14,77665,3985,O,AIRPORT,
300,AA,17,2028-06-28,18551,1621,O,AIRPORT,
300,DL,1984,2028-04-10,78301,3985,O,AIRPORT,
300,LH,401,2028-05-13,48649,1621,O,AIRPORT,
300,AA,64,2028-07-12,78086,3985,O,AIRPORT,
300,DL,1984,2028-08-20,104126,3985,O,AIRPORT,
300,LH,400,2028-07-30,24469,1621,O,AIRPORT,
300,AZ,789,2028-08-25,105690,3985,O,AIRPORT,
300,UA,3516,2028-05-23,100419,3985,O,AIRPORT,
300,JL,408,2028-09-22,47312,1621,O,AIRPORT,
300,UA,3516,2028-06-03,102759,3985,O,AIRPORT,
300,AA,26,2028-06-03,48356,1621,O,AIRPORT,
300,AZ,789,2028-09-25,111697,3985,O,AIRPORT,
300,DL,1984,2028-09-16,109206,3985,O,AIRPORT,
300,LH,401,2028-05-08,47938,1621,O,AIRPORT,
300,AZ,789,2028-09-10,108923,3985,O,AIRPORT,
300,UA,7,2028-09-04,22644,1621,O,AIRPORT,
300,DL,1984,2028-06-14,91131,3985,O,AIRPORT,
300,LH,402,2028-05-14,88794,3985,O,AIRPORT,
300,DL,106,2028-07-26,23686,1621,O,AIRPORT,
300,AA,17,2028-07-22,23365,1621,O,AIRPORT,
300,AZ,555,2028-07-22,23361,1621,O,AIRPORT,
300,JL,407,2028-05-15,6826,1621,O,AIRPORT,
300,DL,106,2028-05-18,10306,1621,O,AIRPORT,
300,LH,400,2028-05-02,7210,1621,O,AIRPORT,
300,QF,5,2028-05-19,10665,1621,O,AIRPORT,
300,JL,407,2028-06-08,10461,1621,O,AIRPORT,
300,AA,17,2028-05-19,10793,1621,O,AIRPORT,
300,DL,106,2028-05-11,9050,1621,O,AIRPORT,
300,JL,407,2028-06-02,9304,1621,O,AIRPORT,
300,DL,106,2028-05-14,9291,1621,O,AIRPORT,
300,UA,7,2028-05-29,8923,1621,O,AIRPORT,
300,AZ,789,2028-06-26,93967,3985,O,AIRPORT,
300,DL,1984,2028-06-18,91721,3985,O,AIRPORT,
300,AZ,789,2028-07-25,99559,3985,O,AIRPORT,
300,UA,3516,2028-05-21,99875,3985,O,AIRPORT,
300,UA,3516,2028-04-28,95887,3985,O,AIRPORT,
300,AZ,789,2028-07-05,95631,3985,O,AIRPORT,
300,DL,1984,2028-06-29,94112,3985,O,AIRPORT,
300,UA,3516,2028-04-24,94909,3985,O,AIRPORT,
300,DL,1984,2028-07-17,97345,3985,O,AIRPORT,
300,UA,3516,2028-09-10,122789,3985,O,AIRPORT,
300,UA,3517,2028-04-03,129693,3985,O,AIRPORT,
300,LH,454,2028-05-24,126004,3985,O,AIRPORT,
300,LH,454,2028-05-31,126811,3985,O,AIRPORT,
300,UA,3516,2028-08-02,114431,3985,O,AIRPORT,
300,AZ,790,2028-03-26,114401,3985,O,AIRPORT,
300,AZ,790,2028-05-07,120363,3985,O,AIRPORT,
300,LH,454,2028-04-18,121150,3985,O,AIRPORT,
300,LH,454,2028-04-23,121548,3985,O,AIRPORT,
300,UA,3516,2028-08-20,117890,3985,O,AIRPORT,
300,AZ,791,2028-07-05,152643,3985,O,AIRPORT,
300,UA,3517,2028-07-31,152906,3985,O,AIRPORT,
300,LH,455,2028-06-03,153316,3985,O,AIRPORT,
300,AZ,791,2028-05-17,147158,3985,O,AIRPORT,
300,UA,3517,2028-07-11,148989,3985,O,AIRPORT,
300,AZ,791,2028-05-30,148653,3985,O,AIRPORT,
300,LH,455,2028-08-15,161611,3985,O,AIRPORT,
300,AZ,791,2028-09-21,161361,3985,O,AIRPORT,
300,AZ,791,2028-09-23,161675,3985,O,AIRPORT,
300,LH,455,2028-06-29,156256,3985,O,AIRPORT,
300,UA,3517,2028-08-11,155153,3985,O,AIRPORT,
300,LH,455,2028-07-22,158838,3985,O,AIRPORT,
300,UA,3517,2028-08-31,158729,3985,O,AIRPORT,
300,LH,455,2028-07-13,157894,3985,O,AIRPORT,
300,AZ,790,2028-08-29,136019,3985,O,AIRPORT,
300,UA,3517,2028-04-26,134288,3985,O,AIRPORT,
300,AZ,790,2028-09-07,137292,3985,O,AIRPORT,
300,AZ,790,2028-09-07,137253,3985,O,AIRPORT,
300,AZ,790,2028-07-20,130340,3985,O,AIRPORT,
300,AZ,790,2028-07-22,130929,3985,O,AIRPORT,
300,UA,3517,2028-04-08,130598,3985,O,AIRPORT,
300,LH,454,2028-07-19,133646,3985,O,AIRPORT,
300,UA,3517,2028-04-23,133566,3985,O,AIRPORT,
300,AZ,791,2028-04-18,143909,3985,O,AIRPORT,
300,LH,454,2028-10-01,144471,3985,O,AIRPORT,
300,UA,3517,2028-06-12,143387,3985,O,AIRPORT,
300,LH,454,2028-10-07,144769,3985,O,AIRPORT,
300,LH,454,2028-08-28,139429,3985,O,AIRPORT,
300,LH,454,2028-08-24,138781,3985,O,AIRPORT,
300,AZ,790,2028-09-18,138996,3985,O,AIRPORT,
300,LH,454,2028-09-04,140406,3985,O,AIRPORT,
300,LH,454,2028-09-04,140440,3985,O,AIRPORT,
300,UA,3517,2028-10-19,165856,3985,O,AIRPORT,
300,UA,3517,2028-09-22,164187,3985,O,AIRPORT,
300,LH,2462,2028-08-28,262802,3985,O,AIRPORT,
300,LH,2462,2028-09-19,265977,3985,O,AIRPORT,
300,LH,2462,2028-08-31,263325,3985,O,AIRPORT,
300,LH,2462,2028-07-30,259590,3985,O,AIRPORT,
300,LH,2463,2028-05-29,274944,3985,O,AIRPORT,
300,LH,2463,2028-05-13,273225,3985,O,AIRPORT,
300,LH,2463,2028-05-02,272043,3985,O,AIRPORT,
300,LH,2436,2028-04-16,233856,3985,O,AIRPORT,
300,LH,2462,2028-05-04,249891,3985,O,AIRPORT,
300,LH,3577,2028-08-28,308137,3985,O,AIRPORT,
300,LH,3577,2028-08-31,308619,3985,O,AIRPORT,
300,LH,2463,2028-09-19,288249,3985,O,AIRPORT,
300,LH,2463,2028-08-10,283420,3985,O,AIRPORT,
300,LH,2463,2028-08-28,285446,3985,O,AIRPORT,
300,LH,3577,2028-07-19,303562,3985,O,AIRPORT,
300,LH,2407,2028-07-28,204490,3985,O,AIRPORT,
300,LH,2407,2028-08-15,206679,3985,O,AIRPORT,
300,LH,2402,2028-10-21,190320,3985,O,AIRPORT,
300,LH,2407,2028-05-17,196661,3985,O,AIRPORT,
300,LH,2415,2028-07-03,222560,3985,O,AIRPORT,
300,LH,2415,2028-06-24,221891,3985,O,AIRPORT,
300,LH,2407,2028-09-15,210578,3985,O,AIRPORT,
300,LH,2407,2028-09-15,210594,3985,O,AIRPORT,
300,LH,2407,2028-08-21,207308,3985,O,AIRPORT,
300,LH,2407,2028-09-04,208974,3985,O,AIRPORT,
300,LH,2407,2028-09-02,208711,3985,O,AIRPORT,
300,LH,2415,2028-04-27,216270,3985,O,AIRPORT,
300,LH,2402,2028-07-01,178956,3985,O,AIRPORT,
300,LH,2402,2028-03-27,168227,3985,O,AIRPORT,
300,LH,2402,2028-05-24,174712,3985,O,AIRPORT,
300,LH,2402,2028-05-26,175000,3985,O,AIRPORT,
300,LH,400,2028-07-03,19236,3904,O,AIRPORT,
300,JL,407,2028-08-14,19564,3904,O,AIRPORT,
300,QF,5,2028-07-10,20530,3904,O,AIRPORT,
300,LH,400,2028-06-27,17880,3904,O,AIRPORT,
300,QF,5,2028-06-20,16845,3904,O,AIRPORT,
300,JL,407,2028-08-08,18656,3904,O,AIRPORT,
300,DL,1699,2028-05-22,48399,3904,O,AIRPORT,
300,JL,407,2028-09-21,24778,3904,O,AIRPORT,
300,QF,5,2028-07-30,24588,3904,O,AIRPORT,
300,DL,1699,2028-05-16,47324,3904,O,AIRPORT,
300,AA,26,2028-06-01,48160,3904,O,AIRPORT,
300,DL,106,2028-07-22,22864,3904,O,AIRPORT,
300,JL,407,2028-08-30,21857,3904,O,AIRPORT,
300,AZ,555,2028-07-18,22336,3904,O,AIRPORT,
300,QF,5,2028-04-20,4995,3904,O,AIRPORT,
300,LH,400,2028-04-21,5066,3904,O,AIRPORT,
300,JL,407,2028-05-13,6702,3904,O,AIRPORT,
300,AA,17,2028-05-19,10769,3904,O,AIRPORT,
300,LH,400,2028-05-20,10541,3904,O,AIRPORT,
300,QF,5,2028-03-31,993,3904,O,AIRPORT,
300,QF,5,2028-05-06,8130,3904,O,AIRPORT,
300,QF,5,2028-05-17,10046,3904,O,AIRPORT,
300,LH,400,2028-05-11,9029,3904,O,AIRPORT,
300,AZ,555,2028-06-14,15998,3904,O,AIRPORT,
300,QF,5,2028-05-28,12576,3904,O,AIRPORT,
300,AZ,555,2028-05-28,12355,3904,O,AIRPORT,
300,QF,5,2028-04-25,6092,3904,O,AIRPORT,
300,QF,5,2028-06-04,13498,3904,O,AIRPORT,
300,DL,106,2028-06-03,13364,3904,O,AIRPORT,
300,QF,5,2028-09-08,32448,3904,O,AIRPORT,
300,AZ,555,2028-09-10,33175,3904,O,AIRPORT,
300,LH,400,2028-09-08,32838,3904,O,AIRPORT,
300,JL,408,2028-05-15,32766,3904,O,AIRPORT,
300,LH,400,2028-04-12,3077,3904,O,AIRPORT,
300,DL,106,2028-09-02,30973,3904,O,AIRPORT,
300,AZ,555,2028-09-18,34835,3904,O,AIRPORT,
300,DL,106,2028-09-20,34762,3904,O,AIRPORT,
300,JL,408,2028-05-22,33494,3904,O,AIRPORT,
300,JL,408,2028-06-02,34717,3904,O,AIRPORT,
300,QF,5,2028-09-19,34379,3904,O,AIRPORT,
300,LH,400,2028-09-13,34289,3904,O,AIRPORT,
300,JL,407,2028-04-14,2703,3904,O,AIRPORT,
300,QF,5,2028-08-10,26930,3904,O,AIRPORT,
300,JL,407,2028-11-01,26805,3904,O,AIRPORT,
300,DL,106,2028-08-15,27440,3904,O,AIRPORT,
300,LH,400,2028-08-04,25628,3904,O,AIRPORT,
300,AA,17,2028-08-07,26442,3904,O,AIRPORT,
300,UA,7,2028-10-03,26427,3904,O,AIRPORT,
300,JL,407,2028-04-16,3055,3904,O,AIRPORT,
300,JL,408,2028-04-23,30215,3904,O,AIRPORT,
300,AA,17,2028-08-18,28508,3904,O,AIRPORT,
300,AA,17,2028-04-08,2856,3904,O,AIRPORT,
300,LH,400,2028-08-21,29155,3904,O,AIRPORT,
300,QF,5,2028-04-16,4343,3904,O,AIRPORT,
300,JL,408,2028-08-15,42934,3904,O,AIRPORT,
300,AZ,788,2028-04-22,43180,3904,O,AIRPORT,
300,QF,6,2028-05-07,43971,3904,O,AIRPORT,
300,UA,941,2028-08-01,42020,3904,O,AIRPORT,
300,JL,408,2028-08-06,42103,3904,O,AIRPORT,
300,UA,941,2028-07-29,41781,3904,O,AIRPORT,
300,LH,401,2028-04-11,42830,3904,O,AIRPORT,
300,JL,408,2028-09-11,46062,3904,O,AIRPORT,
300,QF,5,2028-04-18,4677,3904,O,AIRPORT,
300,QF,5,2028-11-09,37784,3904,O,AIRPORT,
300,DL,1699,2028-04-01,38603,3904,O,AIRPORT,
300,QF,6,2028-03-26,38164,3904,O,AIRPORT,
300,AZ,555,2028-10-04,36551,3904,O,AIRPORT,
300,LH,400,2028-09-24,36587,3904,O,AIRPORT,
300,AZ,555,2028-10-22,37182,3904,O,AIRPORT,
300,AZ,788,2028-04-10,40871,3904,O,AIRPORT,
300,UA,941,2028-07-16,40405,3904,O,AIRPORT,
300,UA,7,2028-04-25,4148,3904,O,AIRPORT,
300,QF,6,2028-04-08,39926,3904,O,AIRPORT,
300,LH,401,2028-07-12,60844,3904,O,AIRPORT,
300,DL,1699,2028-07-08,57487,3904,O,AIRPORT,
300,AZ,788,2028-07-11,59126,3904,O,AIRPORT,
300,AZ,788,2028-07-09,58396,3904,O,AIRPORT,
300,QF,6,2028-10-02,63748,3904,O,AIRPORT,
300,QF,6,2028-09-12,61557,3904,O,AIRPORT,
300,LH,401,2028-07-25,63149,3904,O,AIRPORT,
300,QF,6,2028-06-30,51365,3904,O,AIRPORT,
300,AA,26,2028-06-28,51814,3904,O,AIRPORT,
300,QF,6,2028-07-11,52715,3904,O,AIRPORT,
300,QF,6,2028-07-05,51926,3904,O,AIRPORT,
300,DL,1699,2028-05-29,49868,3904,O,AIRPORT,
300,AZ,788,2028-06-23,55519,3904,O,AIRPORT,
300,DL,1699,2028-06-29,55904,3904,O,AIRPORT,
300,QF,6,2028-08-05,56229,3904,O,AIRPORT,
300,AZ,788,2028-06-28,56441,3904,O,AIRPORT,
300,AZ,788,2028-06-21,54961,3904,O,AIRPORT,
300,AZ,788,2028-09-05,69794,3904,O,AIRPORT,
300,DL,1699,2028-09-04,69043,3904,O,AIRPORT,
300,DL,1699,2028-09-07,69265,3904,O,AIRPORT,
300,AA,26,2028-11-11,66041,3904,O,AIRPORT,
300,UA,3504,2028-06-11,65131,3904,O,AIRPORT,
300,AZ,788,2028-08-25,67524,3904,O,AIRPORT,
300,AA,64,2028-04-05,67145,3904,O,AIRPORT,
300,AZ,788,2028-10-26,75395,3904,O,AIRPORT,
300,LH,401,2028-09-15,74261,3904,O,AIRPORT,
300,DL,1699,2028-10-24,74733,3904,O,AIRPORT,
300,DL,1699,2028-10-24,74732,3904,O,AIRPORT,
300,LH,401,2028-10-09,77485,3904,O,AIRPORT,
300,LH,401,2028-09-26,76480,3904,O,AIRPORT,
300,DL,1699,2028-09-18,71521,3904,O,AIRPORT,
300,DL,1699,2028-09-18,71712,3904,O,AIRPORT,
300,UA,3504,2028-07-07,70356,3904,O,AIRPORT,
300,AA,64,2028-06-02,73701,3904,O,AIRPORT,
300,AA,64,2028-05-26,72999,3904,O,AIRPORT,
300,DL,1984,2028-04-30,82170,3904,O,AIRPORT,
300,AZ,789,2028-04-22,81572,3904,O,AIRPORT,
300,LH,402,2028-04-17,83455,3904,O,AIRPORT,
300,AA,64,2028-08-26,83132,3904,O,AIRPORT,
300,LH,401,2028-11-01,78917,3904,O,AIRPORT,
300,UA,3504,2028-08-19,78559,3904,O,AIRPORT,
300,LH,401,2028-11-09,79189,3904,O,AIRPORT,
300,AZ,789,2028-04-11,79054,3904,O,AIRPORT,
300,LH,402,2028-04-01,80476,3904,O,AIRPORT,
300,AA,64,2028-07-25,79645,3904,O,AIRPORT,
300,LH,402,2028-03-30,79743,3904,O,AIRPORT,
300,AZ,789,2028-09-27,112113,3904,O,AIRPORT,
300,LH,402,2028-09-11,112773,3904,O,AIRPORT,
300,DL,1984,2028-08-29,105757,3904,O,AIRPORT,
300,UA,3516,2028-06-14,105009,3904,O,AIRPORT,
300,UA,3516,2028-05-25,100807,3904,O,AIRPORT,
300,AZ,789,2028-07-31,100901,3904,O,AIRPORT,
300,AZ,789,2028-07-29,100432,3904,O,AIRPORT,
300,LH,402,2028-08-31,110475,3904,O,AIRPORT,
300,LH,402,2028-09-02,110628,3904,O,AIRPORT,
300,AZ,789,2028-09-12,109411,3904,O,AIRPORT,
300,UA,3516,2028-07-18,111554,3904,O,AIRPORT,
300,AZ,789,2028-09-25,111711,3904,O,AIRPORT,
300,LH,402,2028-08-15,106881,3904,O,AIRPORT,
300,DL,1984,2028-09-16,109062,3904,O,AIRPORT,
300,AZ,789,2028-09-05,108092,3904,O,AIRPORT,
300,AZ,789,2028-09-07,108306,3904,O,AIRPORT,
300,AZ,789,2028-06-06,90268,3904,O,AIRPORT,
300,LH,402,2028-05-25,90856,3904,O,AIRPORT,
300,AZ,789,2028-06-21,93284,3904,O,AIRPORT,
300,AZ,789,2028-06-19,92737,3904,O,AIRPORT,
300,LH,402,2028-05-31,91860,3904,O,AIRPORT,
300,DL,1984,2028-06-21,92327,3904,O,AIRPORT,
300,DL,1984,2028-06-18,92043,3904,O,AIRPORT,
300,LH,402,2028-07-11,99909,3904,O,AIRPORT,
300,UA,3516,2028-04-22,94457,3904,O,AIRPORT,
300,DL,1984,2028-07-02,94646,3904,O,AIRPORT,
300,AZ,789,2028-07-02,95289,3904,O,AIRPORT,
300,AZ,789,2028-07-18,98374,3904,O,AIRPORT,
300,LH,402,2028-06-25,96748,3904,O,AIRPORT,
300,LH,454,2028-06-06,127729,3904,O,AIRPORT,
300,AZ,790,2028-06-21,126323,3904,O,AIRPORT,
300,UA,3516,2028-08-11,116095,3904,O,AIRPORT,
300,UA,3516,2028-07-29,113498,3904,O,AIRPORT,
300,LH,402,2028-09-18,114128,3904,O,AIRPORT,
300,LH,454,2028-04-21,121187,3904,O,AIRPORT,
300,LH,454,2028-04-21,121182,3904,O,AIRPORT,
300,LH,454,2028-03-29,118208,3904,O,AIRPORT,
300,LH,454,2028-03-29,118260,3904,O,AIRPORT,
300,UA,3517,2028-08-04,153730,3904,O,AIRPORT,
300,UA,3517,2028-07-04,147620,3904,O,AIRPORT,
300,AZ,791,2028-05-26,148209,3904,O,AIRPORT,
300,UA,3517,2028-06-29,146648,3904,O,AIRPORT,
300,LH,455,2028-04-26,149212,3904,O,AIRPORT,
300,LH,455,2028-07-26,159444,3904,O,AIRPORT,
300,LH,455,2028-07-28,159469,3904,O,AIRPORT,
300,AZ,791,2028-08-07,156443,3904,O,AIRPORT,
300,AZ,791,2028-08-30,158869,3904,O,AIRPORT,
300,AZ,791,2028-08-14,157077,3904,O,AIRPORT,
300,LH,455,2028-07-11,157564,3904,O,AIRPORT,
300,UA,3517,2028-04-26,134267,3904,O,AIRPORT,
300,LH,454,2028-08-17,137681,3904,O,AIRPORT,
300,UA,3517,2028-04-10,131308,3904,O,AIRPORT,
300,UA,3517,2028-04-15,131963,3904,O,AIRPORT,
300,AZ,790,2028-07-29,131693,3904,O,AIRPORT,
300,AZ,790,2028-07-22,130803,3904,O,AIRPORT,
300,UA,3517,2028-06-16,144355,3904,O,AIRPORT,
300,LH,455,2028-03-30,146223,3904,O,AIRPORT,
300,LH,454,2028-08-26,139086,3904,O,AIRPORT,
300,AZ,790,2028-09-18,138878,3904,O,AIRPORT,
300,UA,3517,2028-11-06,166463,3904,O,AIRPORT,
300,LH,455,2028-09-09,164450,3904,O,AIRPORT,
300,LH,2462,2028-09-19,265993,3904,O,AIRPORT,
300,LH,2462,2028-10-27,267635,3904,O,AIRPORT,
300,LH,2462,2028-07-03,256581,3904,O,AIRPORT,
300,LH,2462,2028-07-21,258742,3904,O,AIRPORT,
300,LH,2462,2028-07-25,259259,3904,O,AIRPORT,
300,LH,2463,2028-05-20,274027,3904,O,AIRPORT,
300,LH,2436,2028-06-06,237160,3904,O,AIRPORT,
300,LH,2415,2028-08-17,227083,3904,O,AIRPORT,
300,LH,2462,2028-05-08,250388,3904,O,AIRPORT,
300,LH,3577,2028-08-30,308339,3904,O,AIRPORT,
300,LH,3577,2028-06-24,300961,3904,O,AIRPORT,
300,LH,3577,2028-06-18,300084,3904,O,AIRPORT,
300,LH,2407,2028-05-24,197412,3904,O,AIRPORT,
300,LH,2407,2028-07-23,204032,3904,O,AIRPORT,
300,LH,2415,2028-07-10,223404,3904,O,AIRPORT,
300,LH,2415,2028-07-05,222897,3904,O,AIRPORT,
300,LH,2407,2028-09-08,209663,3904,O,AIRPORT,
300,LH,2407,2028-09-22,211289,3904,O,AIRPORT,
300,LH,2407,2028-09-17,210777,3904,O,AIRPORT,
300,LH,2407,2028-09-17,210924,3904,O,AIRPORT,
300,LH,2407,2028-09-28,211973,3904,O,AIRPORT,
300,LH,2402,2028-07-17,180667,3904,O,AIRPORT,
300,LH,2402,2028-07-28,181956,3904,O,AIRPORT,
300,LH,2402,2028-09-08,187160,3904,O,AIRPORT,
300,LH,2402,2028-06-09,176428,3904,O,AIRPORT,
300,LH,2402,2028-05-31,175526,3904,O,AIRPORT,
300,LH,2402,2028-05-24,174768,3904,O,AIRPORT,
300,LH,2402,2028-05-26,175085,3904,O,AIRPORT,
300,QF,5,2028-07-03,19460,3894,O,AIRPORT,
300,UA,7,2028-08-30,21701,3894,O,AIRPORT,
300,AA,17,2028-06-23,17800,3894,O,AIRPORT,
300,UA,7,2028-08-01,17772,3894,O,AIRPORT,
300,DL,106,2028-07-02,18761,3894,O,AIRPORT,
300,UA,7,2028-04-09,1906,3894,O,AIRPORT,
300,QF,5,2028-06-26,18183,3894,O,AIRPORT,
300,UA,7,2028-05-06,5637,3894,O,AIRPORT,
300,JL,407,2028-08-08,18576,3894,O,AIRPORT,
300,AA,26,2028-06-06,48614,3894,O,AIRPORT,
300,AA,17,2028-07-29,24542,3894,O,AIRPORT,
300,QF,6,2028-06-01,47420,3894,O,AIRPORT,
300,LH,400,2028-07-14,21799,3894,O,AIRPORT,
300,LH,400,2028-07-26,23744,3894,O,AIRPORT,
300,UA,7,2028-09-13,24123,3894,O,AIRPORT,
300,AA,17,2028-07-27,24205,3894,O,AIRPORT,
300,AA,17,2028-07-22,23248,3894,O,AIRPORT,
300,UA,7,2028-09-10,23554,3894,O,AIRPORT,
300,AZ,555,2028-04-29,6834,3894,O,AIRPORT,
300,JL,407,2028-05-17,7382,3894,O,AIRPORT,
300,DL,106,2028-05-22,11160,3894,O,AIRPORT,
300,AA,17,2028-05-05,8137,3894,O,AIRPORT,
300,JL,407,2028-05-28,8930,3894,O,AIRPORT,
300,LH,400,2028-05-08,8498,3894,O,AIRPORT,
300,UA,7,2028-05-26,8422,3894,O,AIRPORT,
300,DL,106,2028-04-03,1512,3894,O,AIRPORT,
300,DL,106,2028-04-26,5943,3894,O,AIRPORT,
300,AZ,555,2028-06-12,15433,3894,O,AIRPORT,
300,JL,407,2028-07-23,16627,3894,O,AIRPORT,
300,DL,106,2028-06-16,15744,3894,O,AIRPORT,
300,QF,5,2028-06-13,15506,3894,O,AIRPORT,
300,JL,407,2028-07-19,15814,3894,O,AIRPORT,
300,DL,106,2028-05-29,12547,3894,O,AIRPORT,
300,AZ,555,2028-05-28,12607,3894,O,AIRPORT,
300,DL,106,2028-04-26,6089,3894,O,AIRPORT,
300,UA,7,2028-07-03,13584,3894,O,AIRPORT,
300,JL,408,2028-05-13,32624,3894,O,AIRPORT,
300,AA,17,2028-09-10,32608,3894,O,AIRPORT,
300,JL,408,2028-05-15,32743,3894,O,AIRPORT,
300,QF,5,2028-09-03,31714,3894,O,AIRPORT,
300,AZ,555,2028-09-14,33955,3894,O,AIRPORT,
300,QF,5,2028-09-19,34533,3894,O,AIRPORT,
300,JL,407,2028-11-05,26978,3894,O,AIRPORT,
300,LH,400,2028-08-15,27618,3894,O,AIRPORT,
300,UA,941,2028-03-29,28144,3894,O,AIRPORT,
300,QF,6,2028-05-03,43204,3894,O,AIRPORT,
300,LH,401,2028-04-18,44025,3894,O,AIRPORT,
300,AZ,788,2028-04-24,43704,3894,O,AIRPORT,
300,AZ,788,2028-04-26,43930,3894,O,AIRPORT,
300,JL,408,2028-08-06,41996,3894,O,AIRPORT,
300,JL,408,2028-08-06,42046,3894,O,AIRPORT,
300,AZ,788,2028-04-15,42117,3894,O,AIRPORT,
300,AZ,788,2028-04-15,41863,3894,O,AIRPORT,
300,QF,6,2028-05-23,46054,3894,O,AIRPORT,
300,AZ,788,2028-04-26,44296,3894,O,AIRPORT,
300,AZ,555,2028-04-17,4436,3894,O,AIRPORT,
300,AZ,788,2028-04-28,44598,3894,O,AIRPORT,
300,JL,408,2028-09-06,45451,3894,O,AIRPORT,
300,LH,401,2028-04-25,45455,3894,O,AIRPORT,
300,DL,1699,2028-03-30,38164,3894,O,AIRPORT,
300,LH,400,2028-10-12,38323,3894,O,AIRPORT,
300,AZ,555,2028-09-25,36177,3894,O,AIRPORT,
300,DL,106,2028-10-06,36311,3894,O,AIRPORT,
300,JL,408,2028-06-22,37070,3894,O,AIRPORT,
300,AA,26,2028-04-11,40877,3894,O,AIRPORT,
300,AA,26,2028-04-06,40436,3894,O,AIRPORT,
300,JL,408,2028-07-23,40419,3894,O,AIRPORT,
300,LH,401,2028-07-07,59878,3894,O,AIRPORT,
300,AZ,788,2028-07-13,59324,3894,O,AIRPORT,
300,LH,401,2028-07-07,59649,3894,O,AIRPORT,
300,LH,401,2028-07-05,59543,3894,O,AIRPORT,
300,QF,6,2028-09-05,60471,3894,O,AIRPORT,
300,AA,26,2028-08-07,57216,3894,O,AIRPORT,
300,UA,3504,2028-06-06,64232,3894,O,AIRPORT,
300,AZ,555,2028-03-28,834,3894,O,AIRPORT,
300,LH,401,2028-08-01,64746,3894,O,AIRPORT,
300,DL,1699,2028-07-28,61694,3894,O,AIRPORT,
300,DL,1699,2028-08-02,62489,3894,O,AIRPORT,
300,QF,6,2028-07-02,51558,3894,O,AIRPORT,
300,AA,26,2028-06-28,51765,3894,O,AIRPORT,
300,UA,3504,2028-04-07,52559,3894,O,AIRPORT,
300,QF,6,2028-07-11,52719,3894,O,AIRPORT,
300,QF,5,2028-03-27,385,3894,O,AIRPORT,
300,QF,6,2028-06-23,50317,3894,O,AIRPORT,
300,LH,401,2028-05-17,49802,3894,O,AIRPORT,
300,AA,26,2028-06-17,50300,3894,O,AIRPORT,
300,AZ,788,2028-06-25,55878,3894,O,AIRPORT,
300,LH,401,2028-06-22,56732,3894,O,AIRPORT,
300,DL,1699,2028-06-16,53144,3894,O,AIRPORT,
300,AA,26,2028-07-20,54880,3894,O,AIRPORT,
300,DL,1699,2028-06-23,54748,3894,O,AIRPORT,
300,QF,6,2028-07-20,53975,3894,O,AIRPORT,
300,DL,1699,2028-06-21,54245,3894,O,AIRPORT,
300,DL,1699,2028-06-21,54226,3894,O,AIRPORT,
300,LH,401,2028-08-28,69660,3894,O,AIRPORT,
300,AZ,788,2028-09-03,69328,3894,O,AIRPORT,
300,AZ,788,2028-09-07,70191,3894,O,AIRPORT,
300,AZ,788,2028-09-03,69391,3894,O,AIRPORT,
300,AA,26,2028-11-02,65891,3894,O,AIRPORT,
300,AZ,788,2028-08-18,66483,3894,O,AIRPORT,
300,AZ,788,2028-08-20,66684,3894,O,AIRPORT,
300,UA,3504,2028-06-22,67339,3894,O,AIRPORT,
300,UA,3504,2028-09-17,85275,3894,O,AIRPORT,
300,AA,64,2028-06-15,75141,3894,O,AIRPORT,
300,UA,3504,2028-08-01,75410,3894,O,AIRPORT,
300,LH,401,2028-10-03,77065,3894,O,AIRPORT,
300,AA,64,2028-05-04,70384,3894,O,AIRPORT,
300,DL,1984,2028-04-26,81285,3894,O,AIRPORT,
300,DL,1984,2028-04-12,78886,3894,O,AIRPORT,
300,LH,401,2028-10-29,78871,3894,O,AIRPORT,
300,UA,3504,2028-08-21,79081,3894,O,AIRPORT,
300,AA,64,2028-07-25,79745,3894,O,AIRPORT,
300,AZ,789,2028-10-02,112673,3894,O,AIRPORT,
300,UA,3516,2028-07-22,112444,3894,O,AIRPORT,
300,LH,402,2028-07-28,103485,3894,O,AIRPORT,
300,DL,1984,2028-08-15,103169,3894,O,AIRPORT,
300,UA,3516,2028-06-07,103605,3894,O,AIRPORT,
300,LH,402,2028-08-06,105163,3894,O,AIRPORT,
300,DL,1984,2028-08-09,101643,3894,O,AIRPORT,
300,AZ,789,2028-09-23,111533,3894,O,AIRPORT,
300,UA,3516,2028-06-25,107237,3894,O,AIRPORT,
300,UA,3516,2028-07-04,108595,3894,O,AIRPORT,
300,LH,402,2028-08-27,109010,3894,O,AIRPORT,
300,DL,1984,2028-06-09,90192,3894,O,AIRPORT,
300,DL,1984,2028-06-09,90161,3894,O,AIRPORT,
300,AZ,789,2028-05-30,88721,3894,O,AIRPORT,
300,AZ,789,2028-05-28,88380,3894,O,AIRPORT,
300,UA,3516,2028-04-10,92177,3894,O,AIRPORT,
300,DL,1984,2028-07-02,94613,3894,O,AIRPORT,
300,LH,402,2028-06-29,97635,3894,O,AIRPORT,
300,AZ,789,2028-07-20,98939,3894,O,AIRPORT,
300,DL,1984,2028-07-24,98924,3894,O,AIRPORT,
300,AZ,790,2028-06-01,123623,3894,O,AIRPORT,
300,UA,3516,2028-09-16,124024,3894,O,AIRPORT,
300,UA,3516,2028-08-13,116561,3894,O,AIRPORT,
300,UA,3516,2028-08-02,114513,3894,O,AIRPORT,
300,LH,402,2028-09-20,114781,3894,O,AIRPORT,
300,LH,402,2028-09-18,114177,3894,O,AIRPORT,
300,AZ,790,2028-05-12,120998,3894,O,AIRPORT,
300,LH,454,2028-04-18,121110,3894,O,AIRPORT,
300,AZ,790,2028-04-26,118700,3894,O,AIRPORT,
300,AZ,791,2028-07-21,154439,3894,O,AIRPORT,
300,LH,455,2028-05-29,152975,3894,O,AIRPORT,
300,UA,3517,2028-07-08,148578,3894,O,AIRPORT,
300,LH,455,2028-04-12,147579,3894,O,AIRPORT,
300,LH,455,2028-04-10,147496,3894,O,AIRPORT,
300,LH,455,2028-04-08,147118,3894,O,AIRPORT,
300,UA,3517,2028-09-07,160588,3894,O,AIRPORT,
300,AZ,791,2028-10-04,162303,3894,O,AIRPORT,
300,AZ,791,2028-10-31,163051,3894,O,AIRPORT,
300,UA,3517,2028-09-16,162979,3894,O,AIRPORT,
300,AZ,791,2028-09-23,161626,3894,O,AIRPORT,
300,LH,455,2028-07-02,156608,3894,O,AIRPORT,
300,AZ,791,2028-07-29,155390,3894,O,AIRPORT,
300,AZ,791,2028-08-23,158035,3894,O,AIRPORT,
300,LH,455,2028-07-06,157012,3894,O,AIRPORT,
300,AZ,790,2028-08-25,135605,3894,O,AIRPORT,
300,LH,454,2028-07-01,131259,3894,O,AIRPORT,
300,LH,454,2028-06-27,130722,3894,O,AIRPORT,
300,LH,454,2028-07-17,133317,3894,O,AIRPORT,
300,AZ,790,2028-08-14,133877,3894,O,AIRPORT,
300,AZ,790,2028-08-14,133973,3894,O,AIRPORT,
300,AZ,791,2028-04-20,144280,3894,O,AIRPORT,
300,UA,3517,2028-06-12,143376,3894,O,AIRPORT,
300,LH,455,2028-04-01,146385,3894,O,AIRPORT,
300,UA,3517,2028-06-18,144756,3894,O,AIRPORT,
300,AZ,791,2028-04-22,144512,3894,O,AIRPORT,
300,AZ,791,2028-04-29,145205,3894,O,AIRPORT,
300,AZ,790,2028-09-25,139740,3894,O,AIRPORT,
300,AZ,790,2028-09-16,138493,3894,O,AIRPORT,
300,LH,454,2028-08-26,139061,3894,O,AIRPORT,
300,UA,3517,2028-10-10,165466,3894,O,AIRPORT,
300,LH,455,2028-09-10,164735,3894,O,AIRPORT,
300,LH,2462,2028-09-10,264676,3894,O,AIRPORT,
300,LH,2462,2028-09-10,264615,3894,O,AIRPORT,
300,LH,2462,2028-07-03,256778,3894,O,AIRPORT,
300,LH,2463,2028-05-26,274869,3894,O,AIRPORT,
300,LH,2463,2028-05-15,273547,3894,O,AIRPORT,
300,LH,2436,2028-05-31,236741,3894,O,AIRPORT,
300,LH,2436,2028-06-04,236961,3894,O,AIRPORT,
300,LH,2436,2028-04-14,233761,3894,O,AIRPORT,
300,LH,2415,2028-11-14,232443,3894,O,AIRPORT,
300,LH,2415,2028-10-03,231584,3894,O,AIRPORT,
300,LH,2462,2028-05-01,249818,3894,O,AIRPORT,
300,LH,2462,2028-05-01,249624,3894,O,AIRPORT,
300,LH,2462,2028-05-13,250912,3894,O,AIRPORT,
300,LH,2462,2028-04-20,248403,3894,O,AIRPORT,
300,LH,2436,2028-08-30,242613,3894,O,AIRPORT,
300,LH,3577,2028-04-14,292761,3894,O,AIRPORT,
300,LH,3577,2028-03-29,291026,3894,O,AIRPORT,
300,LH,2463,2028-09-10,287156,3894,O,AIRPORT,
300,LH,2463,2028-08-21,284489,3894,O,AIRPORT,
300,LH,3577,2028-07-06,302129,3894,O,AIRPORT,
300,LH,3577,2028-08-04,305460,3894,O,AIRPORT,
300,LH,3577,2028-06-22,300790,3894,O,AIRPORT,
300,LH,2407,2028-08-06,205547,3894,O,AIRPORT,
300,LH,2407,2028-08-15,206500,3894,O,AIRPORT,
300,LH,2407,2028-07-14,202948,3894,O,AIRPORT,
300,LH,2402,2028-09-11,187560,3894,O,AIRPORT,
300,LH,2402,2028-09-28,189486,3894,O,AIRPORT,
300,LH,2407,2028-05-11,195882,3894,O,AIRPORT,
300,LH,2407,2028-05-22,197136,3894,O,AIRPORT,
300,LH,2407,2028-08-21,207272,3894,O,AIRPORT,
300,LH,2407,2028-08-31,208663,3894,O,AIRPORT,
300,LH,2415,2028-04-05,214124,3894,O,AIRPORT,
300,LH,2402,2028-08-06,182944,3894,O,AIRPORT,
300,LH,2402,2028-04-27,171836,3894,O,AIRPORT,
300,LH,2402,2028-04-03,169142,3894,O,AIRPORT,
300,AA,17,2028-07-05,19936,160,O,AIRPORT,
300,QF,5,2028-07-07,20244,160,O,AIRPORT,
300,JL,407,2028-05-04,5416,160,O,AIRPORT,
300,LH,400,2028-04-05,2173,160,O,AIRPORT,
300,LH,400,2028-07-10,20716,160,O,AIRPORT,
300,QF,5,2028-07-12,21080,160,O,AIRPORT,
300,LH,400,2028-06-24,17836,160,O,AIRPORT,
300,DL,106,2028-06-21,16823,160,O,AIRPORT,
300,UA,7,2028-08-08,18676,160,O,AIRPORT,
300,UA,7,2028-08-12,19162,160,O,AIRPORT,
300,AZ,555,2028-06-30,18952,160,O,AIRPORT,
300,UA,941,2028-09-23,48686,160,O,AIRPORT,
300,UA,941,2028-09-12,47204,160,O,AIRPORT,
300,AZ,788,2028-05-18,48314,160,O,AIRPORT,
300,DL,1699,2028-05-20,47988,160,O,AIRPORT,
300,QF,5,2028-04-07,2297,160,O,AIRPORT,
300,LH,400,2028-04-07,2275,160,O,AIRPORT,
300,LH,400,2028-07-21,22793,160,O,AIRPORT,
300,AZ,555,2028-04-06,2191,160,O,AIRPORT,
300,QF,5,2028-04-22,5231,160,O,AIRPORT,
300,DL,106,2028-07-17,21826,160,O,AIRPORT,
300,LH,400,2028-07-26,23690,160,O,AIRPORT,
300,AA,17,2028-07-25,23769,160,O,AIRPORT,
300,JL,407,2028-09-10,23230,160,O,AIRPORT,
300,AA,17,2028-04-29,6913,160,O,AIRPORT,
300,DL,106,2028-05-22,11027,160,O,AIRPORT,
300,LH,400,2028-05-08,8700,160,O,AIRPORT,
300,DL,106,2028-06-12,14968,160,O,AIRPORT,
300,QF,5,2028-06-20,16629,160,O,AIRPORT,
300,QF,5,2028-06-20,16668,160,O,AIRPORT,
300,LH,400,2028-05-31,12774,160,O,AIRPORT,
300,UA,7,2028-06-20,11728,160,O,AIRPORT,
300,DL,106,2028-05-29,12286,160,O,AIRPORT,
300,JL,407,2028-06-28,13270,160,O,AIRPORT,
300,AZ,555,2028-06-01,13280,160,O,AIRPORT,
300,LH,400,2028-09-04,32125,160,O,AIRPORT,
300,JL,408,2028-05-11,32303,160,O,AIRPORT,
300,QF,5,2028-09-12,33247,160,O,AIRPORT,
300,AZ,555,2028-09-05,31971,160,O,AIRPORT,
300,AZ,555,2028-09-21,35251,160,O,AIRPORT,
300,QF,5,2028-09-24,35558,160,O,AIRPORT,
300,AZ,555,2028-09-16,34441,160,O,AIRPORT,
300,AA,17,2028-04-08,2667,160,O,AIRPORT,
300,QF,5,2028-08-14,27654,160,O,AIRPORT,
300,AA,17,2028-08-12,27352,160,O,AIRPORT,
300,JL,408,2028-03-27,27292,160,O,AIRPORT,
300,AZ,555,2028-08-12,27452,160,O,AIRPORT,
300,UA,7,2028-09-19,25282,160,O,AIRPORT,
300,DL,106,2028-08-04,25424,160,O,AIRPORT,
300,AA,17,2028-04-06,2598,160,O,AIRPORT,
300,QF,5,2028-08-26,29748,160,O,AIRPORT,
300,LH,400,2028-08-26,29669,160,O,AIRPORT,
300,AZ,555,2028-08-25,29790,160,O,AIRPORT,
300,JL,408,2028-04-23,30184,160,O,AIRPORT,
300,QF,5,2028-08-19,28357,160,O,AIRPORT,
300,QF,5,2028-08-19,28499,160,O,AIRPORT,
300,QF,5,2028-08-17,27977,160,O,AIRPORT,
300,AZ,555,2028-08-16,28196,160,O,AIRPORT,
300,UA,941,2028-04-04,28895,160,O,AIRPORT,
300,UA,941,2028-08-12,43320,160,O,AIRPORT,
300,AZ,788,2028-04-24,43716,160,O,AIRPORT,
300,UA,941,2028-07-27,41644,160,O,AIRPORT,
300,AA,26,2028-04-22,42393,160,O,AIRPORT,
300,DL,1699,2028-05-11,46190,160,O,AIRPORT,
300,QF,5,2028-04-18,4566,160,O,AIRPORT,
300,QF,6,2028-05-21,45840,160,O,AIRPORT,
300,AA,26,2028-05-25,46998,160,O,AIRPORT,
300,QF,6,2028-05-25,46390,160,O,AIRPORT,
300,DL,1699,2028-05-02,44552,160,O,AIRPORT,
300,AZ,788,2028-04-30,45163,160,O,AIRPORT,
300,AA,26,2028-03-31,39305,160,O,AIRPORT,
300,LH,401,2028-03-29,40178,160,O,AIRPORT,
300,LH,401,2028-07-10,60299,160,O,AIRPORT,
300,AA,26,2028-08-29,60590,160,O,AIRPORT,
300,LH,401,2028-06-28,57867,160,O,AIRPORT,
300,LH,401,2028-06-24,57101,160,O,AIRPORT,
300,LH,401,2028-06-26,57381,160,O,AIRPORT,
300,DL,1699,2028-07-15,59011,160,O,AIRPORT,
300,DL,1699,2028-07-13,58485,160,O,AIRPORT,
300,AZ,788,2028-08-04,63600,160,O,AIRPORT,
300,AZ,788,2028-08-09,64682,160,O,AIRPORT,
300,UA,3504,2028-05-26,62197,160,O,AIRPORT,
300,LH,401,2028-07-23,62910,160,O,AIRPORT,
300,UA,3504,2028-05-30,63125,160,O,AIRPORT,
300,UA,3504,2028-05-28,62507,160,O,AIRPORT,
300,AZ,788,2028-06-03,51574,160,O,AIRPORT,
300,UA,3504,2028-04-07,52573,160,O,AIRPORT,
300,AZ,788,2028-06-05,51909,160,O,AIRPORT,
300,DL,1699,2028-06-09,52140,160,O,AIRPORT,
300,DL,1699,2028-05-29,49822,160,O,AIRPORT,
300,AZ,788,2028-06-25,55942,160,O,AIRPORT,
300,LH,400,2028-03-29,568,160,O,AIRPORT,
300,AA,26,2028-07-09,53254,160,O,AIRPORT,
300,AZ,788,2028-06-19,54703,160,O,AIRPORT,
300,UA,3504,2028-04-18,54819,160,O,AIRPORT,
300,DL,1699,2028-06-21,54072,160,O,AIRPORT,
300,LH,401,2028-08-23,68775,160,O,AIRPORT,
300,AZ,788,2028-08-31,68840,160,O,AIRPORT,
300,UA,3504,2028-07-01,69086,160,O,AIRPORT,
300,AZ,788,2028-08-18,66139,160,O,AIRPORT,
300,LH,401,2028-08-10,66172,160,O,AIRPORT,
300,AZ,788,2028-08-25,67482,160,O,AIRPORT,
300,UA,3504,2028-06-24,67963,160,O,AIRPORT,
300,AZ,788,2028-08-27,68041,160,O,AIRPORT,
300,AA,64,2028-04-02,66899,160,O,AIRPORT,
300,UA,3504,2028-09-21,86040,160,O,AIRPORT,
300,UA,3504,2028-09-19,85900,160,O,AIRPORT,
300,LH,402,2028-04-26,85126,160,O,AIRPORT,
300,UA,3504,2028-10-09,87765,160,O,AIRPORT,
300,DL,1699,2028-11-02,75195,160,O,AIRPORT,
300,LH,401,2028-09-19,75209,160,O,AIRPORT,
300,DL,1699,2028-10-30,75069,160,O,AIRPORT,
300,DL,1984,2028-03-30,76025,160,O,AIRPORT,
300,AZ,788,2028-09-14,71321,160,O,AIRPORT,
300,LH,401,2028-09-10,73121,160,O,AIRPORT,
300,AA,64,2028-05-28,73233,160,O,AIRPORT,
300,LH,401,2028-09-12,73725,160,O,AIRPORT,
300,DL,1984,2028-04-30,82250,160,O,AIRPORT,
300,AA,64,2028-08-30,83803,160,O,AIRPORT,
300,AA,64,2028-07-14,78537,160,O,AIRPORT,
300,LH,401,2028-10-14,77830,160,O,AIRPORT,
300,AA,64,2028-07-12,78248,160,O,AIRPORT,
300,UA,3516,2028-07-22,112128,160,O,AIRPORT,
300,UA,3516,2028-07-27,112981,160,O,AIRPORT,
300,AZ,789,2028-08-14,103632,160,O,AIRPORT,
300,AZ,789,2028-07-27,100303,160,O,AIRPORT,
300,DL,1984,2028-08-09,101672,160,O,AIRPORT,
300,LH,402,2028-07-20,101604,160,O,AIRPORT,
300,AZ,789,2028-09-03,107571,160,O,AIRPORT,
300,DL,1984,2028-09-16,109069,160,O,AIRPORT,
300,AZ,789,2028-09-10,109016,160,O,AIRPORT,
300,AZ,789,2028-09-05,108135,160,O,AIRPORT,
300,UA,3516,2028-03-28,89807,160,O,AIRPORT,
300,LH,402,2028-06-07,93544,160,O,AIRPORT,
300,AZ,789,2028-06-14,91863,160,O,AIRPORT,
300,AZ,789,2028-06-17,92379,160,O,AIRPORT,
300,DL,1984,2028-06-23,92511,160,O,AIRPORT,
300,DL,1984,2028-07-08,95888,160,O,AIRPORT,
300,UA,3516,2028-05-05,96986,160,O,AIRPORT,
300,LH,454,2028-05-02,122864,160,O,AIRPORT,
300,LH,454,2028-04-30,122514,160,O,AIRPORT,
300,UA,3516,2028-09-10,122577,160,O,AIRPORT,
300,LH,454,2028-06-22,129892,160,O,AIRPORT,
300,AZ,790,2028-07-16,129773,160,O,AIRPORT,
300,LH,454,2028-06-13,128766,160,O,AIRPORT,
300,AZ,790,2028-07-09,128867,160,O,AIRPORT,
300,AZ,790,2028-06-19,126211,160,O,AIRPORT,
300,UA,3516,2028-10-08,126914,160,O,AIRPORT,
300,AZ,790,2028-04-04,115623,160,O,AIRPORT,
300,UA,3516,2028-08-07,115383,160,O,AIRPORT,
300,UA,3516,2028-08-04,114795,160,O,AIRPORT,
300,LH,455,2028-06-03,153356,160,O,AIRPORT,
300,AZ,791,2028-06-15,150526,160,O,AIRPORT,
300,AZ,791,2028-06-15,150479,160,O,AIRPORT,
300,LH,455,2028-04-26,149114,160,O,AIRPORT,
300,UA,3517,2028-08-29,158475,160,O,AIRPORT,
300,LH,455,2028-07-13,157905,160,O,AIRPORT,
300,LH,454,2028-07-26,134507,160,O,AIRPORT,
300,AZ,790,2028-09-10,137597,160,O,AIRPORT,
300,AZ,790,2028-08-12,133479,160,O,AIRPORT,
300,UA,3517,2028-04-17,132249,160,O,AIRPORT,
300,UA,3517,2028-06-14,143901,160,O,AIRPORT,
300,LH,454,2028-09-26,143930,160,O,AIRPORT,
300,LH,454,2028-09-28,144116,160,O,AIRPORT,
300,LH,454,2028-09-22,143389,160,O,AIRPORT,
300,AZ,791,2028-04-09,143061,160,O,AIRPORT,
300,UA,3517,2028-06-25,145737,160,O,AIRPORT,
300,AZ,790,2028-09-25,139817,160,O,AIRPORT,
300,LH,2462,2028-07-07,257176,160,O,AIRPORT,
300,LH,2462,2028-07-16,258135,160,O,AIRPORT,
300,LH,2462,2028-06-26,255859,160,O,AIRPORT,
300,LH,2462,2028-07-25,259167,160,O,AIRPORT,
300,LH,2463,2028-06-02,275480,160,O,AIRPORT,
300,LH,2463,2028-06-20,277621,160,O,AIRPORT,
300,LH,2463,2028-04-12,269833,160,O,AIRPORT,
300,LH,2436,2028-05-31,236696,160,O,AIRPORT,
300,LH,2415,2028-09-11,229776,160,O,AIRPORT,
300,LH,2415,2028-08-28,228046,160,O,AIRPORT,
300,LH,2462,2028-06-06,253790,160,O,AIRPORT,
300,LH,2436,2028-11-08,245545,160,O,AIRPORT,
300,LH,3577,2028-10-27,313046,160,O,AIRPORT,
300,LH,2463,2028-08-15,283851,160,O,AIRPORT,
300,LH,2463,2028-08-28,285433,160,O,AIRPORT,
300,LH,2463,2028-08-26,285112,160,O,AIRPORT,
300,LH,3577,2028-04-27,294363,160,O,AIRPORT,
300,LH,3577,2028-05-31,298262,160,O,AIRPORT,
300,LH,2407,2028-05-26,197473,160,O,AIRPORT,
300,LH,2407,2028-08-10,206131,160,O,AIRPORT,
300,LH,2407,2028-05-02,194759,160,O,AIRPORT,
300,LH,2407,2028-05-04,195173,160,O,AIRPORT,
300,LH,2407,2028-04-21,193476,160,O,AIRPORT,
300,LH,2407,2028-04-23,193725,160,O,AIRPORT,
300,LH,2415,2028-06-04,219838,160,O,AIRPORT,
300,LH,2415,2028-05-28,219261,160,O,AIRPORT,
300,LH,2415,2028-06-13,220822,160,O,AIRPORT,
300,LH,2415,2028-05-15,217829,160,O,AIRPORT,
300,LH,2415,2028-07-30,225298,160,O,AIRPORT,
300,LH,2415,2028-06-28,222285,160,O,AIRPORT,
300,LH,2415,2028-07-12,223552,160,O,AIRPORT,
300,LH,2415,2028-07-16,223883,160,O,AIRPORT,
300,LH,455,2028-09-25,166642,160,O,AIRPORT,
300,LH,2402,2028-06-27,178538,160,O,AIRPORT,
300,LH,2402,2028-06-29,178683,160,O,AIRPORT,
300,LH,2402,2028-06-29,178679,160,O,AIRPORT,
300,LH,2402,2028-07-01,179090,160,O,AIRPORT,
300,LH,2402,2028-03-29,168479,160,O,AIRPORT,
300,LH,2402,2028-06-06,176260,160,O,AIRPORT,
300,LH,2402,2028-06-09,176485,160,O,AIRPORT,
300,AA,17,2028-07-07,20043,3893,O,AIRPORT,
300,DL,106,2028-04-06,1981,3893,O,AIRPORT,
300,JL,407,2028-08-28,21559,3893,O,AIRPORT,
300,DL,106,2028-07-11,20711,3893,O,AIRPORT,
300,AZ,555,2028-06-21,17263,3893,O,AIRPORT,
300,AA,17,2028-06-30,18883,3893,O,AIRPORT,
300,AA,17,2028-06-30,18882,3893,O,AIRPORT,
300,LH,400,2028-06-29,18487,3893,O,AIRPORT,
300,UA,7,2028-08-08,18592,3893,O,AIRPORT,
300,UA,941,2028-09-21,48418,3893,O,AIRPORT,
300,UA,941,2028-09-21,48419,3893,O,AIRPORT,
300,DL,1699,2028-05-22,48576,3893,O,AIRPORT,
300,AZ,555,2028-07-27,24424,3893,O,AIRPORT,
300,JL,407,2028-09-19,24497,3893,O,AIRPORT,
300,JL,407,2028-09-17,24304,3893,O,AIRPORT,
300,UA,7,2028-09-15,24642,3893,O,AIRPORT,
300,AZ,555,2028-07-29,24663,3893,O,AIRPORT,
300,AA,26,2028-05-28,47499,3893,O,AIRPORT,
300,UA,941,2028-09-14,47547,3893,O,AIRPORT,
300,AZ,788,2028-05-16,47874,3893,O,AIRPORT,
300,JL,407,2028-04-29,4792,3893,O,AIRPORT,
300,DL,106,2028-07-17,21847,3893,O,AIRPORT,
300,UA,7,2028-09-11,23909,3893,O,AIRPORT,
300,DL,106,2028-05-18,10317,3893,O,AIRPORT,
300,AZ,555,2028-05-14,9701,3893,O,AIRPORT,
300,AZ,555,2028-05-07,8412,3893,O,AIRPORT,
300,AA,17,2028-04-24,5987,3893,O,AIRPORT,
300,JL,407,2028-05-08,5992,3893,O,AIRPORT,
300,AA,17,2028-06-10,15208,3893,O,AIRPORT,
300,DL,106,2028-04-03,1442,3893,O,AIRPORT,
300,UA,7,2028-07-21,16163,3893,O,AIRPORT,
300,DL,106,2028-04-26,5833,3893,O,AIRPORT,
300,DL,106,2028-06-14,15493,3893,O,AIRPORT,
300,JL,407,2028-07-19,16012,3893,O,AIRPORT,
300,AZ,555,2028-05-28,12501,3893,O,AIRPORT,
300,AZ,555,2028-05-28,12382,3893,O,AIRPORT,
300,AZ,555,2028-05-28,12268,3893,O,AIRPORT,
300,QF,5,2028-06-04,13599,3893,O,AIRPORT,
300,AZ,555,2028-05-30,13050,3893,O,AIRPORT,
300,DL,106,2028-06-03,13284,3893,O,AIRPORT,
300,JL,408,2028-05-20,33308,3893,O,AIRPORT,
300,AA,17,2028-09-10,32803,3893,O,AIRPORT,
300,AA,17,2028-09-01,31073,3893,O,AIRPORT,
300,UA,941,2028-06-01,35361,3893,O,AIRPORT,
300,LH,400,2028-09-17,35324,3893,O,AIRPORT,
300,QF,5,2028-09-26,36000,3893,O,AIRPORT,
300,UA,941,2028-06-04,35571,3893,O,AIRPORT,
300,UA,941,2028-05-15,33394,3893,O,AIRPORT,
300,QF,5,2028-09-17,34114,3893,O,AIRPORT,
300,QF,5,2028-08-12,27156,3893,O,AIRPORT,
300,JL,408,2028-03-31,27664,3893,O,AIRPORT,
300,LH,400,2028-08-15,27672,3893,O,AIRPORT,
300,JL,407,2028-09-28,25746,3893,O,AIRPORT,
300,QF,5,2028-08-08,26352,3893,O,AIRPORT,
300,QF,5,2028-08-08,26342,3893,O,AIRPORT,
300,DL,106,2028-08-24,29303,3893,O,AIRPORT,
300,DL,106,2028-08-29,30339,3893,O,AIRPORT,
300,AZ,555,2028-08-16,28340,3893,O,AIRPORT,
300,LH,400,2028-04-09,2851,3893,O,AIRPORT,
300,UA,941,2028-03-29,28004,3893,O,AIRPORT,
300,UA,941,2028-03-29,28008,3893,O,AIRPORT,
300,LH,400,2028-08-17,28107,3893,O,AIRPORT,
300,LH,400,2028-04-16,4338,3893,O,AIRPORT,
300,UA,7,2028-04-27,4330,3893,O,AIRPORT,
300,JL,408,2028-08-19,43505,3893,O,AIRPORT,
300,AA,26,2028-04-26,43136,3893,O,AIRPORT,
300,AZ,788,2028-04-15,41991,3893,O,AIRPORT,
300,JL,408,2028-08-04,41715,3893,O,AIRPORT,
300,AA,26,2028-04-22,42593,3893,O,AIRPORT,
300,QF,6,2028-05-23,46230,3893,O,AIRPORT,
300,AZ,788,2028-04-30,44887,3893,O,AIRPORT,
300,LH,401,2028-04-22,45142,3893,O,AIRPORT,
300,LH,400,2028-10-05,37821,3893,O,AIRPORT,
300,QF,6,2028-03-26,38065,3893,O,AIRPORT,
300,AZ,788,2028-03-26,38147,3893,O,AIRPORT,
300,AZ,788,2028-03-26,38148,3893,O,AIRPORT,
300,UA,941,2028-06-15,36772,3893,O,AIRPORT,
300,AZ,555,2028-09-30,36295,3893,O,AIRPORT,
300,LH,400,2028-10-03,37440,3893,O,AIRPORT,
300,AZ,788,2028-04-08,40775,3893,O,AIRPORT,
300,JL,408,2028-07-10,39093,3893,O,AIRPORT,
300,QF,6,2028-04-08,39999,3893,O,AIRPORT,
300,DL,1699,2028-04-10,40063,3893,O,AIRPORT,
300,QF,6,2028-04-06,39652,3893,O,AIRPORT,
300,QF,6,2028-08-27,59246,3893,O,AIRPORT,
300,DL,1699,2028-07-17,59553,3893,O,AIRPORT,
300,DL,1699,2028-07-06,57079,3893,O,AIRPORT,
300,DL,1699,2028-07-15,59102,3893,O,AIRPORT,
300,UA,3504,2028-05-08,58531,3893,O,AIRPORT,
300,LH,401,2028-07-19,62129,3893,O,AIRPORT,
300,UA,3504,2028-05-24,61522,3893,O,AIRPORT,
300,AZ,788,2028-07-24,61617,3893,O,AIRPORT,
300,LH,401,2028-07-21,62543,3893,O,AIRPORT,
300,QF,6,2028-07-05,51978,3893,O,AIRPORT,
300,DL,1699,2028-06-09,51994,3893,O,AIRPORT,
300,AA,26,2028-06-19,50665,3893,O,AIRPORT,
300,LH,401,2028-05-17,49847,3893,O,AIRPORT,
300,AA,26,2028-07-29,56000,3893,O,AIRPORT,
300,AZ,788,2028-06-25,55785,3893,O,AIRPORT,
300,AZ,788,2028-06-21,55187,3893,O,AIRPORT,
300,DL,1699,2028-06-18,53654,3893,O,AIRPORT,
300,AA,26,2028-07-09,53362,3893,O,AIRPORT,
300,AZ,788,2028-08-29,68351,3893,O,AIRPORT,
300,DL,1699,2028-09-11,70197,3893,O,AIRPORT,
300,DL,1699,2028-09-11,70198,3893,O,AIRPORT,
300,AA,64,2028-04-11,67957,3893,O,AIRPORT,
300,AA,64,2028-09-10,84840,3893,O,AIRPORT,
300,DL,1984,2028-05-25,86991,3893,O,AIRPORT,
300,AA,64,2028-10-16,87385,3893,O,AIRPORT,
300,LH,402,2028-05-07,87103,3893,O,AIRPORT,
300,LH,401,2028-09-15,74262,3893,O,AIRPORT,
300,LH,401,2028-09-17,74583,3893,O,AIRPORT,
300,AZ,788,2028-10-04,74565,3893,O,AIRPORT,
300,AZ,788,2028-10-04,74564,3893,O,AIRPORT,
300,AA,64,2028-06-20,75787,3893,O,AIRPORT,
300,LH,401,2028-09-26,76433,3893,O,AIRPORT,
300,UA,3504,2028-07-12,71251,3893,O,AIRPORT,
300,UA,3504,2028-07-14,71964,3893,O,AIRPORT,
300,AZ,788,2028-09-09,70615,3893,O,AIRPORT,
300,LH,401,2028-09-10,73095,3893,O,AIRPORT,
300,UA,3504,2028-09-01,81881,3893,O,AIRPORT,
300,LH,402,2028-04-08,81726,3893,O,AIRPORT,
300,AZ,789,2028-05-03,83643,3893,O,AIRPORT,
300,LH,401,2028-11-14,79213,3893,O,AIRPORT,
300,AZ,789,2028-10-11,113097,3893,O,AIRPORT,
300,DL,1984,2028-08-27,105223,3893,O,AIRPORT,
300,LH,402,2028-07-17,100983,3893,O,AIRPORT,
300,DL,1984,2028-08-06,101371,3893,O,AIRPORT,
300,DL,1984,2028-08-02,100373,3893,O,AIRPORT,
300,AZ,789,2028-08-07,102138,3893,O,AIRPORT,
300,UA,3516,2028-07-13,110518,3893,O,AIRPORT,
300,UA,3516,2028-07-09,109765,3893,O,AIRPORT,
300,AZ,789,2028-09-03,107356,3893,O,AIRPORT,
300,DL,1984,2028-09-02,106549,3893,O,AIRPORT,
300,UA,3516,2028-06-30,108155,3893,O,AIRPORT,
300,UA,3516,2028-04-04,90947,3893,O,AIRPORT,
300,AZ,789,2028-05-28,88299,3893,O,AIRPORT,
300,UA,3516,2028-04-08,91836,3893,O,AIRPORT,
300,UA,3516,2028-04-08,91835,3893,O,AIRPORT,
300,LH,402,2028-05-31,91884,3893,O,AIRPORT,
300,AZ,789,2028-07-27,99981,3893,O,AIRPORT,
300,LH,402,2028-07-11,99903,3893,O,AIRPORT,
300,AZ,789,2028-07-05,95784,3893,O,AIRPORT,
300,UA,3516,2028-04-30,96232,3893,O,AIRPORT,
300,UA,3516,2028-04-22,94515,3893,O,AIRPORT,
300,DL,1984,2028-07-24,98937,3893,O,AIRPORT,
300,DL,1984,2028-07-26,99054,3893,O,AIRPORT,
300,UA,3516,2028-11-13,128276,3893,O,AIRPORT,
300,LH,402,2028-09-22,115014,3893,O,AIRPORT,
300,UA,3516,2028-08-02,114430,3893,O,AIRPORT,
300,AZ,789,2028-11-09,114099,3893,O,AIRPORT,
300,UA,3516,2028-09-01,120475,3893,O,AIRPORT,
300,LH,455,2028-05-22,152082,3893,O,AIRPORT,
300,AZ,791,2028-07-16,153936,3893,O,AIRPORT,
300,UA,3517,2028-08-04,153553,3893,O,AIRPORT,
300,UA,3517,2028-07-02,147208,3893,O,AIRPORT,
300,UA,3517,2028-07-20,150502,3893,O,AIRPORT,
300,UA,3517,2028-09-07,160423,3893,O,AIRPORT,
300,AZ,791,2028-09-05,159589,3893,O,AIRPORT,
300,LH,455,2028-08-29,162913,3893,O,AIRPORT,
300,LH,455,2028-08-27,162895,3893,O,AIRPORT,
300,UA,3517,2028-08-24,157647,3893,O,AIRPORT,
300,LH,454,2028-07-06,131958,3893,O,AIRPORT,
300,LH,454,2028-07-06,131954,3893,O,AIRPORT,
300,UA,3517,2028-04-06,130232,3893,O,AIRPORT,
300,UA,3517,2028-06-27,146313,3893,O,AIRPORT,
300,LH,454,2028-09-10,141596,3893,O,AIRPORT,
300,UA,3517,2028-06-05,141903,3893,O,AIRPORT,
300,LH,455,2028-09-25,166605,3893,O,AIRPORT,
300,LH,2462,2028-10-16,267278,3893,O,AIRPORT,
300,LH,2463,2028-06-09,276418,3893,O,AIRPORT,
300,LH,2463,2028-05-24,274656,3893,O,AIRPORT,
300,LH,2463,2028-04-09,269440,3893,O,AIRPORT,
300,LH,2463,2028-05-17,273769,3893,O,AIRPORT,
300,LH,2463,2028-05-20,273977,3893,O,AIRPORT,
300,LH,2463,2028-04-27,271460,3893,O,AIRPORT,
300,LH,2415,2028-08-19,227137,3893,O,AIRPORT,
300,LH,2415,2028-09-24,231145,3893,O,AIRPORT,
300,LH,2462,2028-05-26,252381,3893,O,AIRPORT,
300,LH,2462,2028-04-02,246529,3893,O,AIRPORT,
300,LH,2436,2028-09-22,244491,3893,O,AIRPORT,
300,LH,2436,2028-09-24,244521,3893,O,AIRPORT,
300,LH,2463,2028-09-22,288506,3893,O,AIRPORT,
300,LH,3577,2028-04-07,292033,3893,O,AIRPORT,
300,LH,2463,2028-09-04,286255,3893,O,AIRPORT,
300,LH,2463,2028-09-06,286605,3893,O,AIRPORT,
300,LH,2463,2028-08-28,285265,3893,O,AIRPORT,
300,LH,3577,2028-07-06,302072,3893,O,AIRPORT,
300,LH,3577,2028-07-03,301929,3893,O,AIRPORT,
300,LH,3577,2028-08-21,307467,3893,O,AIRPORT,
300,LH,3577,2028-07-26,304324,3893,O,AIRPORT,
300,LH,3577,2028-08-04,305428,3893,O,AIRPORT,
300,LH,2407,2028-08-17,206718,3893,O,AIRPORT,
300,LH,2407,2028-05-11,195831,3893,O,AIRPORT,
300,LH,2407,2028-04-16,192939,3893,O,AIRPORT,
300,LH,2407,2028-04-09,192408,3893,O,AIRPORT,
300,LH,2407,2028-04-09,192407,3893,O,AIRPORT,
300,LH,2415,2028-06-15,221032,3893,O,AIRPORT,
300,LH,2415,2028-05-24,218873,3893,O,AIRPORT,
300,LH,2415,2028-05-15,217893,3893,O,AIRPORT,
300,LH,2415,2028-05-19,218301,3893,O,AIRPORT,
300,LH,2407,2028-09-06,209357,3893,O,AIRPORT,
300,LH,2415,2028-03-27,213227,3893,O,AIRPORT,
300,LH,2402,2028-04-16,170596,3893,O,AIRPORT,
300,LH,455,2028-11-06,168096,3893,O,AIRPORT,
300,LH,2402,2028-06-20,177690,3893,O,AIRPORT,
300,LH,2402,2028-06-13,177036,3893,O,AIRPORT,
300,LH,2402,2028-05-06,172881,3893,O,AIRPORT,
300,LH,400,2028-07-06,19818,930,O,AIRPORT,
300,LH,400,2028-07-03,19599,930,O,AIRPORT,
300,AZ,555,2028-07-09,20718,930,O,AIRPORT,
300,DL,106,2028-07-11,20826,930,O,AIRPORT,
300,AA,17,2028-04-24,5704,930,O,AIRPORT,
300,JL,407,2028-08-01,17825,930,O,AIRPORT,
300,UA,7,2028-07-28,17043,930,O,AIRPORT,
300,LH,400,2028-06-29,18666,930,O,AIRPORT,
300,LH,400,2028-07-01,18932,930,O,AIRPORT,
300,LH,400,2028-07-01,19038,930,O,AIRPORT,
300,AA,17,2028-06-26,18078,930,O,AIRPORT,
300,LH,401,2028-05-13,48969,930,O,AIRPORT,
300,UA,7,2028-04-12,2448,930,O,AIRPORT,
300,LH,401,2028-05-10,48231,930,O,AIRPORT,
300,DL,106,2028-04-08,2245,930,O,AIRPORT,
300,JL,407,2028-04-11,2183,930,O,AIRPORT,
300,AZ,555,2028-07-18,22340,930,O,AIRPORT,
300,AZ,555,2028-07-16,22068,930,O,AIRPORT,
300,DL,106,2028-07-26,23603,930,O,AIRPORT,
300,AA,17,2028-07-22,23368,930,O,AIRPORT,
300,AZ,555,2028-05-01,6975,930,O,AIRPORT,
300,AA,17,2028-05-16,10390,930,O,AIRPORT,
300,LH,400,2028-05-04,7425,930,O,AIRPORT,
300,QF,5,2028-05-04,7671,930,O,AIRPORT,
300,UA,7,2028-06-11,10725,930,O,AIRPORT,
300,JL,407,2028-06-08,10492,930,O,AIRPORT,
300,LH,400,2028-05-13,9494,930,O,AIRPORT,
300,AA,17,2028-05-10,9085,930,O,AIRPORT,
300,DL,106,2028-05-07,8150,930,O,AIRPORT,
300,JL,407,2028-05-22,7769,930,O,AIRPORT,
300,AA,17,2028-06-10,15119,930,O,AIRPORT,
300,LH,400,2028-06-13,15311,930,O,AIRPORT,
300,QF,5,2028-06-17,16337,930,O,AIRPORT,
300,LH,400,2028-06-18,16169,930,O,AIRPORT,
300,LH,400,2028-06-18,16202,930,O,AIRPORT,
300,QF,5,2028-05-28,12352,930,O,AIRPORT,
300,AZ,555,2028-05-25,11849,930,O,AIRPORT,
300,JL,407,2028-04-05,1410,930,O,AIRPORT,
300,AA,17,2028-05-30,13010,930,O,AIRPORT,
300,UA,7,2028-06-29,13064,930,O,AIRPORT,
300,UA,941,2028-05-03,32106,930,O,AIRPORT,
300,LH,400,2028-09-04,32065,930,O,AIRPORT,
300,LH,400,2028-09-06,32327,930,O,AIRPORT,
300,UA,941,2028-05-06,32330,930,O,AIRPORT,
300,AZ,555,2028-09-10,32905,930,O,AIRPORT,
300,JL,408,2028-05-04,31483,930,O,AIRPORT,
300,QF,5,2028-04-14,3513,930,O,AIRPORT,
300,LH,400,2028-09-17,35069,930,O,AIRPORT,
300,QF,5,2028-09-21,35053,930,O,AIRPORT,
300,JL,407,2028-04-18,3359,930,O,AIRPORT,
300,JL,408,2028-05-29,34338,930,O,AIRPORT,
300,JL,408,2028-05-29,34264,930,O,AIRPORT,
300,DL,106,2028-08-11,26762,930,O,AIRPORT,
300,DL,106,2028-08-06,26110,930,O,AIRPORT,
300,JL,408,2028-04-18,29641,930,O,AIRPORT,
300,DL,106,2028-08-27,29939,930,O,AIRPORT,
300,AA,17,2028-08-23,29409,930,O,AIRPORT,
300,DL,106,2028-08-24,29533,930,O,AIRPORT,
300,LH,400,2028-04-12,3056,930,O,AIRPORT,
300,JL,408,2028-04-07,28563,930,O,AIRPORT,
300,AZ,788,2028-04-13,41637,930,O,AIRPORT,
300,AA,17,2028-04-15,4182,930,O,AIRPORT,
300,JL,408,2028-08-12,42830,930,O,AIRPORT,
300,JL,408,2028-08-10,42380,930,O,AIRPORT,
300,JL,408,2028-09-13,46201,930,O,AIRPORT,
300,UA,941,2028-08-31,45692,930,O,AIRPORT,
300,QF,6,2028-05-23,45945,930,O,AIRPORT,
300,QF,6,2028-05-12,44657,930,O,AIRPORT,
300,AA,26,2028-05-10,44859,930,O,AIRPORT,
300,AA,17,2028-09-30,36542,930,O,AIRPORT,
300,AA,17,2028-10-09,37234,930,O,AIRPORT,
300,UA,941,2028-06-17,37123,930,O,AIRPORT,
300,LH,401,2028-03-29,40264,930,O,AIRPORT,
300,QF,6,2028-04-17,41140,930,O,AIRPORT,
300,UA,3504,2028-05-13,59681,930,O,AIRPORT,
300,AA,26,2028-08-23,59426,930,O,AIRPORT,
300,LH,401,2028-07-14,60933,930,O,AIRPORT,
300,AZ,788,2028-07-22,61066,930,O,AIRPORT,
300,QF,6,2028-09-03,60422,930,O,AIRPORT,
300,UA,3504,2028-05-04,57939,930,O,AIRPORT,
300,AZ,788,2028-07-04,57520,930,O,AIRPORT,
300,DL,1699,2028-07-13,58518,930,O,AIRPORT,
300,QF,6,2028-08-23,58585,930,O,AIRPORT,
300,LH,401,2028-07-30,64013,930,O,AIRPORT,
300,AZ,555,2028-03-26,68,930,O,AIRPORT,
300,AA,26,2028-09-30,64528,930,O,AIRPORT,
300,AZ,788,2028-08-11,64827,930,O,AIRPORT,
300,AA,26,2028-09-07,61737,930,O,AIRPORT,
300,UA,3504,2028-05-30,62980,930,O,AIRPORT,
300,AA,26,2028-09-18,63148,930,O,AIRPORT,
300,LH,401,2028-07-21,62607,930,O,AIRPORT,
300,AA,26,2028-06-26,51633,930,O,AIRPORT,
300,AZ,788,2028-06-07,52441,930,O,AIRPORT,
300,AA,26,2028-07-02,52470,930,O,AIRPORT,
300,AA,26,2028-07-02,52335,930,O,AIRPORT,
300,QF,6,2028-06-14,49311,930,O,AIRPORT,
300,DL,1699,2028-06-03,50633,930,O,AIRPORT,
300,AA,26,2028-06-14,49857,930,O,AIRPORT,
300,LH,401,2028-06-17,55648,930,O,AIRPORT,
300,UA,3504,2028-04-27,56617,930,O,AIRPORT,
300,AA,26,2028-08-05,57032,930,O,AIRPORT,
300,AA,26,2028-07-31,56306,930,O,AIRPORT,
300,QF,6,2028-07-13,53139,930,O,AIRPORT,
300,AA,64,2028-04-27,69651,930,O,AIRPORT,
300,AZ,788,2028-08-13,65240,930,O,AIRPORT,
300,LH,401,2028-08-17,67579,930,O,AIRPORT,
300,DL,1699,2028-08-29,67679,930,O,AIRPORT,
300,UA,3504,2028-06-24,67836,930,O,AIRPORT,
300,DL,1699,2028-08-31,67909,930,O,AIRPORT,
300,DL,1699,2028-08-27,67205,930,O,AIRPORT,
300,AZ,789,2028-05-16,86331,930,O,AIRPORT,
300,DL,1984,2028-05-29,87826,930,O,AIRPORT,
300,DL,1984,2028-05-27,87509,930,O,AIRPORT,
300,AA,64,2028-06-13,74976,930,O,AIRPORT,
300,DL,1984,2028-03-28,75549,930,O,AIRPORT,
300,LH,401,2028-09-21,75413,930,O,AIRPORT,
300,LH,401,2028-09-17,74504,930,O,AIRPORT,
300,LH,401,2028-09-26,76517,930,O,AIRPORT,
300,AA,64,2028-05-17,71985,930,O,AIRPORT,
300,AA,64,2028-05-15,71719,930,O,AIRPORT,
300,AZ,788,2028-09-18,72570,930,O,AIRPORT,
300,AA,64,2028-08-30,83568,930,O,AIRPORT,
300,DL,1984,2028-04-10,78523,930,O,AIRPORT,
300,AZ,789,2028-04-02,77577,930,O,AIRPORT,
300,DL,1984,2028-04-23,80949,930,O,AIRPORT,
300,AZ,789,2028-04-15,80081,930,O,AIRPORT,
300,AZ,789,2028-08-18,104308,930,O,AIRPORT,
300,AZ,789,2028-08-27,106010,930,O,AIRPORT,
300,LH,402,2028-07-17,101042,930,O,AIRPORT,
300,DL,1984,2028-08-06,101495,930,O,AIRPORT,
300,UA,3516,2028-05-21,100245,930,O,AIRPORT,
300,UA,3516,2028-07-06,109249,930,O,AIRPORT,
300,DL,1984,2028-09-02,106513,930,O,AIRPORT,
300,UA,3516,2028-04-04,90760,930,O,AIRPORT,
300,LH,402,2028-05-16,88830,930,O,AIRPORT,
300,UA,3516,2028-03-26,89365,930,O,AIRPORT,
300,LH,402,2028-05-27,91278,930,O,AIRPORT,
300,LH,402,2028-07-08,99639,930,O,AIRPORT,
300,DL,1984,2028-07-28,99578,930,O,AIRPORT,
300,UA,3516,2028-05-16,99259,930,O,AIRPORT,
300,AZ,789,2028-07-27,99942,930,O,AIRPORT,
300,LH,402,2028-06-21,95929,930,O,AIRPORT,
300,LH,402,2028-06-23,96412,930,O,AIRPORT,
300,AZ,789,2028-07-22,99133,930,O,AIRPORT,
300,DL,1984,2028-07-24,98650,930,O,AIRPORT,
300,LH,454,2028-05-17,125151,930,O,AIRPORT,
300,UA,3516,2028-09-23,125205,930,O,AIRPORT,
300,LH,454,2028-05-20,125191,930,O,AIRPORT,
300,LH,454,2028-05-17,124922,930,O,AIRPORT,
300,LH,454,2028-05-04,123108,930,O,AIRPORT,
300,AZ,790,2028-07-07,128747,930,O,AIRPORT,
300,UA,3516,2028-08-31,120253,930,O,AIRPORT,
300,AZ,790,2028-05-21,122046,930,O,AIRPORT,
300,LH,454,2028-04-21,121205,930,O,AIRPORT,
300,AZ,790,2028-05-03,119697,930,O,AIRPORT,
300,AZ,791,2028-07-21,154486,930,O,AIRPORT,
300,LH,455,2028-06-03,153257,930,O,AIRPORT,
300,UA,3517,2028-08-04,153511,930,O,AIRPORT,
300,AZ,791,2028-09-08,159889,930,O,AIRPORT,
300,AZ,791,2028-09-05,159555,930,O,AIRPORT,
300,AZ,791,2028-07-25,154877,930,O,AIRPORT,
300,AZ,791,2028-07-25,155026,930,O,AIRPORT,
300,LH,455,2028-06-18,155048,930,O,AIRPORT,
300,AZ,791,2028-08-30,158962,930,O,AIRPORT,
300,UA,3517,2028-05-05,135764,930,O,AIRPORT,
300,LH,454,2028-07-23,134314,930,O,AIRPORT,
300,AZ,790,2028-07-31,132029,930,O,AIRPORT,
300,LH,454,2028-09-22,143422,930,O,AIRPORT,
300,LH,455,2028-04-03,146542,930,O,AIRPORT,
300,UA,3517,2028-06-18,144675,930,O,AIRPORT,
300,LH,2462,2028-09-21,266232,930,O,AIRPORT,
300,LH,2462,2028-06-20,255191,930,O,AIRPORT,
300,LH,2462,2028-08-01,259837,930,O,AIRPORT,
300,LH,2462,2028-07-19,258351,930,O,AIRPORT,
300,LH,2463,2028-05-24,274492,930,O,AIRPORT,
300,LH,2463,2028-03-29,268210,930,O,AIRPORT,
300,LH,2436,2028-07-10,239374,930,O,AIRPORT,
300,LH,2436,2028-07-21,240048,930,O,AIRPORT,
300,LH,2415,2028-08-31,228498,930,O,AIRPORT,
300,LH,2462,2028-05-10,250715,930,O,AIRPORT,
300,LH,2462,2028-05-19,251632,930,O,AIRPORT,
300,LH,2462,2028-05-26,252372,930,O,AIRPORT,
300,LH,2462,2028-04-07,246854,930,O,AIRPORT,
300,LH,2463,2028-10-05,289670,930,O,AIRPORT,
300,LH,2463,2028-09-15,287926,930,O,AIRPORT,
300,LH,2463,2028-09-11,287430,930,O,AIRPORT,
300,LH,3577,2028-04-21,293536,930,O,AIRPORT,
300,LH,3577,2028-07-08,302366,930,O,AIRPORT,
300,LH,3577,2028-07-03,301803,930,O,AIRPORT,
300,LH,3577,2028-08-17,306894,930,O,AIRPORT,
300,LH,3577,2028-06-11,299390,930,O,AIRPORT,
300,LH,3577,2028-06-02,298331,930,O,AIRPORT,
300,LH,2407,2028-07-03,201909,930,O,AIRPORT,
300,LH,2407,2028-06-24,200888,930,O,AIRPORT,
300,LH,2407,2028-07-14,203125,930,O,AIRPORT,
300,LH,2407,2028-07-06,202039,930,O,AIRPORT,
300,LH,2402,2028-10-12,189962,930,O,AIRPORT,
300,LH,2402,2028-10-25,190439,930,O,AIRPORT,
300,LH,2402,2028-09-19,188438,930,O,AIRPORT,
300,LH,2407,2028-05-17,196656,930,O,AIRPORT,
300,LH,2415,2028-08-10,226272,930,O,AIRPORT,
300,LH,2415,2028-08-01,225389,930,O,AIRPORT,
300,LH,2415,2028-05-01,216594,930,O,AIRPORT,
300,LH,2402,2028-07-21,181341,930,O,AIRPORT,
300,LH,2402,2028-09-10,187245,930,O,AIRPORT,
300,LH,2402,2028-08-17,184320,930,O,AIRPORT,
300,LH,2402,2028-03-29,168462,930,O,AIRPORT,
300,LH,2402,2028-05-13,173448,930,O,AIRPORT,
300,QF,5,2028-07-07,20177,929,O,AIRPORT,
300,QF,5,2028-07-07,20265,929,O,AIRPORT,
300,UA,7,2028-08-28,21436,929,O,AIRPORT,
300,UA,7,2028-07-30,17511,929,O,AIRPORT,
300,UA,7,2028-07-26,16916,929,O,AIRPORT,
300,UA,7,2028-07-30,17292,929,O,AIRPORT,
300,AA,17,2028-06-21,17062,929,O,AIRPORT,
300,JL,407,2028-08-10,18860,929,O,AIRPORT,
300,JL,407,2028-08-08,18659,929,O,AIRPORT,
300,JL,407,2028-08-12,19189,929,O,AIRPORT,
300,JL,407,2028-05-01,4966,929,O,AIRPORT,
300,LH,400,2028-04-18,4705,929,O,AIRPORT,
300,JL,408,2028-10-07,48275,929,O,AIRPORT,
300,DL,1699,2028-05-20,47873,929,O,AIRPORT,
300,QF,6,2028-06-06,48036,929,O,AIRPORT,
300,LH,400,2028-07-17,22201,929,O,AIRPORT,
300,AA,17,2028-05-03,7487,929,O,AIRPORT,
300,AZ,555,2028-05-03,7650,929,O,AIRPORT,
300,UA,7,2028-06-18,11551,929,O,AIRPORT,
300,UA,7,2028-06-13,11017,929,O,AIRPORT,
300,DL,106,2028-05-16,9643,929,O,AIRPORT,
300,JL,407,2028-05-30,9083,929,O,AIRPORT,
300,LH,400,2028-05-06,8231,929,O,AIRPORT,
300,UA,7,2028-05-22,7912,929,O,AIRPORT,
300,UA,7,2028-05-29,8809,929,O,AIRPORT,
300,AA,17,2028-05-07,8378,929,O,AIRPORT,
300,LH,400,2028-06-18,16452,929,O,AIRPORT,
300,JL,407,2028-07-16,15690,929,O,AIRPORT,
300,DL,106,2028-06-16,15756,929,O,AIRPORT,
300,AZ,555,2028-05-30,12826,929,O,AIRPORT,
300,AA,17,2028-05-30,12665,929,O,AIRPORT,
300,QF,5,2028-05-30,12751,929,O,AIRPORT,
300,AZ,555,2028-04-26,6295,929,O,AIRPORT,
300,AA,17,2028-05-28,12333,929,O,AIRPORT,
300,DL,106,2028-06-03,13109,929,O,AIRPORT,
300,UA,7,2028-06-29,13048,929,O,AIRPORT,
300,LH,400,2028-09-08,33039,929,O,AIRPORT,
300,UA,941,2028-04-24,31014,929,O,AIRPORT,
300,QF,5,2028-09-01,30961,929,O,AIRPORT,
300,LH,400,2028-09-17,35034,929,O,AIRPORT,
300,AA,17,2028-09-23,35584,929,O,AIRPORT,
300,AA,17,2028-09-14,33811,929,O,AIRPORT,
300,JL,407,2028-04-18,3394,929,O,AIRPORT,
300,DL,106,2028-09-20,34688,929,O,AIRPORT,
300,UA,7,2028-04-21,3407,929,O,AIRPORT,
300,JL,407,2028-11-14,27118,929,O,AIRPORT,
300,AZ,555,2028-08-12,27269,929,O,AIRPORT,
300,LH,400,2028-08-04,25591,929,O,AIRPORT,
300,DL,106,2028-08-02,25177,929,O,AIRPORT,
300,JL,407,2028-09-26,25470,929,O,AIRPORT,
300,LH,400,2028-08-26,29819,929,O,AIRPORT,
300,QF,5,2028-08-23,29514,929,O,AIRPORT,
300,QF,5,2028-08-26,29979,929,O,AIRPORT,
300,DL,106,2028-08-29,30251,929,O,AIRPORT,
300,AZ,555,2028-04-08,2825,929,O,AIRPORT,
300,AA,17,2028-08-18,28586,929,O,AIRPORT,
300,QF,6,2028-05-07,43768,929,O,AIRPORT,
300,LH,401,2028-04-11,42661,929,O,AIRPORT,
300,JL,408,2028-09-13,46337,929,O,AIRPORT,
300,JL,407,2028-04-29,4691,929,O,AIRPORT,
300,AA,26,2028-05-07,44758,929,O,AIRPORT,
300,AZ,788,2028-04-28,44652,929,O,AIRPORT,
300,DL,1699,2028-05-05,44974,929,O,AIRPORT,
300,LH,401,2028-04-25,45180,929,O,AIRPORT,
300,JL,408,2028-06-29,37797,929,O,AIRPORT,
300,QF,6,2028-03-28,38302,929,O,AIRPORT,
300,DL,1699,2028-03-30,38227,929,O,AIRPORT,
300,UA,941,2028-06-28,38208,929,O,AIRPORT,
300,LH,400,2028-10-12,38332,929,O,AIRPORT,
300,AA,17,2028-10-11,37303,929,O,AIRPORT,
300,JL,408,2028-06-24,37305,929,O,AIRPORT,
300,QF,6,2028-04-11,40289,929,O,AIRPORT,
300,JL,408,2028-08-01,41458,929,O,AIRPORT,
300,DL,1699,2028-04-08,39656,929,O,AIRPORT,
300,QF,5,2028-03-27,119,929,O,AIRPORT,
300,UA,3504,2028-05-15,59949,929,O,AIRPORT,
300,AZ,788,2028-07-13,59251,929,O,AIRPORT,
300,DL,1699,2028-08-15,65057,929,O,AIRPORT,
300,LH,401,2028-08-03,65057,929,O,AIRPORT,
300,DL,106,2028-03-30,729,929,O,AIRPORT,
300,AZ,788,2028-08-09,64736,929,O,AIRPORT,
300,DL,1699,2028-07-31,61949,929,O,AIRPORT,
300,QF,6,2028-09-10,61251,929,O,AIRPORT,
300,QF,6,2028-09-10,61328,929,O,AIRPORT,
300,QF,6,2028-09-21,62881,929,O,AIRPORT,
300,LH,401,2028-07-21,62587,929,O,AIRPORT,
300,QF,6,2028-06-12,49009,929,O,AIRPORT,
300,AA,26,2028-07-27,55853,929,O,AIRPORT,
300,DL,1699,2028-07-04,56884,929,O,AIRPORT,
300,UA,3504,2028-04-25,56266,929,O,AIRPORT,
300,QF,6,2028-08-05,56358,929,O,AIRPORT,
300,LH,401,2028-08-21,68645,929,O,AIRPORT,
300,AZ,788,2028-09-05,69719,929,O,AIRPORT,
300,DL,1699,2028-08-20,65892,929,O,AIRPORT,
300,AA,26,2028-10-31,65796,929,O,AIRPORT,
300,LH,401,2028-08-17,67732,929,O,AIRPORT,
300,LH,401,2028-08-19,67932,929,O,AIRPORT,
300,LH,401,2028-08-12,66653,929,O,AIRPORT,
300,LH,401,2028-08-14,67209,929,O,AIRPORT,
300,LH,402,2028-05-07,87093,929,O,AIRPORT,
300,LH,401,2028-09-21,75678,929,O,AIRPORT,
300,AA,64,2028-06-08,74377,929,O,AIRPORT,
300,AZ,788,2028-10-02,74349,929,O,AIRPORT,
300,LH,401,2028-09-24,76155,929,O,AIRPORT,
300,AZ,788,2028-09-07,70396,929,O,AIRPORT,
300,LH,401,2028-09-01,71225,929,O,AIRPORT,
300,AZ,788,2028-09-20,72835,929,O,AIRPORT,
300,AA,64,2028-08-19,82485,929,O,AIRPORT,
300,DL,1984,2028-04-30,82136,929,O,AIRPORT,
300,UA,3504,2028-09-06,82857,929,O,AIRPORT,
300,LH,402,2028-04-15,82856,929,O,AIRPORT,
300,UA,3504,2028-09-10,83419,929,O,AIRPORT,
300,AZ,789,2028-05-03,83484,929,O,AIRPORT,
300,UA,3504,2028-08-26,79924,929,O,AIRPORT,
300,UA,3504,2028-08-26,80035,929,O,AIRPORT,
300,DL,1984,2028-11-04,113255,929,O,AIRPORT,
300,AZ,789,2028-08-20,104697,929,O,AIRPORT,
300,DL,1984,2028-08-20,103811,929,O,AIRPORT,
300,LH,402,2028-07-31,103861,929,O,AIRPORT,
300,DL,1984,2028-08-29,105838,929,O,AIRPORT,
300,LH,402,2028-08-11,105992,929,O,AIRPORT,
300,DL,1984,2028-08-06,101176,929,O,AIRPORT,
300,LH,402,2028-07-17,101111,929,O,AIRPORT,
300,UA,3516,2028-05-27,101540,929,O,AIRPORT,
300,AZ,789,2028-08-05,101893,929,O,AIRPORT,
300,DL,1984,2028-08-09,101776,929,O,AIRPORT,
300,LH,402,2028-07-24,102357,929,O,AIRPORT,
300,DL,1984,2028-09-20,110168,929,O,AIRPORT,
300,LH,402,2028-09-02,110542,929,O,AIRPORT,
300,LH,402,2028-09-09,111925,929,O,AIRPORT,
300,DL,1984,2028-10-06,111763,929,O,AIRPORT,
300,LH,402,2028-08-18,107394,929,O,AIRPORT,
300,UA,3516,2028-04-15,93251,929,O,AIRPORT,
300,UA,3516,2028-04-17,93381,929,O,AIRPORT,
300,LH,402,2028-06-03,92569,929,O,AIRPORT,
300,UA,3516,2028-05-03,96445,929,O,AIRPORT,
300,DL,1984,2028-07-20,98011,929,O,AIRPORT,
300,UA,3516,2028-05-14,98993,929,O,AIRPORT,
300,LH,402,2028-06-27,97156,929,O,AIRPORT,
300,AZ,789,2028-07-09,96813,929,O,AIRPORT,
300,LH,454,2028-05-17,125145,929,O,AIRPORT,
300,UA,3516,2028-09-18,124429,929,O,AIRPORT,
300,AZ,790,2028-06-06,124239,929,O,AIRPORT,
300,UA,3517,2028-03-28,128379,929,O,AIRPORT,
300,UA,3517,2028-03-30,129071,929,O,AIRPORT,
300,UA,3516,2028-10-15,127388,929,O,AIRPORT,
300,AZ,790,2028-04-08,116354,929,O,AIRPORT,
300,LH,402,2028-09-16,113611,929,O,AIRPORT,
300,AZ,790,2028-05-05,120064,929,O,AIRPORT,
300,AZ,790,2028-05-16,121428,929,O,AIRPORT,
300,UA,3516,2028-08-27,119368,929,O,AIRPORT,
300,UA,3517,2028-07-11,149067,929,O,AIRPORT,
300,AZ,791,2028-09-10,160186,929,O,AIRPORT,
300,AZ,791,2028-09-01,159091,929,O,AIRPORT,
300,UA,3517,2028-09-13,162530,929,O,AIRPORT,
300,AZ,791,2028-10-02,162206,929,O,AIRPORT,
300,LH,455,2028-08-27,162753,929,O,AIRPORT,
300,LH,455,2028-08-18,161698,929,O,AIRPORT,
300,LH,455,2028-07-04,156870,929,O,AIRPORT,
300,AZ,790,2028-08-25,135580,929,O,AIRPORT,
300,LH,454,2028-07-23,134445,929,O,AIRPORT,
300,AZ,790,2028-07-27,131315,929,O,AIRPORT,
300,LH,454,2028-07-03,131467,929,O,AIRPORT,
300,UA,3517,2028-04-12,131530,929,O,AIRPORT,
300,UA,3517,2028-04-06,130263,929,O,AIRPORT,
300,UA,3517,2028-06-25,145764,929,O,AIRPORT,
300,UA,3517,2028-06-18,144534,929,O,AIRPORT,
300,AZ,790,2028-10-02,140205,929,O,AIRPORT,
300,AZ,790,2028-09-21,139235,929,O,AIRPORT,
300,LH,454,2028-09-15,142344,929,O,AIRPORT,
300,AZ,790,2028-10-11,140565,929,O,AIRPORT,
300,AZ,790,2028-10-09,140554,929,O,AIRPORT,
300,LH,455,2028-09-16,165465,929,O,AIRPORT,
300,LH,2462,2028-08-14,261414,929,O,AIRPORT,
300,LH,2462,2028-08-21,262144,929,O,AIRPORT,
300,LH,2462,2028-09-08,264338,929,O,AIRPORT,
300,LH,2462,2028-07-14,257983,929,O,AIRPORT,
300,LH,2462,2028-06-28,256223,929,O,AIRPORT,
300,LH,2462,2028-08-05,260310,929,O,AIRPORT,
300,LH,2463,2028-07-10,279857,929,O,AIRPORT,
300,LH,2463,2028-04-23,271058,929,O,AIRPORT,
300,LH,2436,2028-05-20,235961,929,O,AIRPORT,
300,LH,2415,2028-09-26,231234,929,O,AIRPORT,
300,LH,2462,2028-05-06,250261,929,O,AIRPORT,
300,LH,2462,2028-04-25,249012,929,O,AIRPORT,
300,LH,2436,2028-08-19,241933,929,O,AIRPORT,
300,LH,3577,2028-10-01,312092,929,O,AIRPORT,
300,LH,2463,2028-09-26,289183,929,O,AIRPORT,
300,LH,3577,2028-07-17,303342,929,O,AIRPORT,
300,LH,3577,2028-08-15,306535,929,O,AIRPORT,
300,LH,3577,2028-08-12,306512,929,O,AIRPORT,
300,LH,3577,2028-05-15,296334,929,O,AIRPORT,
300,LH,3577,2028-05-20,297015,929,O,AIRPORT,
300,LH,3577,2028-04-27,294467,929,O,AIRPORT,
300,LH,3577,2028-06-13,299572,929,O,AIRPORT,
300,LH,2407,2028-07-26,204410,929,O,AIRPORT,
300,LH,2407,2028-07-26,204385,929,O,AIRPORT,
300,LH,2407,2028-05-08,195500,929,O,AIRPORT,
300,LH,2407,2028-05-02,194750,929,O,AIRPORT,
300,LH,2407,2028-04-16,193147,929,O,AIRPORT,
300,LH,2407,2028-04-27,194277,929,O,AIRPORT,
300,LH,2415,2028-07-23,224618,929,O,AIRPORT,
300,LH,2415,2028-07-05,222876,929,O,AIRPORT,
300,LH,2402,2028-07-26,181841,929,O,AIRPORT,
300,LH,2402,2028-07-03,179392,929,O,AIRPORT,
300,LH,2402,2028-09-04,186592,929,O,AIRPORT,
300,LH,2402,2028-08-21,184917,929,O,AIRPORT,
300,LH,2402,2028-05-31,175499,929,O,AIRPORT,
300,JL,407,2028-08-17,19999,2229,O,AIRPORT,
300,DL,106,2028-07-08,20341,2229,O,AIRPORT,
300,JL,407,2028-08-26,21232,2229,O,AIRPORT,
300,UA,7,2028-08-24,20773,2229,O,AIRPORT,
300,AZ,555,2028-06-23,17690,2229,O,AIRPORT,
300,DL,106,2028-06-21,16824,2229,O,AIRPORT,
300,JL,407,2028-07-25,16821,2229,O,AIRPORT,
300,AA,17,2028-04-24,5739,2229,O,AIRPORT,
300,LH,400,2028-06-27,18247,2229,O,AIRPORT,
300,LH,400,2028-04-07,2449,2229,O,AIRPORT,
300,UA,7,2028-04-30,4927,2229,O,AIRPORT,
300,DL,1699,2028-05-16,47127,2229,O,AIRPORT,
300,DL,106,2028-04-21,5135,2229,O,AIRPORT,
300,JL,407,2028-04-11,2216,2229,O,AIRPORT,
300,UA,7,2028-09-10,23762,2229,O,AIRPORT,
300,QF,5,2028-07-28,24105,2229,O,AIRPORT,
300,JL,407,2028-09-12,23606,2229,O,AIRPORT,
300,UA,7,2028-05-13,6562,2229,O,AIRPORT,
300,DL,106,2028-05-18,10271,2229,O,AIRPORT,
300,AZ,555,2028-05-01,7317,2229,O,AIRPORT,
300,AA,17,2028-05-12,9422,2229,O,AIRPORT,
300,DL,106,2028-05-16,9804,2229,O,AIRPORT,
300,DL,106,2028-05-07,8037,2229,O,AIRPORT,
300,AA,17,2028-05-07,8337,2229,O,AIRPORT,
300,AZ,555,2028-05-05,7906,2229,O,AIRPORT,
300,AZ,555,2028-04-02,1493,2229,O,AIRPORT,
300,QF,5,2028-06-08,14508,2229,O,AIRPORT,
300,AZ,555,2028-06-19,16660,2229,O,AIRPORT,
300,QF,5,2028-06-15,15982,2229,O,AIRPORT,
300,AZ,555,2028-06-03,13818,2229,O,AIRPORT,
300,UA,7,2028-06-29,13152,2229,O,AIRPORT,
300,QF,5,2028-06-04,13561,2229,O,AIRPORT,
300,JL,407,2028-05-08,6153,2229,O,AIRPORT,
300,UA,941,2028-05-08,32622,2229,O,AIRPORT,
300,DL,106,2028-09-13,33296,2229,O,AIRPORT,
300,LH,400,2028-09-08,32992,2229,O,AIRPORT,
300,JL,408,2028-05-02,31340,2229,O,AIRPORT,
300,AA,17,2028-09-21,35195,2229,O,AIRPORT,
300,QF,5,2028-09-21,35010,2229,O,AIRPORT,
300,DL,106,2028-10-01,35920,2229,O,AIRPORT,
300,AZ,555,2028-07-31,25071,2229,O,AIRPORT,
300,JL,408,2028-06-11,35780,2229,O,AIRPORT,
300,AA,17,2028-09-25,36017,2229,O,AIRPORT,
300,AA,17,2028-04-11,3396,2229,O,AIRPORT,
300,AA,17,2028-09-12,33375,2229,O,AIRPORT,
300,JL,408,2028-03-29,27586,2229,O,AIRPORT,
300,AZ,555,2028-08-12,27379,2229,O,AIRPORT,
300,DL,106,2028-08-09,26409,2229,O,AIRPORT,
300,AA,17,2028-08-25,29566,2229,O,AIRPORT,
300,AZ,555,2028-08-29,30610,2229,O,AIRPORT,
300,DL,106,2028-08-27,29984,2229,O,AIRPORT,
300,AZ,555,2028-08-27,30293,2229,O,AIRPORT,
300,AZ,555,2028-08-16,28351,2229,O,AIRPORT,
300,AZ,555,2028-08-16,28378,2229,O,AIRPORT,
300,AZ,788,2028-04-22,43350,2229,O,AIRPORT,
300,DL,1699,2028-04-30,44270,2229,O,AIRPORT,
300,JL,408,2028-08-26,44162,2229,O,AIRPORT,
300,LH,401,2028-04-16,43620,2229,O,AIRPORT,
300,UA,941,2028-07-27,41591,2229,O,AIRPORT,
300,AA,26,2028-04-15,41597,2229,O,AIRPORT,
300,DL,1699,2028-04-21,42429,2229,O,AIRPORT,
300,JL,408,2028-08-10,42479,2229,O,AIRPORT,
300,JL,408,2028-09-17,46796,2229,O,AIRPORT,
300,QF,6,2028-05-30,46949,2229,O,AIRPORT,
300,DL,1699,2028-05-05,44966,2229,O,AIRPORT,
300,AA,17,2028-04-17,4563,2229,O,AIRPORT,
300,LH,401,2028-04-25,45531,2229,O,AIRPORT,
300,JL,408,2028-09-02,45052,2229,O,AIRPORT,
300,AZ,788,2028-03-28,38534,2229,O,AIRPORT,
300,QF,5,2028-10-05,36514,2229,O,AIRPORT,
300,UA,941,2028-06-19,37434,2229,O,AIRPORT,
300,QF,6,2028-04-04,39324,2229,O,AIRPORT,
300,LH,400,2028-11-10,39415,2229,O,AIRPORT,
300,DL,1699,2028-04-06,39144,2229,O,AIRPORT,
300,UA,941,2028-07-14,40057,2229,O,AIRPORT,
300,LH,401,2028-07-07,59871,2229,O,AIRPORT,
300,UA,3504,2028-05-15,60089,2229,O,AIRPORT,
300,QF,6,2028-08-25,59111,2229,O,AIRPORT,
300,AZ,788,2028-07-11,59032,2229,O,AIRPORT,
300,AA,26,2028-09-25,64017,2229,O,AIRPORT,
300,DL,1699,2028-08-09,63904,2229,O,AIRPORT,
300,AA,26,2028-10-11,65094,2229,O,AIRPORT,
300,AA,26,2028-09-30,64516,2229,O,AIRPORT,
300,QF,6,2028-10-22,64687,2229,O,AIRPORT,
300,DL,1699,2028-07-28,61646,2229,O,AIRPORT,
300,QF,6,2028-09-23,63190,2229,O,AIRPORT,
300,AA,26,2028-09-12,62296,2229,O,AIRPORT,
300,QF,6,2028-09-18,62360,2229,O,AIRPORT,
300,AZ,788,2028-05-23,49549,2229,O,AIRPORT,
300,AA,26,2028-06-19,50654,2229,O,AIRPORT,
300,AZ,788,2028-06-21,55074,2229,O,AIRPORT,
300,QF,6,2028-08-07,56511,2229,O,AIRPORT,
300,AA,26,2028-07-07,53044,2229,O,AIRPORT,
300,AA,64,2028-04-18,68663,2229,O,AIRPORT,
300,AZ,788,2028-08-29,68597,2229,O,AIRPORT,
300,LH,401,2028-08-26,69508,2229,O,AIRPORT,
300,AA,64,2028-04-27,69798,2229,O,AIRPORT,
300,UA,3504,2028-07-01,68958,2229,O,AIRPORT,
300,DL,1699,2028-08-22,66219,2229,O,AIRPORT,
300,DL,1699,2028-08-22,66199,2229,O,AIRPORT,
300,LH,401,2028-08-10,66532,2229,O,AIRPORT,
300,LH,401,2028-08-14,67250,2229,O,AIRPORT,
300,DL,1984,2028-05-18,85879,2229,O,AIRPORT,
300,AZ,789,2028-05-21,86991,2229,O,AIRPORT,
300,UA,3504,2028-09-24,86801,2229,O,AIRPORT,
300,UA,3504,2028-09-30,87504,2229,O,AIRPORT,
300,AA,64,2028-06-13,74864,2229,O,AIRPORT,
300,DL,1984,2028-03-28,75585,2229,O,AIRPORT,
300,DL,1699,2028-11-15,75505,2229,O,AIRPORT,
300,DL,1699,2028-10-06,74372,2229,O,AIRPORT,
300,DL,1984,2028-04-01,76844,2229,O,AIRPORT,
300,AA,64,2028-06-22,75949,2229,O,AIRPORT,
300,DL,1984,2028-04-01,76476,2229,O,AIRPORT,
300,LH,401,2028-08-31,70731,2229,O,AIRPORT,
300,AZ,788,2028-09-11,71218,2229,O,AIRPORT,
300,UA,3504,2028-07-25,73754,2229,O,AIRPORT,
300,AA,64,2028-06-02,73729,2229,O,AIRPORT,
300,AA,64,2028-06-02,73671,2229,O,AIRPORT,
300,UA,3504,2028-07-21,72933,2229,O,AIRPORT,
300,LH,402,2028-04-08,81725,2229,O,AIRPORT,
300,LH,402,2028-04-21,84428,2229,O,AIRPORT,
300,DL,1984,2028-04-12,78814,2229,O,AIRPORT,
300,UA,3504,2028-08-19,78808,2229,O,AIRPORT,
300,AZ,789,2028-04-08,78934,2229,O,AIRPORT,
300,DL,1984,2028-04-08,77973,2229,O,AIRPORT,
300,LH,401,2028-10-11,77695,2229,O,AIRPORT,
300,AA,64,2028-08-03,80605,2229,O,AIRPORT,
300,UA,3504,2028-08-28,80497,2229,O,AIRPORT,
300,LH,402,2028-03-30,79765,2229,O,AIRPORT,
300,UA,3516,2028-06-10,104191,2229,O,AIRPORT,
300,LH,402,2028-08-02,104277,2229,O,AIRPORT,
300,DL,1984,2028-08-20,103889,2229,O,AIRPORT,
300,DL,1984,2028-08-31,106024,2229,O,AIRPORT,
300,DL,1984,2028-08-04,101095,2229,O,AIRPORT,
300,LH,402,2028-07-22,101918,2229,O,AIRPORT,
300,AZ,789,2028-09-16,110231,2229,O,AIRPORT,
300,AZ,789,2028-09-12,109327,2229,O,AIRPORT,
300,LH,402,2028-08-29,109608,2229,O,AIRPORT,
300,DL,1984,2028-10-06,111980,2229,O,AIRPORT,
300,LH,402,2028-09-04,111123,2229,O,AIRPORT,
300,LH,402,2028-08-24,108426,2229,O,AIRPORT,
300,DL,1984,2028-06-09,90179,2229,O,AIRPORT,
300,AZ,789,2028-06-08,90642,2229,O,AIRPORT,
300,UA,3504,2028-10-29,88707,2229,O,AIRPORT,
300,UA,3516,2028-03-26,89399,2229,O,AIRPORT,
300,AZ,789,2028-07-25,99660,2229,O,AIRPORT,
300,DL,1984,2028-06-29,94124,2229,O,AIRPORT,
300,DL,1984,2028-07-06,95206,2229,O,AIRPORT,
300,LH,402,2028-07-04,98705,2229,O,AIRPORT,
300,LH,402,2028-07-04,98559,2229,O,AIRPORT,
300,LH,402,2028-06-27,97369,2229,O,AIRPORT,
300,AZ,790,2028-05-28,123137,2229,O,AIRPORT,
300,LH,454,2028-06-18,129428,2229,O,AIRPORT,
300,UA,3517,2028-03-30,129175,2229,O,AIRPORT,
300,LH,454,2028-05-31,126806,2229,O,AIRPORT,
300,AZ,790,2028-05-10,120542,2229,O,AIRPORT,
300,LH,454,2028-04-03,118844,2229,O,AIRPORT,
300,AZ,791,2028-07-05,152720,2229,O,AIRPORT,
300,LH,455,2028-04-06,146805,2229,O,AIRPORT,
300,UA,3517,2028-09-01,159414,2229,O,AIRPORT,
300,UA,3517,2028-08-18,156430,2229,O,AIRPORT,
300,LH,455,2028-07-08,157388,2229,O,AIRPORT,
300,UA,3517,2028-08-24,157781,2229,O,AIRPORT,
300,LH,454,2028-08-01,135566,2229,O,AIRPORT,
300,UA,3517,2028-04-26,134130,2229,O,AIRPORT,
300,AZ,791,2028-04-18,143950,2229,O,AIRPORT,
300,LH,454,2028-10-03,144631,2229,O,AIRPORT,
300,UA,3517,2028-05-20,139142,2229,O,AIRPORT,
300,AZ,791,2028-03-31,142154,2229,O,AIRPORT,
300,LH,455,2028-09-22,166167,2229,O,AIRPORT,
300,LH,2462,2028-08-26,262557,2229,O,AIRPORT,
300,LH,2462,2028-08-23,262535,2229,O,AIRPORT,
300,LH,2462,2028-08-17,261669,2229,O,AIRPORT,
300,LH,2462,2028-08-17,261745,2229,O,AIRPORT,
300,LH,2462,2028-09-06,264152,2229,O,AIRPORT,
300,LH,2462,2028-09-10,264663,2229,O,AIRPORT,
300,LH,2462,2028-07-14,257822,2229,O,AIRPORT,
300,LH,2463,2028-07-10,279716,2229,O,AIRPORT,
300,LH,2436,2028-05-31,236756,2229,O,AIRPORT,
300,LH,2415,2028-08-30,228323,2229,O,AIRPORT,
300,LH,2415,2028-08-30,228370,2229,O,AIRPORT,
300,LH,2415,2028-09-11,229737,2229,O,AIRPORT,
300,LH,2436,2028-04-07,233269,2229,O,AIRPORT,
300,LH,2462,2028-05-06,250239,2229,O,AIRPORT,
300,LH,2462,2028-05-24,252148,2229,O,AIRPORT,
300,LH,2462,2028-04-11,247466,2229,O,AIRPORT,
300,LH,3577,2028-09-06,309330,2229,O,AIRPORT,
300,LH,3577,2028-09-17,310990,2229,O,AIRPORT,
300,LH,3577,2028-09-19,311277,2229,O,AIRPORT,
300,LH,3577,2028-03-31,291363,2229,O,AIRPORT,
300,LH,2463,2028-07-19,280887,2229,O,AIRPORT,
300,LH,2463,2028-07-26,281531,2229,O,AIRPORT,
300,LH,3577,2028-07-14,303091,2229,O,AIRPORT,
300,LH,3577,2028-06-13,299645,2229,O,AIRPORT,
300,LH,3577,2028-06-22,300723,2229,O,AIRPORT,
300,LH,2407,2028-07-03,201710,2229,O,AIRPORT,
300,LH,2407,2028-06-02,198215,2229,O,AIRPORT,
300,LH,2407,2028-05-31,198109,2229,O,AIRPORT,
300,LH,2407,2028-08-10,206030,2229,O,AIRPORT,
300,LH,2407,2028-07-12,202815,2229,O,AIRPORT,
300,LH,2402,2028-10-10,189901,2229,O,AIRPORT,
300,LH,2407,2028-03-29,191116,2229,O,AIRPORT,
300,LH,2402,2028-09-11,187484,2229,O,AIRPORT,
300,LH,2415,2028-08-08,226226,2229,O,AIRPORT,
300,LH,2415,2028-06-28,222303,2229,O,AIRPORT,
300,LH,2407,2028-09-02,208803,2229,O,AIRPORT,
300,LH,2402,2028-06-13,176954,2229,O,AIRPORT,
300,LH,2402,2028-05-20,174298,2229,O,AIRPORT,
300,AZ,555,2028-04-22,5419,906,O,AIRPORT,
300,UA,7,2028-08-19,20184,906,O,AIRPORT,
300,DL,106,2028-07-13,21247,906,O,AIRPORT,
300,DL,106,2028-07-15,21732,906,O,AIRPORT,
300,AZ,555,2028-04-02,1702,906,O,AIRPORT,
300,AA,17,2028-06-30,19073,906,O,AIRPORT,
300,AZ,788,2028-05-18,48530,906,O,AIRPORT,
300,QF,5,2028-07-30,24452,906,O,AIRPORT,
300,JL,407,2028-05-01,4970,906,O,AIRPORT,
300,QF,5,2028-07-28,24326,906,O,AIRPORT,
300,AA,17,2028-07-31,24781,906,O,AIRPORT,
300,AZ,788,2028-05-14,47522,906,O,AIRPORT,
300,UA,7,2028-05-02,5172,906,O,AIRPORT,
300,UA,7,2028-09-06,22886,906,O,AIRPORT,
300,QF,5,2028-04-07,2287,906,O,AIRPORT,
300,QF,5,2028-07-21,22958,906,O,AIRPORT,
300,AA,17,2028-07-16,21915,906,O,AIRPORT,
300,AZ,555,2028-07-16,21934,906,O,AIRPORT,
300,LH,400,2028-07-19,22250,906,O,AIRPORT,
300,AZ,555,2028-07-18,22308,906,O,AIRPORT,
300,LH,400,2028-07-23,23196,906,O,AIRPORT,
300,AZ,555,2028-07-25,23582,906,O,AIRPORT,
300,AZ,555,2028-07-25,23581,906,O,AIRPORT,
300,AZ,555,2028-05-16,10301,906,O,AIRPORT,
300,JL,407,2028-06-15,11365,906,O,AIRPORT,
300,LH,400,2028-05-24,11597,906,O,AIRPORT,
300,AA,17,2028-05-19,10472,906,O,AIRPORT,
300,LH,400,2028-04-27,6488,906,O,AIRPORT,
300,DL,106,2028-05-11,9104,906,O,AIRPORT,
300,UA,7,2028-05-24,8061,906,O,AIRPORT,
300,UA,7,2028-05-24,8062,906,O,AIRPORT,
300,AZ,555,2028-05-10,9000,906,O,AIRPORT,
300,AZ,555,2028-05-07,8528,906,O,AIRPORT,
300,AZ,555,2028-06-12,15413,906,O,AIRPORT,
300,AZ,555,2028-06-10,15206,906,O,AIRPORT,
300,AA,17,2028-04-24,6064,906,O,AIRPORT,
300,DL,106,2028-06-18,16532,906,O,AIRPORT,
300,QF,5,2028-06-15,16017,906,O,AIRPORT,
300,UA,7,2028-06-20,11746,906,O,AIRPORT,
300,AA,17,2028-09-10,32763,906,O,AIRPORT,
300,AZ,555,2028-09-01,31060,906,O,AIRPORT,
300,LH,400,2028-08-31,31227,906,O,AIRPORT,
300,JL,408,2028-06-09,35388,906,O,AIRPORT,
300,JL,408,2028-06-02,34847,906,O,AIRPORT,
300,JL,408,2028-06-02,34853,906,O,AIRPORT,
300,UA,941,2028-05-30,35001,906,O,AIRPORT,
300,LH,400,2028-09-19,35712,906,O,AIRPORT,
300,DL,106,2028-09-16,33839,906,O,AIRPORT,
300,JL,408,2028-06-02,34704,906,O,AIRPORT,
300,JL,408,2028-05-29,34192,906,O,AIRPORT,
300,LH,400,2028-09-13,34055,906,O,AIRPORT,
300,QF,5,2028-08-14,27726,906,O,AIRPORT,
300,UA,941,2028-03-26,27741,906,O,AIRPORT,
300,UA,7,2028-10-30,27421,906,O,AIRPORT,
300,UA,7,2028-09-22,25623,906,O,AIRPORT,
300,UA,7,2028-09-24,25691,906,O,AIRPORT,
300,AZ,555,2028-07-31,25180,906,O,AIRPORT,
300,UA,941,2028-04-13,29889,906,O,AIRPORT,
300,LH,400,2028-08-19,28522,906,O,AIRPORT,
300,LH,400,2028-08-19,28438,906,O,AIRPORT,
300,AA,17,2028-04-08,2810,906,O,AIRPORT,
300,AA,17,2028-08-16,28141,906,O,AIRPORT,
300,JL,408,2028-04-12,28916,906,O,AIRPORT,
300,DL,106,2028-08-22,28903,906,O,AIRPORT,
300,AZ,788,2028-04-22,43160,906,O,AIRPORT,
300,AA,26,2028-04-24,42790,906,O,AIRPORT,
300,JL,408,2028-09-13,46125,906,O,AIRPORT,
300,UA,7,2028-04-14,2497,906,O,AIRPORT,
300,DL,1699,2028-05-14,46580,906,O,AIRPORT,
300,DL,1699,2028-05-05,44799,906,O,AIRPORT,
300,JL,408,2028-08-28,44604,906,O,AIRPORT,
300,AA,17,2028-10-24,37851,906,O,AIRPORT,
300,JL,408,2028-07-08,38645,906,O,AIRPORT,
300,AZ,555,2028-09-30,36287,906,O,AIRPORT,
300,AA,17,2028-10-13,37393,906,O,AIRPORT,
300,LH,401,2028-03-31,40768,906,O,AIRPORT,
300,QF,6,2028-04-11,40197,906,O,AIRPORT,
300,AA,26,2028-04-11,41056,906,O,AIRPORT,
300,LH,400,2028-10-27,39082,906,O,AIRPORT,
300,QF,6,2028-04-11,40065,906,O,AIRPORT,
300,UA,941,2028-07-12,39775,906,O,AIRPORT,
300,JL,408,2028-07-17,39695,906,O,AIRPORT,
300,AA,26,2028-08-27,60007,906,O,AIRPORT,
300,QF,6,2028-08-29,59525,906,O,AIRPORT,
300,AZ,788,2028-07-20,60520,906,O,AIRPORT,
300,LH,401,2028-06-24,57240,906,O,AIRPORT,
300,LH,401,2028-08-01,64426,906,O,AIRPORT,
300,QF,6,2028-09-14,61923,906,O,AIRPORT,
300,AZ,788,2028-07-27,61920,906,O,AIRPORT,
300,AZ,788,2028-07-27,62073,906,O,AIRPORT,
300,AA,26,2028-09-10,62116,906,O,AIRPORT,
300,DL,1699,2028-07-26,61322,906,O,AIRPORT,
300,UA,3504,2028-05-24,61716,906,O,AIRPORT,
300,LH,401,2028-07-21,62386,906,O,AIRPORT,
300,QF,6,2028-09-21,62749,906,O,AIRPORT,
300,AZ,788,2028-06-03,51507,906,O,AIRPORT,
300,AZ,788,2028-06-05,51988,906,O,AIRPORT,
300,LH,401,2028-05-30,52196,906,O,AIRPORT,
300,LH,401,2028-05-15,49440,906,O,AIRPORT,
300,AA,26,2028-06-17,50374,906,O,AIRPORT,
300,DL,1699,2028-06-29,55794,906,O,AIRPORT,
300,UA,3504,2028-04-20,55289,906,O,AIRPORT,
300,DL,1699,2028-06-18,53621,906,O,AIRPORT,
300,UA,3504,2028-04-14,53947,906,O,AIRPORT,
300,DL,1699,2028-08-18,65482,906,O,AIRPORT,
300,DL,1699,2028-08-31,68091,906,O,AIRPORT,
300,LH,401,2028-08-14,67137,906,O,AIRPORT,
300,AZ,789,2028-05-10,85054,906,O,AIRPORT,
300,UA,3504,2028-09-17,85076,906,O,AIRPORT,
300,AZ,789,2028-05-10,85016,906,O,AIRPORT,
300,LH,402,2028-05-07,87205,906,O,AIRPORT,
300,DL,1699,2028-11-15,75539,906,O,AIRPORT,
300,UA,3504,2028-07-30,74653,906,O,AIRPORT,
300,UA,3504,2028-07-28,74582,906,O,AIRPORT,
300,DL,1984,2028-03-30,76104,906,O,AIRPORT,
300,AA,64,2028-06-26,76569,906,O,AIRPORT,
300,DL,1984,2028-03-30,76244,906,O,AIRPORT,
300,LH,401,2028-09-01,71300,906,O,AIRPORT,
300,AZ,788,2028-09-07,70431,906,O,AIRPORT,
300,UA,3504,2028-07-10,70950,906,O,AIRPORT,
300,UA,3504,2028-07-19,72613,906,O,AIRPORT,
300,UA,3504,2028-09-03,82076,906,O,AIRPORT,
300,DL,1984,2028-05-09,84193,906,O,AIRPORT,
300,LH,401,2028-10-29,78896,906,O,AIRPORT,
300,UA,3504,2028-08-21,79185,906,O,AIRPORT,
300,AZ,789,2028-04-17,80536,906,O,AIRPORT,
300,AZ,789,2028-10-06,112778,906,O,AIRPORT,
300,UA,3516,2028-07-27,113001,906,O,AIRPORT,
300,DL,1984,2028-08-24,104882,906,O,AIRPORT,
300,DL,1984,2028-09-20,110228,906,O,AIRPORT,
300,UA,3516,2028-07-13,110528,906,O,AIRPORT,
300,AZ,789,2028-09-21,110856,906,O,AIRPORT,
300,AZ,789,2028-09-21,110855,906,O,AIRPORT,
300,AZ,789,2028-09-01,107165,906,O,AIRPORT,
300,AZ,789,2028-09-07,108255,906,O,AIRPORT,
300,DL,1984,2028-06-07,89495,906,O,AIRPORT,
300,DL,1984,2028-06-25,93093,906,O,AIRPORT,
300,DL,1984,2028-06-23,92712,906,O,AIRPORT,
300,UA,3516,2028-04-13,92692,906,O,AIRPORT,
300,LH,402,2028-06-07,93551,906,O,AIRPORT,
300,LH,402,2028-07-08,99600,906,O,AIRPORT,
300,LH,402,2028-06-21,96015,906,O,AIRPORT,
300,LH,402,2028-06-12,94451,906,O,AIRPORT,
300,UA,3516,2028-04-26,95213,906,O,AIRPORT,
300,LH,402,2028-06-29,97777,906,O,AIRPORT,
300,DL,1984,2028-07-17,97337,906,O,AIRPORT,
300,AZ,790,2028-06-10,124968,906,O,AIRPORT,
300,LH,454,2028-05-08,123693,906,O,AIRPORT,
300,UA,3516,2028-09-14,123462,906,O,AIRPORT,
300,UA,3517,2028-03-28,128449,906,O,AIRPORT,
300,UA,3517,2028-03-30,128878,906,O,AIRPORT,
300,AZ,790,2028-06-26,127115,906,O,AIRPORT,
300,UA,3516,2028-08-09,115631,906,O,AIRPORT,
300,AZ,789,2028-11-04,113963,906,O,AIRPORT,
300,AZ,790,2028-05-12,120857,906,O,AIRPORT,
300,LH,454,2028-04-12,120236,906,O,AIRPORT,
300,LH,454,2028-03-29,118148,906,O,AIRPORT,
300,UA,3516,2028-08-18,117559,906,O,AIRPORT,
300,LH,454,2028-03-31,118661,906,O,AIRPORT,
300,LH,454,2028-03-31,118596,906,O,AIRPORT,
300,AZ,791,2028-07-23,154551,906,O,AIRPORT,
300,UA,3517,2028-08-02,153183,906,O,AIRPORT,
300,AZ,791,2028-07-07,152924,906,O,AIRPORT,
300,AZ,791,2028-06-13,150273,906,O,AIRPORT,
300,UA,3517,2028-07-17,150242,906,O,AIRPORT,
300,LH,455,2028-04-23,148869,906,O,AIRPORT,
300,UA,3517,2028-09-09,160844,906,O,AIRPORT,
300,LH,455,2028-07-31,159710,906,O,AIRPORT,
300,UA,3517,2028-09-11,161725,906,O,AIRPORT,
300,UA,3517,2028-09-11,161726,906,O,AIRPORT,
300,LH,455,2028-06-21,155240,906,O,AIRPORT,
300,LH,455,2028-07-15,158122,906,O,AIRPORT,
300,AZ,791,2028-08-14,157016,906,O,AIRPORT,
300,LH,454,2028-07-30,135207,906,O,AIRPORT,
300,UA,3517,2028-05-05,135937,906,O,AIRPORT,
300,UA,3517,2028-05-05,135869,906,O,AIRPORT,
300,AZ,790,2028-09-10,137533,906,O,AIRPORT,
300,LH,454,2028-08-08,136563,906,O,AIRPORT,
300,AZ,790,2028-10-02,140216,906,O,AIRPORT,
300,UA,3517,2028-10-10,165483,906,O,AIRPORT,
300,UA,3517,2028-09-25,164596,906,O,AIRPORT,
300,LH,2462,2028-10-27,267632,906,O,AIRPORT,
300,LH,2462,2028-07-16,258138,906,O,AIRPORT,
300,LH,2463,2028-06-09,276264,906,O,AIRPORT,
300,LH,2463,2028-06-04,275872,906,O,AIRPORT,
300,LH,2463,2028-05-13,273218,906,O,AIRPORT,
300,LH,2436,2028-07-14,239561,906,O,AIRPORT,
300,LH,2415,2028-08-31,228523,906,O,AIRPORT,
300,LH,2462,2028-05-04,250055,906,O,AIRPORT,
300,LH,2462,2028-04-16,248007,906,O,AIRPORT,
300,LH,2436,2028-08-12,241567,906,O,AIRPORT,
300,LH,2462,2028-04-09,247278,906,O,AIRPORT,
300,LH,3577,2028-09-02,308992,906,O,AIRPORT,
300,LH,2463,2028-09-19,288357,906,O,AIRPORT,
300,LH,3577,2028-04-09,292488,906,O,AIRPORT,
300,LH,3577,2028-04-05,291872,906,O,AIRPORT,
300,LH,3577,2028-04-05,291821,906,O,AIRPORT,
300,LH,2463,2028-08-06,282758,906,O,AIRPORT,
300,LH,3577,2028-07-10,302612,906,O,AIRPORT,
300,LH,3577,2028-06-11,299519,906,O,AIRPORT,
300,LH,2407,2028-07-10,202630,906,O,AIRPORT,
300,LH,2407,2028-04-23,193799,906,O,AIRPORT,
300,LH,2415,2028-06-17,221243,906,O,AIRPORT,
300,LH,2415,2028-05-10,217530,906,O,AIRPORT,
300,LH,2402,2028-08-15,184116,906,O,AIRPORT,
300,LH,2402,2028-06-15,177225,906,O,AIRPORT,
300,LH,2402,2028-06-20,177663,906,O,AIRPORT,
300,LH,2402,2028-06-18,177501,906,O,AIRPORT,
300,LH,400,2028-07-03,19338,402,O,AIRPORT,
300,QF,5,2028-04-22,5492,402,O,AIRPORT,
300,UA,7,2028-08-01,17792,402,O,AIRPORT,
300,QF,5,2028-06-24,17767,402,O,AIRPORT,
300,JL,407,2028-07-28,17009,402,O,AIRPORT,
300,DL,106,2028-04-03,1716,402,O,AIRPORT,
300,LH,400,2028-07-01,18798,402,O,AIRPORT,
300,AZ,555,2028-06-30,19105,402,O,AIRPORT,
300,AZ,555,2028-06-26,18034,402,O,AIRPORT,
300,AZ,555,2028-07-29,24496,402,O,AIRPORT,
300,DL,106,2028-08-02,24838,402,O,AIRPORT,
300,JL,408,2028-09-24,47440,402,O,AIRPORT,
300,AZ,555,2028-07-18,22596,402,O,AIRPORT,
300,UA,7,2028-09-04,22603,402,O,AIRPORT,
300,UA,7,2028-08-30,21801,402,O,AIRPORT,
300,QF,5,2028-07-19,22177,402,O,AIRPORT,
300,QF,5,2028-07-28,23987,402,O,AIRPORT,
300,QF,5,2028-07-23,23145,402,O,AIRPORT,
300,QF,5,2028-05-17,10401,402,O,AIRPORT,
300,LH,400,2028-04-27,6528,402,O,AIRPORT,
300,DL,106,2028-05-18,10228,402,O,AIRPORT,
300,UA,7,2028-06-15,11211,402,O,AIRPORT,
300,AA,17,2028-05-23,11429,402,O,AIRPORT,
300,JL,407,2028-04-02,1077,402,O,AIRPORT,
300,DL,106,2028-04-28,6436,402,O,AIRPORT,
300,DL,106,2028-05-22,11042,402,O,AIRPORT,
300,AA,17,2028-05-14,9840,402,O,AIRPORT,
300,LH,400,2028-05-08,8318,402,O,AIRPORT,
300,LH,400,2028-05-06,7964,402,O,AIRPORT,
300,JL,407,2028-05-26,8418,402,O,AIRPORT,
300,AA,17,2028-06-17,16147,402,O,AIRPORT,
300,JL,407,2028-07-16,15473,402,O,AIRPORT,
300,QF,5,2028-05-30,12635,402,O,AIRPORT,
300,QF,5,2028-05-28,12593,402,O,AIRPORT,
300,DL,106,2028-05-31,12686,402,O,AIRPORT,
300,UA,7,2028-06-27,12764,402,O,AIRPORT,
300,JL,407,2028-07-03,13889,402,O,AIRPORT,
300,JL,407,2028-07-03,13853,402,O,AIRPORT,
300,QF,5,2028-09-12,33132,402,O,AIRPORT,
300,UA,941,2028-04-22,30736,402,O,AIRPORT,
300,LH,400,2028-09-04,32000,402,O,AIRPORT,
300,LH,400,2028-09-19,35383,402,O,AIRPORT,
300,DL,106,2028-09-22,34897,402,O,AIRPORT,
300,UA,941,2028-05-28,34766,402,O,AIRPORT,
300,QF,5,2028-09-21,34782,402,O,AIRPORT,
300,AA,17,2028-09-25,35908,402,O,AIRPORT,
300,JL,408,2028-05-24,33857,402,O,AIRPORT,
300,UA,941,2028-05-15,33402,402,O,AIRPORT,
300,QF,5,2028-04-11,3443,402,O,AIRPORT,
300,AZ,555,2028-08-03,25660,402,O,AIRPORT,
300,QF,5,2028-08-05,25843,402,O,AIRPORT,
300,DL,106,2028-04-08,2543,402,O,AIRPORT,
300,DL,106,2028-08-06,25992,402,O,AIRPORT,
300,UA,941,2028-04-09,29437,402,O,AIRPORT,
300,DL,106,2028-08-20,28498,402,O,AIRPORT,
300,AZ,788,2028-04-24,43535,402,O,AIRPORT,
300,UA,941,2028-08-19,44070,402,O,AIRPORT,
300,AZ,788,2028-04-24,43882,402,O,AIRPORT,
300,AZ,788,2028-04-15,42064,402,O,AIRPORT,
300,LH,401,2028-04-07,41920,402,O,AIRPORT,
300,JL,408,2028-08-06,42104,402,O,AIRPORT,
300,QF,6,2028-05-25,46383,402,O,AIRPORT,
300,QF,6,2028-05-12,44464,402,O,AIRPORT,
300,AA,17,2028-11-02,38334,402,O,AIRPORT,
300,LH,400,2028-09-24,36259,402,O,AIRPORT,
300,AZ,788,2028-04-13,41313,402,O,AIRPORT,
300,AZ,788,2028-04-10,40967,402,O,AIRPORT,
300,AA,26,2028-04-13,41183,402,O,AIRPORT,
300,AA,26,2028-04-11,41097,402,O,AIRPORT,
300,JL,408,2028-07-17,39732,402,O,AIRPORT,
300,LH,401,2028-07-12,60546,402,O,AIRPORT,
300,AA,26,2028-08-09,57769,402,O,AIRPORT,
300,AZ,788,2028-07-09,58684,402,O,AIRPORT,
300,QF,6,2028-10-02,63900,402,O,AIRPORT,
300,QF,6,2028-10-04,63950,402,O,AIRPORT,
300,QF,6,2028-09-25,63371,402,O,AIRPORT,
300,AA,26,2028-09-21,63423,402,O,AIRPORT,
300,QF,5,2028-03-29,764,402,O,AIRPORT,
300,QF,6,2028-10-26,64805,402,O,AIRPORT,
300,LH,401,2028-07-19,61818,402,O,AIRPORT,
300,AZ,788,2028-07-29,62240,402,O,AIRPORT,
300,AZ,788,2028-07-29,62500,402,O,AIRPORT,
300,AZ,788,2028-06-07,52413,402,O,AIRPORT,
300,LH,400,2028-03-29,478,402,O,AIRPORT,
300,AA,26,2028-06-08,49012,402,O,AIRPORT,
300,AA,26,2028-07-27,55943,402,O,AIRPORT,
300,AA,26,2028-07-09,53206,402,O,AIRPORT,
300,DL,1699,2028-06-25,54913,402,O,AIRPORT,
300,DL,1699,2028-09-02,68336,402,O,AIRPORT,
300,AA,64,2028-04-16,68552,402,O,AIRPORT,
300,AA,64,2028-04-18,68690,402,O,AIRPORT,
300,UA,3504,2028-07-01,68923,402,O,AIRPORT,
300,AA,26,2028-10-20,65370,402,O,AIRPORT,
300,AA,64,2028-04-09,67747,402,O,AIRPORT,
300,UA,3504,2028-09-19,85712,402,O,AIRPORT,
300,AA,64,2028-11-07,87922,402,O,AIRPORT,
300,DL,1984,2028-05-22,86782,402,O,AIRPORT,
300,AZ,788,2028-10-04,74601,402,O,AIRPORT,
300,DL,1984,2028-04-06,77550,402,O,AIRPORT,
300,AA,64,2028-05-15,71807,402,O,AIRPORT,
300,UA,3504,2028-07-23,73305,402,O,AIRPORT,
300,LH,401,2028-09-10,72731,402,O,AIRPORT,
300,DL,1984,2028-04-26,81618,402,O,AIRPORT,
300,DL,1984,2028-04-26,81341,402,O,AIRPORT,
300,AA,64,2028-09-01,84009,402,O,AIRPORT,
300,UA,3504,2028-09-10,83601,402,O,AIRPORT,
300,AZ,789,2028-04-11,79092,402,O,AIRPORT,
300,LH,402,2028-03-28,79607,402,O,AIRPORT,
300,UA,3516,2028-06-10,104218,402,O,AIRPORT,
300,LH,402,2028-08-04,104712,402,O,AIRPORT,
300,DL,1984,2028-08-20,103943,402,O,AIRPORT,
300,DL,1984,2028-08-29,105623,402,O,AIRPORT,
300,DL,1984,2028-08-27,105443,402,O,AIRPORT,
300,UA,3516,2028-05-27,101421,402,O,AIRPORT,
300,DL,1984,2028-07-31,100198,402,O,AIRPORT,
300,AZ,789,2028-07-29,100367,402,O,AIRPORT,
300,LH,402,2028-07-13,100352,402,O,AIRPORT,
300,LH,402,2028-08-18,107281,402,O,AIRPORT,
300,DL,1984,2028-09-16,108980,402,O,AIRPORT,
300,AZ,789,2028-09-05,107883,402,O,AIRPORT,
300,DL,1984,2028-09-11,108242,402,O,AIRPORT,
300,UA,3516,2028-04-04,90904,402,O,AIRPORT,
300,AZ,789,2028-05-28,88390,402,O,AIRPORT,
300,AZ,789,2028-06-19,92650,402,O,AIRPORT,
300,AZ,789,2028-06-26,93900,402,O,AIRPORT,
300,AZ,789,2028-05-25,88036,402,O,AIRPORT,
300,LH,402,2028-06-18,95458,402,O,AIRPORT,
300,DL,1984,2028-07-13,96517,402,O,AIRPORT,
300,UA,3516,2028-04-22,94508,402,O,AIRPORT,
300,AZ,789,2028-06-28,94307,402,O,AIRPORT,
300,LH,402,2028-07-04,98653,402,O,AIRPORT,
300,LH,454,2028-05-11,124049,402,O,AIRPORT,
300,LH,454,2028-06-11,128313,402,O,AIRPORT,
300,UA,3517,2028-03-30,129115,402,O,AIRPORT,
300,UA,3516,2028-10-10,127108,402,O,AIRPORT,
300,AZ,790,2028-04-06,116041,402,O,AIRPORT,
300,LH,402,2028-09-22,115230,402,O,AIRPORT,
300,AZ,790,2028-04-02,115366,402,O,AIRPORT,
300,AZ,790,2028-04-13,116959,402,O,AIRPORT,
300,AZ,790,2028-04-08,116367,402,O,AIRPORT,
300,LH,402,2028-09-13,113477,402,O,AIRPORT,
300,UA,3516,2028-07-29,113661,402,O,AIRPORT,
300,LH,402,2028-09-20,114446,402,O,AIRPORT,
300,LH,402,2028-09-18,114430,402,O,AIRPORT,
300,AZ,789,2028-11-02,113892,402,O,AIRPORT,
300,AZ,790,2028-05-05,119993,402,O,AIRPORT,
300,UA,3516,2028-09-07,121961,402,O,AIRPORT,
300,AZ,790,2028-05-01,119368,402,O,AIRPORT,
300,AZ,790,2028-04-26,118718,402,O,AIRPORT,
300,LH,455,2028-05-14,151088,402,O,AIRPORT,
300,UA,3517,2028-07-22,150863,402,O,AIRPORT,
300,LH,455,2028-06-12,154435,402,O,AIRPORT,
300,UA,3517,2028-07-31,152817,402,O,AIRPORT,
300,UA,3517,2028-08-04,153668,402,O,AIRPORT,
300,AZ,791,2028-05-12,146720,402,O,AIRPORT,
300,LH,455,2028-04-08,147130,402,O,AIRPORT,
300,AZ,791,2028-05-17,147277,402,O,AIRPORT,
300,LH,455,2028-04-28,149388,402,O,AIRPORT,
300,LH,455,2028-07-26,159269,402,O,AIRPORT,
300,UA,3517,2028-09-13,162534,402,O,AIRPORT,
300,LH,455,2028-08-22,162348,402,O,AIRPORT,
300,AZ,791,2028-09-23,161540,402,O,AIRPORT,
300,AZ,791,2028-08-07,156456,402,O,AIRPORT,
300,UA,3517,2028-08-13,155231,402,O,AIRPORT,
300,AZ,791,2028-07-29,155376,402,O,AIRPORT,
300,LH,455,2028-07-17,158301,402,O,AIRPORT,
300,AZ,791,2028-08-16,157288,402,O,AIRPORT,
300,LH,455,2028-07-06,157193,402,O,AIRPORT,
300,LH,455,2028-07-11,157667,402,O,AIRPORT,
300,UA,3517,2028-05-05,135861,402,O,AIRPORT,
300,UA,3517,2028-04-26,134330,402,O,AIRPORT,
300,AZ,790,2028-09-01,136529,402,O,AIRPORT,
300,LH,454,2028-08-10,136945,402,O,AIRPORT,
300,LH,454,2028-06-24,130357,402,O,AIRPORT,
300,AZ,790,2028-08-09,133317,402,O,AIRPORT,
300,AZ,790,2028-08-09,133370,402,O,AIRPORT,
300,LH,454,2028-09-17,142679,402,O,AIRPORT,
300,LH,454,2028-10-25,145457,402,O,AIRPORT,
300,LH,454,2028-08-28,139358,402,O,AIRPORT,
300,LH,455,2028-09-13,165334,402,O,AIRPORT,
300,LH,2462,2028-10-23,267541,402,O,AIRPORT,
300,LH,2463,2028-06-15,277053,402,O,AIRPORT,
300,LH,2463,2028-05-24,274549,402,O,AIRPORT,
300,LH,2463,2028-07-10,279943,402,O,AIRPORT,
300,LH,2463,2028-04-18,270646,402,O,AIRPORT,
300,LH,2415,2028-08-19,227203,402,O,AIRPORT,
300,LH,2415,2028-10-14,231972,402,O,AIRPORT,
300,LH,2415,2028-09-17,230344,402,O,AIRPORT,
300,LH,2415,2028-09-15,230161,402,O,AIRPORT,
300,LH,2462,2028-06-17,254880,402,O,AIRPORT,
300,LH,3577,2028-09-13,310534,402,O,AIRPORT,
300,LH,2463,2028-10-05,289669,402,O,AIRPORT,
300,LH,2463,2028-09-28,289297,402,O,AIRPORT,
300,LH,2463,2028-08-08,283161,402,O,AIRPORT,
300,LH,2463,2028-07-28,281740,402,O,AIRPORT,
300,LH,2463,2028-09-06,286505,402,O,AIRPORT,
300,LH,3577,2028-07-10,302731,402,O,AIRPORT,
300,LH,3577,2028-08-17,307004,402,O,AIRPORT,
300,LH,3577,2028-04-25,294114,402,O,AIRPORT,
300,LH,3577,2028-06-22,300785,402,O,AIRPORT,
300,LH,3577,2028-06-09,299146,402,O,AIRPORT,
300,LH,2402,2028-09-22,188682,402,O,AIRPORT,
300,LH,2407,2028-05-15,196295,402,O,AIRPORT,
300,LH,2415,2028-05-13,217692,402,O,AIRPORT,
300,LH,2415,2028-07-10,223369,402,O,AIRPORT,
300,LH,2407,2028-09-17,210813,402,O,AIRPORT,
300,LH,2407,2028-09-04,209138,402,O,AIRPORT,
300,LH,2415,2028-04-29,216455,402,O,AIRPORT,
300,QF,5,2028-07-03,19483,2225,O,AIRPORT,
300,AA,17,2028-07-02,19289,2225,O,AIRPORT,
300,UA,7,2028-08-28,21322,2225,O,AIRPORT,
300,JL,407,2028-04-09,2134,2225,O,AIRPORT,
300,LH,400,2028-07-12,21350,2225,O,AIRPORT,
300,UA,7,2028-05-04,5314,2225,O,AIRPORT,
300,UA,7,2028-08-30,21688,2225,O,AIRPORT,
300,LH,400,2028-07-10,20807,2225,O,AIRPORT,
300,AZ,555,2028-06-21,17198,2225,O,AIRPORT,
300,AZ,555,2028-06-30,19030,2225,O,AIRPORT,
300,AA,26,2028-06-08,48942,2225,O,AIRPORT,
300,AA,17,2028-04-20,4870,2225,O,AIRPORT,
300,JL,407,2028-09-17,24351,2225,O,AIRPORT,
300,JL,407,2028-09-19,24700,2225,O,AIRPORT,
300,AA,17,2028-04-20,4807,2225,O,AIRPORT,
300,UA,7,2028-09-02,22378,2225,O,AIRPORT,
300,AZ,555,2028-07-20,22804,2225,O,AIRPORT,
300,AZ,555,2028-07-16,22115,2225,O,AIRPORT,
300,UA,7,2028-09-11,23808,2225,O,AIRPORT,
300,AZ,555,2028-05-01,7006,2225,O,AIRPORT,
300,QF,5,2028-05-01,7265,2225,O,AIRPORT,
300,QF,5,2028-05-01,7199,2225,O,AIRPORT,
300,LH,400,2028-05-15,9643,2225,O,AIRPORT,
300,UA,7,2028-06-04,9712,2225,O,AIRPORT,
300,DL,106,2028-05-05,7809,2225,O,AIRPORT,
300,AZ,555,2028-05-10,8990,2225,O,AIRPORT,
300,JL,407,2028-05-26,8424,2225,O,AIRPORT,
300,JL,407,2028-05-28,8650,2225,O,AIRPORT,
300,AZ,555,2028-06-10,15020,2225,O,AIRPORT,
300,QF,5,2028-06-06,14242,2225,O,AIRPORT,
300,UA,7,2028-07-10,14623,2225,O,AIRPORT,
300,DL,106,2028-06-18,16297,2225,O,AIRPORT,
300,UA,7,2028-07-21,16276,2225,O,AIRPORT,
300,JL,407,2028-07-21,16117,2225,O,AIRPORT,
300,DL,106,2028-06-16,16111,2225,O,AIRPORT,
300,JL,407,2028-07-19,15775,2225,O,AIRPORT,
300,AZ,555,2028-06-14,15861,2225,O,AIRPORT,
300,JL,407,2028-07-19,15915,2225,O,AIRPORT,
300,JL,407,2028-06-24,12511,2225,O,AIRPORT,
300,JL,407,2028-06-24,12652,2225,O,AIRPORT,
300,QF,5,2028-05-30,12638,2225,O,AIRPORT,
300,LH,400,2028-05-29,12359,2225,O,AIRPORT,
300,QF,5,2028-05-28,12190,2225,O,AIRPORT,
300,AZ,555,2028-06-06,14083,2225,O,AIRPORT,
300,AZ,555,2028-09-07,32538,2225,O,AIRPORT,
300,AZ,555,2028-09-07,32558,2225,O,AIRPORT,
300,QF,5,2028-09-08,32187,2225,O,AIRPORT,
300,DL,106,2028-09-02,31082,2225,O,AIRPORT,
300,AA,17,2028-09-01,31206,2225,O,AIRPORT,
300,AZ,555,2028-09-01,31410,2225,O,AIRPORT,
300,QF,5,2028-09-26,35788,2225,O,AIRPORT,
300,DL,106,2028-10-03,36064,2225,O,AIRPORT,
300,AA,17,2028-09-14,33642,2225,O,AIRPORT,
300,AA,17,2028-09-18,34448,2225,O,AIRPORT,
300,JL,408,2028-06-02,34651,2225,O,AIRPORT,
300,UA,7,2028-10-16,26928,2225,O,AIRPORT,
300,AZ,555,2028-08-12,27127,2225,O,AIRPORT,
300,DL,106,2028-08-11,26581,2225,O,AIRPORT,
300,DL,106,2028-08-15,27721,2225,O,AIRPORT,
300,DL,106,2028-08-04,25573,2225,O,AIRPORT,
300,AA,17,2028-08-07,26238,2225,O,AIRPORT,
300,UA,941,2028-04-13,29774,2225,O,AIRPORT,
300,AZ,555,2028-08-25,29886,2225,O,AIRPORT,
300,JL,408,2028-04-16,29574,2225,O,AIRPORT,
300,UA,941,2028-04-20,30605,2225,O,AIRPORT,
300,AZ,555,2028-08-25,29986,2225,O,AIRPORT,
300,DL,106,2028-08-18,28289,2225,O,AIRPORT,
300,DL,1699,2028-04-26,43337,2225,O,AIRPORT,
300,AZ,788,2028-04-22,43137,2225,O,AIRPORT,
300,AA,17,2028-04-15,4310,2225,O,AIRPORT,
300,DL,1699,2028-04-28,43612,2225,O,AIRPORT,
300,JL,408,2028-09-15,46516,2225,O,AIRPORT,
300,AA,26,2028-05-05,44522,2225,O,AIRPORT,
300,UA,941,2028-06-21,37698,2225,O,AIRPORT,
300,AA,17,2028-11-02,38416,2225,O,AIRPORT,
300,AZ,788,2028-04-08,40630,2225,O,AIRPORT,
300,DL,106,2028-04-17,4139,2225,O,AIRPORT,
300,JL,408,2028-07-10,38929,2225,O,AIRPORT,
300,DL,1699,2028-04-03,38965,2225,O,AIRPORT,
300,AZ,788,2028-03-30,39090,2225,O,AIRPORT,
300,JL,408,2028-07-10,39045,2225,O,AIRPORT,
300,DL,1699,2028-07-17,59541,2225,O,AIRPORT,
300,LH,401,2028-07-01,58480,2225,O,AIRPORT,
300,QF,6,2028-09-25,63419,2225,O,AIRPORT,
300,LH,401,2028-07-28,63777,2225,O,AIRPORT,
300,QF,6,2028-09-14,61843,2225,O,AIRPORT,
300,LH,401,2028-07-14,61313,2225,O,AIRPORT,
300,UA,3504,2028-05-30,62963,2225,O,AIRPORT,
300,AZ,788,2028-07-29,62457,2225,O,AIRPORT,
300,AA,26,2028-09-16,62789,2225,O,AIRPORT,
300,AA,26,2028-06-26,51389,2225,O,AIRPORT,
300,QF,6,2028-06-28,51156,2225,O,AIRPORT,
300,AZ,0789,2028-06-17,00092079,00001052,O,AIRPORT,0000
300,UA,3516,2028-04-13,00092601,00001052,O,AIRPORT,0000
300,LH,0402,2028-06-09,00093956,00001052,O,AIRPORT,0000
300,AZ,0789,2028-06-26,00094100,00001052,O,AIRPORT,0000
300,LH,0402,2028-07-02,00098158,00001052,O,AIRPORT,0000
300,UA,3516,2028-05-25,00100934,00001052,O,AIRPORT,0000
300,AZ,0791,2028-05-10,00146529,00001052,O,AIRPORT,0000
300,LH,0455,2028-04-03,00146573,00001052,O,AIRPORT,0000
300,LH,0454,2028-10-07,00144910,00001052,O,AIRPORT,0000
300,AZ,0791,2028-06-08,00149597,00001052,O,AIRPORT,0000
300,AZ,0791,2028-05-26,00148321,00001052,O,AIRPORT,0000
300,LH,0455,2028-04-15,00147891,00001052,O,AIRPORT,0000
300,AZ,0790,2028-09-18,00138755,00001052,O,AIRPORT,0000
300,UA,3517,2028-05-25,00139691,00001052,O,AIRPORT,0000
300,UA,3517,2028-06-07,00142351,00001052,O,AIRPORT,0000
300,AZ,0791,2028-04-07,00142840,00001052,O,AIRPORT,0000
300,LH,0455,2028-07-28,00159648,00001052,O,AIRPORT,0000
300,LH,0455,2028-07-15,00158150,00001052,O,AIRPORT,0000
300,UA,3517,2028-09-16,00162776,00001052,O,AIRPORT,0000
300,LH,0455,2028-08-09,00160807,00001052,O,AIRPORT,0000
300,UA,3517,2028-09-07,00160723,00001052,O,AIRPORT,0000
300,UA,3517,2028-09-07,00160395,00001052,O,AIRPORT,0000
300,AZ,0791,2028-07-03,00152425,00001052,O,AIRPORT,0000
300,LH,0455,2028-05-20,00151769,00001052,O,AIRPORT,0000
300,AZ,0791,2028-08-07,00156504,00001052,O,AIRPORT,0000
300,AZ,0790,2028-05-12,00120779,00001052,O,AIRPORT,0000
300,UA,3516,2028-09-03,00120998,00001052,O,AIRPORT,0000
300,LH,0454,2028-05-11,00124038,00001052,O,AIRPORT,0000
300,LH,0454,2028-05-11,00124255,00001052,O,AIRPORT,0000
300,AZ,0790,2028-04-04,00115775,00001052,O,AIRPORT,0000
300,AZ,0789,2028-11-16,00114235,00001052,O,AIRPORT,0000
300,LH,0454,2028-04-03,00118834,00001052,O,AIRPORT,0000
300,AZ,0790,2028-05-05,00119888,00001052,O,AIRPORT,0000
300,AZ,0790,2028-05-05,00119889,00001052,O,AIRPORT,0000
300,UA,3517,2028-04-26,00134320,00001052,O,AIRPORT,0000
300,AZ,0790,2028-08-25,00135402,00001052,O,AIRPORT,0000
300,AZ,0790,2028-08-20,00134823,00001052,O,AIRPORT,0000
300,LH,0454,2028-07-10,00132545,00001052,O,AIRPORT,0000
300,AZ,0790,2028-09-16,00138456,00001052,O,AIRPORT,0000
300,LH,0454,2028-06-24,00130327,00001052,O,AIRPORT,0000
300,LH,0455,2028-09-22,00166287,00001052,O,AIRPORT,0000
300,UA,3517,2028-10-19,00165896,00001052,O,AIRPORT,0000
300,LH,2407,2028-05-13,00196082,00001052,O,AIRPORT,0000
300,LH,2407,2028-05-26,00197489,00001052,O,AIRPORT,0000
300,LH,2402,2028-08-21,00184806,00001052,O,AIRPORT,0000
300,LH,2402,2028-05-02,00172271,00001052,O,AIRPORT,0000
300,LH,0455,2028-10-21,00167707,00001052,O,AIRPORT,0000
300,LH,2402,2028-03-31,00168789,00001052,O,AIRPORT,0000
300,LH,2402,2028-07-06,00179424,00001052,O,AIRPORT,0000
300,LH,2402,2028-07-06,00179520,00001052,O,AIRPORT,0000
300,LH,2462,2028-09-21,00266264,00001052,O,AIRPORT,0000
300,LH,2462,2028-08-10,00261006,00001052,O,AIRPORT,0000
300,LH,2462,2028-08-21,00262078,00001052,O,AIRPORT,0000
300,LH,2436,2028-05-13,00235529,00001052,O,AIRPORT,0000
300,LH,2436,2028-05-22,00236158,00001052,O,AIRPORT,0000
300,LH,2436,2028-10-18,00245371,00001052,O,AIRPORT,0000
300,LH,2436,2028-06-15,00237686,00001052,O,AIRPORT,0000
300,LH,2436,2028-06-15,00237687,00001052,O,AIRPORT,0000
300,LH,2436,2028-08-06,00241060,00001052,O,AIRPORT,0000
300,LH,3577,2028-03-29,00291185,00001052,O,AIRPORT,0000
300,LH,2463,2028-10-01,00289451,00001052,O,AIRPORT,0000
300,LH,3577,2028-05-20,00296990,00001052,O,AIRPORT,0000
300,LH,3577,2028-07-08,00302397,00001052,O,AIRPORT,0000
300,LH,3577,2028-07-21,00303882,00001052,O,AIRPORT,0000
300,LH,3577,2028-08-19,00307071,00001052,O,AIRPORT,0000
300,LH,3577,2028-08-08,00305915,00001052,O,AIRPORT,0000
300,LH,2407,2028-09-26,00211913,00001052,O,AIRPORT,0000
300,LH,2415,2028-07-19,00224079,00001052,O,AIRPORT,0000
300,LH,2415,2028-07-23,00224714,00001052,O,AIRPORT,0000
300,LH,2415,2028-05-10,00217508,00001052,O,AIRPORT,0000
300,LH,2415,2028-05-28,00219165,00001052,O,AIRPORT,0000
300,LH,2415,2028-06-04,00219932,00001052,O,AIRPORT,0000
300,LH,2407,2028-08-04,00205395,00001052,O,AIRPORT,0000
300,LH,2407,2028-08-04,00205321,00001052,O,AIRPORT,0000
300,LH,2407,2028-08-04,00205301,00001052,O,AIRPORT,0000
300,AZ,0555,2028-06-19,00016640,00003066,O,AIRPORT,0000
300,AZ,0555,2028-06-12,00015552,00003066,O,AIRPORT,0000
300,DL,0106,2028-06-14,00015298,00003066,O,AIRPORT,0000
300,AZ,0555,2028-06-26,00018228,00003066,O,AIRPORT,0000
300,UA,0007,2028-07-03,00013632,00003066,O,AIRPORT,0000
300,LH,0400,2028-05-31,00012647,00003066,O,AIRPORT,0000
300,UA,0007,2028-07-12,00015022,00003066,O,AIRPORT,0000
300,LH,0400,2028-07-19,00022492,00003066,O,AIRPORT,0000
300,QF,0005,2028-07-14,00021506,00003066,O,AIRPORT,0000
300,LH,0400,2028-07-21,00022972,00003066,O,AIRPORT,0000
300,QF,0005,2028-06-28,00018269,00003066,O,AIRPORT,0000
300,AA,0017,2028-07-09,00020707,00003066,O,AIRPORT,0000
300,AA,0017,2028-07-09,00020706,00003066,O,AIRPORT,0000
300,UA,0007,2028-08-17,00019872,00003066,O,AIRPORT,0000
300,UA,0007,2028-08-21,00020482,00003066,O,AIRPORT,0000
300,UA,0007,2028-08-19,00020232,00003066,O,AIRPORT,0000
300,DL,0106,2028-04-19,00004445,00003066,O,AIRPORT,0000
300,AZ,0555,2028-04-11,00003304,00003066,O,AIRPORT,0000
300,LH,0400,2028-04-25,00005690,00003066,O,AIRPORT,0000
300,AA,0017,2028-04-17,00004717,00003066,O,AIRPORT,0000
300,JL,0407,2028-05-01,00004995,00003066,O,AIRPORT,0000
300,AZ,0555,2028-04-06,00002317,00003066,O,AIRPORT,0000
300,AZ,0555,2028-05-21,00011015,00003066,O,AIRPORT,0000
300,DL,0106,2028-05-20,00010753,00003066,O,AIRPORT,0000
300,AZ,0555,2028-05-19,00010792,00003066,O,AIRPORT,0000
300,AA,0017,2028-05-03,00007422,00003066,O,AIRPORT,0000
300,AA,0017,2028-05-01,00007357,00003066,O,AIRPORT,0000
300,JL,0407,2028-05-10,00006454,00003066,O,AIRPORT,0000
300,UA,0007,2028-05-31,00009077,00003066,O,AIRPORT,0000
300,LH,0400,2028-05-06,00008064,00003066,O,AIRPORT,0000
300,DL,1699,2028-04-12,00040728,00003066,O,AIRPORT,0000
300,DL,1699,2028-04-08,00039575,00003066,O,AIRPORT,0000
300,AA,0026,2028-04-04,00040123,00003066,O,AIRPORT,0000
300,QF,0006,2028-04-08,00039889,00003066,O,AIRPORT,0000
300,UA,0941,2028-07-12,00039954,00003066,O,AIRPORT,0000
300,LH,0401,2028-04-09,00042331,00003066,O,AIRPORT,0000
300,AZ,0788,2028-04-17,00042228,00003066,O,AIRPORT,0000
300,DL,1699,2028-04-17,00041612,00003066,O,AIRPORT,0000
300,UA,0941,2028-06-21,00037489,00003066,O,AIRPORT,0000
300,DL,0106,2028-10-15,00036623,00003066,O,AIRPORT,0000
300,QF,0005,2028-10-09,00036725,00003066,O,AIRPORT,0000
300,AA,0017,2028-10-02,00036587,00003066,O,AIRPORT,0000
300,AA,0017,2028-10-02,00036586,00003066,O,AIRPORT,0000
300,UA,0941,2028-06-13,00036538,00003066,O,AIRPORT,0000
300,UA,0941,2028-06-13,00036537,00003066,O,AIRPORT,0000
300,DL,1699,2028-04-03,00038879,00003066,O,AIRPORT,0000
300,LH,0401,2028-05-01,00046593,00003066,O,AIRPORT,0000
300,AA,0026,2028-05-23,00046857,00003066,O,AIRPORT,0000
300,AZ,0788,2028-05-12,00046965,00003066,O,AIRPORT,0000
300,LH,0401,2028-05-01,00046793,00003066,O,AIRPORT,0000
300,LH,0401,2028-04-25,00045588,00003066,O,AIRPORT,0000
300,UA,0941,2028-09-19,00048157,00003066,O,AIRPORT,0000
300,UA,0941,2028-09-21,00048283,00003066,O,AIRPORT,0000
300,AZ,0788,2028-05-12,00047185,00003066,O,AIRPORT,0000
300,UA,0941,2028-09-14,00047564,00003066,O,AIRPORT,0000
300,QF,0006,2028-05-05,00043711,00003066,O,AIRPORT,0000
300,LH,0401,2028-04-11,00042561,00003066,O,AIRPORT,0000
300,LH,0401,2028-04-14,00043176,00003066,O,AIRPORT,0000
300,LH,0401,2028-04-11,00042902,00003066,O,AIRPORT,0000
300,AA,0026,2028-04-24,00042929,00003066,O,AIRPORT,0000
300,QF,0006,2028-05-16,00045021,00003066,O,AIRPORT,0000
300,UA,0941,2028-08-31,00045477,00003066,O,AIRPORT,0000
300,LH,0401,2028-04-25,00045253,00003066,O,AIRPORT,0000
300,QF,0005,2028-08-17,00027827,00003066,O,AIRPORT,0000
300,AA,0017,2028-08-25,00029846,00003066,O,AIRPORT,0000
300,AA,0017,2028-08-27,00030068,00003066,O,AIRPORT,0000
300,UA,0941,2028-04-15,00030181,00003066,O,AIRPORT,0000
300,AZ,0555,2028-08-20,00029051,00003066,O,AIRPORT,0000
300,UA,0941,2028-04-09,00029407,00003066,O,AIRPORT,0000
300,JL,0407,2028-09-24,00025174,00003066,O,AIRPORT,0000
300,UA,0007,2028-09-24,00025794,00003066,O,AIRPORT,0000
300,UA,0007,2028-09-22,00025498,00003066,O,AIRPORT,0000
300,DL,0106,2028-09-18,00034282,00003066,O,AIRPORT,0000
300,JL,0408,2028-06-02,00034708,00003066,O,AIRPORT,0000
300,UA,0941,2028-05-17,00033618,00003066,O,AIRPORT,0000
300,AA,0017,2028-09-12,00033408,00003066,O,AIRPORT,0000
300,QF,0005,2028-09-15,00033871,00003066,O,AIRPORT,0000
300,UA,0941,2028-05-19,00033862,00003066,O,AIRPORT,0000
300,UA,0941,2028-05-19,00033861,00003066,O,AIRPORT,0000
300,AA,0017,2028-09-27,00036129,00003066,O,AIRPORT,0000
300,DL,0106,2028-09-04,00031709,00003066,O,AIRPORT,0000
300,UA,0941,2028-04-24,00031128,00003066,O,AIRPORT,0000
300,AA,0026,2028-09-25,00064018,00003066,O,AIRPORT,0000
300,LH,0401,2028-08-01,00064536,00003066,O,AIRPORT,0000
300,LH,0401,2028-08-01,00064537,00003066,O,AIRPORT,0000
300,DL,1699,2028-08-11,00064317,00003066,O,AIRPORT,0000
300,LH,0401,2028-06-22,00056740,00003066,O,AIRPORT,0000
300,UA,3504,2028-05-10,00059143,00003066,O,AIRPORT,0000
300,AZ,0788,2028-07-13,00059313,00003066,O,AIRPORT,0000
300,QF,0006,2028-08-27,00059230,00003066,O,AIRPORT,0000
300,QF,0006,2028-08-25,00058963,00003066,O,AIRPORT,0000
300,UA,3504,2028-05-01,00057553,00003066,O,AIRPORT,0000
300,UA,3504,2028-05-06,00058316,00003066,O,AIRPORT,0000
300,AZ,0788,2028-06-10,00052957,00003066,O,AIRPORT,0000
300,DL,1699,2028-06-16,00053198,00003066,O,AIRPORT,0000
300,UA,3504,2028-04-18,00054835,00003066,O,AIRPORT,0000
300,AA,0026,2028-07-20,00054803,00003066,O,AIRPORT,0000
300,DL,1699,2028-06-27,00055443,00003066,O,AIRPORT,0000
300,LH,0401,2028-05-17,00049839,00003066,O,AIRPORT,0000
300,AZ,0788,2028-06-16,00054294,00003066,O,AIRPORT,0000
300,QF,0006,2028-07-18,00053814,00003066,O,AIRPORT,0000
300,DL,1699,2028-06-18,00053772,00003066,O,AIRPORT,0000
300,DL,1699,2028-06-21,00054123,00003066,O,AIRPORT,0000
300,AZ,0788,2028-06-16,00054163,00003066,O,AIRPORT,0000
300,UA,3504,2028-07-19,00072756,00003066,O,AIRPORT,0000
300,UA,3504,2028-07-23,00073423,00003066,O,AIRPORT,0000
300,LH,0401,2028-09-11,00073460,00003066,O,AIRPORT,0000
300,AA,0064,2028-06-20,00075707,00003066,O,AIRPORT,0000
300,AZ,0788,2028-11-09,00075866,00003066,O,AIRPORT,0000
300,AA,0064,2028-06-22,00075885,00003066,O,AIRPORT,0000
300,LH,0401,2028-09-19,00075009,00003066,O,AIRPORT,0000
300,DL,1699,2028-11-06,00075281,00003066,O,AIRPORT,0000
300,AA,0064,2028-04-02,00066965,00003066,O,AIRPORT,0000
300,AZ,0788,2028-08-13,00065244,00003066,O,AIRPORT,0000
300,DL,1699,2028-08-22,00066481,00003066,O,AIRPORT,0000
300,AZ,0788,2028-08-18,00066453,00003066,O,AIRPORT,0000
300,UA,3504,2028-08-17,00078129,00003066,O,AIRPORT,0000
300,AA,0064,2028-07-19,00078859,00003066,O,AIRPORT,0000
300,DL,1984,2028-04-06,00077725,00003066,O,AIRPORT,0000
300,AZ,0789,2028-04-15,00080286,00003066,O,AIRPORT,0000
300,AZ,0789,2028-04-13,00079824,00003066,O,AIRPORT,0000
300,LH,0402,2028-04-28,00085454,00003066,O,AIRPORT,0000
300,AZ,0789,2028-05-25,00087908,00003066,O,AIRPORT,0000
300,UA,3504,2028-09-21,00086320,00003066,O,AIRPORT,0000
300,AA,0064,2028-09-01,00084004,00003066,O,AIRPORT,0000
300,DL,1984,2028-08-29,00105567,00003066,O,AIRPORT,0000
300,DL,1984,2028-09-02,00106707,00003066,O,AIRPORT,0000
300,DL,1984,2028-08-09,00101733,00003066,O,AIRPORT,0000
300,AZ,0789,2028-08-12,00103200,00003066,O,AIRPORT,0000
300,AZ,0789,2028-09-18,00110602,00003066,O,AIRPORT,0000
300,DL,1984,2028-09-13,00108749,00003066,O,AIRPORT,0000
300,UA,3516,2028-06-30,00108043,00003066,O,AIRPORT,0000
300,UA,3516,2028-07-11,00110203,00003066,O,AIRPORT,0000
300,UA,3516,2028-07-11,00110026,00003066,O,AIRPORT,0000
300,UA,3516,2028-04-15,00093093,00003066,O,AIRPORT,0000
300,UA,3516,2028-04-04,00091036,00003066,O,AIRPORT,0000
300,AZ,0789,2028-06-08,00090677,00003066,O,AIRPORT,0000
300,DL,1984,2028-06-12,00090723,00003066,O,AIRPORT,0000
300,DL,1984,2028-06-12,00090722,00003066,O,AIRPORT,0000
300,UA,3516,2028-04-10,00092205,00003066,O,AIRPORT,0000
300,LH,0402,2028-05-29,00091667,00003066,O,AIRPORT,0000
300,LH,0402,2028-05-14,00088769,00003066,O,AIRPORT,0000
300,LH,0402,2028-05-18,00089373,00003066,O,AIRPORT,0000
300,UA,3516,2028-05-05,00097130,00003066,O,AIRPORT,0000
300,AZ,0789,2028-07-13,00097410,00003066,O,AIRPORT,0000
300,DL,1984,2028-07-11,00096079,00003066,O,AIRPORT,0000
300,LH,0402,2028-06-18,00095668,00003066,O,AIRPORT,0000
300,LH,0402,2028-07-13,00100273,00003066,O,AIRPORT,0000
300,UA,3516,2028-05-16,00099366,00003066,O,AIRPORT,0000
300,LH,0402,2028-07-06,00099116,00003066,O,AIRPORT,0000
300,UA,3516,2028-04-24,00094973,00003066,O,AIRPORT,0000
300,AZ,0789,2028-07-02,00095499,00003066,O,AIRPORT,0000
300,AZ,0789,2028-11-04,00113977,00003066,O,AIRPORT,0000
300,LH,0402,2028-09-16,00113788,00003066,O,AIRPORT,0000
300,LH,0455,2028-04-12,00147675,00003066,O,AIRPORT,0000
300,UA,3517,2028-07-08,00148309,00003066,O,AIRPORT,0000
300,LH,0455,2028-04-23,00148942,00003066,O,AIRPORT,0000
300,UA,3517,2028-05-29,00140666,00003066,O,AIRPORT,0000
300,UA,3517,2028-06-12,00143380,00003066,O,AIRPORT,0000
300,LH,0454,2028-10-01,00144386,00003066,O,AIRPORT,0000
300,AZ,0791,2028-04-20,00144286,00003066,O,AIRPORT,0000
300,LH,0455,2028-07-26,00159297,00003066,O,AIRPORT,0000
300,AZ,0791,2028-09-05,00159629,00003066,O,AIRPORT,0000
300,AZ,0791,2028-09-17,00160793,00003066,O,AIRPORT,0000
300,UA,3517,2028-09-07,00160702,00003066,O,AIRPORT,0000
300,UA,3517,2028-09-10,00161418,00003066,O,AIRPORT,0000
300,UA,3517,2028-08-20,00156517,00003066,O,AIRPORT,0000
300,AZ,0790,2028-05-10,00120608,00003066,O,AIRPORT,0000
300,UA,3516,2028-09-05,00121261,00003066,O,AIRPORT,0000
300,UA,3516,2028-09-20,00124748,00003066,O,AIRPORT,0000
300,LH,0402,2028-09-27,00115754,00003066,O,AIRPORT,0000
300,LH,0402,2028-09-20,00114528,00003066,O,AIRPORT,0000
300,LH,0402,2028-09-18,00114319,00003066,O,AIRPORT,0000
300,UA,3516,2028-08-09,00115563,00003066,O,AIRPORT,0000
300,LH,0454,2028-03-31,00118543,00003066,O,AIRPORT,0000
300,AZ,0790,2028-04-22,00118118,00003066,O,AIRPORT,0000
300,AZ,0790,2028-08-16,00134184,00003066,O,AIRPORT,0000
300,AZ,0790,2028-08-14,00133927,00003066,O,AIRPORT,0000
300,LH,0454,2028-08-01,00135588,00003066,O,AIRPORT,0000
300,UA,3516,2028-10-08,00126935,00003066,O,AIRPORT,0000
300,LH,0454,2028-06-22,00130074,00003066,O,AIRPORT,0000
300,LH,0454,2028-06-22,00130075,00003066,O,AIRPORT,0000
300,LH,0454,2028-06-27,00130528,00003066,O,AIRPORT,0000
300,UA,3517,2028-09-18,00163305,00003066,O,AIRPORT,0000
300,LH,2402,2028-09-17,00188389,00003066,O,AIRPORT,0000
300,LH,2402,2028-09-13,00187687,00003066,O,AIRPORT,0000
300,LH,2402,2028-08-24,00185107,00003066,O,AIRPORT,0000
300,LH,2402,2028-07-26,00181676,00003066,O,AIRPORT,0000
300,LH,2402,2028-07-26,00181675,00003066,O,AIRPORT,0000
300,LH,2407,2028-04-18,00193189,00003066,O,AIRPORT,0000
300,LH,2462,2028-06-26,00256055,00003066,O,AIRPORT,0000
300,LH,2462,2028-07-19,00258383,00003066,O,AIRPORT,0000
300,LH,2463,2028-04-07,00269382,00003066,O,AIRPORT,0000
300,LH,2463,2028-04-09,00269589,00003066,O,AIRPORT,0000
300,LH,2462,2028-08-31,00263364,00003066,O,AIRPORT,0000
300,LH,2462,2028-08-19,00262013,00003066,O,AIRPORT,0000
300,LH,2436,2028-05-26,00236393,00003066,O,AIRPORT,0000
300,LH,2436,2028-06-11,00237502,00003066,O,AIRPORT,0000
300,LH,2436,2028-05-13,00235507,00003066,O,AIRPORT,0000
300,LH,2415,2028-08-28,00228022,00003066,O,AIRPORT,0000
300,LH,2415,2028-09-21,00230932,00003066,O,AIRPORT,0000
300,LH,2463,2028-09-02,00286181,00003066,O,AIRPORT,0000
300,LH,3577,2028-09-15,00310781,00003066,O,AIRPORT,0000
300,LH,3577,2028-09-11,00310151,00003066,O,AIRPORT,0000
300,LH,2463,2028-04-23,00271031,00003066,O,AIRPORT,0000
300,LH,2463,2028-05-15,00273489,00003066,O,AIRPORT,0000
300,LH,3577,2028-07-28,00304659,00003066,O,AIRPORT,0000
300,LH,2407,2028-07-03,00201732,00003066,O,AIRPORT,0000
300,LH,2407,2028-07-06,00201981,00003066,O,AIRPORT,0000
300,LH,2415,2028-03-27,00213209,00003066,O,AIRPORT,0000
300,LH,2415,2028-04-05,00213993,00003066,O,AIRPORT,0000
300,LH,2407,2028-09-10,00209918,00003066,O,AIRPORT,0000
300,LH,2407,2028-08-31,00208469,00003066,O,AIRPORT,0000
300,LH,2415,2028-07-10,00223345,00003066,O,AIRPORT,0000
300,LH,2415,2028-07-28,00225018,00003066,O,AIRPORT,0000
300,LH,2407,2028-08-04,00205351,00003066,O,AIRPORT,0000
300,AA,17,2028-07-05,19763,3722,O,AIRPORT,
300,DL,106,2028-07-15,21683,3722,O,AIRPORT,
300,AZ,555,2028-04-22,5282,3722,O,AIRPORT,
300,AZ,555,2028-06-23,17614,3722,O,AIRPORT,
300,AZ,555,2028-06-23,17697,3722,O,AIRPORT,
300,UA,7,2028-07-26,16746,3722,O,AIRPORT,
300,JL,407,2028-07-30,17327,3722,O,AIRPORT,
300,UA,7,2028-08-10,18921,3722,O,AIRPORT,
300,DL,106,2028-06-27,18275,3722,O,AIRPORT,
300,LH,400,2028-07-28,24273,3722,O,AIRPORT,
300,DL,106,2028-07-31,24783,3722,O,AIRPORT,
300,AZ,555,2028-07-29,24812,3722,O,AIRPORT,
300,AA,17,2028-07-29,24641,3722,O,AIRPORT,
300,JL,407,2028-04-29,4708,3722,O,AIRPORT,
300,UA,941,2028-09-21,48211,3722,O,AIRPORT,
300,AZ,788,2028-05-16,47959,3722,O,AIRPORT,
300,QF,5,2028-07-16,22032,3722,O,AIRPORT,
300,QF,5,2028-04-20,5202,3722,O,AIRPORT,
300,UA,7,2028-04-12,2394,3722,O,AIRPORT,
300,AZ,555,2028-07-22,23386,3722,O,AIRPORT,
300,UA,7,2028-05-20,7676,3722,O,AIRPORT,
300,AA,17,2028-05-21,11115,3722,O,AIRPORT,
300,JL,407,2028-06-11,10701,3722,O,AIRPORT,
300,DL,106,2028-05-22,11028,3722,O,AIRPORT,
300,JL,407,2028-06-02,9519,3722,O,AIRPORT,
300,AZ,555,2028-05-14,9614,3722,O,AIRPORT,
300,AZ,555,2028-05-12,9256,3722,O,AIRPORT,
300,AZ,555,2028-05-05,8111,3722,O,AIRPORT,
300,UA,7,2028-06-06,10097,3722,O,AIRPORT,
300,DL,106,2028-05-07,7891,3722,O,AIRPORT,
300,LH,400,2028-05-11,9030,3722,O,AIRPORT,
300,LH,400,2028-05-11,8957,3722,O,AIRPORT,
300,UA,7,2028-05-26,8465,3722,O,AIRPORT,
300,DL,106,2028-06-21,16654,3722,O,AIRPORT,
300,DL,106,2028-05-27,12099,3722,O,AIRPORT,
300,UA,941,2028-05-03,32182,3722,O,AIRPORT,
300,QF,5,2028-09-12,33251,3722,O,AIRPORT,
300,QF,5,2028-04-11,3282,3722,O,AIRPORT,
300,JL,408,2028-04-27,30777,3722,O,AIRPORT,
300,DL,106,2028-04-12,3194,3722,O,AIRPORT,
300,UA,941,2028-05-30,35085,3722,O,AIRPORT,
300,DL,106,2028-09-22,35314,3722,O,AIRPORT,
300,AA,17,2028-09-18,34739,3722,O,AIRPORT,
300,AZ,555,2028-09-21,35004,3722,O,AIRPORT,
300,UA,941,2028-06-08,35979,3722,O,AIRPORT,
300,AA,17,2028-09-23,35543,3722,O,AIRPORT,
300,AA,17,2028-09-23,35418,3722,O,AIRPORT,
300,UA,941,2028-05-19,33871,3722,O,AIRPORT,
300,UA,941,2028-05-19,33872,3722,O,AIRPORT,
300,LH,400,2028-04-12,3411,3722,O,AIRPORT,
300,LH,400,2028-08-10,26761,3722,O,AIRPORT,
300,LH,400,2028-08-10,26762,3722,O,AIRPORT,
300,UA,941,2028-03-31,28453,3722,O,AIRPORT,
300,DL,106,2028-08-20,28697,3722,O,AIRPORT,
300,AA,26,2028-04-29,43498,3722,O,AIRPORT,
300,LH,401,2028-04-18,43869,3722,O,AIRPORT,
300,LH,400,2028-04-16,4207,3722,O,AIRPORT,
300,JL,408,2028-08-08,42118,3722,O,AIRPORT,
300,AZ,788,2028-04-13,41693,3722,O,AIRPORT,
300,LH,401,2028-04-11,42844,3722,O,AIRPORT,
300,QF,6,2028-04-29,42765,3722,O,AIRPORT,
300,QF,6,2028-04-29,42766,3722,O,AIRPORT,
300,DL,1699,2028-04-23,42828,3722,O,AIRPORT,
300,LH,401,2028-04-09,42310,3722,O,AIRPORT,
300,AA,26,2028-05-19,46160,3722,O,AIRPORT,
300,QF,5,2028-08-01,24971,3722,O,AIRPORT,
300,QF,5,2028-08-01,24970,3722,O,AIRPORT,
300,QF,6,2028-05-21,45819,3722,O,AIRPORT,
300,QF,6,2028-05-28,46798,3722,O,AIRPORT,
300,UA,941,2028-09-05,46376,3722,O,AIRPORT,
300,LH,400,2028-04-18,4478,3722,O,AIRPORT,
300,QF,5,2028-04-18,4496,3722,O,AIRPORT,
300,QF,6,2028-03-31,38593,3722,O,AIRPORT,
300,AA,17,2028-11-07,38541,3722,O,AIRPORT,
300,LH,400,2028-10-10,38310,3722,O,AIRPORT,
300,JL,407,2028-04-22,3833,3722,O,AIRPORT,
300,UA,941,2028-07-16,40460,3722,O,AIRPORT,
300,UA,7,2028-04-25,4149,3722,O,AIRPORT,
300,AA,26,2028-03-31,39476,3722,O,AIRPORT,
300,AA,26,2028-04-04,40142,3722,O,AIRPORT,
300,UA,7,2028-03-27,180,3722,O,AIRPORT,
300,QF,6,2028-09-10,61218,3722,O,AIRPORT,
300,AA,26,2028-08-29,60439,3722,O,AIRPORT,
300,DL,1699,2028-07-06,57408,3722,O,AIRPORT,
300,AZ,788,2028-07-11,58965,3722,O,AIRPORT,
300,AZ,788,2028-07-09,58429,3722,O,AIRPORT,
300,AA,26,2028-08-14,58407,3722,O,AIRPORT,
300,AA,26,2028-09-07,61590,3722,O,AIRPORT,
300,UA,3504,2028-06-02,63256,3722,O,AIRPORT,
300,DL,1699,2028-08-04,62772,3722,O,AIRPORT,
300,UA,3504,2028-04-09,52800,3722,O,AIRPORT,
300,LH,401,2028-05-17,49704,3722,O,AIRPORT,
300,QF,6,2028-06-21,49951,3722,O,AIRPORT,
300,LH,401,2028-06-15,55307,3722,O,AIRPORT,
300,DL,1699,2028-06-18,53626,3722,O,AIRPORT,
300,LH,400,2028-03-29,537,3722,O,AIRPORT,
300,QF,6,2028-07-20,53972,3722,O,AIRPORT,
300,AA,26,2028-07-13,54056,3722,O,AIRPORT,
300,AZ,788,2028-09-07,70027,3722,O,AIRPORT,
300,AA,26,2028-11-09,66015,3722,O,AIRPORT,
300,AZ,788,2028-08-18,66518,3722,O,AIRPORT,
300,DL,1699,2028-08-27,67267,3722,O,AIRPORT,
300,UA,3504,2028-09-17,85398,3722,O,AIRPORT,
300,LH,401,2028-09-19,75083,3722,O,AIRPORT,
300,AZ,788,2028-10-28,75645,3722,O,AIRPORT,
300,AA,64,2028-06-11,74638,3722,O,AIRPORT,
300,AA,64,2028-06-11,74773,3722,O,AIRPORT,
300,DL,1984,2028-04-01,76830,3722,O,AIRPORT,
300,AA,64,2028-06-24,76190,3722,O,AIRPORT,
300,DL,1984,2028-03-28,75821,3722,O,AIRPORT,
300,DL,1984,2028-03-28,75820,3722,O,AIRPORT,
300,AA,64,2028-05-17,71940,3722,O,AIRPORT,
300,LH,401,2028-09-03,71700,3722,O,AIRPORT,
300,LH,401,2028-08-31,70756,3722,O,AIRPORT,
300,DL,1699,2028-09-11,70411,3722,O,AIRPORT,
300,UA,3504,2028-07-23,73280,3722,O,AIRPORT,
300,DL,1699,2028-09-29,73453,3722,O,AIRPORT,
300,AA,64,2028-05-22,72555,3722,O,AIRPORT,
300,AZ,789,2028-04-26,82302,3722,O,AIRPORT,
300,LH,402,2028-04-06,81420,3722,O,AIRPORT,
300,DL,1984,2028-05-09,83930,3722,O,AIRPORT,
300,DL,1984,2028-04-12,78746,3722,O,AIRPORT,
300,DL,1984,2028-04-15,79318,3722,O,AIRPORT,
300,UA,3504,2028-08-19,78936,3722,O,AIRPORT,
300,AZ,789,2028-04-08,78971,3722,O,AIRPORT,
300,AA,64,2028-08-01,80526,3722,O,AIRPORT,
300,AZ,789,2028-04-13,79755,3722,O,AIRPORT,
300,AZ,789,2028-08-18,104400,3722,O,AIRPORT,
300,AZ,789,2028-08-16,103858,3722,O,AIRPORT,
300,DL,1984,2028-08-29,105897,3722,O,AIRPORT,
300,AZ,789,2028-09-25,111938,3722,O,AIRPORT,
300,LH,402,2028-08-13,106398,3722,O,AIRPORT,
300,UA,3516,2028-07-04,108707,3722,O,AIRPORT,
300,DL,1984,2028-09-13,108659,3722,O,AIRPORT,
300,LH,402,2028-05-20,90005,3722,O,AIRPORT,
300,LH,402,2028-05-27,91009,3722,O,AIRPORT,
300,UA,3516,2028-03-26,89429,3722,O,AIRPORT,
300,LH,402,2028-06-05,93091,3722,O,AIRPORT,
300,DL,1984,2028-06-27,93519,3722,O,AIRPORT,
300,DL,1984,2028-06-27,93655,3722,O,AIRPORT,
300,AZ,789,2028-07-25,99830,3722,O,AIRPORT,
300,AZ,789,2028-06-30,94866,3722,O,AIRPORT,
300,UA,3516,2028-04-24,94805,3722,O,AIRPORT,
300,DL,1984,2028-07-20,98029,3722,O,AIRPORT,
300,DL,1984,2028-07-24,98785,3722,O,AIRPORT,
300,UA,3516,2028-05-16,99002,3722,O,AIRPORT,
300,UA,3516,2028-05-14,98618,3722,O,AIRPORT,
300,UA,3516,2028-09-20,124850,3722,O,AIRPORT,
300,AZ,790,2028-05-28,123085,3722,O,AIRPORT,
300,AZ,790,2028-03-31,114853,3722,O,AIRPORT,
300,AZ,790,2028-05-12,120868,3722,O,AIRPORT,
300,UA,3516,2028-08-18,117437,3722,O,AIRPORT,
300,LH,455,2028-06-14,154529,3722,O,AIRPORT,
300,UA,3517,2028-07-31,152850,3722,O,AIRPORT,
300,LH,455,2028-05-02,149937,3722,O,AIRPORT,
300,AZ,791,2028-06-04,149117,3722,O,AIRPORT,
300,UA,3517,2028-07-13,149421,3722,O,AIRPORT,
300,AZ,791,2028-09-17,160995,3722,O,AIRPORT,
300,UA,3517,2028-09-07,160641,3722,O,AIRPORT,
300,LH,455,2028-07-26,159403,3722,O,AIRPORT,
300,UA,3517,2028-09-13,162165,3722,O,AIRPORT,
300,LH,455,2028-06-21,155335,3722,O,AIRPORT,
300,AZ,791,2028-08-01,155753,3722,O,AIRPORT,
300,UA,3517,2028-08-22,157220,3722,O,AIRPORT,
300,UA,3517,2028-08-24,157547,3722,O,AIRPORT,
300,AZ,791,2028-08-16,157490,3722,O,AIRPORT,
300,AZ,790,2028-08-20,134860,3722,O,AIRPORT,
300,UA,3517,2028-05-11,137422,3722,O,AIRPORT,
300,UA,3517,2028-05-14,137459,3722,O,AIRPORT,
300,LH,454,2028-08-12,137115,3722,O,AIRPORT,
300,UA,3517,2028-06-23,145580,3722,O,AIRPORT,
300,AZ,791,2028-05-10,146421,3722,O,AIRPORT,
300,AZ,791,2028-05-08,146126,3722,O,AIRPORT,
300,AZ,791,2028-04-22,144568,3722,O,AIRPORT,
300,LH,454,2028-10-03,144616,3722,O,AIRPORT,
300,AZ,791,2028-05-01,145388,3722,O,AIRPORT,
300,AZ,790,2028-09-23,139571,3722,O,AIRPORT,
300,LH,454,2028-08-31,139758,3722,O,AIRPORT,
300,AZ,790,2028-09-25,139879,3722,O,AIRPORT,
300,LH,454,2028-09-15,142386,3722,O,AIRPORT,
300,LH,455,2028-09-20,165971,3722,O,AIRPORT,
300,LH,2462,2028-09-24,266383,3722,O,AIRPORT,
300,LH,2462,2028-09-08,264341,3722,O,AIRPORT,
300,LH,2462,2028-07-28,259499,3722,O,AIRPORT,
300,LH,2463,2028-07-08,279611,3722,O,AIRPORT,
300,LH,2436,2028-04-27,234604,3722,O,AIRPORT,
300,LH,2415,2028-09-11,229830,3722,O,AIRPORT,
300,LH,2436,2028-04-05,233138,3722,O,AIRPORT,
300,LH,2415,2028-09-24,231098,3722,O,AIRPORT,
300,LH,2436,2028-08-30,242612,3722,O,AIRPORT,
300,LH,2436,2028-08-28,242491,3722,O,AIRPORT,
300,LH,2463,2028-10-05,289651,3722,O,AIRPORT,
300,LH,2463,2028-07-19,280926,3722,O,AIRPORT,
300,LH,2463,2028-07-26,281491,3722,O,AIRPORT,
300,LH,2463,2028-07-26,281494,3722,O,AIRPORT,
300,LH,2463,2028-09-04,286339,3722,O,AIRPORT,
300,LH,2463,2028-08-28,285289,3722,O,AIRPORT,
300,LH,3577,2028-07-06,302094,3722,O,AIRPORT,
300,LH,3577,2028-08-10,306122,3722,O,AIRPORT,
300,LH,3577,2028-06-02,298404,3722,O,AIRPORT,
300,LH,2407,2028-06-27,200946,3722,O,AIRPORT,
300,LH,2407,2028-06-06,198884,3722,O,AIRPORT,
300,LH,2407,2028-07-28,204521,3722,O,AIRPORT,
300,LH,2407,2028-07-21,203722,3722,O,AIRPORT,
300,LH,2402,2028-09-26,189192,3722,O,AIRPORT,
300,LH,2407,2028-05-20,196750,3722,O,AIRPORT,
300,LH,2407,2028-04-25,193990,3722,O,AIRPORT,
300,LH,2415,2028-07-30,225370,3722,O,AIRPORT,
300,LH,2415,2028-06-22,221589,3722,O,AIRPORT,
300,LH,2407,2028-09-04,209074,3722,O,AIRPORT,
300,LH,2415,2028-04-25,215855,3722,O,AIRPORT,
300,LH,455,2028-09-27,166714,3722,O,AIRPORT,
300,LH,2402,2028-07-21,181279,3722,O,AIRPORT,
300,LH,2402,2028-08-26,185359,3722,O,AIRPORT,
300,LH,2402,2028-08-08,183391,3722,O,AIRPORT,
300,LH,2402,2028-04-09,169906,3722,O,AIRPORT,
300,JL,0407,2028-07-25,00016722,00001759,O,AIRPORT,0000
300,JL,0407,2028-07-23,00016492,00001759,O,AIRPORT,0000
300,JL,0407,2028-06-22,00012258,00001759,O,AIRPORT,0000
300,QF,0005,2028-05-30,00012770,00001759,O,AIRPORT,0000
300,AA,0017,2028-05-30,00012712,00001759,O,AIRPORT,0000
300,AA,0017,2028-06-08,00014692,00001759,O,AIRPORT,0000
300,QF,0005,2028-06-11,00014886,00001759,O,AIRPORT,0000
300,AA,0017,2028-06-08,00014356,00001759,O,AIRPORT,0000
300,AZ,0555,2028-06-08,00014447,00001759,O,AIRPORT,0000
300,AZ,0555,2028-07-13,00021460,00001759,O,AIRPORT,0000
300,AZ,0555,2028-07-13,00021495,00001759,O,AIRPORT,0000
300,QF,0005,2028-07-14,00021410,00001759,O,AIRPORT,0000
300,QF,0005,2028-07-28,00024040,00001759,O,AIRPORT,0000
300,UA,0007,2028-09-06,00023133,00001759,O,AIRPORT,0000
300,DL,0106,2028-07-22,00022923,00001759,O,AIRPORT,0000
300,DL,0106,2028-07-24,00023387,00001759,O,AIRPORT,0000
300,DL,0106,2028-06-29,00018519,00001759,O,AIRPORT,0000
300,JL,0407,2028-08-17,00019968,00001759,O,AIRPORT,0000
300,DL,0106,2028-07-06,00019913,00001759,O,AIRPORT,0000
300,DL,0106,2028-07-11,00020531,00001759,O,AIRPORT,0000
300,AA,0017,2028-04-15,00004237,00001759,O,AIRPORT,0000
300,JL,0407,2028-04-18,00003159,00001759,O,AIRPORT,0000
300,JL,0407,2028-05-04,00005342,00001759,O,AIRPORT,0000
300,LH,0400,2028-04-23,00005471,00001759,O,AIRPORT,0000
300,QF,0005,2028-04-18,00004639,00001759,O,AIRPORT,0000
300,LH,0400,2028-04-23,00005288,00001759,O,AIRPORT,0000
300,DL,0106,2028-04-23,00005326,00001759,O,AIRPORT,0000
300,DL,0106,2028-03-28,00000238,00001759,O,AIRPORT,0000
300,AA,0017,2028-04-06,00002290,00001759,O,AIRPORT,0000
300,QF,0005,2028-04-07,00002468,00001759,O,AIRPORT,0000
300,AA,0017,2028-04-06,00002464,00001759,O,AIRPORT,0000
300,DL,0106,2028-04-10,00002673,00001759,O,AIRPORT,0000
300,AZ,0555,2028-04-04,00001786,00001759,O,AIRPORT,0000
300,UA,0007,2028-04-07,00001716,00001759,O,AIRPORT,0000
300,DL,0106,2028-04-06,00001956,00001759,O,AIRPORT,0000
300,LH,0400,2028-04-05,00002032,00001759,O,AIRPORT,0000
300,JL,0407,2028-06-11,00010599,00001759,O,AIRPORT,0000
300,AA,0017,2028-05-12,00009364,00001759,O,AIRPORT,0000
300,AA,0017,2028-05-23,00011724,00001759,O,AIRPORT,0000
300,LH,0400,2028-05-20,00010710,00001759,O,AIRPORT,0000
300,AA,0017,2028-05-21,00011223,00001759,O,AIRPORT,0000
300,LH,0400,2028-05-22,00011170,00001759,O,AIRPORT,0000
300,JL,0407,2028-05-15,00006908,00001759,O,AIRPORT,0000
300,UA,0007,2028-05-20,00007540,00001759,O,AIRPORT,0000
300,AA,0017,2028-05-01,00007379,00001759,O,AIRPORT,0000
300,JL,0407,2028-05-28,00008662,00001759,O,AIRPORT,0000
300,DL,0106,2028-05-09,00008542,00001759,O,AIRPORT,0000
300,LH,0400,2028-05-06,00008192,00001759,O,AIRPORT,0000
300,JL,0408,2028-08-06,00041889,00001759,O,AIRPORT,0000
300,LH,0401,2028-04-02,00040972,00001759,O,AIRPORT,0000
300,JL,0408,2028-06-27,00037388,00001759,O,AIRPORT,0000
300,DL,0106,2028-10-30,00037000,00001759,O,AIRPORT,0000
300,AZ,0788,2028-03-30,00038951,00001759,O,AIRPORT,0000
300,UA,0941,2028-07-03,00038856,00001759,O,AIRPORT,0000
300,QF,0006,2028-05-23,00046059,00001759,O,AIRPORT,0000
300,QF,0006,2028-06-06,00047981,00001759,O,AIRPORT,0000
300,DL,1699,2028-04-28,00043635,00001759,O,AIRPORT,0000
300,JL,0408,2028-08-15,00042987,00001759,O,AIRPORT,0000
300,AA,0026,2028-05-03,00044067,00001759,O,AIRPORT,0000
300,LH,0401,2028-04-18,00043998,00001759,O,AIRPORT,0000
300,AZ,0555,2028-08-16,00028243,00001759,O,AIRPORT,0000
300,AA,0017,2028-08-20,00028698,00001759,O,AIRPORT,0000
300,UA,0941,2028-04-13,00029899,00001759,O,AIRPORT,0000
300,AZ,0555,2028-08-27,00030232,00001759,O,AIRPORT,0000
300,QF,0005,2028-08-03,00025216,00001759,O,AIRPORT,0000
300,DL,0106,2028-08-11,00026710,00001759,O,AIRPORT,0000
300,AZ,0555,2028-08-12,00027187,00001759,O,AIRPORT,0000
300,JL,0407,2028-10-03,00025892,00001759,O,AIRPORT,0000
300,AA,0017,2028-08-07,00026500,00001759,O,AIRPORT,0000
300,AZ,0555,2028-08-07,00026556,00001759,O,AIRPORT,0000
300,QF,0005,2028-09-19,00034479,00001759,O,AIRPORT,0000
300,DL,0106,2028-09-20,00034522,00001759,O,AIRPORT,0000
300,JL,0408,2028-06-02,00034641,00001759,O,AIRPORT,0000
300,JL,0408,2028-05-22,00033621,00001759,O,AIRPORT,0000
300,AA,0017,2028-09-25,00035899,00001759,O,AIRPORT,0000
300,JL,0408,2028-05-02,00031190,00001759,O,AIRPORT,0000
300,JL,0408,2028-05-04,00031627,00001759,O,AIRPORT,0000
300,JL,0408,2028-04-25,00030443,00001759,O,AIRPORT,0000
300,LH,0400,2028-09-04,00032213,00001759,O,AIRPORT,0000
300,UA,0941,2028-05-03,00032148,00001759,O,AIRPORT,0000
300,UA,3504,2028-03-27,00050404,00001759,O,AIRPORT,0000
300,AZ,0788,2028-08-07,00064017,00001759,O,AIRPORT,0000
300,AZ,0788,2028-07-31,00062757,00001759,O,AIRPORT,0000
300,LH,0401,2028-06-17,00055978,00001759,O,AIRPORT,0000
300,AA,0026,2028-06-17,00050285,00001759,O,AIRPORT,0000
300,LH,0401,2028-05-19,00050238,00001759,O,AIRPORT,0000
300,LH,0401,2028-06-24,00057074,00001759,O,AIRPORT,0000
300,QF,0006,2028-08-23,00058858,00001759,O,AIRPORT,0000
300,QF,0006,2028-08-18,00058235,00001759,O,AIRPORT,0000
300,AA,0026,2028-06-23,00051047,00001759,O,AIRPORT,0000
300,AZ,0788,2028-05-29,00050724,00001759,O,AIRPORT,0000
300,QF,0006,2028-09-16,00062094,00001759,O,AIRPORT,0000
300,AA,0026,2028-09-01,00060750,00001759,O,AIRPORT,0000
300,QF,0006,2028-07-11,00053009,00001759,O,AIRPORT,0000
300,UA,3504,2028-04-05,00051936,00001759,O,AIRPORT,0000
300,DL,1699,2028-05-27,00049551,00001759,O,AIRPORT,0000
300,LH,0401,2028-06-13,00054790,00001759,O,AIRPORT,0000
300,QF,0006,2028-07-22,00054550,00001759,O,AIRPORT,0000
300,LH,0401,2028-06-17,00055653,00001759,O,AIRPORT,0000
300,UA,0941,2028-11-07,00050053,00001759,O,AIRPORT,0000
300,AA,0026,2028-07-16,00054241,00001759,O,AIRPORT,0000
300,QF,0006,2028-07-16,00053626,00001759,O,AIRPORT,0000
300,AZ,0788,2028-06-14,00053594,00001759,O,AIRPORT,0000
300,AA,0026,2028-07-16,00054315,00001759,O,AIRPORT,0000
300,LH,0401,2028-09-12,00073616,00001759,O,AIRPORT,0000
300,DL,1699,2028-09-29,00073390,00001759,O,AIRPORT,0000
300,LH,0401,2028-09-26,00076357,00001759,O,AIRPORT,0000
300,AZ,0788,2028-08-16,00065861,00001759,O,AIRPORT,0000
300,DL,1699,2028-09-13,00070729,00001759,O,AIRPORT,0000
300,AA,0064,2028-05-01,00070288,00001759,O,AIRPORT,0000
300,LH,0401,2028-10-11,00077644,00001759,O,AIRPORT,0000
300,LH,0402,2028-03-30,00079713,00001759,O,AIRPORT,0000
300,AZ,0789,2028-04-13,00079864,00001759,O,AIRPORT,0000
300,AZ,0789,2028-04-11,00079431,00001759,O,AIRPORT,0000
300,UA,3504,2028-08-23,00079451,00001759,O,AIRPORT,0000
300,UA,3504,2028-08-10,00076995,00001759,O,AIRPORT,0000
300,DL,1984,2028-05-18,00085550,00001759,O,AIRPORT,0000
300,AA,0064,2028-09-15,00085444,00001759,O,AIRPORT,0000
300,LH,0402,2028-04-23,00084707,00001759,O,AIRPORT,0000
300,AA,0064,2028-10-23,00087580,00001759,O,AIRPORT,0000
300,AA,0064,2028-09-24,00086513,00001759,O,AIRPORT,0000
300,UA,3504,2028-09-24,00086721,00001759,O,AIRPORT,0000
300,AA,0064,2028-08-17,00082185,00001759,O,AIRPORT,0000
300,AA,0064,2028-08-10,00081410,00001759,O,AIRPORT,0000
300,AZ,0789,2028-05-05,00084205,00001759,O,AIRPORT,0000
300,AA,0064,2028-08-23,00083004,00001759,O,AIRPORT,0000
300,DL,1984,2028-08-27,00105239,00001759,O,AIRPORT,0000
300,AZ,0789,2028-08-23,00105234,00001759,O,AIRPORT,0000
300,AZ,0789,2028-08-20,00104832,00001759,O,AIRPORT,0000
300,AZ,0789,2028-08-09,00102697,00001759,O,AIRPORT,0000
300,UA,3516,2028-06-05,00103213,00001759,O,AIRPORT,0000
300,AZ,0789,2028-08-14,00103508,00001759,O,AIRPORT,0000
300,AZ,0789,2028-08-14,00103623,00001759,O,AIRPORT,0000
300,LH,0402,2028-09-10,00112406,00001759,O,AIRPORT,0000
300,LH,0402,2028-08-24,00108416,00001759,O,AIRPORT,0000
300,AZ,0789,2028-09-14,00109899,00001759,O,AIRPORT,0000
300,LH,0402,2028-08-31,00109748,00001759,O,AIRPORT,0000
300,LH,0402,2028-06-14,00094866,00001759,O,AIRPORT,0000
300,AZ,0789,2028-06-30,00094934,00001759,O,AIRPORT,0000
300,UA,3516,2028-04-01,00090497,00001759,O,AIRPORT,0000
300,LH,0402,2028-06-07,00093359,00001759,O,AIRPORT,0000
300,AZ,0789,2028-06-14,00091764,00001759,O,AIRPORT,0000
300,LH,0402,2028-05-22,00090117,00001759,O,AIRPORT,0000
300,LH,0402,2028-05-18,00089614,00001759,O,AIRPORT,0000
300,UA,3516,2028-05-07,00097504,00001759,O,AIRPORT,0000
300,DL,1984,2028-07-28,00099708,00001759,O,AIRPORT,0000
300,UA,3516,2028-05-14,00098686,00001759,O,AIRPORT,0000
300,LH,0402,2028-07-13,00100464,00001759,O,AIRPORT,0000
300,DL,1984,2028-07-26,00099084,00001759,O,AIRPORT,0000
300,LH,0402,2028-07-02,00098033,00001759,O,AIRPORT,0000
300,AZ,0789,2028-07-22,00099040,00001759,O,AIRPORT,0000
300,LH,0402,2028-09-18,00114090,00001759,O,AIRPORT,0000
300,AZ,0791,2028-04-29,00145301,00001759,O,AIRPORT,0000
300,LH,0454,2028-10-25,00145396,00001759,O,AIRPORT,0000
300,LH,0454,2028-10-10,00144976,00001759,O,AIRPORT,0000
300,AZ,0791,2028-06-10,00150013,00001759,O,AIRPORT,0000
300,AZ,0791,2028-06-01,00148924,00001759,O,AIRPORT,0000
300,AZ,0790,2028-10-26,00140946,00001759,O,AIRPORT,0000
300,UA,3517,2028-05-27,00140299,00001759,O,AIRPORT,0000
300,AZ,0791,2028-03-26,00141542,00001759,O,AIRPORT,0000
300,LH,0454,2028-08-28,00139212,00001759,O,AIRPORT,0000
300,LH,0454,2028-08-24,00138774,00001759,O,AIRPORT,0000
300,UA,3517,2028-05-25,00139883,00001759,O,AIRPORT,0000
300,UA,3517,2028-06-12,00143323,00001759,O,AIRPORT,0000
300,LH,0455,2028-08-15,00161638,00001759,O,AIRPORT,0000
300,AZ,0791,2028-09-17,00160941,00001759,O,AIRPORT,0000
300,UA,3517,2028-07-31,00152670,00001759,O,AIRPORT,0000
300,UA,3517,2028-07-24,00151605,00001759,O,AIRPORT,0000
300,LH,0455,2028-06-25,00155928,00001759,O,AIRPORT,0000
300,UA,3517,2028-08-13,00155542,00001759,O,AIRPORT,0000
300,AZ,0790,2028-05-23,00122360,00001759,O,AIRPORT,0000
300,AZ,0790,2028-05-28,00123045,00001759,O,AIRPORT,0000
300,LH,0454,2028-05-02,00122982,00001759,O,AIRPORT,0000
300,AZ,0790,2028-06-14,00125582,00001759,O,AIRPORT,0000
300,AZ,0790,2028-04-08,00116221,00001759,O,AIRPORT,0000
300,UA,3516,2028-08-11,00116003,00001759,O,AIRPORT,0000
300,AZ,0790,2028-03-28,00114588,00001759,O,AIRPORT,0000
300,LH,0402,2028-09-18,00114204,00001759,O,AIRPORT,0000
300,UA,3516,2028-08-25,00119039,00001759,O,AIRPORT,0000
300,LH,0454,2028-04-09,00119912,00001759,O,AIRPORT,0000
300,LH,0454,2028-07-28,00134897,00001759,O,AIRPORT,0000
300,LH,0454,2028-08-12,00137053,00001759,O,AIRPORT,0000
300,AZ,0790,2028-06-26,00127097,00001759,O,AIRPORT,0000
300,UA,3516,2028-10-17,00127467,00001759,O,AIRPORT,0000
300,AZ,0790,2028-07-25,00130960,00001759,O,AIRPORT,0000
300,UA,3517,2028-10-10,00165402,00001759,O,AIRPORT,0000
300,LH,2407,2028-06-02,00198250,00001759,O,AIRPORT,0000
300,LH,2402,2028-08-30,00185911,00001759,O,AIRPORT,0000
300,LH,2402,2028-09-02,00186277,00001759,O,AIRPORT,0000
300,LH,2402,2028-08-17,00184192,00001759,O,AIRPORT,0000
300,LH,2402,2028-04-27,00171717,00001759,O,AIRPORT,0000
300,LH,2402,2028-04-03,00168967,00001759,O,AIRPORT,0000
300,LH,2402,2028-06-27,00178636,00001759,O,AIRPORT,0000
300,LH,2462,2028-06-08,00253985,00001759,O,AIRPORT,0000
300,LH,2462,2028-06-15,00254789,00001759,O,AIRPORT,0000
300,LH,2462,2028-07-03,00256609,00001759,O,AIRPORT,0000
300,LH,2462,2028-04-29,00249566,00001759,O,AIRPORT,0000
300,LH,2462,2028-06-06,00253775,00001759,O,AIRPORT,0000
300,LH,2462,2028-06-04,00253465,00001759,O,AIRPORT,0000
300,LH,2462,2028-05-24,00252266,00001759,O,AIRPORT,0000
300,LH,2462,2028-09-28,00266851,00001759,O,AIRPORT,0000
300,LH,2436,2028-05-20,00236044,00001759,O,AIRPORT,0000
300,LH,2415,2028-08-19,00227277,00001759,O,AIRPORT,0000
300,LH,2436,2028-10-10,00245169,00001759,O,AIRPORT,0000
300,LH,3577,2028-05-26,00297585,00001759,O,AIRPORT,0000
300,LH,3577,2028-05-11,00295996,00001759,O,AIRPORT,0000
300,LH,2463,2028-06-24,00278136,00001759,O,AIRPORT,0000
300,LH,2463,2028-07-03,00278949,00001759,O,AIRPORT,0000
300,LH,2463,2028-08-31,00285930,00001759,O,AIRPORT,0000
300,LH,2463,2028-08-17,00283995,00001759,O,AIRPORT,0000
300,LH,3577,2028-10-03,00312203,00001759,O,AIRPORT,0000
300,LH,3577,2028-07-08,00302389,00001759,O,AIRPORT,0000
300,LH,3577,2028-06-11,00299469,00001759,O,AIRPORT,0000
300,LH,3577,2028-08-19,00307191,00001759,O,AIRPORT,0000
300,LH,3577,2028-08-01,00305270,00001759,O,AIRPORT,0000
300,LH,2407,2028-09-11,00210051,00001759,O,AIRPORT,0000
300,AZ,0555,2028-06-17,00016393,00001741,O,AIRPORT,0000
300,AA,0017,2028-06-12,00015310,00001741,O,AIRPORT,0000
300,QF,0005,2028-06-15,00015975,00001741,O,AIRPORT,0000
300,QF,0005,2028-06-24,00017768,00001741,O,AIRPORT,0000
300,QF,0005,2028-06-22,00017015,00001741,O,AIRPORT,0000
300,LH,0400,2028-06-09,00014368,00001741,O,AIRPORT,0000
300,AZ,0555,2028-06-06,00014260,00001741,O,AIRPORT,0000
300,AZ,0555,2028-07-18,00022550,00001741,O,AIRPORT,0000
300,AA,0017,2028-07-25,00023887,00001741,O,AIRPORT,0000
300,AA,0017,2028-07-27,00024231,00001741,O,AIRPORT,0000
300,UA,0007,2028-09-06,00022964,00001741,O,AIRPORT,0000
300,LH,0400,2028-07-23,00023295,00001741,O,AIRPORT,0000
300,AZ,0555,2028-07-02,00019309,00001741,O,AIRPORT,0000
300,AZ,0555,2028-07-05,00019724,00001741,O,AIRPORT,0000
300,UA,0007,2028-08-08,00018710,00001741,O,AIRPORT,0000
300,LH,0400,2028-06-29,00018668,00001741,O,AIRPORT,0000
300,AA,0017,2028-07-09,00020797,00001741,O,AIRPORT,0000
300,UA,0007,2028-08-24,00020752,00001741,O,AIRPORT,0000
300,AZ,0555,2028-07-09,00020855,00001741,O,AIRPORT,0000
300,AZ,0555,2028-07-09,00020658,00001741,O,AIRPORT,0000
300,UA,0007,2028-08-21,00020359,00001741,O,AIRPORT,0000
300,JL,0407,2028-08-19,00020248,00001741,O,AIRPORT,0000
300,QF,0005,2028-04-14,00003795,00001741,O,AIRPORT,0000
300,LH,0400,2028-04-14,00003788,00001741,O,AIRPORT,0000
300,AA,0017,2028-04-22,00005529,00001741,O,AIRPORT,0000
300,AZ,0555,2028-04-22,00005406,00001741,O,AIRPORT,0000
300,AA,0017,2028-04-17,00004778,00001741,O,AIRPORT,0000
300,DL,0106,2028-04-03,00001349,00001741,O,AIRPORT,0000
300,JL,0407,2028-03-27,00000088,00001741,O,AIRPORT,0000
300,UA,0007,2028-03-31,00000744,00001741,O,AIRPORT,0000
300,UA,0007,2028-06-02,00009432,00001741,O,AIRPORT,0000
300,JL,0407,2028-05-30,00009220,00001741,O,AIRPORT,0000
300,UA,0007,2028-06-18,00011552,00001741,O,AIRPORT,0000
300,AA,0017,2028-05-19,00010789,00001741,O,AIRPORT,0000
300,LH,0400,2028-04-30,00006969,00001741,O,AIRPORT,0000
300,UA,0007,2028-05-11,00006250,00001741,O,AIRPORT,0000
300,JL,0407,2028-05-22,00007850,00001741,O,AIRPORT,0000
300,QF,0005,2028-05-06,00007962,00001741,O,AIRPORT,0000
300,AZ,0788,2028-04-04,00039578,00001741,O,AIRPORT,0000
300,QF,0006,2028-04-08,00039921,00001741,O,AIRPORT,0000
300,AZ,0788,2028-04-15,00042074,00001741,O,AIRPORT,0000
300,UA,0941,2028-07-25,00041266,00001741,O,AIRPORT,0000
300,JL,0408,2028-07-28,00041049,00001741,O,AIRPORT,0000
300,AZ,0788,2028-04-13,00041403,00001741,O,AIRPORT,0000
300,JL,0408,2028-07-30,00041359,00001741,O,AIRPORT,0000
300,AA,0017,2028-10-11,00037332,00001741,O,AIRPORT,0000
300,QF,0005,2028-10-07,00036586,00001741,O,AIRPORT,0000
300,QF,0006,2028-05-28,00046662,00001741,O,AIRPORT,0000
300,AA,0026,2028-05-23,00046818,00001741,O,AIRPORT,0000
300,AZ,0788,2028-05-16,00047851,00001741,O,AIRPORT,0000
300,UA,0941,2028-09-21,00048397,00001741,O,AIRPORT,0000
300,AZ,0788,2028-05-12,00047351,00001741,O,AIRPORT,0000
300,UA,0941,2028-09-12,00047306,00001741,O,AIRPORT,0000
300,AZ,0788,2028-04-24,00043622,00001741,O,AIRPORT,0000
300,JL,0408,2028-08-12,00042626,00001741,O,AIRPORT,0000
300,LH,0401,2028-04-14,00043035,00001741,O,AIRPORT,0000
300,QF,0006,2028-05-01,00043028,00001741,O,AIRPORT,0000
300,AA,0026,2028-04-24,00042942,00001741,O,AIRPORT,0000
300,QF,0006,2028-05-16,00045182,00001741,O,AIRPORT,0000
300,LH,0400,2028-08-19,00028455,00001741,O,AIRPORT,0000
300,LH,0400,2028-08-19,00028561,00001741,O,AIRPORT,0000
300,AA,0017,2028-08-16,00027861,00001741,O,AIRPORT,0000
300,UA,0941,2028-04-07,00029149,00001741,O,AIRPORT,0000
300,LH,0400,2028-08-04,00025693,00001741,O,AIRPORT,0000
300,LH,0400,2028-08-04,00025554,00001741,O,AIRPORT,0000
300,UA,0007,2028-10-05,00026648,00001741,O,AIRPORT,0000
300,QF,0005,2028-08-05,00025928,00001741,O,AIRPORT,0000
300,UA,0007,2028-10-01,00026356,00001741,O,AIRPORT,0000
300,QF,0005,2028-09-21,00034769,00001741,O,AIRPORT,0000
300,QF,0005,2028-09-19,00034682,00001741,O,AIRPORT,0000
300,AA,0017,2028-09-21,00034993,00001741,O,AIRPORT,0000
300,DL,0106,2028-09-02,00031165,00001741,O,AIRPORT,0000
300,JL,0408,2028-04-30,00030877,00001741,O,AIRPORT,0000
300,UA,0941,2028-05-12,00033176,00001741,O,AIRPORT,0000
300,AA,0017,2028-09-12,00033214,00001741,O,AIRPORT,0000
300,QF,0005,2028-09-08,00032552,00001741,O,AIRPORT,0000
300,DL,1699,2028-08-09,00063859,00001741,O,AIRPORT,0000
300,AZ,0788,2028-07-31,00062932,00001741,O,AIRPORT,0000
300,AA,0026,2028-09-18,00063383,00001741,O,AIRPORT,0000
300,QF,0006,2028-09-23,00063093,00001741,O,AIRPORT,0000
300,UA,3504,2028-04-25,00056268,00001741,O,AIRPORT,0000
300,LH,0401,2028-07-03,00058897,00001741,O,AIRPORT,0000
300,AZ,0788,2028-07-15,00059760,00001741,O,AIRPORT,0000
300,DL,1699,2028-07-28,00061483,00001741,O,AIRPORT,0000
300,DL,1699,2028-07-26,00061190,00001741,O,AIRPORT,0000
300,DL,1699,2028-07-24,00060582,00001741,O,AIRPORT,0000
300,DL,1699,2028-06-14,00052940,00001741,O,AIRPORT,0000
300,UA,0941,2028-09-28,00049071,00001741,O,AIRPORT,0000
300,AA,0026,2028-06-08,00049052,00001741,O,AIRPORT,0000
300,DL,1699,2028-05-27,00049399,00001741,O,AIRPORT,0000
300,LH,0401,2028-05-30,00052190,00001741,O,AIRPORT,0000
300,AA,0026,2028-07-20,00054792,00001741,O,AIRPORT,0000
300,LH,0401,2028-06-13,00054965,00001741,O,AIRPORT,0000
300,LH,0401,2028-06-11,00054486,00001741,O,AIRPORT,0000
300,DL,1699,2028-06-29,00055704,00001741,O,AIRPORT,0000
300,DL,1699,2028-06-21,00054022,00001741,O,AIRPORT,0000
300,DL,1699,2028-09-25,00072943,00001741,O,AIRPORT,0000
300,AZ,0788,2028-09-18,00072360,00001741,O,AIRPORT,0000
300,AA,0064,2028-06-17,00075552,00001741,O,AIRPORT,0000
300,AZ,0788,2028-10-02,00074205,00001741,O,AIRPORT,0000
300,AZ,0788,2028-09-27,00073967,00001741,O,AIRPORT,0000
300,AA,0064,2028-06-04,00073999,00001741,O,AIRPORT,0000
300,UA,3504,2028-07-25,00074008,00001741,O,AIRPORT,0000
300,UA,3504,2028-07-30,00074904,00001741,O,AIRPORT,0000
300,UA,3504,2028-06-22,00067181,00001741,O,AIRPORT,0000
300,UA,3504,2028-06-22,00067304,00001741,O,AIRPORT,0000
300,DL,1699,2028-08-29,00067624,00001741,O,AIRPORT,0000
300,UA,3504,2028-07-05,00070149,00001741,O,AIRPORT,0000
300,AZ,0788,2028-09-05,00069621,00001741,O,AIRPORT,0000
300,LH,0401,2028-08-28,00069780,00001741,O,AIRPORT,0000
300,AZ,0788,2028-09-09,00070653,00001741,O,AIRPORT,0000
300,DL,1699,2028-09-13,00070747,00001741,O,AIRPORT,0000
300,AA,0064,2028-07-14,00078525,00001741,O,AIRPORT,0000
300,DL,1984,2028-04-12,00078703,00001741,O,AIRPORT,0000
300,DL,1984,2028-04-06,00077644,00001741,O,AIRPORT,0000
300,LH,0402,2028-04-01,00080184,00001741,O,AIRPORT,0000
300,UA,3504,2028-08-21,00078970,00001741,O,AIRPORT,0000
300,AZ,0789,2028-03-28,00076818,00001741,O,AIRPORT,0000
300,UA,3504,2028-09-17,00085357,00001741,O,AIRPORT,0000
300,UA,3504,2028-10-09,00087776,00001741,O,AIRPORT,0000
300,LH,0402,2028-05-05,00086927,00001741,O,AIRPORT,0000
300,AZ,0789,2028-04-22,00081509,00001741,O,AIRPORT,0000
300,UA,3504,2028-08-31,00081394,00001741,O,AIRPORT,0000
300,AZ,0789,2028-04-29,00082834,00001741,O,AIRPORT,0000
300,LH,0402,2028-08-11,00105843,00001741,O,AIRPORT,0000
300,DL,1984,2028-08-31,00106328,00001741,O,AIRPORT,0000
300,DL,1984,2028-08-31,00106271,00001741,O,AIRPORT,0000
300,LH,0402,2028-07-31,00103783,00001741,O,AIRPORT,0000
300,UA,3516,2028-06-10,00104127,00001741,O,AIRPORT,0000
300,LH,0402,2028-07-26,00103099,00001741,O,AIRPORT,0000
300,AZ,0789,2028-08-12,00103171,00001741,O,AIRPORT,0000
300,UA,3516,2028-07-20,00111799,00001741,O,AIRPORT,0000
300,UA,3516,2028-07-27,00113296,00001741,O,AIRPORT,0000
300,AZ,0789,2028-06-08,00090604,00001741,O,AIRPORT,0000
300,DL,1984,2028-06-05,00089148,00001741,O,AIRPORT,0000
300,AZ,0789,2028-06-06,00090318,00001741,O,AIRPORT,0000
300,DL,1984,2028-06-07,00089716,00001741,O,AIRPORT,0000
300,LH,0402,2028-05-20,00089751,00001741,O,AIRPORT,0000
300,AZ,0789,2028-07-05,00095885,00001741,O,AIRPORT,0000
300,UA,3516,2028-05-09,00098066,00001741,O,AIRPORT,0000
300,UA,3516,2028-05-21,00099966,00001741,O,AIRPORT,0000
300,LH,0402,2028-06-16,00095125,00001741,O,AIRPORT,0000
300,LH,0402,2028-06-16,00095292,00001741,O,AIRPORT,0000
300,AZ,0791,2028-05-19,00147364,00001741,O,AIRPORT,0000
300,UA,3517,2028-06-23,00145518,00001741,O,AIRPORT,0000
300,UA,3517,2028-06-25,00145940,00001741,O,AIRPORT,0000
300,LH,0454,2028-11-08,00145672,00001741,O,AIRPORT,0000
300,AZ,0791,2028-05-28,00148398,00001741,O,AIRPORT,0000
300,UA,3517,2028-07-06,00147941,00001741,O,AIRPORT,0000
300,LH,0455,2028-04-17,00148172,00001741,O,AIRPORT,0000
300,LH,0454,2028-09-10,00141607,00001741,O,AIRPORT,0000
300,UA,3517,2028-05-22,00139294,00001741,O,AIRPORT,0000
300,LH,0454,2028-09-15,00142433,00001741,O,AIRPORT,0000
300,LH,0454,2028-09-15,00142447,00001741,O,AIRPORT,0000
300,UA,3517,2028-06-09,00142642,00001741,O,AIRPORT,0000
300,AZ,0791,2028-08-19,00157770,00001741,O,AIRPORT,0000
300,UA,3517,2028-08-29,00158400,00001741,O,AIRPORT,0000
300,UA,3517,2028-08-27,00158016,00001741,O,AIRPORT,0000
300,AZ,0791,2028-07-14,00153578,00001741,O,AIRPORT,0000
300,AZ,0791,2028-08-05,00156176,00001741,O,AIRPORT,0000
300,UA,3517,2028-08-11,00155132,00001741,O,AIRPORT,0000
300,UA,3516,2028-09-10,00122632,00001741,O,AIRPORT,0000
300,LH,0454,2028-05-17,00125013,00001741,O,AIRPORT,0000
300,LH,0402,2028-09-18,00114216,00001741,O,AIRPORT,0000
300,AZ,0790,2028-04-20,00117758,00001741,O,AIRPORT,0000
300,AZ,0790,2028-08-07,00133021,00001741,O,AIRPORT,0000
300,UA,3517,2028-05-11,00137234,00001741,O,AIRPORT,0000
300,UA,3516,2028-11-13,00128272,00001741,O,AIRPORT,0000
300,UA,3516,2028-11-13,00128283,00001741,O,AIRPORT,0000
300,LH,0454,2028-06-18,00129222,00001741,O,AIRPORT,0000
300,AZ,0790,2028-06-30,00127792,00001741,O,AIRPORT,0000
300,UA,3517,2028-04-15,00131859,00001741,O,AIRPORT,0000
300,AZ,0790,2028-07-18,00130184,00001741,O,AIRPORT,0000
300,LH,0454,2028-06-20,00129571,00001741,O,AIRPORT,0000
300,AZ,0790,2028-07-20,00130369,00001741,O,AIRPORT,0000
300,UA,3517,2028-10-17,00165833,00001741,O,AIRPORT,0000
300,LH,2407,2028-06-11,00199379,00001741,O,AIRPORT,0000
300,LH,2407,2028-06-13,00199514,00001741,O,AIRPORT,0000
300,LH,2407,2028-05-31,00198047,00001741,O,AIRPORT,0000
300,LH,2402,2028-08-31,00186133,00001741,O,AIRPORT,0000
300,LH,2402,2028-10-21,00190319,00001741,O,AIRPORT,0000
300,LH,2402,2028-04-25,00171663,00001741,O,AIRPORT,0000
300,LH,2402,2028-04-14,00170201,00001741,O,AIRPORT,0000
300,LH,2402,2028-05-24,00174820,00001741,O,AIRPORT,0000
300,LH,2402,2028-06-15,00177333,00001741,O,AIRPORT,0000
300,LH,2462,2028-07-14,00257998,00001741,O,AIRPORT,0000
300,LH,2462,2028-04-25,00248910,00001741,O,AIRPORT,0000
300,LH,2462,2028-05-22,00251978,00001741,O,AIRPORT,0000
300,LH,2462,2028-10-16,00267283,00001741,O,AIRPORT,0000
300,LH,2462,2028-09-17,00265689,00001741,O,AIRPORT,0000
300,LH,2462,2028-08-03,00260074,00001741,O,AIRPORT,0000
300,LH,2436,2028-04-07,00233231,00001741,O,AIRPORT,0000
300,LH,2462,2028-04-11,00247406,00001741,O,AIRPORT,0000
300,LH,2436,2028-07-14,00239572,00001741,O,AIRPORT,0000
300,LH,2463,2028-09-26,00289134,00001741,O,AIRPORT,0000
300,LH,3577,2028-06-06,00298806,00001741,O,AIRPORT,0000
300,LH,3577,2028-05-06,00295412,00001741,O,AIRPORT,0000
300,LH,2463,2028-06-27,00278301,00001741,O,AIRPORT,0000
300,LH,2463,2028-06-20,00277677,00001741,O,AIRPORT,0000
300,LH,2463,2028-07-03,00278963,00001741,O,AIRPORT,0000
300,LH,2463,2028-09-06,00286512,00001741,O,AIRPORT,0000
300,LH,2463,2028-08-30,00285591,00001741,O,AIRPORT,0000
300,LH,2463,2028-08-17,00284007,00001741,O,AIRPORT,0000
300,LH,3577,2028-10-25,00312970,00001741,O,AIRPORT,0000
300,LH,2463,2028-06-13,00276690,00001741,O,AIRPORT,0000
300,LH,2463,2028-06-02,00275456,00001741,O,AIRPORT,0000
300,LH,3577,2028-07-21,00303829,00001741,O,AIRPORT,0000
300,LH,3577,2028-06-27,00301064,00001741,O,AIRPORT,0000
300,LH,2415,2028-03-27,00213098,00001741,O,AIRPORT,0000
300,LH,2407,2028-11-08,00212973,00001741,O,AIRPORT,0000
300,LH,2407,2028-08-24,00207518,00001741,O,AIRPORT,0000
300,LH,2407,2028-09-11,00210133,00001741,O,AIRPORT,0000
300,LH,2415,2028-07-16,00223948,00001741,O,AIRPORT,0000
300,LH,2415,2028-07-03,00222646,00001741,O,AIRPORT,0000
300,LH,2415,2028-08-05,00225968,00001741,O,AIRPORT,0000
300,LH,2407,2028-08-10,00206164,00001741,O,AIRPORT,0000
300,UA,7,2028-05-04,5302,3152,O,AIRPORT,
300,LH,400,2028-07-14,21373,3152,O,AIRPORT,
300,UA,7,2028-07-30,17510,3152,O,AIRPORT,
300,AZ,555,2028-06-19,16834,3152,O,AIRPORT,
300,UA,7,2028-05-04,5527,3152,O,AIRPORT,
300,JL,408,2028-11-01,48837,3152,O,AIRPORT,
300,JL,408,2028-09-22,47171,3152,O,AIRPORT,
300,AA,17,2028-04-17,4731,3152,O,AIRPORT,
300,DL,106,2028-04-21,4821,3152,O,AIRPORT,
300,DL,106,2028-07-22,22837,3152,O,AIRPORT,
300,LH,400,2028-07-26,23623,3152,O,AIRPORT,
300,UA,7,2028-09-08,23297,3152,O,AIRPORT,
300,UA,7,2028-09-08,23427,3152,O,AIRPORT,
300,QF,5,2028-04-29,6666,3152,O,AIRPORT,
300,JL,407,2028-06-08,10355,3152,O,AIRPORT,
300,UA,7,2028-05-13,6576,3152,O,AIRPORT,
300,QF,5,2028-05-01,7147,3152,O,AIRPORT,
300,QF,5,2028-05-22,11035,3152,O,AIRPORT,
300,AA,17,2028-05-14,9929,3152,O,AIRPORT,
300,AZ,555,2028-05-16,10052,3152,O,AIRPORT,
300,AA,17,2028-05-10,8899,3152,O,AIRPORT,
300,DL,106,2028-05-09,8554,3152,O,AIRPORT,
300,QF,5,2028-06-11,14907,3152,O,AIRPORT,
300,JL,407,2028-07-14,15243,3152,O,AIRPORT,
300,DL,106,2028-06-09,14744,3152,O,AIRPORT,
300,LH,400,2028-06-09,14636,3152,O,AIRPORT,
300,JL,407,2028-05-06,5835,3152,O,AIRPORT,
300,DL,106,2028-04-26,5820,3152,O,AIRPORT,
300,QF,5,2028-04-02,1577,3152,O,AIRPORT,
300,UA,7,2028-06-27,12894,3152,O,AIRPORT,
300,LH,400,2028-05-26,11962,3152,O,AIRPORT,
300,DL,106,2028-05-27,12040,3152,O,AIRPORT,
300,DL,106,2028-04-28,6306,3152,O,AIRPORT,
300,LH,400,2028-06-02,13166,3152,O,AIRPORT,
300,JL,407,2028-06-28,13274,3152,O,AIRPORT,
300,UA,941,2028-05-06,32450,3152,O,AIRPORT,
300,AA,17,2028-09-12,33327,3152,O,AIRPORT,
300,AA,17,2028-09-23,35305,3152,O,AIRPORT,
300,JL,408,2028-05-26,33974,3152,O,AIRPORT,
300,DL,106,2028-09-18,34024,3152,O,AIRPORT,
300,UA,941,2028-05-15,33399,3152,O,AIRPORT,
300,QF,5,2028-09-19,34537,3152,O,AIRPORT,
300,QF,5,2028-08-10,26573,3152,O,AIRPORT,
300,DL,106,2028-08-11,26600,3152,O,AIRPORT,
300,JL,407,2028-11-01,26814,3152,O,AIRPORT,
300,JL,408,2028-03-31,27642,3152,O,AIRPORT,
300,AA,17,2028-08-05,25888,3152,O,AIRPORT,
300,LH,400,2028-08-26,29862,3152,O,AIRPORT,
300,AZ,555,2028-08-23,29378,3152,O,AIRPORT,
300,UA,941,2028-04-09,29276,3152,O,AIRPORT,
300,LH,400,2028-08-26,30055,3152,O,AIRPORT,
300,AA,17,2028-04-08,2829,3152,O,AIRPORT,
300,JL,408,2028-04-05,28249,3152,O,AIRPORT,
300,JL,408,2028-04-12,29126,3152,O,AIRPORT,
300,QF,6,2028-05-03,43412,3152,O,AIRPORT,
300,QF,6,2028-05-07,43753,3152,O,AIRPORT,
300,UA,7,2028-04-27,4389,3152,O,AIRPORT,
300,LH,401,2028-04-09,42142,3152,O,AIRPORT,
300,AA,17,2028-04-15,4184,3152,O,AIRPORT,
300,LH,401,2028-04-07,41750,3152,O,AIRPORT,
300,LH,401,2028-04-09,42434,3152,O,AIRPORT,
300,QF,6,2028-05-25,46293,3152,O,AIRPORT,
300,QF,6,2028-05-25,46379,3152,O,AIRPORT,
300,QF,6,2028-05-14,44875,3152,O,AIRPORT,
300,JL,408,2028-08-30,44849,3152,O,AIRPORT,
300,UA,941,2028-08-21,44310,3152,O,AIRPORT,
300,DL,1699,2028-05-02,44516,3152,O,AIRPORT,
300,AZ,555,2028-04-17,4541,3152,O,AIRPORT,
300,AZ,555,2028-07-31,25050,3152,O,AIRPORT,
300,UA,941,2028-06-21,37566,3152,O,AIRPORT,
300,AZ,555,2028-10-29,37608,3152,O,AIRPORT,
300,QF,6,2028-03-31,38752,3152,O,AIRPORT,
300,JL,408,2028-07-03,38353,3152,O,AIRPORT,
300,JL,408,2028-06-20,36731,3152,O,AIRPORT,
300,DL,1699,2028-04-12,40805,3152,O,AIRPORT,
300,UA,941,2028-07-16,40274,3152,O,AIRPORT,
300,QF,6,2028-04-17,41278,3152,O,AIRPORT,
300,AZ,788,2028-04-01,39270,3152,O,AIRPORT,
300,AZ,788,2028-04-01,39225,3152,O,AIRPORT,
300,JL,408,2028-07-10,38967,3152,O,AIRPORT,
300,QF,6,2028-08-23,58772,3152,O,AIRPORT,
300,AA,26,2028-08-16,58609,3152,O,AIRPORT,
300,AZ,788,2028-08-04,63790,3152,O,AIRPORT,
300,QF,5,2028-03-29,851,3152,O,AIRPORT,
300,QF,6,2028-09-25,63275,3152,O,AIRPORT,
300,AZ,788,2028-07-31,62789,3152,O,AIRPORT,
300,LH,401,2028-05-28,51693,3152,O,AIRPORT,
300,DL,1699,2028-06-05,51014,3152,O,AIRPORT,
300,LH,401,2028-05-15,49268,3152,O,AIRPORT,
300,LH,401,2028-05-17,49575,3152,O,AIRPORT,
300,LH,401,2028-06-15,55621,3152,O,AIRPORT,
300,UA,3504,2028-04-20,55019,3152,O,AIRPORT,
300,UA,3504,2028-04-27,56601,3152,O,AIRPORT,
300,AA,26,2028-07-13,53946,3152,O,AIRPORT,
300,AZ,788,2028-06-21,54963,3152,O,AIRPORT,
300,AZ,788,2028-06-16,54275,3152,O,AIRPORT,
300,LH,401,2028-08-19,68203,3152,O,AIRPORT,
300,UA,3504,2028-06-28,68794,3152,O,AIRPORT,
300,UA,3504,2028-06-11,65307,3152,O,AIRPORT,
300,DL,1699,2028-08-29,67556,3152,O,AIRPORT,
300,DL,1984,2028-05-20,86171,3152,O,AIRPORT,
300,AA,64,2028-09-24,86435,3152,O,AIRPORT,
300,AZ,789,2028-05-23,87674,3152,O,AIRPORT,
300,LH,402,2028-05-07,87386,3152,O,AIRPORT,
300,DL,1984,2028-04-03,77090,3152,O,AIRPORT,
300,DL,1984,2028-04-01,76571,3152,O,AIRPORT,
300,LH,401,2028-09-26,76302,3152,O,AIRPORT,
300,DL,1984,2028-03-30,76345,3152,O,AIRPORT,
300,LH,401,2028-08-31,70921,3152,O,AIRPORT,
300,UA,3504,2028-07-21,73103,3152,O,AIRPORT,
300,LH,401,2028-09-10,73229,3152,O,AIRPORT,
300,AA,64,2028-06-04,73885,3152,O,AIRPORT,
300,AA,64,2028-05-24,72724,3152,O,AIRPORT,
300,UA,3504,2028-07-19,72760,3152,O,AIRPORT,
300,DL,1984,2028-05-09,83963,3152,O,AIRPORT,
300,AZ,789,2028-05-05,84113,3152,O,AIRPORT,
300,AZ,789,2028-05-03,83666,3152,O,AIRPORT,
300,AZ,789,2028-04-20,80799,3152,O,AIRPORT,
300,LH,402,2028-04-03,80866,3152,O,AIRPORT,
300,UA,3504,2028-08-23,79814,3152,O,AIRPORT,
300,LH,402,2028-09-10,112364,3152,O,AIRPORT,
300,UA,3516,2028-07-27,113089,3152,O,AIRPORT,
300,UA,3516,2028-06-12,104388,3152,O,AIRPORT,
300,UA,3516,2028-06-21,106006,3152,O,AIRPORT,
300,AZ,789,2028-07-31,100833,3152,O,AIRPORT,
300,AZ,789,2028-08-12,103086,3152,O,AIRPORT,
300,UA,3516,2028-05-29,101789,3152,O,AIRPORT,
300,AZ,789,2028-09-18,110585,3152,O,AIRPORT,
300,LH,402,2028-08-31,109856,3152,O,AIRPORT,
300,LH,402,2028-08-27,109177,3152,O,AIRPORT,
300,LH,402,2028-08-27,108910,3152,O,AIRPORT,
300,DL,1984,2028-06-12,90411,3152,O,AIRPORT,
300,UA,3516,2028-03-28,89812,3152,O,AIRPORT,
300,UA,3516,2028-04-04,90875,3152,O,AIRPORT,
300,AZ,789,2028-06-08,90554,3152,O,AIRPORT,
300,AZ,789,2028-06-01,89256,3152,O,AIRPORT,
300,AZ,789,2028-06-01,89322,3152,O,AIRPORT,
300,UA,3516,2028-04-15,93240,3152,O,AIRPORT,
300,UA,3516,2028-04-08,91641,3152,O,AIRPORT,
300,UA,3516,2028-04-06,91230,3152,O,AIRPORT,
300,LH,402,2028-06-03,92509,3152,O,AIRPORT,
300,DL,1984,2028-05-29,88119,3152,O,AIRPORT,
300,UA,3516,2028-05-07,97664,3152,O,AIRPORT,
300,LH,454,2028-05-08,123640,3152,O,AIRPORT,
300,AZ,790,2028-06-01,123698,3152,O,AIRPORT,
300,AZ,790,2028-06-30,127607,3152,O,AIRPORT,
300,UA,3517,2028-04-03,129774,3152,O,AIRPORT,
300,LH,454,2028-05-26,126334,3152,O,AIRPORT,
300,UA,3516,2028-08-09,115784,3152,O,AIRPORT,
300,LH,402,2028-09-25,115609,3152,O,AIRPORT,
300,LH,402,2028-10-17,117225,3152,O,AIRPORT,
300,UA,3516,2028-08-13,116686,3152,O,AIRPORT,
300,UA,3516,2028-07-29,113508,3152,O,AIRPORT,
300,LH,402,2028-09-13,113534,3152,O,AIRPORT,
300,AZ,790,2028-05-10,120576,3152,O,AIRPORT,
300,AZ,790,2028-05-12,120795,3152,O,AIRPORT,
300,UA,3516,2028-09-09,122167,3152,O,AIRPORT,
300,UA,3516,2028-08-22,118272,3152,O,AIRPORT,
300,UA,3516,2028-08-22,118512,3152,O,AIRPORT,
300,AZ,790,2028-05-03,119713,3152,O,AIRPORT,
300,UA,3517,2028-07-26,152015,3152,O,AIRPORT,
300,UA,3517,2028-08-04,153884,3152,O,AIRPORT,
300,LH,455,2028-06-12,154369,3152,O,AIRPORT,
300,LH,455,2028-05-31,153128,3152,O,AIRPORT,
300,AZ,791,2028-05-26,148091,3152,O,AIRPORT,
300,UA,3517,2028-06-29,146843,3152,O,AIRPORT,
300,LH,455,2028-05-07,150388,3152,O,AIRPORT,
300,UA,3517,2028-09-07,160452,3152,O,AIRPORT,
300,LH,455,2028-08-11,161087,3152,O,AIRPORT,
300,AZ,791,2028-09-28,162103,3152,O,AIRPORT,
300,AZ,791,2028-09-28,162059,3152,O,AIRPORT,
300,LH,455,2028-06-21,155400,3152,O,AIRPORT,
300,AZ,791,2028-08-21,157948,3152,O,AIRPORT,
300,LH,454,2028-07-28,135049,3152,O,AIRPORT,
300,UA,3517,2028-05-11,137418,3152,O,AIRPORT,
300,LH,454,2028-06-27,130654,3152,O,AIRPORT,
300,LH,454,2028-07-14,133154,3152,O,AIRPORT,
300,AZ,790,2028-08-09,133222,3152,O,AIRPORT,
300,LH,454,2028-07-10,132367,3152,O,AIRPORT,
300,UA,3517,2028-04-17,132550,3152,O,AIRPORT,
300,UA,3517,2028-04-19,132721,3152,O,AIRPORT,
300,AZ,791,2028-04-20,144333,3152,O,AIRPORT,
300,AZ,791,2028-04-04,142505,3152,O,AIRPORT,
300,LH,455,2028-04-01,146297,3152,O,AIRPORT,
300,LH,454,2028-10-03,144596,3152,O,AIRPORT,
300,UA,3517,2028-05-18,138598,3152,O,AIRPORT,
300,AZ,790,2028-09-21,139104,3152,O,AIRPORT,
300,UA,3517,2028-09-18,163319,3152,O,AIRPORT,
300,LH,2462,2028-08-21,262169,3152,O,AIRPORT,
300,LH,2463,2028-07-12,279996,3152,O,AIRPORT,
300,LH,2436,2028-05-06,235146,3152,O,AIRPORT,
300,LH,2462,2028-05-15,251230,3152,O,AIRPORT,
300,LH,2436,2028-08-19,242009,3152,O,AIRPORT,
300,LH,3577,2028-09-17,310971,3152,O,AIRPORT,
300,LH,3577,2028-04-18,293504,3152,O,AIRPORT,
300,LH,3577,2028-04-05,291866,3152,O,AIRPORT,
300,LH,2463,2028-07-26,281624,3152,O,AIRPORT,
300,LH,3577,2028-07-26,304434,3152,O,AIRPORT,
300,LH,3577,2028-05-31,298110,3152,O,AIRPORT,
300,LH,3577,2028-06-04,298647,3152,O,AIRPORT,
300,LH,2407,2028-07-17,203203,3152,O,AIRPORT,
300,LH,2407,2028-05-11,195734,3152,O,AIRPORT,
300,LH,2407,2028-05-17,196571,3152,O,AIRPORT,
300,LH,2407,2028-04-09,192365,3152,O,AIRPORT,
300,LH,2415,2028-06-08,220229,3152,O,AIRPORT,
300,LH,2415,2028-06-11,220590,3152,O,AIRPORT,
300,LH,2415,2028-05-13,217598,3152,O,AIRPORT,
300,LH,2415,2028-05-19,218244,3152,O,AIRPORT,
300,LH,2407,2028-09-04,208934,3152,O,AIRPORT,
300,LH,2407,2028-09-02,208781,3152,O,AIRPORT,
300,LH,2402,2028-06-27,178454,3152,O,AIRPORT,
300,LH,2402,2028-08-17,184390,3152,O,AIRPORT,
300,LH,2402,2028-08-15,183982,3152,O,AIRPORT,
300,LH,2402,2028-04-21,170990,3152,O,AIRPORT,
300,LH,2402,2028-04-12,170038,3152,O,AIRPORT,
300,LH,2402,2028-06-02,175803,3152,O,AIRPORT,
300,AA,17,2028-07-07,20322,654,O,AIRPORT,
300,AA,17,2028-07-02,19290,654,O,AIRPORT,
300,AZ,555,2028-07-11,21011,654,O,AIRPORT,
300,UA,7,2028-08-26,21111,654,O,AIRPORT,
300,UA,7,2028-08-04,17897,654,O,AIRPORT,
300,UA,7,2028-04-07,1835,654,O,AIRPORT,
300,AA,26,2028-06-03,48453,654,O,AIRPORT,
300,UA,7,2028-09-13,24313,654,O,AIRPORT,
300,AA,17,2028-07-29,24607,654,O,AIRPORT,
300,AA,26,2028-05-30,47852,654,O,AIRPORT,
300,AA,26,2028-05-30,47889,654,O,AIRPORT,
300,DL,106,2028-07-17,21852,654,O,AIRPORT,
300,LH,400,2028-07-26,23622,654,O,AIRPORT,
300,UA,7,2028-09-08,23183,654,O,AIRPORT,
300,UA,7,2028-09-08,23285,654,O,AIRPORT,
300,AA,17,2028-07-22,23114,654,O,AIRPORT,
300,AA,17,2028-04-29,6753,654,O,AIRPORT,
300,LH,400,2028-05-20,10758,654,O,AIRPORT,
300,JL,407,2028-06-02,9546,654,O,AIRPORT,
300,QF,5,2028-05-06,8018,654,O,AIRPORT,
300,AA,17,2028-06-10,14993,654,O,AIRPORT,
300,AA,17,2028-06-14,15744,654,O,AIRPORT,
300,DL,106,2028-06-16,15975,654,O,AIRPORT,
300,DL,106,2028-04-26,5889,654,O,AIRPORT,
300,LH,400,2028-05-29,12631,654,O,AIRPORT,
300,AA,17,2028-05-30,12617,654,O,AIRPORT,
300,LH,400,2028-05-26,12178,654,O,AIRPORT,
300,JL,407,2028-07-03,13717,654,O,AIRPORT,
300,JL,407,2028-07-05,14181,654,O,AIRPORT,
300,QF,5,2028-05-30,13027,654,O,AIRPORT,
300,QF,5,2028-04-27,6203,654,O,AIRPORT,
300,AZ,555,2028-06-01,13417,654,O,AIRPORT,
300,JL,408,2028-05-13,32474,654,O,AIRPORT,
300,DL,106,2028-04-12,3220,654,O,AIRPORT,
300,LH,400,2028-04-12,3315,654,O,AIRPORT,
300,LH,400,2028-09-08,32894,654,O,AIRPORT,
300,LH,400,2028-08-31,31173,654,O,AIRPORT,
300,JL,408,2028-04-27,30695,654,O,AIRPORT,
300,LH,400,2028-09-02,31503,654,O,AIRPORT,
300,UA,941,2028-06-01,35360,654,O,AIRPORT,
300,AZ,555,2028-09-18,34745,654,O,AIRPORT,
300,QF,5,2028-09-24,35440,654,O,AIRPORT,
300,DL,106,2028-09-16,33690,654,O,AIRPORT,
300,AA,17,2028-09-18,34720,654,O,AIRPORT,
300,JL,408,2028-05-29,34153,654,O,AIRPORT,
300,AZ,555,2028-04-08,2680,654,O,AIRPORT,
300,AZ,555,2028-08-09,26815,654,O,AIRPORT,
300,AZ,555,2028-08-14,27627,654,O,AIRPORT,
300,DL,106,2028-08-15,27542,654,O,AIRPORT,
300,DL,106,2028-08-13,27397,654,O,AIRPORT,
300,JL,407,2028-09-28,25662,654,O,AIRPORT,
300,DL,106,2028-08-31,30553,654,O,AIRPORT,
300,DL,1699,2028-04-26,43447,654,O,AIRPORT,
300,JL,408,2028-08-24,43948,654,O,AIRPORT,
300,DL,1699,2028-05-09,46075,654,O,AIRPORT,
300,QF,6,2028-05-23,46225,654,O,AIRPORT,
300,AZ,788,2028-05-09,46776,654,O,AIRPORT,
300,LH,401,2028-05-01,46723,654,O,AIRPORT,
300,AZ,788,2028-05-09,46701,654,O,AIRPORT,
300,QF,6,2028-05-12,44669,654,O,AIRPORT,
300,QF,6,2028-05-16,45003,654,O,AIRPORT,
300,LH,401,2028-04-22,45015,654,O,AIRPORT,
300,AZ,788,2028-04-30,45015,654,O,AIRPORT,
300,JL,408,2028-09-04,45284,654,O,AIRPORT,
300,JL,408,2028-06-20,36674,654,O,AIRPORT,
300,AA,17,2028-10-11,37263,654,O,AIRPORT,
300,DL,1699,2028-03-28,37434,654,O,AIRPORT,
300,JL,408,2028-06-27,37443,654,O,AIRPORT,
300,LH,401,2028-03-31,40717,654,O,AIRPORT,
300,DL,1699,2028-04-15,41160,654,O,AIRPORT,
300,QF,6,2028-04-17,41199,654,O,AIRPORT,
300,UA,7,2028-04-25,4113,654,O,AIRPORT,
300,QF,5,2028-08-01,25032,654,O,AIRPORT,
300,QF,6,2028-09-01,59953,654,O,AIRPORT,
300,DL,1699,2028-07-26,60950,654,O,AIRPORT,
300,LH,401,2028-07-10,60319,654,O,AIRPORT,
300,UA,3504,2028-05-06,58411,654,O,AIRPORT,
300,DL,1699,2028-08-11,64239,654,O,AIRPORT,
300,AA,26,2028-09-21,63453,654,O,AIRPORT,
300,UA,7,2028-03-31,699,654,O,AIRPORT,
300,DL,1699,2028-08-13,64653,654,O,AIRPORT,
300,UA,3504,2028-05-26,62009,654,O,AIRPORT,
300,QF,6,2028-07-09,52602,654,O,AIRPORT,
300,AZ,788,2028-06-05,52141,654,O,AIRPORT,
300,AA,26,2028-06-30,52247,654,O,AIRPORT,
300,QF,6,2028-07-31,55801,654,O,AIRPORT,
300,QF,6,2028-07-18,53815,654,O,AIRPORT,
300,AZ,788,2028-06-12,53191,654,O,AIRPORT,
300,AA,64,2028-05-01,70122,654,O,AIRPORT,
300,DL,1699,2028-09-09,69983,654,O,AIRPORT,
300,AZ,788,2028-08-18,66118,654,O,AIRPORT,
300,AA,64,2028-03-27,66262,654,O,AIRPORT,
300,LH,401,2028-08-03,65256,654,O,AIRPORT,
300,LH,401,2028-08-08,65779,654,O,AIRPORT,
300,AA,64,2028-09-19,86021,654,O,AIRPORT,
300,AA,64,2028-09-10,84982,654,O,AIRPORT,
300,AA,64,2028-09-17,85583,654,O,AIRPORT,
300,UA,3504,2028-09-17,85333,654,O,AIRPORT,
300,AZ,789,2028-05-25,87905,654,O,AIRPORT,
300,AZ,789,2028-05-25,88010,654,O,AIRPORT,
300,DL,1984,2028-05-25,86937,654,O,AIRPORT,
300,AA,64,2028-06-13,74870,654,O,AIRPORT,
300,UA,3504,2028-08-03,75591,654,O,AIRPORT,
300,LH,401,2028-09-24,76072,654,O,AIRPORT,
300,AA,64,2028-06-20,75821,654,O,AIRPORT,
300,LH,401,2028-09-24,75944,654,O,AIRPORT,
300,AZ,789,2028-03-28,76623,654,O,AIRPORT,
300,DL,1984,2028-03-30,76414,654,O,AIRPORT,
300,UA,3504,2028-07-12,71460,654,O,AIRPORT,
300,DL,1699,2028-09-18,71807,654,O,AIRPORT,
300,UA,3504,2028-07-10,71050,654,O,AIRPORT,
300,LH,401,2028-09-12,73800,654,O,AIRPORT,
300,DL,1699,2028-10-01,73671,654,O,AIRPORT,
300,UA,3504,2028-09-06,82622,654,O,AIRPORT,
300,UA,3504,2028-09-06,82767,654,O,AIRPORT,
300,UA,3504,2028-09-01,82005,654,O,AIRPORT,
300,AZ,789,2028-04-06,78484,654,O,AIRPORT,
300,DL,1984,2028-04-15,79061,654,O,AIRPORT,
300,DL,1984,2028-04-08,78138,654,O,AIRPORT,
300,DL,1984,2028-04-23,80876,654,O,AIRPORT,
300,UA,3504,2028-08-23,79539,654,O,AIRPORT,
300,DL,1984,2028-04-19,80091,654,O,AIRPORT,
300,DL,1984,2028-10-17,112463,654,O,AIRPORT,
300,AZ,789,2028-08-18,104303,654,O,AIRPORT,
300,DL,1984,2028-08-22,104626,654,O,AIRPORT,
300,UA,3516,2028-06-16,105135,654,O,AIRPORT,
300,UA,3516,2028-06-14,105055,654,O,AIRPORT,
300,LH,402,2028-07-17,101207,654,O,AIRPORT,
300,UA,3516,2028-05-29,101803,654,O,AIRPORT,
300,UA,3516,2028-07-09,109713,654,O,AIRPORT,
300,AZ,789,2028-09-21,111155,654,O,AIRPORT,
300,LH,402,2028-08-22,108012,654,O,AIRPORT,
300,UA,3516,2028-04-01,90567,654,O,AIRPORT,
300,DL,1984,2028-06-03,88877,654,O,AIRPORT,
300,LH,402,2028-05-16,88846,654,O,AIRPORT,
300,LH,402,2028-06-07,93539,654,O,AIRPORT,
300,AZ,789,2028-06-14,91813,654,O,AIRPORT,
300,DL,1984,2028-06-21,92388,654,O,AIRPORT,
300,DL,1984,2028-06-21,92137,654,O,AIRPORT,
300,DL,1984,2028-07-13,96629,654,O,AIRPORT,
300,LH,402,2028-06-21,96112,654,O,AIRPORT,
300,DL,1984,2028-06-29,94101,654,O,AIRPORT,
300,DL,1984,2028-07-06,95299,654,O,AIRPORT,
300,AZ,789,2028-06-30,94912,654,O,AIRPORT,
300,UA,3516,2028-09-18,124633,654,O,AIRPORT,
300,AZ,790,2028-06-03,123837,654,O,AIRPORT,
300,AZ,790,2028-06-06,124403,654,O,AIRPORT,
300,AZ,790,2028-07-07,128490,654,O,AIRPORT,
300,LH,454,2028-06-09,128156,654,O,AIRPORT,
300,UA,3516,2028-10-02,126431,654,O,AIRPORT,
300,AZ,790,2028-04-04,115551,654,O,AIRPORT,
300,LH,402,2028-10-08,116679,654,O,AIRPORT,
300,UA,3516,2028-07-29,113616,654,O,AIRPORT,
300,AZ,790,2028-03-26,114479,654,O,AIRPORT,
300,LH,402,2028-09-16,113827,654,O,AIRPORT,
300,UA,3516,2028-09-03,120967,654,O,AIRPORT,
300,LH,454,2028-04-12,120151,654,O,AIRPORT,
300,LH,454,2028-04-12,120194,654,O,AIRPORT,
300,LH,454,2028-03-31,118526,654,O,AIRPORT,
300,UA,3516,2028-08-27,119237,654,O,AIRPORT,
300,UA,3516,2028-08-29,119699,654,O,AIRPORT,
300,AZ,790,2028-04-26,118684,654,O,AIRPORT,
300,UA,3516,2028-08-25,118976,654,O,AIRPORT,
300,AZ,791,2028-07-16,153887,654,O,AIRPORT,
300,AZ,791,2028-06-10,149996,654,O,AIRPORT,
300,AZ,791,2028-09-03,159295,654,O,AIRPORT,
300,UA,3517,2028-09-02,159549,654,O,AIRPORT,
300,AZ,791,2028-09-08,159799,654,O,AIRPORT,
300,UA,3517,2028-09-16,162933,654,O,AIRPORT,
300,UA,3517,2028-08-31,158809,654,O,AIRPORT,
300,AZ,790,2028-08-29,136022,654,O,AIRPORT,
300,AZ,790,2028-08-27,135673,654,O,AIRPORT,
300,UA,3517,2028-04-06,130422,654,O,AIRPORT,
300,LH,454,2028-06-27,130688,654,O,AIRPORT,
300,UA,3517,2028-04-15,132135,654,O,AIRPORT,
300,AZ,790,2028-08-03,132219,654,O,AIRPORT,
300,UA,3517,2028-06-16,144297,654,O,AIRPORT,
300,AZ,791,2028-04-04,142459,654,O,AIRPORT,
300,AZ,790,2028-10-15,140791,654,O,AIRPORT,
300,LH,455,2028-09-07,164271,654,O,AIRPORT,
300,LH,2462,2028-08-14,261512,654,O,AIRPORT,
300,LH,2462,2028-09-19,265898,654,O,AIRPORT,
300,LH,2462,2028-08-12,261194,654,O,AIRPORT,
300,LH,2463,2028-04-18,270421,654,O,AIRPORT,
300,LH,2436,2028-07-06,239012,654,O,AIRPORT,
300,LH,2415,2028-08-17,226917,654,O,AIRPORT,
300,LH,2415,2028-08-17,226957,654,O,AIRPORT,
300,LH,2462,2028-05-19,251606,654,O,AIRPORT,
300,LH,2436,2028-09-24,244529,654,O,AIRPORT,
300,LH,3577,2028-04-05,291928,654,O,AIRPORT,
300,LH,2463,2028-08-31,285910,654,O,AIRPORT,
300,LH,3577,2028-07-08,302313,654,O,AIRPORT,
300,LH,3577,2028-08-04,305394,654,O,AIRPORT,
300,LH,2407,2028-06-06,198698,654,O,AIRPORT,
300,LH,2407,2028-07-14,202995,654,O,AIRPORT,
300,LH,2402,2028-10-12,190006,654,O,AIRPORT,
300,LH,2402,2028-10-18,190236,654,O,AIRPORT,
300,LH,2407,2028-04-07,191993,654,O,AIRPORT,
300,LH,2407,2028-05-13,196112,654,O,AIRPORT,
300,LH,2407,2028-04-25,194134,654,O,AIRPORT,
300,LH,2407,2028-04-25,194007,654,O,AIRPORT,
300,LH,2415,2028-07-23,224615,654,O,AIRPORT,
300,LH,2415,2028-08-08,226233,654,O,AIRPORT,
300,LH,2415,2028-06-24,221869,654,O,AIRPORT,
300,LH,2407,2028-09-22,211295,654,O,AIRPORT,
300,LH,2407,2028-09-22,211207,654,O,AIRPORT,
300,LH,2407,2028-09-28,211971,654,O,AIRPORT,
300,LH,2407,2028-10-12,212343,654,O,AIRPORT,
300,LH,2415,2028-04-05,214037,654,O,AIRPORT,
300,LH,2402,2028-07-14,180504,654,O,AIRPORT,
300,LH,2402,2028-07-08,179750,654,O,AIRPORT,
300,LH,2402,2028-07-01,179082,654,O,AIRPORT,
300,LH,2402,2028-08-30,185885,654,O,AIRPORT,
300,LH,2402,2028-08-19,184645,654,O,AIRPORT,
300,LH,2402,2028-04-05,169208,654,O,AIRPORT,
300,LH,2402,2028-05-22,174521,654,O,AIRPORT,
300,AZ,0555,2028-06-17,00016564,00000439,O,AIRPORT,0000
300,LH,0400,2028-06-18,00016517,00000439,O,AIRPORT,0000
300,LH,0400,2028-06-13,00015342,00000439,O,AIRPORT,0000
300,QF,0005,2028-06-15,00015812,00000439,O,AIRPORT,0000
300,JL,0407,2028-07-19,00015913,00000439,O,AIRPORT,0000
300,AA,0017,2028-06-26,00017852,00000439,O,AIRPORT,0000
300,UA,0007,2028-07-28,00017116,00000439,O,AIRPORT,0000
300,UA,0007,2028-07-26,00016860,00000439,O,AIRPORT,0000
300,QF,0005,2028-06-22,00017225,00000439,O,AIRPORT,0000
300,LH,0400,2028-06-04,00013688,00000439,O,AIRPORT,0000
300,JL,0407,2028-07-03,00013688,00000439,O,AIRPORT,0000
300,AZ,0555,2028-05-28,00012242,00000439,O,AIRPORT,0000
300,UA,0007,2028-07-10,00014682,00000439,O,AIRPORT,0000
300,QF,0005,2028-06-11,00015082,00000439,O,AIRPORT,0000
300,QF,0005,2028-06-11,00015112,00000439,O,AIRPORT,0000
300,LH,0400,2028-06-11,00014894,00000439,O,AIRPORT,0000
300,AA,0017,2028-06-03,00013751,00000439,O,AIRPORT,0000
300,UA,0007,2028-07-03,00013812,00000439,O,AIRPORT,0000
300,AZ,0555,2028-06-03,00013839,00000439,O,AIRPORT,0000
300,AZ,0555,2028-07-18,00022443,00000439,O,AIRPORT,0000
300,AZ,0555,2028-07-13,00021707,00000439,O,AIRPORT,0000
300,UA,0007,2028-08-30,00021871,00000439,O,AIRPORT,0000
300,UA,0007,2028-08-30,00021819,00000439,O,AIRPORT,0000
300,JL,0407,2028-09-15,00023856,00000439,O,AIRPORT,0000
300,AZ,0555,2028-07-20,00023057,00000439,O,AIRPORT,0000
300,DL,0106,2028-07-24,00023423,00000439,O,AIRPORT,0000
300,AA,0017,2028-07-22,00023412,00000439,O,AIRPORT,0000
300,AZ,0555,2028-07-05,00019781,00000439,O,AIRPORT,0000
300,JL,0407,2028-08-05,00018274,00000439,O,AIRPORT,0000
300,UA,0007,2028-08-21,00020654,00000439,O,AIRPORT,0000
300,JL,0407,2028-04-22,00004030,00000439,O,AIRPORT,0000
300,JL,0407,2028-04-20,00003578,00000439,O,AIRPORT,0000
300,UA,0007,2028-05-04,00005502,00000439,O,AIRPORT,0000
300,AZ,0555,2028-04-20,00004798,00000439,O,AIRPORT,0000
300,DL,0106,2028-04-21,00004984,00000439,O,AIRPORT,0000
300,LH,0400,2028-03-31,00001093,00000439,O,AIRPORT,0000
300,QF,0005,2028-04-02,00001432,00000439,O,AIRPORT,0000
300,UA,0007,2028-03-27,00000211,00000439,O,AIRPORT,0000
300,JL,0407,2028-04-11,00002286,00000439,O,AIRPORT,0000
300,QF,0005,2028-04-05,00002093,00000439,O,AIRPORT,0000
300,AZ,0555,2028-05-16,00010037,00000439,O,AIRPORT,0000
300,QF,0005,2028-05-13,00009381,00000439,O,AIRPORT,0000
300,AA,0017,2028-05-14,00009773,00000439,O,AIRPORT,0000
300,LH,0400,2028-05-24,00011600,00000439,O,AIRPORT,0000
300,AA,0017,2028-05-19,00010856,00000439,O,AIRPORT,0000
300,JL,0407,2028-05-17,00007139,00000439,O,AIRPORT,0000
300,DL,0106,2028-04-30,00006934,00000439,O,AIRPORT,0000
300,AA,0017,2028-05-01,00006961,00000439,O,AIRPORT,0000
300,UA,0007,2028-05-26,00008521,00000439,O,AIRPORT,0000
300,UA,0007,2028-05-22,00007758,00000439,O,AIRPORT,0000
300,LH,0401,2028-03-29,00040221,00000439,O,AIRPORT,0000
300,AZ,0788,2028-04-10,00040867,00000439,O,AIRPORT,0000
300,LH,0401,2028-03-29,00040081,00000439,O,AIRPORT,0000
300,UA,0941,2028-08-03,00042318,00000439,O,AIRPORT,0000
300,AA,0017,2028-10-18,00037471,00000439,O,AIRPORT,0000
300,AA,0026,2028-05-21,00046599,00000439,O,AIRPORT,0000
300,DL,1699,2028-05-09,00045825,00000439,O,AIRPORT,0000
300,JL,0408,2028-10-03,00048083,00000439,O,AIRPORT,0000
300,DL,1699,2028-04-28,00043672,00000439,O,AIRPORT,0000
300,JL,0408,2028-08-21,00043738,00000439,O,AIRPORT,0000
300,DL,1699,2028-04-26,00043195,00000439,O,AIRPORT,0000
300,LH,0401,2028-04-22,00045104,00000439,O,AIRPORT,0000
300,AZ,0788,2028-04-26,00044007,00000439,O,AIRPORT,0000
300,UA,0007,2028-11-01,00027465,00000439,O,AIRPORT,0000
300,UA,0941,2028-03-29,00028045,00000439,O,AIRPORT,0000
300,DL,0106,2028-08-15,00027829,00000439,O,AIRPORT,0000
300,AZ,0555,2028-08-25,00029799,00000439,O,AIRPORT,0000
300,LH,0400,2028-08-21,00028992,00000439,O,AIRPORT,0000
300,AZ,0555,2028-08-23,00029645,00000439,O,AIRPORT,0000
300,UA,0941,2028-04-09,00029378,00000439,O,AIRPORT,0000
300,AA,0017,2028-08-03,00025448,00000439,O,AIRPORT,0000
300,UA,0007,2028-09-19,00025279,00000439,O,AIRPORT,0000
300,UA,0007,2028-09-22,00025551,00000439,O,AIRPORT,0000
300,AZ,0555,2028-07-31,00025065,00000439,O,AIRPORT,0000
300,UA,0007,2028-10-03,00026430,00000439,O,AIRPORT,0000
300,DL,0106,2028-09-20,00034798,00000439,O,AIRPORT,0000
300,UA,0941,2028-05-21,00034020,00000439,O,AIRPORT,0000
300,LH,0400,2028-09-22,00035954,00000439,O,AIRPORT,0000
300,AZ,0555,2028-09-21,00035047,00000439,O,AIRPORT,0000
300,AA,0017,2028-09-03,00031468,00000439,O,AIRPORT,0000
300,JL,0408,2028-05-02,00031255,00000439,O,AIRPORT,0000
300,JL,0408,2028-05-15,00032765,00000439,O,AIRPORT,0000
300,DL,0106,2028-09-13,00033223,00000439,O,AIRPORT,0000
300,AZ,0555,2028-09-12,00033285,00000439,O,AIRPORT,0000
300,UA,0941,2028-05-15,00033310,00000439,O,AIRPORT,0000
300,AA,0017,2028-09-12,00033114,00000439,O,AIRPORT,0000
300,UA,0941,2028-05-08,00032566,00000439,O,AIRPORT,0000
300,QF,0006,2028-10-20,00064570,00000439,O,AIRPORT,0000
300,LH,0401,2028-08-01,00064627,00000439,O,AIRPORT,0000
300,LH,0401,2028-07-25,00063311,00000439,O,AIRPORT,0000
300,QF,0006,2028-08-03,00056070,00000439,O,AIRPORT,0000
300,AA,0026,2028-10-06,00064806,00000439,O,AIRPORT,0000
300,QF,0006,2028-10-26,00064812,00000439,O,AIRPORT,0000
300,LH,0401,2028-06-24,00057119,00000439,O,AIRPORT,0000
300,LH,0401,2028-07-05,00059267,00000439,O,AIRPORT,0000
300,QF,0006,2028-08-16,00057844,00000439,O,AIRPORT,0000
300,AA,0026,2028-09-07,00061571,00000439,O,AIRPORT,0000
300,AZ,0788,2028-07-18,00060162,00000439,O,AIRPORT,0000
300,AA,0026,2028-06-21,00050769,00000439,O,AIRPORT,0000
300,QF,0006,2028-07-09,00052639,00000439,O,AIRPORT,0000
300,UA,3504,2028-04-05,00052053,00000439,O,AIRPORT,0000
300,UA,3504,2028-04-07,00052733,00000439,O,AIRPORT,0000
300,UA,3504,2028-04-18,00054908,00000439,O,AIRPORT,0000
300,UA,3504,2028-04-20,00055064,00000439,O,AIRPORT,0000
300,AA,0064,2028-05-22,00072582,00000439,O,AIRPORT,0000
300,AA,0064,2028-05-19,00072102,00000439,O,AIRPORT,0000
300,UA,3504,2028-08-05,00076119,00000439,O,AIRPORT,0000
300,LH,0401,2028-09-17,00074536,00000439,O,AIRPORT,0000
300,DL,1699,2028-10-01,00073895,00000439,O,AIRPORT,0000
300,UA,3504,2028-06-22,00067283,00000439,O,AIRPORT,0000
300,AZ,0788,2028-08-16,00065674,00000439,O,AIRPORT,0000
300,AA,0026,2028-11-02,00065882,00000439,O,AIRPORT,0000
300,UA,3504,2028-07-03,00069642,00000439,O,AIRPORT,0000
300,AA,0064,2028-04-25,00069558,00000439,O,AIRPORT,0000
300,AZ,0788,2028-08-29,00068678,00000439,O,AIRPORT,0000
300,DL,1699,2028-09-07,00069347,00000439,O,AIRPORT,0000
300,AA,0064,2028-07-12,00078199,00000439,O,AIRPORT,0000
300,AA,0064,2028-07-05,00077415,00000439,O,AIRPORT,0000
300,UA,3504,2028-08-12,00077293,00000439,O,AIRPORT,0000
300,LH,0402,2028-04-23,00084680,00000439,O,AIRPORT,0000
300,AZ,0789,2028-05-10,00084846,00000439,O,AIRPORT,0000
300,DL,1984,2028-05-11,00084413,00000439,O,AIRPORT,0000
300,LH,0402,2028-04-26,00085247,00000439,O,AIRPORT,0000
300,UA,3504,2028-10-11,00087961,00000439,O,AIRPORT,0000
300,LH,0402,2028-05-02,00086293,00000439,O,AIRPORT,0000
300,LH,0402,2028-05-07,00087081,00000439,O,AIRPORT,0000
300,UA,3504,2028-09-11,00083950,00000439,O,AIRPORT,0000
300,DL,1984,2028-05-09,00084081,00000439,O,AIRPORT,0000
300,AZ,0789,2028-08-25,00105709,00000439,O,AIRPORT,0000
300,AZ,0789,2028-09-03,00107326,00000439,O,AIRPORT,0000
300,UA,3516,2028-06-01,00102351,00000439,O,AIRPORT,0000
300,LH,0402,2028-09-07,00111651,00000439,O,AIRPORT,0000
300,AZ,0789,2028-09-25,00111668,00000439,O,AIRPORT,0000
300,LH,0402,2028-09-09,00111954,00000439,O,AIRPORT,0000
300,DL,1984,2028-10-08,00112045,00000439,O,AIRPORT,0000
300,DL,1984,2028-09-20,00110069,00000439,O,AIRPORT,0000
300,LH,0402,2028-08-27,00109078,00000439,O,AIRPORT,0000
300,UA,3516,2028-04-24,00094745,00000439,O,AIRPORT,0000
300,UA,3516,2028-04-24,00094721,00000439,O,AIRPORT,0000
300,DL,1984,2028-06-25,00093076,00000439,O,AIRPORT,0000
300,UA,3516,2028-04-17,00093393,00000439,O,AIRPORT,0000
300,UA,3516,2028-04-10,00092378,00000439,O,AIRPORT,0000
300,LH,0402,2028-05-20,00090097,00000439,O,AIRPORT,0000
300,LH,0402,2028-06-25,00096959,00000439,O,AIRPORT,0000
300,DL,1984,2028-07-17,00097405,00000439,O,AIRPORT,0000
300,DL,1984,2028-07-17,00097355,00000439,O,AIRPORT,0000
300,DL,1984,2028-07-08,00095703,00000439,O,AIRPORT,0000
300,AZ,0789,2028-07-20,00098860,00000439,O,AIRPORT,0000
300,LH,0402,2028-07-13,00100485,00000439,O,AIRPORT,0000
300,AZ,0789,2028-07-31,00100792,00000439,O,AIRPORT,0000
300,AZ,0789,2028-07-16,00098021,00000439,O,AIRPORT,0000
300,AZ,0791,2028-05-06,00146026,00000439,O,AIRPORT,0000
300,UA,3517,2028-07-11,00148970,00000439,O,AIRPORT,0000
300,UA,3517,2028-05-25,00139919,00000439,O,AIRPORT,0000
300,AZ,0790,2028-09-25,00139667,00000439,O,AIRPORT,0000
300,AZ,0791,2028-04-11,00143286,00000439,O,AIRPORT,0000
300,UA,3517,2028-08-31,00158954,00000439,O,AIRPORT,0000
300,AZ,0791,2028-08-23,00158140,00000439,O,AIRPORT,0000
300,AZ,0791,2028-08-23,00158023,00000439,O,AIRPORT,0000
300,AZ,0791,2028-09-14,00160712,00000439,O,AIRPORT,0000
300,UA,3517,2028-09-04,00160144,00000439,O,AIRPORT,0000
300,UA,3517,2028-09-04,00160149,00000439,O,AIRPORT,0000
300,LH,0455,2028-08-04,00160411,00000439,O,AIRPORT,0000
300,LH,0455,2028-08-13,00161252,00000439,O,AIRPORT,0000
300,LH,0455,2028-08-11,00161090,00000439,O,AIRPORT,0000
300,LH,0455,2028-08-11,00161142,00000439,O,AIRPORT,0000
300,AZ,0791,2028-07-03,00152497,00000439,O,AIRPORT,0000
300,UA,3517,2028-07-26,00151882,00000439,O,AIRPORT,0000
300,AZ,0791,2028-08-01,00155659,00000439,O,AIRPORT,0000
300,AZ,0791,2028-08-01,00155608,00000439,O,AIRPORT,0000
300,AZ,0790,2028-05-21,00122139,00000439,O,AIRPORT,0000
300,UA,3516,2028-09-01,00120452,00000439,O,AIRPORT,0000
300,AZ,0790,2028-04-06,00115967,00000439,O,AIRPORT,0000
300,LH,0402,2028-09-22,00114965,00000439,O,AIRPORT,0000
300,AZ,0790,2028-04-24,00118493,00000439,O,AIRPORT,0000
300,UA,3517,2028-05-02,00135528,00000439,O,AIRPORT,0000
300,LH,0454,2028-07-14,00133046,00000439,O,AIRPORT,0000
300,AZ,0790,2028-08-07,00133057,00000439,O,AIRPORT,0000
300,UA,3517,2028-05-02,00135591,00000439,O,AIRPORT,0000
300,UA,3517,2028-03-30,00128822,00000439,O,AIRPORT,0000
300,LH,0454,2028-06-29,00130835,00000439,O,AIRPORT,0000
300,LH,0455,2028-09-10,00164806,00000439,O,AIRPORT,0000
300,UA,3517,2028-11-02,00166403,00000439,O,AIRPORT,0000
300,LH,0455,2028-09-07,00164302,00000439,O,AIRPORT,0000
300,LH,2407,2028-04-30,00194592,00000439,O,AIRPORT,0000
300,LH,2402,2028-09-19,00188569,00000439,O,AIRPORT,0000
300,LH,2402,2028-08-19,00184437,00000439,O,AIRPORT,0000
300,LH,2402,2028-06-24,00178319,00000439,O,AIRPORT,0000
300,LH,2402,2028-06-04,00176029,00000439,O,AIRPORT,0000
300,LH,2402,2028-05-24,00174891,00000439,O,AIRPORT,0000
300,LH,2462,2028-06-22,00255399,00000439,O,AIRPORT,0000
300,LH,2462,2028-06-02,00253239,00000439,O,AIRPORT,0000
300,LH,2462,2028-05-24,00252239,00000439,O,AIRPORT,0000
300,LH,2463,2028-04-12,00269913,00000439,O,AIRPORT,0000
300,LH,2462,2028-08-14,00261376,00000439,O,AIRPORT,0000
300,LH,2462,2028-07-25,00259281,00000439,O,AIRPORT,0000
300,LH,2462,2028-08-21,00262087,00000439,O,AIRPORT,0000
300,LH,2436,2028-04-16,00233828,00000439,O,AIRPORT,0000
300,LH,2415,2028-09-12,00229917,00000439,O,AIRPORT,0000
300,LH,2415,2028-09-12,00229952,00000439,O,AIRPORT,0000
300,LH,2415,2028-09-10,00229656,00000439,O,AIRPORT,0000
300,LH,2462,2028-04-14,00247629,00000439,O,AIRPORT,0000
300,LH,2462,2028-04-16,00247869,00000439,O,AIRPORT,0000
300,LH,3577,2028-06-02,00298397,00000439,O,AIRPORT,0000
300,LH,2463,2028-06-29,00278498,00000439,O,AIRPORT,0000
300,LH,2463,2028-09-13,00287596,00000439,O,AIRPORT,0000
300,LH,2463,2028-05-06,00272565,00000439,O,AIRPORT,0000
300,LH,3577,2028-07-03,00302004,00000439,O,AIRPORT,0000
300,LH,3577,2028-06-15,00299914,00000439,O,AIRPORT,0000
300,LH,3577,2028-07-28,00304736,00000439,O,AIRPORT,0000
300,LH,2407,2028-07-12,00202783,00000439,O,AIRPORT,0000
300,LH,2407,2028-07-06,00202146,00000439,O,AIRPORT,0000
300,LH,2407,2028-08-21,00207402,00000439,O,AIRPORT,0000
300,LH,2407,2028-09-04,00209070,00000439,O,AIRPORT,0000
300,LH,2415,2028-07-14,00223695,00000439,O,AIRPORT,0000
300,LH,2415,2028-08-01,00225542,00000439,O,AIRPORT,0000
300,QF,5,2028-07-07,20374,923,O,AIRPORT,
300,AA,17,2028-04-04,2045,923,O,AIRPORT,
300,QF,5,2028-07-14,21444,923,O,AIRPORT,
300,QF,5,2028-07-10,20732,923,O,AIRPORT,
300,AZ,555,2028-04-24,5670,923,O,AIRPORT,
300,UA,7,2028-08-01,17795,923,O,AIRPORT,
300,QF,5,2028-07-01,18925,923,O,AIRPORT,
300,AZ,788,2028-05-21,48741,923,O,AIRPORT,
300,QF,5,2028-07-30,24610,923,O,AIRPORT,
300,AZ,788,2028-05-12,47198,923,O,AIRPORT,
300,JL,407,2028-09-08,22892,923,O,AIRPORT,
300,QF,5,2028-07-21,22718,923,O,AIRPORT,
300,AZ,555,2028-07-16,22041,923,O,AIRPORT,
300,QF,5,2028-04-29,6589,923,O,AIRPORT,
300,AZ,555,2028-05-03,7423,923,O,AIRPORT,
300,DL,106,2028-05-18,10163,923,O,AIRPORT,
300,QF,5,2028-05-04,7583,923,O,AIRPORT,
300,AA,17,2028-05-01,7290,923,O,AIRPORT,
300,AZ,555,2028-05-01,7311,923,O,AIRPORT,
300,JL,407,2028-05-17,7215,923,O,AIRPORT,
300,JL,407,2028-06-17,11628,923,O,AIRPORT,
300,QF,5,2028-05-24,11563,923,O,AIRPORT,
300,LH,400,2028-05-22,10952,923,O,AIRPORT,
300,DL,106,2028-05-20,10779,923,O,AIRPORT,
300,JL,407,2028-05-24,8198,923,O,AIRPORT,
300,DL,106,2028-05-07,7887,923,O,AIRPORT,
300,AA,17,2028-05-05,7912,923,O,AIRPORT,
300,QF,5,2028-05-10,8730,923,O,AIRPORT,
300,LH,400,2028-05-08,8462,923,O,AIRPORT,
300,AA,17,2028-06-12,15309,923,O,AIRPORT,
300,DL,106,2028-06-21,16617,923,O,AIRPORT,
300,QF,5,2028-04-25,5833,923,O,AIRPORT,
300,AZ,555,2028-04-24,5834,923,O,AIRPORT,
300,AA,17,2028-05-28,12478,923,O,AIRPORT,
300,AA,17,2028-05-25,12001,923,O,AIRPORT,
300,AZ,555,2028-05-25,12069,923,O,AIRPORT,
300,LH,400,2028-05-31,12998,923,O,AIRPORT,
300,DL,106,2028-04-28,6206,923,O,AIRPORT,
300,DL,106,2028-06-03,13069,923,O,AIRPORT,
300,UA,7,2028-07-01,13383,923,O,AIRPORT,
300,UA,941,2028-05-03,32189,923,O,AIRPORT,
300,LH,400,2028-08-31,31126,923,O,AIRPORT,
300,LH,400,2028-08-30,30842,923,O,AIRPORT,
300,LH,400,2028-09-02,31816,923,O,AIRPORT,
300,UA,941,2028-05-30,35168,923,O,AIRPORT,
300,QF,5,2028-09-26,35799,923,O,AIRPORT,
300,LH,400,2028-08-12,27121,923,O,AIRPORT,
300,AZ,555,2028-08-14,27765,923,O,AIRPORT,
300,LH,400,2028-08-15,27798,923,O,AIRPORT,
300,LH,400,2028-04-09,2749,923,O,AIRPORT,
300,AZ,555,2028-08-07,26429,923,O,AIRPORT,
300,AA,17,2028-08-23,29444,923,O,AIRPORT,
300,DL,106,2028-08-29,30207,923,O,AIRPORT,
300,DL,106,2028-04-10,2840,923,O,AIRPORT,
300,AA,17,2028-08-16,27999,923,O,AIRPORT,
300,QF,5,2028-08-23,29240,923,O,AIRPORT,
300,LH,400,2028-04-16,4367,923,O,AIRPORT,
300,JL,408,2028-08-06,41964,923,O,AIRPORT,
300,QF,6,2028-04-22,41706,923,O,AIRPORT,
300,LH,401,2028-04-29,46109,923,O,AIRPORT,
300,JL,408,2028-09-17,46829,923,O,AIRPORT,
300,JL,408,2028-09-15,46374,923,O,AIRPORT,
300,AZ,788,2028-04-26,44297,923,O,AIRPORT,
300,DL,1699,2028-05-07,45396,923,O,AIRPORT,
300,JL,408,2028-07-01,37954,923,O,AIRPORT,
300,AA,17,2028-10-26,38014,923,O,AIRPORT,
300,UA,941,2028-06-30,38552,923,O,AIRPORT,
300,QF,5,2028-10-05,36449,923,O,AIRPORT,
300,QF,6,2028-04-15,40956,923,O,AIRPORT,
300,LH,401,2028-03-29,40186,923,O,AIRPORT,
300,AZ,555,2028-03-28,600,923,O,AIRPORT,
300,LH,401,2028-07-10,60245,923,O,AIRPORT,
300,AA,26,2028-08-05,57129,923,O,AIRPORT,
300,AA,26,2028-08-07,57467,923,O,AIRPORT,
300,AZ,788,2028-07-11,58731,923,O,AIRPORT,
300,AA,26,2028-08-20,59087,923,O,AIRPORT,
300,DL,1699,2028-07-13,58508,923,O,AIRPORT,
300,DL,1699,2028-08-11,64036,923,O,AIRPORT,
300,AZ,788,2028-08-07,64333,923,O,AIRPORT,
300,AA,26,2028-09-25,64150,923,O,AIRPORT,
300,LH,401,2028-07-28,63539,923,O,AIRPORT,
300,AA,26,2028-10-02,64712,923,O,AIRPORT,
300,AA,26,2028-09-10,61993,923,O,AIRPORT,
300,QF,6,2028-09-18,62326,923,O,AIRPORT,
300,LH,401,2028-05-24,50992,923,O,AIRPORT,
300,QF,6,2028-07-09,52645,923,O,AIRPORT,
300,QF,6,2028-07-27,55006,923,O,AIRPORT,
300,QF,6,2028-08-05,56187,923,O,AIRPORT,
300,AZ,788,2028-06-30,56537,923,O,AIRPORT,
300,AZ,788,2028-06-14,53604,923,O,AIRPORT,
300,QF,6,2028-07-20,54113,923,O,AIRPORT,
300,AZ,788,2028-09-03,69480,923,O,AIRPORT,
300,AZ,788,2028-09-03,69479,923,O,AIRPORT,
300,LH,401,2028-08-26,69392,923,O,AIRPORT,
300,AZ,788,2028-09-03,69217,923,O,AIRPORT,
300,AZ,788,2028-09-03,69234,923,O,AIRPORT,
300,LH,401,2028-08-08,66007,923,O,AIRPORT,
300,AZ,788,2028-08-18,66426,923,O,AIRPORT,
300,UA,3504,2028-06-11,65328,923,O,AIRPORT,
300,LH,401,2028-08-05,65656,923,O,AIRPORT,
300,DL,1699,2028-08-31,67958,923,O,AIRPORT,
300,UA,3504,2028-09-21,86271,923,O,AIRPORT,
300,AZ,789,2028-05-10,84957,923,O,AIRPORT,
300,DL,1984,2028-05-16,85495,923,O,AIRPORT,
300,DL,1984,2028-05-16,85484,923,O,AIRPORT,
300,UA,3504,2028-09-26,86867,923,O,AIRPORT,
300,AZ,788,2028-10-24,75366,923,O,AIRPORT,
300,DL,1699,2028-10-24,74836,923,O,AIRPORT,
300,LH,401,2028-10-09,77446,923,O,AIRPORT,
300,DL,1699,2028-09-20,71953,923,O,AIRPORT,
300,AA,64,2028-05-04,70361,923,O,AIRPORT,
300,AZ,788,2028-09-23,73278,923,O,AIRPORT,
300,DL,1699,2028-10-01,73739,923,O,AIRPORT,
300,LH,402,2028-04-12,82626,923,O,AIRPORT,
300,LH,402,2028-04-15,82753,923,O,AIRPORT,
300,AZ,789,2028-05-05,84234,923,O,AIRPORT,
300,LH,402,2028-04-23,84587,923,O,AIRPORT,
300,LH,401,2028-10-11,77752,923,O,AIRPORT,
300,DL,1984,2028-04-21,80401,923,O,AIRPORT,
300,UA,3504,2028-08-30,81121,923,O,AIRPORT,
300,UA,3516,2028-07-22,112268,923,O,AIRPORT,
300,UA,3516,2028-07-22,112132,923,O,AIRPORT,
300,DL,1984,2028-08-24,104718,923,O,AIRPORT,
300,UA,3516,2028-06-21,106094,923,O,AIRPORT,
300,LH,402,2028-08-31,109708,923,O,AIRPORT,
300,AZ,789,2028-09-23,111630,923,O,AIRPORT,
300,LH,402,2028-08-20,107918,923,O,AIRPORT,
300,DL,1984,2028-09-11,108337,923,O,AIRPORT,
300,LH,402,2028-05-22,90195,923,O,AIRPORT,
300,DL,1984,2028-06-16,91507,923,O,AIRPORT,
300,UA,3516,2028-04-06,91412,923,O,AIRPORT,
300,DL,1984,2028-06-21,92218,923,O,AIRPORT,
300,DL,1984,2028-07-04,94684,923,O,AIRPORT,
300,UA,3516,2028-04-22,94342,923,O,AIRPORT,
300,DL,1984,2028-07-20,97896,923,O,AIRPORT,
300,UA,3516,2028-09-20,124896,923,O,AIRPORT,
300,UA,3516,2028-09-16,124111,923,O,AIRPORT,
300,UA,3516,2028-09-18,124323,923,O,AIRPORT,
300,AZ,790,2028-07-13,129403,923,O,AIRPORT,
300,UA,3516,2028-09-25,125872,923,O,AIRPORT,
300,LH,454,2028-05-31,127037,923,O,AIRPORT,
300,LH,402,2028-10-17,117140,923,O,AIRPORT,
300,AZ,790,2028-03-28,114589,923,O,AIRPORT,
300,AZ,789,2028-11-09,114073,923,O,AIRPORT,
300,LH,454,2028-03-29,118093,923,O,AIRPORT,
300,UA,3516,2028-08-29,119759,923,O,AIRPORT,
300,AZ,790,2028-05-03,119561,923,O,AIRPORT,
300,LH,455,2028-05-14,151135,923,O,AIRPORT,
300,LH,455,2028-05-18,151572,923,O,AIRPORT,
300,LH,455,2028-06-14,154707,923,O,AIRPORT,
300,LH,455,2028-06-07,153807,923,O,AIRPORT,
300,AZ,791,2028-06-13,150107,923,O,AIRPORT,
300,UA,3517,2028-07-17,150368,923,O,AIRPORT,
300,LH,455,2028-04-21,148728,923,O,AIRPORT,
300,UA,3517,2028-07-13,149476,923,O,AIRPORT,
300,UA,3517,2028-09-16,162655,923,O,AIRPORT,
300,UA,3517,2028-09-10,161432,923,O,AIRPORT,
300,AZ,791,2028-09-23,161661,923,O,AIRPORT,
300,AZ,791,2028-08-12,156878,923,O,AIRPORT,
300,UA,3517,2028-08-11,154923,923,O,AIRPORT,
300,LH,455,2028-06-23,155518,923,O,AIRPORT,
300,AZ,791,2028-08-23,158026,923,O,AIRPORT,
300,AZ,791,2028-08-14,157040,923,O,AIRPORT,
300,LH,455,2028-07-06,157013,923,O,AIRPORT,
300,AZ,790,2028-08-27,135626,923,O,AIRPORT,
300,UA,3517,2028-05-05,135880,923,O,AIRPORT,
300,UA,3517,2028-05-05,135783,923,O,AIRPORT,
300,LH,454,2028-07-23,134279,923,O,AIRPORT,
300,AZ,790,2028-09-10,137652,923,O,AIRPORT,
300,UA,3517,2028-05-09,136733,923,O,AIRPORT,
300,UA,3517,2028-04-12,131576,923,O,AIRPORT,
300,AZ,790,2028-07-27,131502,923,O,AIRPORT,
300,UA,3517,2028-04-06,130370,923,O,AIRPORT,
300,UA,3517,2028-04-08,130609,923,O,AIRPORT,
300,AZ,790,2028-08-07,133043,923,O,AIRPORT,
300,UA,3517,2028-05-22,139522,923,O,AIRPORT,
300,LH,454,2028-09-02,140198,923,O,AIRPORT,
300,UA,3517,2028-05-31,141336,923,O,AIRPORT,
300,LH,455,2028-09-13,165222,923,O,AIRPORT,
300,LH,455,2028-09-02,163798,923,O,AIRPORT,
300,LH,2462,2028-09-28,266780,923,O,AIRPORT,
300,LH,2462,2028-07-14,257979,923,O,AIRPORT,
300,LH,2462,2028-07-21,258706,923,O,AIRPORT,
300,LH,2463,2028-06-18,277214,923,O,AIRPORT,
300,LH,2463,2028-05-26,274710,923,O,AIRPORT,
300,LH,2463,2028-05-26,274752,923,O,AIRPORT,
300,LH,2463,2028-05-24,274443,923,O,AIRPORT,
300,LH,2463,2028-04-16,270238,923,O,AIRPORT,
300,LH,2463,2028-04-07,269234,923,O,AIRPORT,
300,LH,2463,2028-05-13,273398,923,O,AIRPORT,
300,LH,2436,2028-04-18,233946,923,O,AIRPORT,
300,LH,2436,2028-04-23,234277,923,O,AIRPORT,
300,LH,2436,2028-07-28,240506,923,O,AIRPORT,
300,LH,2436,2028-08-12,241591,923,O,AIRPORT,
300,LH,2463,2028-09-19,288427,923,O,AIRPORT,
300,LH,2463,2028-07-28,281741,923,O,AIRPORT,
300,LH,3577,2028-07-08,302379,923,O,AIRPORT,
300,LH,3577,2028-08-04,305301,923,O,AIRPORT,
300,LH,3577,2028-05-22,297128,923,O,AIRPORT,
300,LH,3577,2028-04-30,294531,923,O,AIRPORT,
300,LH,3577,2028-06-22,300751,923,O,AIRPORT,
300,LH,3577,2028-06-15,300006,923,O,AIRPORT,
300,LH,2407,2028-05-20,196851,923,O,AIRPORT,
300,LH,2407,2028-04-16,193155,923,O,AIRPORT,
300,LH,2415,2028-06-06,220122,923,O,AIRPORT,
300,LH,2407,2028-09-22,211407,923,O,AIRPORT,
300,LH,2407,2028-09-24,211677,923,O,AIRPORT,
300,LH,2407,2028-09-17,210734,923,O,AIRPORT,
300,LH,2407,2028-09-19,211068,923,O,AIRPORT,
300,LH,2407,2028-08-26,207708,923,O,AIRPORT,
300,LH,2407,2028-09-26,211804,923,O,AIRPORT,
300,LH,2407,2028-10-12,212332,923,O,AIRPORT,
300,LH,2407,2028-09-28,212042,923,O,AIRPORT,
300,LH,2402,2028-08-31,186068,923,O,AIRPORT,
300,LH,2402,2028-04-03,168932,923,O,AIRPORT,
300,LH,2402,2028-03-27,168371,923,O,AIRPORT,
300,QF,0005,2028-06-17,00016271,00001721,O,AIRPORT,0000
300,QF,0005,2028-06-15,00015998,00001721,O,AIRPORT,0000
300,QF,0005,2028-06-26,00018226,00001721,O,AIRPORT,0000
300,JL,0407,2028-08-03,00017916,00001721,O,AIRPORT,0000
300,JL,0407,2028-08-03,00018037,00001721,O,AIRPORT,0000
300,AA,0017,2028-06-19,00016779,00001721,O,AIRPORT,0000
300,AA,0017,2028-06-19,00016777,00001721,O,AIRPORT,0000
300,QF,0005,2028-06-04,00013521,00001721,O,AIRPORT,0000
300,JL,0407,2028-06-24,00012379,00001721,O,AIRPORT,0000
300,QF,0005,2028-05-28,00012407,00001721,O,AIRPORT,0000
300,AA,0017,2028-06-10,00015113,00001721,O,AIRPORT,0000
300,LH,0400,2028-06-11,00015009,00001721,O,AIRPORT,0000
300,AZ,0555,2028-06-06,00014195,00001721,O,AIRPORT,0000
300,QF,0005,2028-06-06,00014211,00001721,O,AIRPORT,0000
300,QF,0005,2028-07-28,00023973,00001721,O,AIRPORT,0000
300,JL,0407,2028-09-17,00024155,00001721,O,AIRPORT,0000
300,JL,0407,2028-08-05,00018398,00001721,O,AIRPORT,0000
300,UA,0007,2028-08-10,00018997,00001721,O,AIRPORT,0000
300,LH,0400,2028-07-10,00020799,00001721,O,AIRPORT,0000
300,AA,0017,2028-07-11,00021194,00001721,O,AIRPORT,0000
300,AZ,0555,2028-04-15,00004047,00001721,O,AIRPORT,0000
300,LH,0400,2028-04-16,00004141,00001721,O,AIRPORT,0000
300,UA,0007,2028-05-06,00005695,00001721,O,AIRPORT,0000
300,UA,0007,2028-05-04,00005340,00001721,O,AIRPORT,0000
300,UA,0007,2028-03-29,00000326,00001721,O,AIRPORT,0000
300,DL,0106,2028-04-06,00001857,00001721,O,AIRPORT,0000
300,AA,0017,2028-04-04,00002002,00001721,O,AIRPORT,0000
300,UA,0007,2028-06-11,00010602,00001721,O,AIRPORT,0000
300,UA,0007,2028-05-31,00009257,00001721,O,AIRPORT,0000
300,DL,0106,2028-05-16,00009686,00001721,O,AIRPORT,0000
300,AZ,0555,2028-05-25,00012040,00001721,O,AIRPORT,0000
300,DL,0106,2028-05-22,00011176,00001721,O,AIRPORT,0000
300,JL,0407,2028-05-13,00006713,00001721,O,AIRPORT,0000
300,AZ,0555,2028-05-05,00008067,00001721,O,AIRPORT,0000
300,QF,0006,2028-04-13,00040389,00001721,O,AIRPORT,0000
300,DL,1699,2028-04-10,00040309,00001721,O,AIRPORT,0000
300,UA,0941,2028-07-14,00040019,00001721,O,AIRPORT,0000
300,AZ,0788,2028-04-06,00040146,00001721,O,AIRPORT,0000
300,JL,0408,2028-07-30,00041220,00001721,O,AIRPORT,0000
300,UA,0941,2028-07-23,00041065,00001721,O,AIRPORT,0000
300,LH,0401,2028-04-05,00041460,00001721,O,AIRPORT,0000
300,QF,0005,2028-11-14,00037848,00001721,O,AIRPORT,0000
300,JL,0408,2028-06-27,00037628,00001721,O,AIRPORT,0000
300,LH,0400,2028-09-24,00036630,00001721,O,AIRPORT,0000
300,DL,0106,2028-10-08,00036423,00001721,O,AIRPORT,0000
300,JL,0408,2028-06-22,00037081,00001721,O,AIRPORT,0000
300,DL,1699,2028-03-30,00038181,00001721,O,AIRPORT,0000
300,JL,0408,2028-07-03,00038135,00001721,O,AIRPORT,0000
300,DL,1699,2028-05-14,00046539,00001721,O,AIRPORT,0000
300,LH,0401,2028-04-29,00046335,00001721,O,AIRPORT,0000
300,AA,0026,2028-05-14,00045564,00001721,O,AIRPORT,0000
300,DL,1699,2028-05-09,00046015,00001721,O,AIRPORT,0000
300,DL,1699,2028-05-18,00047780,00001721,O,AIRPORT,0000
300,DL,1699,2028-05-18,00047612,00001721,O,AIRPORT,0000
300,DL,1699,2028-05-18,00047719,00001721,O,AIRPORT,0000
300,JL,0408,2028-09-24,00047412,00001721,O,AIRPORT,0000
300,AZ,0788,2028-04-19,00042613,00001721,O,AIRPORT,0000
300,JL,0408,2028-08-30,00044769,00001721,O,AIRPORT,0000
300,QF,0006,2028-05-12,00044517,00001721,O,AIRPORT,0000
300,LH,0400,2028-08-15,00027522,00001721,O,AIRPORT,0000
300,AA,0017,2028-08-16,00027928,00001721,O,AIRPORT,0000
300,UA,0007,2028-09-28,00026258,00001721,O,AIRPORT,0000
300,JL,0408,2028-05-20,00033363,00001721,O,AIRPORT,0000
300,UA,0941,2028-06-08,00036051,00001721,O,AIRPORT,0000
300,AA,0017,2028-09-23,00035421,00001721,O,AIRPORT,0000
300,UA,0941,2028-06-01,00035401,00001721,O,AIRPORT,0000
300,JL,0408,2028-04-30,00031024,00001721,O,AIRPORT,0000
300,DL,0106,2028-08-31,00030901,00001721,O,AIRPORT,0000
300,DL,0106,2028-09-11,00032915,00001721,O,AIRPORT,0000
300,JL,0408,2028-05-13,00032522,00001721,O,AIRPORT,0000
300,UA,3504,2028-06-02,00063608,00001721,O,AIRPORT,0000
300,QF,0006,2028-10-02,00063725,00001721,O,AIRPORT,0000
300,AA,0026,2028-06-17,00050152,00001721,O,AIRPORT,0000
300,LH,0401,2028-05-26,00051328,00001721,O,AIRPORT,0000
300,LH,0401,2028-06-26,00057384,00001721,O,AIRPORT,0000
300,DL,1699,2028-07-06,00057288,00001721,O,AIRPORT,0000
300,UA,3504,2028-05-10,00059109,00001721,O,AIRPORT,0000
300,AA,0026,2028-08-20,00059269,00001721,O,AIRPORT,0000
300,LH,0401,2028-05-24,00051091,00001721,O,AIRPORT,0000
300,QF,0006,2028-08-18,00058243,00001721,O,AIRPORT,0000
300,AZ,0788,2028-07-09,00058285,00001721,O,AIRPORT,0000
300,UA,3504,2028-05-22,00061144,00001721,O,AIRPORT,0000
300,DL,1699,2028-07-31,00062079,00001721,O,AIRPORT,0000
300,AA,0026,2028-06-19,00050647,00001721,O,AIRPORT,0000
300,UA,3504,2028-05-24,00061856,00001721,O,AIRPORT,0000
300,AA,0026,2028-09-10,00061934,00001721,O,AIRPORT,0000
300,AZ,0788,2028-07-18,00060145,00001721,O,AIRPORT,0000
300,LH,0401,2028-07-14,00060904,00001721,O,AIRPORT,0000
300,AA,0026,2028-06-30,00052237,00001721,O,AIRPORT,0000
300,AA,0026,2028-07-09,00053198,00001721,O,AIRPORT,0000
300,AZ,0788,2028-06-21,00054854,00001721,O,AIRPORT,0000
300,AA,0026,2028-06-26,00051446,00001721,O,AIRPORT,0000
300,AA,0026,2028-07-25,00055580,00001721,O,AIRPORT,0000
300,AZ,0788,2028-06-21,00055218,00001721,O,AIRPORT,0000
300,DL,1699,2028-06-25,00055100,00001721,O,AIRPORT,0000
300,AZ,0788,2028-05-25,00049875,00001721,O,AIRPORT,0000
300,AA,0064,2028-06-28,00076695,00001721,O,AIRPORT,0000
300,LH,0401,2028-08-03,00065245,00001721,O,AIRPORT,0000
300,DL,1699,2028-08-22,00066269,00001721,O,AIRPORT,0000
300,AZ,0789,2028-04-06,00078425,00001721,O,AIRPORT,0000
300,DL,1984,2028-04-12,00078841,00001721,O,AIRPORT,0000
300,AZ,0789,2028-04-06,00078517,00001721,O,AIRPORT,0000
300,LH,0401,2028-10-25,00078669,00001721,O,AIRPORT,0000
300,UA,3504,2028-08-23,00079417,00001721,O,AIRPORT,0000
300,AZ,0789,2028-04-08,00078991,00001721,O,AIRPORT,0000
300,AZ,0789,2028-03-31,00077153,00001721,O,AIRPORT,0000
300,UA,3504,2028-09-28,00087348,00001721,O,AIRPORT,0000
300,AZ,0789,2028-05-21,00087268,00001721,O,AIRPORT,0000
300,DL,1984,2028-05-29,00087895,00001721,O,AIRPORT,0000
300,AZ,0789,2028-05-25,00087784,00001721,O,AIRPORT,0000
300,DL,1984,2028-04-28,00081984,00001721,O,AIRPORT,0000
300,UA,3504,2028-09-01,00081964,00001721,O,AIRPORT,0000
300,LH,0402,2028-04-06,00081060,00001721,O,AIRPORT,0000
300,AZ,0789,2028-04-20,00080905,00001721,O,AIRPORT,0000
300,UA,3504,2028-08-31,00081289,00001721,O,AIRPORT,0000
300,AA,0064,2028-09-03,00084228,00001721,O,AIRPORT,0000
300,DL,1984,2028-05-02,00082609,00001721,O,AIRPORT,0000
300,DL,1984,2028-05-02,00082645,00001721,O,AIRPORT,0000
300,DL,1984,2028-05-05,00083308,00001721,O,AIRPORT,0000
300,LH,0402,2028-04-15,00083117,00001721,O,AIRPORT,0000
300,LH,0402,2028-08-09,00105674,00001721,O,AIRPORT,0000
300,AZ,0789,2028-08-18,00104574,00001721,O,AIRPORT,0000
300,UA,3516,2028-06-23,00106599,00001721,O,AIRPORT,0000
300,LH,0402,2028-07-24,00102307,00001721,O,AIRPORT,0000
300,AZ,0789,2028-08-07,00102094,00001721,O,AIRPORT,0000
300,AZ,0789,2028-08-16,00104027,00001721,O,AIRPORT,0000
300,UA,3516,2028-07-13,00110761,00001721,O,AIRPORT,0000
300,UA,3516,2028-07-09,00109577,00001721,O,AIRPORT,0000
300,LH,0402,2028-06-14,00094869,00001721,O,AIRPORT,0000
300,UA,3516,2028-04-04,00091073,00001721,O,AIRPORT,0000
300,DL,1984,2028-06-12,00090602,00001721,O,AIRPORT,0000
300,AZ,0789,2028-06-21,00093326,00001721,O,AIRPORT,0000
300,UA,3516,2028-04-13,00092721,00001721,O,AIRPORT,0000
300,DL,1984,2028-06-03,00088818,00001721,O,AIRPORT,0000
300,DL,1984,2028-07-13,00096458,00001721,O,AIRPORT,0000
300,DL,1984,2028-08-06,00101231,00001721,O,AIRPORT,0000
300,AZ,0789,2028-07-22,00099449,00001721,O,AIRPORT,0000
300,DL,1984,2028-07-31,00100264,00001721,O,AIRPORT,0000
300,UA,3517,2028-07-04,00147795,00001721,O,AIRPORT,0000
300,AZ,0791,2028-05-17,00147194,00001721,O,AIRPORT,0000
300,UA,3517,2028-06-27,00146287,00001721,O,AIRPORT,0000
300,UA,3517,2028-06-25,00145709,00001721,O,AIRPORT,0000
300,UA,3517,2028-07-17,00150213,00001721,O,AIRPORT,0000
300,UA,3517,2028-07-17,00150217,00001721,O,AIRPORT,0000
300,LH,0455,2028-04-19,00148498,00001721,O,AIRPORT,0000
300,UA,3517,2028-06-03,00141396,00001721,O,AIRPORT,0000
300,LH,0454,2028-09-08,00141029,00001721,O,AIRPORT,0000
300,LH,0454,2028-09-26,00144013,00001721,O,AIRPORT,0000
300,LH,0454,2028-09-11,00141842,00001721,O,AIRPORT,0000
300,LH,0454,2028-09-11,00141745,00001721,O,AIRPORT,0000
300,AZ,0791,2028-09-08,00159844,00001721,O,AIRPORT,0000
300,UA,3517,2028-08-22,00157211,00001721,O,AIRPORT,0000
300,LH,0455,2028-07-13,00157873,00001721,O,AIRPORT,0000
300,LH,0455,2028-08-20,00162092,00001721,O,AIRPORT,0000
300,AZ,0791,2028-06-26,00151631,00001721,O,AIRPORT,0000
300,LH,0455,2028-05-22,00152068,00001721,O,AIRPORT,0000
300,UA,3517,2028-07-28,00152429,00001721,O,AIRPORT,0000
300,UA,3517,2028-08-15,00155617,00001721,O,AIRPORT,0000
300,UA,3517,2028-08-09,00154402,00001721,O,AIRPORT,0000
300,AZ,0791,2028-07-18,00154083,00001721,O,AIRPORT,0000
300,LH,0455,2028-06-18,00155146,00001721,O,AIRPORT,0000
300,LH,0454,2028-04-30,00122440,00001721,O,AIRPORT,0000
300,UA,3516,2028-08-31,00120322,00001721,O,AIRPORT,0000
300,LH,0402,2028-10-06,00116481,00001721,O,AIRPORT,0000
300,UA,3516,2028-08-02,00114497,00001721,O,AIRPORT,0000
300,LH,0402,2028-09-18,00114397,00001721,O,AIRPORT,0000
300,AZ,0790,2028-04-29,00119029,00001721,O,AIRPORT,0000
300,UA,3516,2028-08-20,00118075,00001721,O,AIRPORT,0000
300,AZ,0790,2028-04-22,00117963,00001721,O,AIRPORT,0000
300,AZ,0790,2028-08-23,00135054,00001721,O,AIRPORT,0000
300,AZ,0790,2028-08-14,00133765,00001721,O,AIRPORT,0000
300,LH,0454,2028-08-06,00136224,00001721,O,AIRPORT,0000
300,AZ,0790,2028-07-05,00128455,00001721,O,AIRPORT,0000
300,LH,0454,2028-05-29,00126557,00001721,O,AIRPORT,0000
300,AZ,0790,2028-07-27,00131414,00001721,O,AIRPORT,0000
300,LH,0454,2028-07-01,00131293,00001721,O,AIRPORT,0000
300,UA,3517,2028-04-15,00132188,00001721,O,AIRPORT,0000
300,UA,3517,2028-09-25,00164566,00001721,O,AIRPORT,0000
300,LH,2407,2028-05-17,00196525,00001721,O,AIRPORT,0000
300,LH,2402,2028-07-03,00179184,00001721,O,AIRPORT,0000
300,LH,2402,2028-07-14,00180500,00001721,O,AIRPORT,0000
300,LH,2402,2028-06-09,00176472,00001721,O,AIRPORT,0000
300,LH,2402,2028-06-04,00176143,00001721,O,AIRPORT,0000
300,LH,2462,2028-06-22,00255354,00001721,O,AIRPORT,0000
300,LH,2462,2028-06-13,00254334,00001721,O,AIRPORT,0000
300,LH,2462,2028-05-04,00249869,00001721,O,AIRPORT,0000
300,LH,2462,2028-05-13,00251041,00001721,O,AIRPORT,0000
300,LH,2462,2028-05-26,00252442,00001721,O,AIRPORT,0000
300,LH,2462,2028-09-12,00265063,00001721,O,AIRPORT,0000
300,LH,2463,2028-03-31,00268652,00001721,O,AIRPORT,0000
300,LH,2463,2028-03-29,00268333,00001721,O,AIRPORT,0000
300,LH,2462,2028-08-14,00261538,00001721,O,AIRPORT,0000
300,LH,2436,2028-05-24,00236321,00001721,O,AIRPORT,0000
300,LH,2415,2028-09-01,00228674,00001721,O,AIRPORT,0000
300,LH,2436,2028-10-01,00244859,00001721,O,AIRPORT,0000
300,LH,2462,2028-04-05,00246759,00001721,O,AIRPORT,0000
300,LH,2436,2028-07-01,00238799,00001721,O,AIRPORT,0000
300,LH,2436,2028-06-29,00238560,00001721,O,AIRPORT,0000
300,LH,2463,2028-09-24,00288808,00001721,O,AIRPORT,0000
300,LH,2463,2028-09-28,00289349,00001721,O,AIRPORT,0000
300,LH,3577,2028-05-13,00296242,00001721,O,AIRPORT,0000
300,LH,2463,2028-07-23,00281213,00001721,O,AIRPORT,0000
300,LH,2463,2028-07-12,00280140,00001721,O,AIRPORT,0000
300,LH,2463,2028-06-18,00277416,00001721,O,AIRPORT,0000
300,LH,2463,2028-09-17,00288087,00001721,O,AIRPORT,0000
300,LH,2463,2028-08-15,00283749,00001721,O,AIRPORT,0000
300,LH,3577,2028-10-12,00312590,00001721,O,AIRPORT,0000
300,LH,3577,2028-09-24,00311679,00001721,O,AIRPORT,0000
300,LH,3577,2028-06-15,00299971,00001721,O,AIRPORT,0000
300,LH,3577,2028-07-28,00304738,00001721,O,AIRPORT,0000
300,LH,2407,2028-10-12,00212327,00001721,O,AIRPORT,0000
300,LH,2407,2028-09-19,00211155,00001721,O,AIRPORT,0000
300,LH,2407,2028-09-10,00209910,00001721,O,AIRPORT,0000
300,LH,2407,2028-09-11,00210083,00001721,O,AIRPORT,0000
300,LH,2415,2028-05-04,00216827,00001721,O,AIRPORT,0000
300,LH,2407,2028-08-04,00205303,00001721,O,AIRPORT,0000
300,JL,407,2028-08-19,20318,2036,O,AIRPORT,
300,DL,106,2028-07-06,19831,2036,O,AIRPORT,
300,AA,17,2028-07-11,21280,2036,O,AIRPORT,
300,DL,106,2028-07-11,20725,2036,O,AIRPORT,
300,QF,5,2028-06-24,17514,2036,O,AIRPORT,
300,LH,400,2028-06-24,17492,2036,O,AIRPORT,
300,QF,5,2028-04-25,5674,2036,O,AIRPORT,
300,JL,407,2028-08-01,17683,2036,O,AIRPORT,
300,JL,407,2028-07-25,16769,2036,O,AIRPORT,
300,AZ,555,2028-06-21,17138,2036,O,AIRPORT,
300,AZ,555,2028-06-30,18994,2036,O,AIRPORT,
300,JL,407,2028-08-05,18276,2036,O,AIRPORT,
300,UA,7,2028-08-04,18085,2036,O,AIRPORT,
300,AA,26,2028-06-08,48939,2036,O,AIRPORT,
300,AZ,555,2028-07-27,24430,2036,O,AIRPORT,
300,UA,941,2028-09-10,47160,2036,O,AIRPORT,
300,AZ,788,2028-05-16,48220,2036,O,AIRPORT,
300,AZ,555,2028-07-16,22099,2036,O,AIRPORT,
300,AZ,555,2028-07-16,22185,2036,O,AIRPORT,
300,JL,407,2028-09-10,23203,2036,O,AIRPORT,
300,AZ,555,2028-05-16,10375,2036,O,AIRPORT,
300,AZ,555,2028-04-29,6589,2036,O,AIRPORT,
300,AA,17,2028-04-29,6617,2036,O,AIRPORT,
300,JL,407,2028-05-10,6367,2036,O,AIRPORT,
300,AA,17,2028-05-23,11505,2036,O,AIRPORT,
300,UA,7,2028-05-11,6459,2036,O,AIRPORT,
300,UA,7,2028-06-04,9639,2036,O,AIRPORT,
300,AZ,555,2028-05-12,9230,2036,O,AIRPORT,
300,UA,7,2028-05-26,8409,2036,O,AIRPORT,
300,DL,106,2028-05-09,8539,2036,O,AIRPORT,
300,DL,106,2028-05-18,10069,2036,O,AIRPORT,
300,DL,106,2028-06-14,15394,2036,O,AIRPORT,
300,QF,5,2028-06-17,16335,2036,O,AIRPORT,
300,AA,17,2028-04-24,5829,2036,O,AIRPORT,
300,UA,7,2028-07-17,15716,2036,O,AIRPORT,
300,JL,407,2028-06-26,12908,2036,O,AIRPORT,
300,AA,17,2028-06-01,13405,2036,O,AIRPORT,
300,AZ,555,2028-04-11,3265,2036,O,AIRPORT,
300,DL,106,2028-08-02,25106,2036,O,AIRPORT,
300,LH,400,2028-09-04,32270,2036,O,AIRPORT,
300,AZ,555,2028-08-29,30855,2036,O,AIRPORT,
300,AZ,555,2028-09-03,31829,2036,O,AIRPORT,
300,DL,106,2028-09-04,31614,2036,O,AIRPORT,
300,LH,400,2028-09-17,34952,2036,O,AIRPORT,
300,AA,17,2028-09-16,34032,2036,O,AIRPORT,
300,AA,17,2028-09-14,33537,2036,O,AIRPORT,
300,UA,941,2028-05-17,33634,2036,O,AIRPORT,
300,JL,407,2028-04-20,3449,2036,O,AIRPORT,
300,AZ,555,2028-08-12,27107,2036,O,AIRPORT,
300,JL,407,2028-10-27,26711,2036,O,AIRPORT,
300,JL,408,2028-03-31,27820,2036,O,AIRPORT,
300,LH,400,2028-04-09,2856,2036,O,AIRPORT,
300,AZ,788,2028-04-22,43459,2036,O,AIRPORT,
300,AA,26,2028-05-03,43996,2036,O,AIRPORT,
300,JL,408,2028-08-12,42811,2036,O,AIRPORT,
300,AZ,788,2028-04-17,42382,2036,O,AIRPORT,
300,UA,941,2028-09-03,46058,2036,O,AIRPORT,
300,AA,26,2028-05-23,46898,2036,O,AIRPORT,
300,UA,941,2028-09-08,46631,2036,O,AIRPORT,
300,UA,941,2028-08-25,44767,2036,O,AIRPORT,
300,DL,1699,2028-05-05,44971,2036,O,AIRPORT,
300,QF,6,2028-05-10,44305,2036,O,AIRPORT,
300,UA,941,2028-08-21,44339,2036,O,AIRPORT,
300,JL,408,2028-07-01,37924,2036,O,AIRPORT,
300,QF,5,2028-10-29,37502,2036,O,AIRPORT,
300,QF,6,2028-03-31,38529,2036,O,AIRPORT,
300,AZ,555,2028-09-25,36113,2036,O,AIRPORT,
300,AZ,555,2028-10-18,36949,2036,O,AIRPORT,
300,QF,6,2028-04-15,40745,2036,O,AIRPORT,
300,AA,26,2028-04-13,41346,2036,O,AIRPORT,
300,AZ,788,2028-04-04,39984,2036,O,AIRPORT,
300,AZ,555,2028-04-15,3959,2036,O,AIRPORT,
300,LH,401,2028-07-07,59866,2036,O,AIRPORT,
300,QF,6,2028-09-07,61039,2036,O,AIRPORT,
300,QF,6,2028-09-05,60551,2036,O,AIRPORT,
300,AZ,788,2028-07-04,57813,2036,O,AIRPORT,
300,AZ,788,2028-07-11,58897,2036,O,AIRPORT,
300,AA,26,2028-08-14,58173,2036,O,AIRPORT,
300,QF,6,2028-10-09,64091,2036,O,AIRPORT,
300,AZ,788,2028-07-27,62166,2036,O,AIRPORT,
300,QF,6,2028-09-16,62242,2036,O,AIRPORT,
300,QF,6,2028-09-12,61378,2036,O,AIRPORT,
300,DL,1699,2028-08-02,62301,2036,O,AIRPORT,
300,UA,3504,2028-03-29,50841,2036,O,AIRPORT,
300,LH,401,2028-05-26,51254,2036,O,AIRPORT,
300,AA,26,2028-07-29,56036,2036,O,AIRPORT,
300,QF,6,2028-08-05,56146,2036,O,AIRPORT,
300,DL,1699,2028-06-23,54484,2036,O,AIRPORT,
300,LH,401,2028-06-11,54572,2036,O,AIRPORT,
300,AA,26,2028-07-18,54465,2036,O,AIRPORT,
300,AZ,788,2028-08-29,68665,2036,O,AIRPORT,
300,AA,64,2028-04-25,69549,2036,O,AIRPORT,
300,LH,401,2028-08-28,69989,2036,O,AIRPORT,
300,AZ,788,2028-08-31,69086,2036,O,AIRPORT,
300,AZ,788,2028-09-07,70165,2036,O,AIRPORT,
300,DL,1699,2028-08-18,65505,2036,O,AIRPORT,
300,UA,3504,2028-06-13,65602,2036,O,AIRPORT,
300,AZ,789,2028-05-16,86034,2036,O,AIRPORT,
300,LH,402,2028-05-02,86470,2036,O,AIRPORT,
300,UA,3504,2028-09-26,86918,2036,O,AIRPORT,
300,AZ,789,2028-05-21,87100,2036,O,AIRPORT,
300,AZ,788,2028-10-04,74496,2036,O,AIRPORT,
300,AZ,789,2028-03-28,76751,2036,O,AIRPORT,
300,AZ,788,2028-09-14,71389,2036,O,AIRPORT,
300,AA,64,2028-05-06,70669,2036,O,AIRPORT,
300,UA,3504,2028-07-07,70526,2036,O,AIRPORT,
300,UA,3504,2028-07-10,70977,2036,O,AIRPORT,
300,LH,402,2028-04-12,82540,2036,O,AIRPORT,
300,LH,402,2028-04-21,84134,2036,O,AIRPORT,
300,LH,402,2028-04-21,84448,2036,O,AIRPORT,
300,DL,1984,2028-05-07,83751,2036,O,AIRPORT,
300,AA,64,2028-07-19,78936,2036,O,AIRPORT,
300,DL,1984,2028-04-08,77915,2036,O,AIRPORT,
300,UA,3504,2028-08-30,81046,2036,O,AIRPORT,
300,LH,402,2028-03-30,79820,2036,O,AIRPORT,
300,LH,402,2028-08-02,104238,2036,O,AIRPORT,
300,UA,3516,2028-06-12,104311,2036,O,AIRPORT,
300,AZ,789,2028-08-16,103959,2036,O,AIRPORT,
300,UA,3516,2028-06-19,105723,2036,O,AIRPORT,
300,DL,1984,2028-08-04,101107,2036,O,AIRPORT,
300,LH,402,2028-07-17,101330,2036,O,AIRPORT,
300,AZ,789,2028-07-27,100206,2036,O,AIRPORT,
300,DL,1984,2028-07-31,100123,2036,O,AIRPORT,
300,AZ,789,2028-08-12,103006,2036,O,AIRPORT,
300,DL,1984,2028-09-20,110100,2036,O,AIRPORT,
300,UA,3516,2028-07-09,109660,2036,O,AIRPORT,
300,AZ,789,2028-09-25,112016,2036,O,AIRPORT,
300,LH,402,2028-08-20,107783,2036,O,AIRPORT,
300,UA,3516,2028-06-28,107537,2036,O,AIRPORT,
300,UA,3516,2028-06-23,106842,2036,O,AIRPORT,
300,AZ,789,2028-09-05,107946,2036,O,AIRPORT,
300,UA,3516,2028-04-01,90728,2036,O,AIRPORT,
300,UA,3516,2028-04-15,93165,2036,O,AIRPORT,
300,AZ,789,2028-06-12,91636,2036,O,AIRPORT,
300,DL,1984,2028-06-21,92405,2036,O,AIRPORT,
300,UA,3504,2028-10-16,88110,2036,O,AIRPORT,
300,DL,1984,2028-07-08,95576,2036,O,AIRPORT,
300,DL,1984,2028-07-20,98127,2036,O,AIRPORT,
300,AZ,789,2028-07-18,98365,2036,O,AIRPORT,
300,AZ,790,2028-05-21,122227,2036,O,AIRPORT,
300,AZ,790,2028-06-21,126571,2036,O,AIRPORT,
300,LH,402,2028-10-08,116744,2036,O,AIRPORT,
300,AZ,790,2028-05-07,120218,2036,O,AIRPORT,
300,LH,454,2028-04-12,120198,2036,O,AIRPORT,
300,AZ,790,2028-05-19,121780,2036,O,AIRPORT,
300,AZ,790,2028-05-19,121670,2036,O,AIRPORT,
300,LH,454,2028-04-18,121030,2036,O,AIRPORT,
300,UA,3517,2028-07-26,151862,2036,O,AIRPORT,
300,AZ,791,2028-07-12,153470,2036,O,AIRPORT,
300,UA,3517,2028-09-13,162524,2036,O,AIRPORT,
300,UA,3517,2028-08-11,154989,2036,O,AIRPORT,
300,UA,3517,2028-05-02,135280,2036,O,AIRPORT,
300,LH,454,2028-08-19,138194,2036,O,AIRPORT,
300,LH,454,2028-08-17,137794,2036,O,AIRPORT,
300,AZ,790,2028-09-05,137042,2036,O,AIRPORT,
300,AZ,790,2028-08-12,133486,2036,O,AIRPORT,
300,LH,454,2028-07-14,133147,2036,O,AIRPORT,
300,LH,454,2028-07-19,133570,2036,O,AIRPORT,
300,LH,454,2028-07-08,132309,2036,O,AIRPORT,
300,UA,3517,2028-06-16,144024,2036,O,AIRPORT,
300,UA,3517,2028-06-09,143047,2036,O,AIRPORT,
300,UA,3517,2028-06-18,144782,2036,O,AIRPORT,
300,AZ,790,2028-10-02,140284,2036,O,AIRPORT,
300,UA,3517,2028-05-25,139828,2036,O,AIRPORT,
300,UA,3517,2028-10-03,165129,2036,O,AIRPORT,
300,LH,455,2028-09-20,165938,2036,O,AIRPORT,
300,LH,455,2028-08-31,163588,2036,O,AIRPORT,
300,LH,2462,2028-10-11,267084,2036,O,AIRPORT,
300,LH,2462,2028-08-12,261063,2036,O,AIRPORT,
300,LH,2463,2028-06-13,276816,2036,O,AIRPORT,
300,LH,2463,2028-06-27,278197,2036,O,AIRPORT,
300,LH,2463,2028-05-20,274044,2036,O,AIRPORT,
300,LH,2436,2028-06-04,236944,2036,O,AIRPORT,
300,LH,2436,2028-04-14,233678,2036,O,AIRPORT,
300,LH,2436,2028-07-23,240169,2036,O,AIRPORT,
300,LH,2436,2028-06-13,237571,2036,O,AIRPORT,
300,LH,2436,2028-06-11,237436,2036,O,AIRPORT,
300,LH,2415,2028-09-11,229861,2036,O,AIRPORT,
300,LH,2415,2028-08-19,227106,2036,O,AIRPORT,
300,LH,2436,2028-04-03,233043,2036,O,AIRPORT,
300,LH,2415,2028-09-15,230132,2036,O,AIRPORT,
300,LH,2462,2028-05-08,250540,2036,O,AIRPORT,
300,LH,2462,2028-04-25,249034,2036,O,AIRPORT,
300,LH,2436,2028-08-19,241942,2036,O,AIRPORT,
300,LH,2463,2028-10-18,290215,2036,O,AIRPORT,
300,LH,2463,2028-08-01,282361,2036,O,AIRPORT,
300,LH,2463,2028-08-12,283584,2036,O,AIRPORT,
300,LH,2463,2028-07-23,281218,2036,O,AIRPORT,
300,LH,2463,2028-09-04,286427,2036,O,AIRPORT,
300,LH,2463,2028-09-08,286888,2036,O,AIRPORT,
300,LH,3577,2028-07-21,303815,2036,O,AIRPORT,
300,LH,3577,2028-08-17,306955,2036,O,AIRPORT,
300,LH,3577,2028-08-06,305777,2036,O,AIRPORT,
300,LH,3577,2028-05-22,297170,2036,O,AIRPORT,
300,LH,3577,2028-05-20,296808,2036,O,AIRPORT,
300,LH,3577,2028-05-26,297533,2036,O,AIRPORT,
300,LH,2407,2028-05-29,197703,2036,O,AIRPORT,
300,LH,2407,2028-08-12,206198,2036,O,AIRPORT,
300,LH,2402,2028-10-23,190409,2036,O,AIRPORT,
300,LH,2402,2028-09-13,187840,2036,O,AIRPORT,
300,LH,2402,2028-09-13,187821,2036,O,AIRPORT,
300,LH,2407,2028-04-18,193353,2036,O,AIRPORT,
300,LH,2415,2028-06-06,220105,2036,O,AIRPORT,
300,LH,2415,2028-06-17,221130,2036,O,AIRPORT,
300,LH,2415,2028-06-22,221491,2036,O,AIRPORT,
300,LH,2415,2028-07-14,223690,2036,O,AIRPORT,
300,LH,2407,2028-09-15,210668,2036,O,AIRPORT,
300,LH,2407,2028-09-19,211083,2036,O,AIRPORT,
300,LH,2407,2028-08-26,207702,2036,O,AIRPORT,
300,LH,2415,2028-04-09,214419,2036,O,AIRPORT,
300,LH,2402,2028-07-19,181028,2036,O,AIRPORT,
300,LH,2402,2028-08-31,186115,2036,O,AIRPORT,
300,LH,2402,2028-08-15,184006,2036,O,AIRPORT,
300,LH,2402,2028-08-15,184137,2036,O,AIRPORT,
300,LH,2402,2028-04-09,169722,2036,O,AIRPORT,
300,LH,2402,2028-05-26,175001,2036,O,AIRPORT,
300,AA,17,2028-07-07,20012,648,O,AIRPORT,
300,UA,7,2028-08-21,20392,648,O,AIRPORT,
300,UA,7,2028-08-21,20439,648,O,AIRPORT,
300,UA,7,2028-08-12,19353,648,O,AIRPORT,
300,LH,400,2028-04-23,5511,648,O,AIRPORT,
300,AA,17,2028-07-11,20973,648,O,AIRPORT,
300,QF,5,2028-06-26,17923,648,O,AIRPORT,
300,DL,106,2028-04-21,4903,648,O,AIRPORT,
300,AZ,788,2028-05-21,48905,648,O,AIRPORT,
300,DL,1699,2028-05-22,48424,648,O,AIRPORT,
300,UA,7,2028-09-15,24406,648,O,AIRPORT,
300,DL,1699,2028-05-18,47439,648,O,AIRPORT,
300,AZ,788,2028-05-12,47032,648,O,AIRPORT,
300,JL,407,2028-09-06,22600,648,O,AIRPORT,
300,AA,17,2028-07-20,22609,648,O,AIRPORT,
300,AZ,555,2028-07-16,22009,648,O,AIRPORT,
300,AA,17,2028-07-18,22212,648,O,AIRPORT,
300,DL,106,2028-07-24,23175,648,O,AIRPORT,
300,JL,407,2028-06-08,10320,648,O,AIRPORT,
300,AZ,555,2028-05-01,7149,648,O,AIRPORT,
300,LH,400,2028-05-02,7038,648,O,AIRPORT,
300,AZ,555,2028-05-21,11039,648,O,AIRPORT,
300,DL,106,2028-05-14,9317,648,O,AIRPORT,
300,JL,407,2028-05-24,8046,648,O,AIRPORT,
300,DL,106,2028-05-09,8370,648,O,AIRPORT,
300,AZ,555,2028-05-07,8429,648,O,AIRPORT,
300,UA,7,2028-05-26,8618,648,O,AIRPORT,
300,QF,5,2028-06-08,14400,648,O,AIRPORT,
300,LH,400,2028-04-03,1435,648,O,AIRPORT,
300,JL,407,2028-07-21,16156,648,O,AIRPORT,
300,UA,7,2028-07-19,15932,648,O,AIRPORT,
300,QF,5,2028-05-30,12695,648,O,AIRPORT,
300,LH,400,2028-06-04,13593,648,O,AIRPORT,
300,DL,106,2028-04-03,1316,648,O,AIRPORT,
300,UA,941,2028-05-06,32303,648,O,AIRPORT,
300,DL,106,2028-09-11,33036,648,O,AIRPORT,
300,JL,408,2028-05-02,31155,648,O,AIRPORT,
300,QF,5,2028-08-30,30768,648,O,AIRPORT,
300,DL,106,2028-09-04,31688,648,O,AIRPORT,
300,AA,17,2028-09-03,31698,648,O,AIRPORT,
300,AA,17,2028-09-05,32000,648,O,AIRPORT,
300,JL,408,2028-05-04,31606,648,O,AIRPORT,
300,JL,408,2028-06-11,35729,648,O,AIRPORT,
300,AZ,555,2028-09-12,33391,648,O,AIRPORT,
300,QF,5,2028-09-15,33677,648,O,AIRPORT,
300,UA,7,2028-10-12,26885,648,O,AIRPORT,
300,QF,5,2028-08-10,26763,648,O,AIRPORT,
300,AA,17,2028-04-08,2726,648,O,AIRPORT,
300,LH,400,2028-08-04,25699,648,O,AIRPORT,
300,JL,407,2028-10-09,26096,648,O,AIRPORT,
300,UA,941,2028-04-09,29391,648,O,AIRPORT,
300,DL,106,2028-08-24,29356,648,O,AIRPORT,
300,AA,17,2028-08-25,29589,648,O,AIRPORT,
300,AA,17,2028-08-16,28152,648,O,AIRPORT,
300,DL,106,2028-08-22,29087,648,O,AIRPORT,
300,QF,6,2028-05-03,43309,648,O,AIRPORT,
300,AA,26,2028-04-24,42968,648,O,AIRPORT,
300,QF,6,2028-05-01,42985,648,O,AIRPORT,
300,AZ,788,2028-04-26,44127,648,O,AIRPORT,
300,LH,401,2028-04-16,43717,648,O,AIRPORT,
300,LH,400,2028-04-16,4372,648,O,AIRPORT,
300,DL,1699,2028-04-28,43741,648,O,AIRPORT,
300,UA,941,2028-08-01,42002,648,O,AIRPORT,
300,DL,1699,2028-04-21,42419,648,O,AIRPORT,
300,DL,1699,2028-05-14,46935,648,O,AIRPORT,
300,AA,26,2028-05-21,46473,648,O,AIRPORT,
300,JL,407,2028-04-29,4655,648,O,AIRPORT,
300,JL,408,2028-08-30,44718,648,O,AIRPORT,
300,AA,26,2028-05-10,44880,648,O,AIRPORT,
300,AA,26,2028-05-10,44984,648,O,AIRPORT,
300,DL,1699,2028-03-28,37760,648,O,AIRPORT,
300,AZ,555,2028-10-04,36579,648,O,AIRPORT,
300,UA,941,2028-06-15,36722,648,O,AIRPORT,
300,DL,106,2028-04-15,3612,648,O,AIRPORT,
300,QF,5,2028-10-09,36815,648,O,AIRPORT,
300,AZ,555,2028-07-31,25021,648,O,AIRPORT,
300,AZ,788,2028-04-01,39268,648,O,AIRPORT,
300,QF,6,2028-09-01,59839,648,O,AIRPORT,
300,UA,3504,2028-05-13,59461,648,O,AIRPORT,
300,UA,3504,2028-05-17,60410,648,O,AIRPORT,
300,DL,1699,2028-07-15,58765,648,O,AIRPORT,
300,AA,26,2028-08-18,59040,648,O,AIRPORT,
300,LH,401,2028-07-03,58944,648,O,AIRPORT,
300,AZ,788,2028-07-06,58171,648,O,AIRPORT,
300,DL,1699,2028-07-13,58443,648,O,AIRPORT,
300,QF,6,2028-10-09,64016,648,O,AIRPORT,
300,AZ,788,2028-08-11,65024,648,O,AIRPORT,
300,LH,401,2028-07-16,61367,648,O,AIRPORT,
300,LH,401,2028-07-16,61526,648,O,AIRPORT,
300,AZ,788,2028-07-31,62860,648,O,AIRPORT,
300,DL,1699,2028-08-02,62388,648,O,AIRPORT,
300,QF,6,2028-09-21,62636,648,O,AIRPORT,
300,UA,3504,2028-03-31,51358,648,O,AIRPORT,
300,AZ,788,2028-06-07,52238,648,O,AIRPORT,
300,JL,407,2028-03-29,451,648,O,AIRPORT,
300,AA,26,2028-07-27,55705,648,O,AIRPORT,
300,LH,401,2028-06-24,57062,648,O,AIRPORT,
300,AZ,788,2028-06-30,56861,648,O,AIRPORT,
300,LH,401,2028-06-06,53839,648,O,AIRPORT,
300,DL,1699,2028-09-11,70094,648,O,AIRPORT,
300,AA,64,2028-04-29,69902,648,O,AIRPORT,
300,LH,401,2028-08-23,69047,648,O,AIRPORT,
300,DL,1984,2028-05-16,85339,648,O,AIRPORT,
300,LH,402,2028-05-11,87955,648,O,AIRPORT,
300,UA,3504,2028-10-09,87728,648,O,AIRPORT,
300,UA,3504,2028-09-28,87390,648,O,AIRPORT,
300,AZ,789,2028-03-28,76829,648,O,AIRPORT,
300,AA,64,2028-05-13,71344,648,O,AIRPORT,
300,AA,64,2028-05-17,71835,648,O,AIRPORT,
300,UA,3504,2028-07-12,71174,648,O,AIRPORT,
300,AZ,788,2028-09-25,73553,648,O,AIRPORT,
300,AA,64,2028-05-26,73038,648,O,AIRPORT,
300,AZ,788,2028-09-20,72762,648,O,AIRPORT,
300,DL,1984,2028-05-02,82781,648,O,AIRPORT,
300,AZ,789,2028-05-01,83320,648,O,AIRPORT,
300,LH,402,2028-04-19,83742,648,O,AIRPORT,
300,AZ,789,2028-04-08,78910,648,O,AIRPORT,
300,UA,3504,2028-08-19,78939,648,O,AIRPORT,
300,LH,401,2028-10-11,77711,648,O,AIRPORT,
300,LH,402,2028-09-13,113213,648,O,AIRPORT,
300,UA,3516,2028-06-10,103988,648,O,AIRPORT,
300,DL,1984,2028-08-18,103517,648,O,AIRPORT,
300,AZ,789,2028-08-12,103201,648,O,AIRPORT,
300,LH,402,2028-08-13,106270,648,O,AIRPORT,
300,UA,3516,2028-06-21,106108,648,O,AIRPORT,
300,DL,1984,2028-09-18,109658,648,O,AIRPORT,
300,LH,402,2028-09-04,111019,648,O,AIRPORT,
300,UA,3516,2028-06-28,107385,648,O,AIRPORT,
300,AZ,789,2028-08-29,106510,648,O,AIRPORT,
300,DL,1984,2028-09-04,107056,648,O,AIRPORT,
300,DL,1984,2028-09-04,106999,648,O,AIRPORT,
300,UA,3516,2028-07-02,108197,648,O,AIRPORT,
300,LH,402,2028-05-20,90081,648,O,AIRPORT,
300,AZ,789,2028-06-03,89740,648,O,AIRPORT,
300,AZ,789,2028-06-08,90664,648,O,AIRPORT,
300,LH,402,2028-06-07,93502,648,O,AIRPORT,
300,AZ,789,2028-06-17,92374,648,O,AIRPORT,
300,LH,402,2028-07-08,99637,648,O,AIRPORT,
300,LH,402,2028-07-08,99330,648,O,AIRPORT,
300,AZ,789,2028-07-13,97627,648,O,AIRPORT,
300,DL,1984,2028-07-24,98598,648,O,AIRPORT,
300,AZ,790,2028-06-03,123890,648,O,AIRPORT,
300,AZ,790,2028-07-13,129465,648,O,AIRPORT,
300,LH,454,2028-06-15,128984,648,O,AIRPORT,
300,AZ,790,2028-06-26,127098,648,O,AIRPORT,
300,UA,3516,2028-10-08,126943,648,O,AIRPORT,
300,LH,454,2028-05-31,126782,648,O,AIRPORT,
300,AZ,790,2028-03-28,114633,648,O,AIRPORT,
300,LH,402,2028-09-20,114727,648,O,AIRPORT,
300,UA,3516,2028-08-02,114405,648,O,AIRPORT,
300,LH,454,2028-04-14,120540,648,O,AIRPORT,
300,LH,454,2028-04-25,122057,648,O,AIRPORT,
300,LH,402,2028-10-30,117450,648,O,AIRPORT,
300,AZ,790,2028-04-17,117497,648,O,AIRPORT,
300,UA,3516,2028-08-27,119288,648,O,AIRPORT,
300,LH,454,2028-04-09,119731,648,O,AIRPORT,
300,LH,455,2028-05-29,152961,648,O,AIRPORT,
300,LH,455,2028-04-12,147726,648,O,AIRPORT,
300,LH,455,2028-05-02,149817,648,O,AIRPORT,
300,LH,455,2028-04-21,148708,648,O,AIRPORT,
300,AZ,791,2028-09-14,160560,648,O,AIRPORT,
300,AZ,791,2028-09-12,160461,648,O,AIRPORT,
300,UA,3517,2028-09-04,160006,648,O,AIRPORT,
300,UA,3517,2028-08-22,156915,648,O,AIRPORT,
300,UA,3517,2028-08-15,155808,648,O,AIRPORT,
300,UA,3517,2028-08-31,158855,648,O,AIRPORT,
300,LH,454,2028-07-28,135023,648,O,AIRPORT,
300,LH,454,2028-07-26,134721,648,O,AIRPORT,
300,UA,3517,2028-04-28,134763,648,O,AIRPORT,
300,LH,454,2028-06-24,130311,648,O,AIRPORT,
300,LH,454,2028-07-14,133079,648,O,AIRPORT,
300,LH,454,2028-07-14,132936,648,O,AIRPORT,
300,AZ,790,2028-08-05,132730,648,O,AIRPORT,
300,LH,455,2028-03-28,145977,648,O,AIRPORT,
300,UA,3517,2028-06-23,145541,648,O,AIRPORT,
300,UA,3517,2028-06-27,146191,648,O,AIRPORT,
300,AZ,791,2028-04-24,144875,648,O,AIRPORT,
300,LH,454,2028-10-01,144498,648,O,AIRPORT,
300,AZ,790,2028-09-23,139637,648,O,AIRPORT,
300,AZ,790,2028-09-30,140084,648,O,AIRPORT,
300,LH,455,2028-09-25,166576,648,O,AIRPORT,
300,LH,2462,2028-08-31,263361,648,O,AIRPORT,
300,LH,2462,2028-09-11,264957,648,O,AIRPORT,
300,LH,2462,2028-07-12,257769,648,O,AIRPORT,
300,LH,2462,2028-08-03,260264,648,O,AIRPORT,
300,LH,2462,2028-08-10,260857,648,O,AIRPORT,
300,LH,2463,2028-06-15,277176,648,O,AIRPORT,
300,LH,2436,2028-05-02,234877,648,O,AIRPORT,
300,LH,2436,2028-04-27,234556,648,O,AIRPORT,
300,LH,2436,2028-06-27,238429,648,O,AIRPORT,
300,LH,2415,2028-09-03,228962,648,O,AIRPORT,
300,LH,2415,2028-08-23,227724,648,O,AIRPORT,
300,LH,2415,2028-09-30,231570,648,O,AIRPORT,
300,LH,2436,2028-09-04,243095,648,O,AIRPORT,
300,LH,3577,2028-08-26,307838,648,O,AIRPORT,
300,LH,3577,2028-04-16,293210,648,O,AIRPORT,
300,LH,3577,2028-03-27,290794,648,O,AIRPORT,
300,LH,2463,2028-08-04,282546,648,O,AIRPORT,
300,LH,2463,2028-07-17,280668,648,O,AIRPORT,
300,LH,3577,2028-06-20,300307,648,O,AIRPORT,
300,LH,3577,2028-06-09,299062,648,O,AIRPORT,
300,LH,2407,2028-06-09,199118,648,O,AIRPORT,
300,LH,2407,2028-08-06,205612,648,O,AIRPORT,
300,LH,2407,2028-08-06,205500,648,O,AIRPORT,
300,LH,2407,2028-07-30,204800,648,O,AIRPORT,
300,LH,2407,2028-08-08,205814,648,O,AIRPORT,
300,LH,2407,2028-04-27,194354,648,O,AIRPORT,
300,LH,2415,2028-05-26,219081,648,O,AIRPORT,
300,LH,2415,2028-07-05,222872,648,O,AIRPORT,
300,LH,2415,2028-03-29,213419,648,O,AIRPORT,
300,LH,455,2028-10-28,167818,648,O,AIRPORT,
300,LH,2402,2028-07-01,178922,648,O,AIRPORT,
300,LH,2402,2028-04-23,171253,648,O,AIRPORT,
300,LH,2402,2028-05-31,175413,648,O,AIRPORT,
300,LH,2402,2028-06-15,177226,648,O,AIRPORT,
300,LH,2402,2028-05-24,174868,648,O,AIRPORT,
300,QF,5,2028-07-07,20156,1640,O,AIRPORT,
300,AA,17,2028-07-07,20132,1640,O,AIRPORT,
300,LH,400,2028-04-05,2039,1640,O,AIRPORT,
300,AA,17,2028-07-02,19534,1640,O,AIRPORT,
300,AA,17,2028-07-05,19744,1640,O,AIRPORT,
300,DL,106,2028-04-06,1963,1640,O,AIRPORT,
300,AZ,555,2028-07-13,21599,1640,O,AIRPORT,
300,DL,106,2028-07-15,21583,1640,O,AIRPORT,
300,AA,17,2028-07-11,20986,1640,O,AIRPORT,
300,AA,17,2028-06-26,17872,1640,O,AIRPORT,
300,LH,400,2028-06-20,16978,1640,O,AIRPORT,
300,AA,17,2028-06-21,17335,1640,O,AIRPORT,
300,UA,7,2028-08-08,18737,1640,O,AIRPORT,
300,JL,407,2028-08-10,18986,1640,O,AIRPORT,
300,JL,407,2028-08-10,18985,1640,O,AIRPORT,
300,UA,7,2028-08-08,18550,1640,O,AIRPORT,
300,QF,6,2028-06-12,48751,1640,O,AIRPORT,
300,QF,5,2028-07-28,24297,1640,O,AIRPORT,
300,AA,26,2028-05-25,47077,1640,O,AIRPORT,
300,AA,26,2028-05-30,47707,1640,O,AIRPORT,
300,DL,1699,2028-05-18,47784,1640,O,AIRPORT,
300,AZ,788,2028-05-16,48030,1640,O,AIRPORT,
300,QF,5,2028-07-19,22579,1640,O,AIRPORT,
300,DL,106,2028-07-15,21767,1640,O,AIRPORT,
300,AZ,555,2028-07-22,23278,1640,O,AIRPORT,
300,JL,407,2028-04-11,2347,1640,O,AIRPORT,
300,AA,17,2028-05-01,6965,1640,O,AIRPORT,
300,QF,5,2028-05-17,10288,1640,O,AIRPORT,
300,AZ,555,2028-05-21,11221,1640,O,AIRPORT,
300,AA,17,2028-05-07,8325,1640,O,AIRPORT,
300,UA,7,2028-05-22,7762,1640,O,AIRPORT,
300,UA,7,2028-05-22,7763,1640,O,AIRPORT,
300,LH,400,2028-06-11,15055,1640,O,AIRPORT,
300,AZ,555,2028-06-14,16100,1640,O,AIRPORT,
300,AZ,555,2028-05-28,12512,1640,O,AIRPORT,
300,UA,7,2028-04-05,1281,1640,O,AIRPORT,
300,DL,106,2028-05-31,12667,1640,O,AIRPORT,
300,DL,106,2028-05-27,12077,1640,O,AIRPORT,
300,QF,5,2028-06-06,14057,1640,O,AIRPORT,
300,JL,408,2028-05-11,32152,1640,O,AIRPORT,
300,UA,941,2028-05-03,31995,1640,O,AIRPORT,
300,AA,17,2028-09-23,35225,1640,O,AIRPORT,
300,AA,17,2028-09-25,35945,1640,O,AIRPORT,
300,AA,17,2028-09-12,33453,1640,O,AIRPORT,
300,DL,106,2028-09-20,34591,1640,O,AIRPORT,
300,DL,106,2028-09-20,34592,1640,O,AIRPORT,
300,DL,106,2028-09-18,34218,1640,O,AIRPORT,
300,AZ,555,2028-08-14,27559,1640,O,AIRPORT,
300,UA,7,2028-09-24,25641,1640,O,AIRPORT,
300,LH,400,2028-08-04,25650,1640,O,AIRPORT,
300,AZ,555,2028-08-03,25653,1640,O,AIRPORT,
300,QF,5,2028-08-05,25810,1640,O,AIRPORT,
300,DL,106,2028-08-06,26035,1640,O,AIRPORT,
300,QF,5,2028-08-30,30534,1640,O,AIRPORT,
300,QF,5,2028-08-19,28586,1640,O,AIRPORT,
300,UA,941,2028-08-21,44246,1640,O,AIRPORT,
300,AZ,788,2028-04-15,42135,1640,O,AIRPORT,
300,JL,408,2028-08-12,42745,1640,O,AIRPORT,
300,JL,408,2028-08-08,42327,1640,O,AIRPORT,
300,DL,1699,2028-05-09,45984,1640,O,AIRPORT,
300,DL,1699,2028-05-14,46764,1640,O,AIRPORT,
300,LH,401,2028-04-20,44627,1640,O,AIRPORT,
300,LH,400,2028-10-03,37567,1640,O,AIRPORT,
300,AA,17,2028-11-09,38603,1640,O,AIRPORT,
300,LH,400,2028-10-14,38475,1640,O,AIRPORT,
300,UA,941,2028-06-30,38462,1640,O,AIRPORT,
300,AA,17,2028-09-30,36541,1640,O,AIRPORT,
300,DL,106,2028-10-10,36491,1640,O,AIRPORT,
300,QF,6,2028-04-15,40737,1640,O,AIRPORT,
300,DL,1699,2028-04-10,40359,1640,O,AIRPORT,
300,UA,941,2028-07-25,41367,1640,O,AIRPORT,
300,UA,941,2028-07-27,41480,1640,O,AIRPORT,
300,AA,26,2028-03-31,39485,1640,O,AIRPORT,
300,QF,6,2028-04-08,39806,1640,O,AIRPORT,
300,LH,401,2028-06-26,57770,1640,O,AIRPORT,
300,UA,3504,2028-05-01,57604,1640,O,AIRPORT,
300,AZ,788,2028-07-06,57925,1640,O,AIRPORT,
300,UA,3504,2028-05-06,58125,1640,O,AIRPORT,
300,QF,6,2028-08-18,58136,1640,O,AIRPORT,
300,AA,26,2028-09-18,63386,1640,O,AIRPORT,
300,UA,3504,2028-06-04,63808,1640,O,AIRPORT,
300,UA,7,2028-03-31,747,1640,O,AIRPORT,
300,AA,26,2028-10-02,64589,1640,O,AIRPORT,
300,UA,3504,2028-06-06,64401,1640,O,AIRPORT,
300,AA,26,2028-09-16,62933,1640,O,AIRPORT,
300,AA,26,2028-09-14,62483,1640,O,AIRPORT,
300,AA,26,2028-09-14,62482,1640,O,AIRPORT,
300,AA,26,2028-09-14,62693,1640,O,AIRPORT,
300,DL,1699,2028-06-07,51627,1640,O,AIRPORT,
300,AZ,788,2028-05-25,49583,1640,O,AIRPORT,
300,DL,1699,2028-06-03,50649,1640,O,AIRPORT,
300,UA,7,2028-03-29,499,1640,O,AIRPORT,
300,AZ,788,2028-05-27,50063,1640,O,AIRPORT,
300,AA,26,2028-07-22,55123,1640,O,AIRPORT,
300,UA,3504,2028-04-29,56731,1640,O,AIRPORT,
300,AA,26,2028-07-29,56255,1640,O,AIRPORT,
300,QF,6,2028-07-16,53361,1640,O,AIRPORT,
300,QF,6,2028-07-20,54184,1640,O,AIRPORT,
300,QF,6,2028-07-20,54185,1640,O,AIRPORT,
300,QF,6,2028-07-20,54078,1640,O,AIRPORT,
300,LH,401,2028-08-21,68439,1640,O,AIRPORT,
300,LH,401,2028-08-23,68840,1640,O,AIRPORT,
300,AZ,788,2028-09-03,69520,1640,O,AIRPORT,
300,DL,1699,2028-09-09,69912,1640,O,AIRPORT,
300,DL,1699,2028-09-07,69375,1640,O,AIRPORT,
300,UA,3504,2028-06-13,65645,1640,O,AIRPORT,
300,AA,64,2028-04-11,67848,1640,O,AIRPORT,
300,UA,3504,2028-06-20,66901,1640,O,AIRPORT,
300,AZ,789,2028-05-16,86284,1640,O,AIRPORT,
300,AA,64,2028-10-27,87683,1640,O,AIRPORT,
300,DL,1984,2028-05-25,87072,1640,O,AIRPORT,
300,AA,64,2028-09-26,86641,1640,O,AIRPORT,
300,DL,1984,2028-03-28,75686,1640,O,AIRPORT,
300,AA,64,2028-06-08,74537,1640,O,AIRPORT,
300,AA,64,2028-05-13,71502,1640,O,AIRPORT,
300,UA,3504,2028-07-10,71095,1640,O,AIRPORT,
300,AZ,788,2028-09-11,71051,1640,O,AIRPORT,
300,AZ,788,2028-09-23,73341,1640,O,AIRPORT,
300,AZ,788,2028-09-23,73340,1640,O,AIRPORT,
300,AZ,789,2028-05-05,84157,1640,O,AIRPORT,
300,LH,402,2028-04-19,83933,1640,O,AIRPORT,
300,DL,1984,2028-05-11,84473,1640,O,AIRPORT,
300,LH,402,2028-04-17,83376,1640,O,AIRPORT,
300,UA,3504,2028-08-21,79141,1640,O,AIRPORT,
300,LH,401,2028-10-20,78404,1640,O,AIRPORT,
300,AZ,789,2028-08-16,103974,1640,O,AIRPORT,
300,AZ,789,2028-08-20,104877,1640,O,AIRPORT,
300,LH,402,2028-07-15,100815,1640,O,AIRPORT,
300,LH,402,2028-07-15,100841,1640,O,AIRPORT,
300,UA,3516,2028-05-27,101245,1640,O,AIRPORT,
300,DL,1984,2028-09-02,106491,1640,O,AIRPORT,
300,DL,1984,2028-09-04,107040,1640,O,AIRPORT,
300,LH,402,2028-08-24,108736,1640,O,AIRPORT,
300,AZ,789,2028-06-10,90860,1640,O,AIRPORT,
300,DL,1984,2028-06-12,90528,1640,O,AIRPORT,
300,DL,1984,2028-06-12,90529,1640,O,AIRPORT,
300,UA,3504,2028-10-29,88705,1640,O,AIRPORT,
300,UA,3516,2028-03-28,89689,1640,O,AIRPORT,
300,DL,1984,2028-07-02,94512,1640,O,AIRPORT,
300,LH,402,2028-06-14,94696,1640,O,AIRPORT,
300,UA,3516,2028-09-18,124553,1640,O,AIRPORT,
300,AZ,790,2028-06-19,126249,1640,O,AIRPORT,
300,AZ,790,2028-06-28,127286,1640,O,AIRPORT,
300,LH,454,2028-04-09,119854,1640,O,AIRPORT,
300,UA,3516,2028-09-01,120364,1640,O,AIRPORT,
300,LH,454,2028-04-25,121901,1640,O,AIRPORT,
300,LH,454,2028-04-18,121064,1640,O,AIRPORT,
300,LH,455,2028-05-16,151274,1640,O,AIRPORT,
300,LH,455,2028-05-29,152862,1640,O,AIRPORT,
300,LH,455,2028-05-29,152861,1640,O,AIRPORT,
300,AZ,791,2028-05-17,147122,1640,O,AIRPORT,
300,LH,455,2028-05-05,150153,1640,O,AIRPORT,
300,UA,3517,2028-07-15,149792,1640,O,AIRPORT,
300,LH,455,2028-05-09,150702,1640,O,AIRPORT,
300,UA,3517,2028-09-04,160141,1640,O,AIRPORT,
300,AZ,791,2028-09-25,161837,1640,O,AIRPORT,
300,UA,3517,2028-05-05,135904,1640,O,AIRPORT,
300,AZ,790,2028-08-18,134439,1640,O,AIRPORT,
300,AZ,790,2028-09-07,137265,1640,O,AIRPORT,
300,AZ,790,2028-07-22,130849,1640,O,AIRPORT,
300,AZ,790,2028-08-09,133192,1640,O,AIRPORT,
300,AZ,791,2028-04-02,142409,1640,O,AIRPORT,
300,LH,454,2028-09-17,142606,1640,O,AIRPORT,
300,LH,454,2028-09-19,143100,1640,O,AIRPORT,
300,AZ,791,2028-05-08,146169,1640,O,AIRPORT,
300,AZ,791,2028-04-22,144609,1640,O,AIRPORT,
300,UA,3517,2028-06-23,145369,1640,O,AIRPORT,
300,UA,3517,2028-05-22,139340,1640,O,AIRPORT,
300,LH,454,2028-08-24,138674,1640,O,AIRPORT,
300,LH,454,2028-09-06,140718,1640,O,AIRPORT,
300,LH,455,2028-09-18,165778,1640,O,AIRPORT,
300,LH,455,2028-08-31,163526,1640,O,AIRPORT,
300,LH,455,2028-08-31,163527,1640,O,AIRPORT,
300,LH,2462,2028-09-21,266154,1640,O,AIRPORT,
300,LH,2462,2028-09-15,265292,1640,O,AIRPORT,
300,LH,2462,2028-07-10,257500,1640,O,AIRPORT,
300,LH,2462,2028-06-26,255837,1640,O,AIRPORT,
300,LH,2463,2028-07-17,280500,1640,O,AIRPORT,
300,LH,2463,2028-07-01,278726,1640,O,AIRPORT,
300,LH,2463,2028-05-08,272775,1640,O,AIRPORT,
300,LH,2463,2028-05-15,273668,1640,O,AIRPORT,
300,LH,2436,2028-05-29,236597,1640,O,AIRPORT,
300,LH,2415,2028-09-03,228809,1640,O,AIRPORT,
300,LH,2462,2028-05-06,250099,1640,O,AIRPORT,
300,LH,2436,2028-10-03,244939,1640,O,AIRPORT,
300,LH,2463,2028-11-01,290613,1640,O,AIRPORT,
300,LH,3577,2028-04-05,291813,1640,O,AIRPORT,
300,LH,2463,2028-09-06,286674,1640,O,AIRPORT,
300,LH,2463,2028-08-28,285331,1640,O,AIRPORT,
300,LH,3577,2028-07-10,302566,1640,O,AIRPORT,
300,LH,3577,2028-07-03,301870,1640,O,AIRPORT,
300,LH,3577,2028-07-30,304963,1640,O,AIRPORT,
300,LH,2407,2028-06-13,199622,1640,O,AIRPORT,
300,LH,2407,2028-05-26,197578,1640,O,AIRPORT,
300,LH,2407,2028-08-17,206774,1640,O,AIRPORT,
300,LH,2402,2028-10-18,190231,1640,O,AIRPORT,
300,LH,2402,2028-09-28,189454,1640,O,AIRPORT,
300,LH,2402,2028-09-22,188738,1640,O,AIRPORT,
300,LH,2407,2028-04-27,194236,1640,O,AIRPORT,
300,LH,2415,2028-06-04,219873,1640,O,AIRPORT,
300,LH,2415,2028-05-28,219159,1640,O,AIRPORT,
300,LH,2415,2028-05-28,219145,1640,O,AIRPORT,
300,LH,2415,2028-05-06,217142,1640,O,AIRPORT,
300,LH,2415,2028-05-24,218741,1640,O,AIRPORT,
300,LH,2415,2028-07-19,224276,1640,O,AIRPORT,
300,LH,2407,2028-09-11,210188,1640,O,AIRPORT,
300,LH,2407,2028-09-06,209283,1640,O,AIRPORT,
300,LH,2415,2028-04-29,216308,1640,O,AIRPORT,
300,LH,2402,2028-07-01,179010,1640,O,AIRPORT,
300,LH,2402,2028-08-26,185278,1640,O,AIRPORT,
300,LH,2402,2028-04-03,168920,1640,O,AIRPORT,
300,LH,2402,2028-04-05,169340,1640,O,AIRPORT,
300,LH,2402,2028-06-11,176818,1640,O,AIRPORT,
300,LH,2402,2028-05-13,173498,1640,O,AIRPORT,
300,LH,2402,2028-05-08,173091,1640,O,AIRPORT,
300,LH,2402,2028-05-11,173288,1640,O,AIRPORT,
300,JL,407,2028-05-04,5330,2367,O,AIRPORT,
300,QF,5,2028-07-12,20972,2367,O,AIRPORT,
300,UA,7,2028-08-24,20922,2367,O,AIRPORT,
300,AA,17,2028-04-04,1763,2367,O,AIRPORT,
300,JL,407,2028-07-30,17425,2367,O,AIRPORT,
300,QF,5,2028-04-25,5743,2367,O,AIRPORT,
300,AA,17,2028-06-21,17064,2367,O,AIRPORT,
300,DL,106,2028-07-02,18887,2367,O,AIRPORT,
300,AZ,555,2028-06-30,19066,2367,O,AIRPORT,
300,DL,106,2028-06-27,18082,2367,O,AIRPORT,
300,AZ,788,2028-05-18,48420,2367,O,AIRPORT,
300,AA,26,2028-06-06,48727,2367,O,AIRPORT,
300,AA,17,2028-07-29,24576,2367,O,AIRPORT,
300,AA,26,2028-05-28,47456,2367,O,AIRPORT,
300,LH,401,2028-05-06,47726,2367,O,AIRPORT,
300,AZ,555,2028-07-16,22168,2367,O,AIRPORT,
300,LH,400,2028-07-26,23910,2367,O,AIRPORT,
300,LH,400,2028-07-23,23146,2367,O,AIRPORT,
300,AA,17,2028-07-25,23492,2367,O,AIRPORT,
300,DL,106,2028-05-05,7568,2367,O,AIRPORT,
300,JL,407,2028-05-15,7100,2367,O,AIRPORT,
300,DL,106,2028-04-01,1074,2367,O,AIRPORT,
300,QF,5,2028-05-19,10727,2367,O,AIRPORT,
300,LH,400,2028-05-22,10936,2367,O,AIRPORT,
300,DL,106,2028-05-22,11024,2367,O,AIRPORT,
300,JL,407,2028-06-04,9706,2367,O,AIRPORT,
300,JL,407,2028-05-24,8052,2367,O,AIRPORT,
300,QF,5,2028-05-04,7683,2367,O,AIRPORT,
300,DL,106,2028-05-09,8662,2367,O,AIRPORT,
300,LH,400,2028-06-11,14871,2367,O,AIRPORT,
300,AZ,555,2028-06-17,16377,2367,O,AIRPORT,
300,DL,106,2028-06-16,16065,2367,O,AIRPORT,
300,JL,407,2028-06-24,12472,2367,O,AIRPORT,
300,LH,400,2028-05-24,11729,2367,O,AIRPORT,
300,AZ,555,2028-05-28,12236,2367,O,AIRPORT,
300,DL,106,2028-05-29,12304,2367,O,AIRPORT,
300,QF,5,2028-05-28,12267,2367,O,AIRPORT,
300,DL,106,2028-06-05,13787,2367,O,AIRPORT,
300,AZ,555,2028-06-06,14140,2367,O,AIRPORT,
300,LH,400,2028-04-27,6188,2367,O,AIRPORT,
300,AA,17,2028-06-03,13497,2367,O,AIRPORT,
300,DL,106,2028-09-02,31093,2367,O,AIRPORT,
300,UA,941,2028-04-27,31303,2367,O,AIRPORT,
300,QF,5,2028-09-01,31284,2367,O,AIRPORT,
300,AA,17,2028-09-01,30903,2367,O,AIRPORT,
300,AA,17,2028-04-11,3161,2367,O,AIRPORT,
300,AA,17,2028-09-21,34821,2367,O,AIRPORT,
300,AZ,555,2028-09-23,35527,2367,O,AIRPORT,
300,AA,17,2028-09-14,33781,2367,O,AIRPORT,
300,DL,106,2028-04-12,3395,2367,O,AIRPORT,
300,LH,400,2028-09-11,33638,2367,O,AIRPORT,
300,QF,5,2028-09-19,34707,2367,O,AIRPORT,
300,UA,941,2028-05-26,34568,2367,O,AIRPORT,
300,LH,400,2028-09-13,34316,2367,O,AIRPORT,
300,JL,407,2028-09-26,25336,2367,O,AIRPORT,
300,AA,17,2028-07-31,25186,2367,O,AIRPORT,
300,AA,17,2028-08-09,26523,2367,O,AIRPORT,
300,AZ,555,2028-08-16,28336,2367,O,AIRPORT,
300,DL,106,2028-08-20,28445,2367,O,AIRPORT,
300,DL,106,2028-08-24,29270,2367,O,AIRPORT,
300,LH,400,2028-08-19,28608,2367,O,AIRPORT,
300,QF,5,2028-08-21,28773,2367,O,AIRPORT,
300,DL,1699,2028-04-26,43115,2367,O,AIRPORT,
300,UA,7,2028-04-27,4317,2367,O,AIRPORT,
300,QF,5,2028-04-16,4159,2367,O,AIRPORT,
300,AZ,788,2028-05-05,46039,2367,O,AIRPORT,
300,QF,6,2028-05-25,46253,2367,O,AIRPORT,
300,AA,26,2028-05-16,45969,2367,O,AIRPORT,
300,UA,941,2028-09-05,46405,2367,O,AIRPORT,
300,QF,6,2028-05-28,46641,2367,O,AIRPORT,
300,UA,941,2028-08-27,44963,2367,O,AIRPORT,
300,QF,6,2028-05-12,44421,2367,O,AIRPORT,
300,JL,408,2028-08-28,44422,2367,O,AIRPORT,
300,DL,1699,2028-05-02,44603,2367,O,AIRPORT,
300,UA,941,2028-08-27,44984,2367,O,AIRPORT,
300,AZ,788,2028-03-26,38045,2367,O,AIRPORT,
300,DL,1699,2028-04-03,38768,2367,O,AIRPORT,
300,DL,1699,2028-04-03,38706,2367,O,AIRPORT,
300,AA,17,2028-09-30,36422,2367,O,AIRPORT,
300,UA,941,2028-06-19,37305,2367,O,AIRPORT,
300,DL,106,2028-10-26,36907,2367,O,AIRPORT,
300,QF,5,2028-08-01,25020,2367,O,AIRPORT,
300,JL,408,2028-07-28,40937,2367,O,AIRPORT,
300,AA,26,2028-04-13,41199,2367,O,AIRPORT,
300,AZ,555,2028-04-15,3920,2367,O,AIRPORT,
300,AZ,788,2028-04-01,39214,2367,O,AIRPORT,
300,AZ,555,2028-04-15,3986,2367,O,AIRPORT,
300,AZ,788,2028-07-15,59858,2367,O,AIRPORT,
300,QF,6,2028-09-01,59918,2367,O,AIRPORT,
300,AA,26,2028-08-25,59910,2367,O,AIRPORT,
300,DL,1699,2028-07-22,60389,2367,O,AIRPORT,
300,QF,6,2028-09-05,60655,2367,O,AIRPORT,
300,UA,3504,2028-05-06,58298,2367,O,AIRPORT,
300,AA,26,2028-09-16,63017,2367,O,AIRPORT,
300,QF,6,2028-07-05,51815,2367,O,AIRPORT,
300,AZ,788,2028-06-03,51647,2367,O,AIRPORT,
300,AA,26,2028-06-30,52114,2367,O,AIRPORT,
300,AZ,788,2028-06-05,51944,2367,O,AIRPORT,
300,QF,6,2028-07-07,52276,2367,O,AIRPORT,
300,UA,941,2028-09-28,49038,2367,O,AIRPORT,
300,DL,1699,2028-07-04,56962,2367,O,AIRPORT,
300,AA,26,2028-07-13,53874,2367,O,AIRPORT,
300,AZ,788,2028-06-12,53356,2367,O,AIRPORT,
300,AA,26,2028-07-16,54097,2367,O,AIRPORT,
300,UA,3504,2028-04-14,53973,2367,O,AIRPORT,
300,LH,401,2028-08-10,66367,2367,O,AIRPORT,
300,AZ,788,2028-08-13,65380,2367,O,AIRPORT,
300,UA,3504,2028-06-24,67889,2367,O,AIRPORT,
300,AZ,788,2028-08-22,66997,2367,O,AIRPORT,
300,AZ,788,2028-08-22,67096,2367,O,AIRPORT,
300,AZ,789,2028-05-10,84878,2367,O,AIRPORT,
300,AZ,789,2028-05-25,87902,2367,O,AIRPORT,
300,DL,1984,2028-05-29,87756,2367,O,AIRPORT,
300,AZ,788,2028-11-06,75749,2367,O,AIRPORT,
300,UA,3504,2028-07-28,74542,2367,O,AIRPORT,
300,AA,64,2028-07-05,77506,2367,O,AIRPORT,
300,LH,401,2028-10-05,77302,2367,O,AIRPORT,
300,LH,401,2028-10-05,77299,2367,O,AIRPORT,
300,LH,401,2028-09-24,75901,2367,O,AIRPORT,
300,AZ,789,2028-03-28,76460,2367,O,AIRPORT,
300,AZ,788,2028-09-14,71574,2367,O,AIRPORT,
300,AZ,788,2028-09-27,73944,2367,O,AIRPORT,
300,DL,1984,2028-04-30,82231,2367,O,AIRPORT,
300,LH,402,2028-04-15,82789,2367,O,AIRPORT,
300,UA,3504,2028-09-10,83348,2367,O,AIRPORT,
300,AZ,789,2028-05-01,83121,2367,O,AIRPORT,
300,UA,3504,2028-08-21,79332,2367,O,AIRPORT,
300,AA,64,2028-07-10,77899,2367,O,AIRPORT,
300,LH,402,2028-04-03,80652,2367,O,AIRPORT,
300,DL,1984,2028-04-19,80133,2367,O,AIRPORT,
300,AZ,789,2028-10-02,112643,2367,O,AIRPORT,
300,LH,402,2028-08-04,104579,2367,O,AIRPORT,
300,AZ,789,2028-08-18,104508,2367,O,AIRPORT,
300,LH,402,2028-08-09,105702,2367,O,AIRPORT,
300,AZ,789,2028-07-31,100799,2367,O,AIRPORT,
300,AZ,789,2028-08-07,102486,2367,O,AIRPORT,
300,LH,402,2028-07-26,102988,2367,O,AIRPORT,
300,LH,402,2028-08-31,110066,2367,O,AIRPORT,
300,AZ,789,2028-09-16,109928,2367,O,AIRPORT,
300,AZ,789,2028-09-25,111944,2367,O,AIRPORT,
300,DL,1984,2028-09-16,109073,2367,O,AIRPORT,
300,UA,3516,2028-07-06,109162,2367,O,AIRPORT,
300,UA,3516,2028-03-28,89827,2367,O,AIRPORT,
300,AZ,789,2028-06-03,89820,2367,O,AIRPORT,
300,UA,3504,2028-10-27,88561,2367,O,AIRPORT,
300,UA,3516,2028-04-15,93234,2367,O,AIRPORT,
300,AZ,789,2028-07-09,96618,2367,O,AIRPORT,
300,UA,3516,2028-04-24,94819,2367,O,AIRPORT,
300,UA,3516,2028-05-12,98163,2367,O,AIRPORT,
300,AZ,790,2028-06-03,123859,2367,O,AIRPORT,
300,LH,454,2028-06-06,127678,2367,O,AIRPORT,
300,LH,454,2028-05-24,125838,2367,O,AIRPORT,
300,UA,3516,2028-08-07,115361,2367,O,AIRPORT,
300,LH,402,2028-09-20,114490,2367,O,AIRPORT,
300,AZ,790,2028-05-12,120866,2367,O,AIRPORT,
300,LH,455,2028-05-22,152095,2367,O,AIRPORT,
300,UA,3517,2028-07-26,152045,2367,O,AIRPORT,
300,UA,3517,2028-07-26,151792,2367,O,AIRPORT,
300,AZ,791,2028-07-23,154720,2367,O,AIRPORT,
300,UA,3517,2028-08-02,153164,2367,O,AIRPORT,
300,AZ,791,2028-05-23,147864,2367,O,AIRPORT,
300,AZ,791,2028-06-04,149245,2367,O,AIRPORT,
300,LH,455,2028-08-29,163053,2367,O,AIRPORT,
300,AZ,791,2028-08-12,156971,2367,O,AIRPORT,
300,UA,3517,2028-08-27,157822,2367,O,AIRPORT,
300,LH,454,2028-08-01,135545,2367,O,AIRPORT,
300,LH,454,2028-07-26,134745,2367,O,AIRPORT,
300,LH,454,2028-08-08,136600,2367,O,AIRPORT,
300,UA,3517,2028-05-11,137170,2367,O,AIRPORT,
300,LH,454,2028-07-03,131581,2367,O,AIRPORT,
300,UA,3517,2028-04-21,133450,2367,O,AIRPORT,
300,UA,3517,2028-06-16,144186,2367,O,AIRPORT,
300,LH,454,2028-11-01,145522,2367,O,AIRPORT,
300,LH,455,2028-03-30,146136,2367,O,AIRPORT,
300,UA,3517,2028-06-21,145002,2367,O,AIRPORT,
300,LH,454,2028-08-30,139546,2367,O,AIRPORT,
300,AZ,790,2028-09-16,138591,2367,O,AIRPORT,
300,UA,3517,2028-05-29,140686,2367,O,AIRPORT,
300,UA,3517,2028-05-29,140485,2367,O,AIRPORT,
300,UA,3517,2028-05-31,141029,2367,O,AIRPORT,
300,UA,3517,2028-09-20,163441,2367,O,AIRPORT,
300,LH,2462,2028-10-27,267647,2367,O,AIRPORT,
300,LH,2462,2028-09-12,265178,2367,O,AIRPORT,
300,LH,2462,2028-07-05,256969,2367,O,AIRPORT,
300,LH,2462,2028-07-01,256568,2367,O,AIRPORT,
300,LH,2463,2028-06-04,275796,2367,O,AIRPORT,
300,LH,2462,2028-11-14,267886,2367,O,AIRPORT,
300,LH,2436,2028-04-09,233392,2367,O,AIRPORT,
300,LH,2436,2028-03-29,232686,2367,O,AIRPORT,
300,LH,2415,2028-09-21,230798,2367,O,AIRPORT,
300,LH,2462,2028-05-06,250114,2367,O,AIRPORT,
300,LH,2462,2028-06-08,253845,2367,O,AIRPORT,
300,LH,3577,2028-09-15,310719,2367,O,AIRPORT,
300,LH,3577,2028-08-26,307873,2367,O,AIRPORT,
300,LH,2463,2028-10-05,289733,2367,O,AIRPORT,
300,LH,3577,2028-04-14,292936,2367,O,AIRPORT,
300,LH,3577,2028-04-03,291703,2367,O,AIRPORT,
300,LH,2463,2028-07-28,281900,2367,O,AIRPORT,
300,LH,3577,2028-06-29,301449,2367,O,AIRPORT,
300,LH,3577,2028-08-08,305826,2367,O,AIRPORT,
300,LH,3577,2028-05-22,297253,2367,O,AIRPORT,
300,LH,3577,2028-05-20,296858,2367,O,AIRPORT,
300,LH,3577,2028-06-09,299265,2367,O,AIRPORT,
300,LH,2407,2028-08-01,205085,2367,O,AIRPORT,
300,LH,2407,2028-03-29,191034,2367,O,AIRPORT,
300,LH,2407,2028-04-07,192102,2367,O,AIRPORT,
300,LH,2407,2028-03-31,191340,2367,O,AIRPORT,
300,LH,2407,2028-05-06,195270,2367,O,AIRPORT,
300,LH,2415,2028-05-17,218180,2367,O,AIRPORT,
300,LH,2415,2028-05-17,218156,2367,O,AIRPORT,
300,LH,2407,2028-09-17,210881,2367,O,AIRPORT,
300,LH,455,2028-10-03,167179,2367,O,AIRPORT,
300,LH,2402,2028-06-29,178772,2367,O,AIRPORT,
300,LH,2402,2028-09-02,186396,2367,O,AIRPORT,
300,LH,2402,2028-03-31,168678,2367,O,AIRPORT,
300,LH,2402,2028-04-03,169122,2367,O,AIRPORT,
300,QF,5,2028-07-03,19387,1639,O,AIRPORT,
300,QF,5,2028-07-14,21323,1639,O,AIRPORT,
300,DL,106,2028-07-15,21444,1639,O,AIRPORT,
300,AZ,555,2028-07-09,20690,1639,O,AIRPORT,
300,QF,5,2028-06-28,18289,1639,O,AIRPORT,
300,LH,400,2028-06-29,18436,1639,O,AIRPORT,
300,QF,6,2028-06-10,48521,1639,O,AIRPORT,
300,QF,6,2028-06-08,48399,1639,O,AIRPORT,
300,DL,106,2028-07-31,24587,1639,O,AIRPORT,
300,DL,106,2028-07-31,24662,1639,O,AIRPORT,
300,DL,1699,2028-05-16,47144,1639,O,AIRPORT,
300,DL,1699,2028-05-20,47844,1639,O,AIRPORT,
300,AZ,788,2028-05-14,47788,1639,O,AIRPORT,
300,UA,7,2028-09-04,22650,1639,O,AIRPORT,
300,DL,106,2028-07-20,22268,1639,O,AIRPORT,
300,DL,106,2028-04-08,2212,1639,O,AIRPORT,
300,JL,407,2028-09-17,24135,1639,O,AIRPORT,
300,JL,407,2028-09-17,24119,1639,O,AIRPORT,
300,LH,400,2028-07-28,24186,1639,O,AIRPORT,
300,UA,7,2028-09-08,23197,1639,O,AIRPORT,
300,UA,7,2028-09-08,23383,1639,O,AIRPORT,
300,LH,400,2028-05-17,10260,1639,O,AIRPORT,
300,AA,17,2028-05-01,6970,1639,O,AIRPORT,
300,AA,17,2028-04-29,6852,1639,O,AIRPORT,
300,DL,106,2028-04-30,6881,1639,O,AIRPORT,
300,AZ,555,2028-05-01,7228,1639,O,AIRPORT,
300,LH,400,2028-05-13,9519,1639,O,AIRPORT,
300,JL,407,2028-04-02,958,1639,O,AIRPORT,
300,LH,400,2028-03-31,931,1639,O,AIRPORT,
300,AZ,555,2028-05-14,9944,1639,O,AIRPORT,
300,UA,7,2028-05-24,8295,1639,O,AIRPORT,
300,QF,5,2028-05-17,10133,1639,O,AIRPORT,
300,AA,17,2028-05-10,8838,1639,O,AIRPORT,
300,AZ,555,2028-05-07,8586,1639,O,AIRPORT,
300,AZ,555,2028-06-12,15421,1639,O,AIRPORT,
300,LH,400,2028-06-09,14691,1639,O,AIRPORT,
300,UA,7,2028-07-23,16639,1639,O,AIRPORT,
300,DL,106,2028-06-18,16498,1639,O,AIRPORT,
300,JL,407,2028-07-16,15691,1639,O,AIRPORT,
300,JL,407,2028-07-19,16022,1639,O,AIRPORT,
300,AZ,555,2028-05-30,12854,1639,O,AIRPORT,
300,AA,17,2028-03-31,1272,1639,O,AIRPORT,
300,UA,7,2028-06-22,12046,1639,O,AIRPORT,
300,DL,106,2028-04-03,1418,1639,O,AIRPORT,
300,AA,17,2028-06-03,13567,1639,O,AIRPORT,
300,QF,5,2028-06-02,13365,1639,O,AIRPORT,
300,UA,7,2028-07-01,13364,1639,O,AIRPORT,
300,AA,17,2028-09-07,32334,1639,O,AIRPORT,
300,LH,400,2028-08-31,31138,1639,O,AIRPORT,
300,LH,400,2028-09-02,31723,1639,O,AIRPORT,
300,QF,5,2028-09-06,31956,1639,O,AIRPORT,
300,UA,941,2028-04-29,31489,1639,O,AIRPORT,
300,DL,106,2028-04-15,3513,1639,O,AIRPORT,
300,AA,17,2028-09-23,35260,1639,O,AIRPORT,
300,JL,408,2028-05-26,34008,1639,O,AIRPORT,
300,AA,17,2028-04-11,3391,1639,O,AIRPORT,
300,JL,407,2028-09-26,25351,1639,O,AIRPORT,
300,DL,106,2028-08-04,25365,1639,O,AIRPORT,
300,QF,5,2028-08-03,25366,1639,O,AIRPORT,
300,UA,7,2028-09-22,25367,1639,O,AIRPORT,
300,AA,17,2028-08-07,26379,1639,O,AIRPORT,
300,AZ,555,2028-08-05,25994,1639,O,AIRPORT,
300,LH,400,2028-08-26,29850,1639,O,AIRPORT,
300,QF,5,2028-08-23,29370,1639,O,AIRPORT,
300,JL,408,2028-04-25,30498,1639,O,AIRPORT,
300,AA,17,2028-08-29,30532,1639,O,AIRPORT,
300,AA,17,2028-08-29,30552,1639,O,AIRPORT,
300,DL,106,2028-08-29,30228,1639,O,AIRPORT,
300,UA,941,2028-03-31,28450,1639,O,AIRPORT,
300,AA,17,2028-08-18,28498,1639,O,AIRPORT,
300,AZ,788,2028-04-22,43363,1639,O,AIRPORT,
300,UA,941,2028-08-14,43548,1639,O,AIRPORT,
300,JL,408,2028-08-04,41651,1639,O,AIRPORT,
300,LH,401,2028-04-22,44902,1639,O,AIRPORT,
300,QF,6,2028-05-12,44430,1639,O,AIRPORT,
300,UA,941,2028-06-26,38200,1639,O,AIRPORT,
300,LH,400,2028-09-26,37004,1639,O,AIRPORT,
300,LH,401,2028-07-10,60005,1639,O,AIRPORT,
300,AZ,788,2028-07-22,60982,1639,O,AIRPORT,
300,AA,26,2028-09-01,60694,1639,O,AIRPORT,
300,AA,26,2028-08-12,57873,1639,O,AIRPORT,
300,QF,6,2028-08-12,57275,1639,O,AIRPORT,
300,QF,6,2028-10-04,63976,1639,O,AIRPORT,
300,UA,3504,2028-06-04,63726,1639,O,AIRPORT,
300,QF,6,2028-11-16,65097,1639,O,AIRPORT,
300,LH,401,2028-08-01,64561,1639,O,AIRPORT,
300,DL,1699,2028-08-13,64756,1639,O,AIRPORT,
300,DL,1699,2028-08-04,62950,1639,O,AIRPORT,
300,UA,3504,2028-05-28,62703,1639,O,AIRPORT,
300,DL,1699,2028-06-09,51754,1639,O,AIRPORT,
300,QF,6,2028-07-09,52682,1639,O,AIRPORT,
300,UA,941,2028-10-09,49309,1639,O,AIRPORT,
300,UA,941,2028-10-18,49697,1639,O,AIRPORT,
300,UA,7,2028-03-27,28,1639,O,AIRPORT,
300,LH,401,2028-05-19,50222,1639,O,AIRPORT,
300,UA,3504,2028-04-25,56180,1639,O,AIRPORT,
300,AZ,788,2028-06-28,56146,1639,O,AIRPORT,
300,QF,6,2028-08-07,56496,1639,O,AIRPORT,
300,AZ,788,2028-06-14,53601,1639,O,AIRPORT,
300,AZ,788,2028-06-21,54958,1639,O,AIRPORT,
300,DL,1699,2028-06-25,54826,1639,O,AIRPORT,
300,UA,3504,2028-04-14,53993,1639,O,AIRPORT,
300,AZ,788,2028-09-03,69508,1639,O,AIRPORT,
300,LH,401,2028-08-17,67489,1639,O,AIRPORT,
300,AA,64,2028-04-02,67032,1639,O,AIRPORT,
300,DL,1984,2028-05-20,86391,1639,O,AIRPORT,
300,UA,3504,2028-09-15,85068,1639,O,AIRPORT,
300,UA,3504,2028-09-26,87048,1639,O,AIRPORT,
300,AA,64,2028-10-18,87494,1639,O,AIRPORT,
300,UA,3504,2028-07-25,74103,1639,O,AIRPORT,
300,AA,64,2028-07-05,77468,1639,O,AIRPORT,
300,AZ,788,2028-09-18,72439,1639,O,AIRPORT,
300,UA,3504,2028-07-19,72761,1639,O,AIRPORT,
300,AA,64,2028-08-21,82669,1639,O,AIRPORT,
300,DL,1984,2028-04-26,81556,1639,O,AIRPORT,
300,UA,3504,2028-09-12,84524,1639,O,AIRPORT,
300,DL,1984,2028-05-07,83436,1639,O,AIRPORT,
300,LH,402,2028-07-31,104020,1639,O,AIRPORT,
300,UA,3516,2028-06-14,104715,1639,O,AIRPORT,
300,DL,1984,2028-08-29,105903,1639,O,AIRPORT,
300,LH,402,2028-08-09,105498,1639,O,AIRPORT,
300,LH,402,2028-07-17,101086,1639,O,AIRPORT,
300,DL,1984,2028-08-06,101384,1639,O,AIRPORT,
300,AZ,789,2028-07-29,100425,1639,O,AIRPORT,
300,UA,3516,2028-06-03,102732,1639,O,AIRPORT,
300,AZ,789,2028-08-09,102726,1639,O,AIRPORT,
300,UA,3516,2028-06-01,102341,1639,O,AIRPORT,
300,UA,3516,2028-07-13,110344,1639,O,AIRPORT,
300,LH,402,2028-08-31,109727,1639,O,AIRPORT,
300,UA,3516,2028-07-20,111758,1639,O,AIRPORT,
300,DL,1984,2028-09-07,107321,1639,O,AIRPORT,
300,LH,402,2028-08-18,107364,1639,O,AIRPORT,
300,AZ,789,2028-09-03,107355,1639,O,AIRPORT,
300,LH,402,2028-08-27,109115,1639,O,AIRPORT,
300,LH,402,2028-05-22,90402,1639,O,AIRPORT,
300,DL,1984,2028-06-12,90693,1639,O,AIRPORT,
300,LH,402,2028-05-14,88767,1639,O,AIRPORT,
300,UA,3516,2028-03-28,89650,1639,O,AIRPORT,
300,AZ,789,2028-06-01,89342,1639,O,AIRPORT,
300,UA,3516,2028-04-06,91541,1639,O,AIRPORT,
300,DL,1984,2028-06-23,92544,1639,O,AIRPORT,
300,UA,3516,2028-05-18,99629,1639,O,AIRPORT,
300,LH,402,2028-06-25,96701,1639,O,AIRPORT,
300,UA,3516,2028-05-03,96732,1639,O,AIRPORT,
300,AZ,789,2028-06-26,94232,1639,O,AIRPORT,
300,UA,3516,2028-05-03,96793,1639,O,AIRPORT,
300,UA,3516,2028-09-10,122616,1639,O,AIRPORT,
300,UA,3516,2028-09-14,123737,1639,O,AIRPORT,
300,AZ,790,2028-07-11,129316,1639,O,AIRPORT,
300,LH,454,2028-05-22,125552,1639,O,AIRPORT,
300,AZ,790,2028-04-02,115162,1639,O,AIRPORT,
300,AZ,790,2028-04-15,117104,1639,O,AIRPORT,
300,AZ,790,2028-03-28,114558,1639,O,AIRPORT,
300,UA,3516,2028-08-04,114879,1639,O,AIRPORT,
300,LH,454,2028-04-16,120821,1639,O,AIRPORT,
300,LH,454,2028-04-12,120240,1639,O,AIRPORT,
300,UA,3516,2028-08-29,119613,1639,O,AIRPORT,
300,LH,455,2028-05-27,152558,1639,O,AIRPORT,
300,UA,3517,2028-07-22,151159,1639,O,AIRPORT,
300,UA,3517,2028-08-09,154473,1639,O,AIRPORT,
300,UA,3517,2028-08-04,153532,1639,O,AIRPORT,
300,UA,3517,2028-07-04,147812,1639,O,AIRPORT,
300,LH,455,2028-04-30,149738,1639,O,AIRPORT,
300,AZ,791,2028-06-01,149027,1639,O,AIRPORT,
300,UA,3517,2028-09-07,160579,1639,O,AIRPORT,
300,UA,3517,2028-09-04,160270,1639,O,AIRPORT,
300,LH,455,2028-08-11,160979,1639,O,AIRPORT,
300,AZ,791,2028-09-14,160744,1639,O,AIRPORT,
300,UA,3517,2028-09-18,163090,1639,O,AIRPORT,
300,UA,3517,2028-09-11,161788,1639,O,AIRPORT,
300,LH,454,2028-08-01,135590,1639,O,AIRPORT,
300,UA,3517,2028-04-30,135158,1639,O,AIRPORT,
300,LH,454,2028-08-04,135782,1639,O,AIRPORT,
300,UA,3517,2028-04-26,134132,1639,O,AIRPORT,
300,UA,3517,2028-05-16,137916,1639,O,AIRPORT,
300,LH,454,2028-08-10,136750,1639,O,AIRPORT,
300,UA,3517,2028-04-12,131380,1639,O,AIRPORT,
300,UA,3517,2028-04-06,130155,1639,O,AIRPORT,
300,AZ,790,2028-07-18,130101,1639,O,AIRPORT,
300,UA,3517,2028-04-08,130696,1639,O,AIRPORT,
300,AZ,790,2028-08-09,133386,1639,O,AIRPORT,
300,LH,454,2028-09-02,140316,1639,O,AIRPORT,
300,AZ,790,2028-10-15,140757,1639,O,AIRPORT,
300,UA,3517,2028-10-28,166257,1639,O,AIRPORT,
300,UA,3517,2028-10-17,165809,1639,O,AIRPORT,
300,LH,2462,2028-08-26,262626,1639,O,AIRPORT,
300,LH,2462,2028-09-19,265936,1639,O,AIRPORT,
300,LH,2462,2028-08-28,263019,1639,O,AIRPORT,
300,LH,2462,2028-06-20,255136,1639,O,AIRPORT,
300,LH,2462,2028-08-12,261234,1639,O,AIRPORT,
300,LH,2436,2028-07-06,239102,1639,O,AIRPORT,
300,LH,2436,2028-07-28,240577,1639,O,AIRPORT,
300,LH,2415,2028-08-12,226475,1639,O,AIRPORT,
300,LH,2415,2028-08-28,227970,1639,O,AIRPORT,
300,LH,2436,2028-08-31,242863,1639,O,AIRPORT,
300,LH,2436,2028-08-04,240962,1639,O,AIRPORT,
300,LH,2436,2028-10-16,245257,1639,O,AIRPORT,
300,LH,3577,2028-09-13,310373,1639,O,AIRPORT,
300,LH,3577,2028-09-22,311330,1639,O,AIRPORT,
300,LH,3577,2028-04-12,292598,1639,O,AIRPORT,
300,LH,3577,2028-06-29,301301,1639,O,AIRPORT,
300,LH,3577,2028-08-10,306142,1639,O,AIRPORT,
300,LH,3577,2028-05-13,296187,1639,O,AIRPORT,
300,LH,2407,2028-07-03,201817,1639,O,AIRPORT,
300,LH,2407,2028-06-11,199244,1639,O,AIRPORT,
300,LH,2407,2028-07-17,203310,1639,O,AIRPORT,
300,LH,2402,2028-10-14,190097,1639,O,AIRPORT,
300,LH,2407,2028-05-20,196683,1639,O,AIRPORT,
300,LH,2407,2028-05-15,196188,1639,O,AIRPORT,
300,LH,2415,2028-05-28,219275,1639,O,AIRPORT,
300,LH,2415,2028-05-06,217071,1639,O,AIRPORT,
300,LH,2415,2028-07-16,223929,1639,O,AIRPORT,
300,LH,2407,2028-08-19,207143,1639,O,AIRPORT,
300,LH,2407,2028-08-30,208404,1639,O,AIRPORT,
300,LH,2415,2028-03-31,213513,1639,O,AIRPORT,
300,LH,2402,2028-09-06,186792,1639,O,AIRPORT,
300,QF,0006,2028-06-12,00048776,00000805,O,AIRPORT,0000
300,LH,0400,2028-06-15,00015962,00000805,O,AIRPORT,0000
300,AA,0017,2028-06-01,00013399,00000805,O,AIRPORT,0000
300,UA,0007,2028-07-10,00014732,00000805,O,AIRPORT,0000
300,DL,0106,2028-06-09,00014531,00000805,O,AIRPORT,0000
300,QF,0005,2028-06-11,00015042,00000805,O,AIRPORT,0000
300,QF,0005,2028-06-06,00013906,00000805,O,AIRPORT,0000
300,DL,0106,2028-07-17,00021856,00000805,O,AIRPORT,0000
300,JL,0407,2028-09-17,00024216,00000805,O,AIRPORT,0000
300,UA,0007,2028-09-06,00023049,00000805,O,AIRPORT,0000
300,LH,0400,2028-07-21,00022887,00000805,O,AIRPORT,0000
300,AZ,0555,2028-07-02,00019221,00000805,O,AIRPORT,0000
300,DL,0106,2028-07-02,00019102,00000805,O,AIRPORT,0000
300,DL,0106,2028-07-04,00019477,00000805,O,AIRPORT,0000
300,JL,0407,2028-08-12,00019444,00000805,O,AIRPORT,0000
300,AZ,0555,2028-06-28,00018482,00000805,O,AIRPORT,0000
300,LH,0400,2028-07-10,00020600,00000805,O,AIRPORT,0000
300,LH,0400,2028-07-10,00020636,00000805,O,AIRPORT,0000
300,AA,0017,2028-07-11,00021197,00000805,O,AIRPORT,0000
300,JL,0407,2028-04-27,00004543,00000805,O,AIRPORT,0000
300,AA,0017,2028-04-17,00004358,00000805,O,AIRPORT,0000
300,QF,0005,2028-04-22,00005416,00000805,O,AIRPORT,0000
300,UA,0007,2028-05-08,00005995,00000805,O,AIRPORT,0000
300,DL,0106,2028-04-21,00005035,00000805,O,AIRPORT,0000
300,LH,0400,2028-04-21,00005090,00000805,O,AIRPORT,0000
300,UA,0007,2028-03-31,00000839,00000805,O,AIRPORT,0000
300,JL,0407,2028-04-02,00001200,00000805,O,AIRPORT,0000
300,QF,0005,2028-03-31,00001251,00000805,O,AIRPORT,0000
300,LH,0400,2028-03-29,00000719,00000805,O,AIRPORT,0000
300,UA,0007,2028-03-31,00000708,00000805,O,AIRPORT,0000
300,AZ,0555,2028-03-26,00000432,00000805,O,AIRPORT,0000
300,LH,0400,2028-05-15,00009657,00000805,O,AIRPORT,0000
300,DL,0106,2028-05-25,00011643,00000805,O,AIRPORT,0000
300,AZ,0555,2028-05-25,00011996,00000805,O,AIRPORT,0000
300,UA,0007,2028-06-22,00012141,00000805,O,AIRPORT,0000
300,LH,0400,2028-04-30,00006933,00000805,O,AIRPORT,0000
300,QF,0005,2028-04-29,00006927,00000805,O,AIRPORT,0000
300,LH,0400,2028-05-02,00007285,00000805,O,AIRPORT,0000
300,JL,0407,2028-05-17,00007239,00000805,O,AIRPORT,0000
300,QF,0005,2028-05-04,00007800,00000805,O,AIRPORT,0000
300,JL,0408,2028-07-14,00039520,00000805,O,AIRPORT,0000
300,AA,0026,2028-03-31,00039583,00000805,O,AIRPORT,0000
300,JL,0408,2028-08-04,00041623,00000805,O,AIRPORT,0000
300,AA,0026,2028-04-13,00041416,00000805,O,AIRPORT,0000
300,AZ,0555,2028-10-20,00037070,00000805,O,AIRPORT,0000
300,AA,0017,2028-10-06,00036860,00000805,O,AIRPORT,0000
300,AZ,0788,2028-03-30,00038994,00000805,O,AIRPORT,0000
300,QF,0006,2028-03-26,00038072,00000805,O,AIRPORT,0000
300,JL,0408,2028-09-08,00045797,00000805,O,AIRPORT,0000
300,QF,0006,2028-05-23,00046132,00000805,O,AIRPORT,0000
300,LH,0401,2028-05-04,00047170,00000805,O,AIRPORT,0000
300,DL,1699,2028-05-16,00047153,00000805,O,AIRPORT,0000
300,AZ,0788,2028-04-22,00043212,00000805,O,AIRPORT,0000
300,DL,1699,2028-04-23,00042897,00000805,O,AIRPORT,0000
300,AZ,0788,2028-05-03,00045390,00000805,O,AIRPORT,0000
300,QF,0006,2028-05-16,00045293,00000805,O,AIRPORT,0000
300,UA,0941,2028-08-19,00044186,00000805,O,AIRPORT,0000
300,AZ,0788,2028-04-26,00044031,00000805,O,AIRPORT,0000
300,AA,0017,2028-08-16,00028212,00000805,O,AIRPORT,0000
300,DL,0106,2028-08-18,00028304,00000805,O,AIRPORT,0000
300,AA,0017,2028-08-18,00028604,00000805,O,AIRPORT,0000
300,QF,0005,2028-08-14,00027699,00000805,O,AIRPORT,0000
300,AZ,0555,2028-08-12,00027441,00000805,O,AIRPORT,0000
300,DL,0106,2028-08-15,00027804,00000805,O,AIRPORT,0000
300,UA,0941,2028-04-11,00029632,00000805,O,AIRPORT,0000
300,AZ,0555,2028-07-29,00024768,00000805,O,AIRPORT,0000
300,LH,0400,2028-08-01,00024867,00000805,O,AIRPORT,0000
300,QF,0005,2028-08-10,00026773,00000805,O,AIRPORT,0000
300,QF,0005,2028-08-12,00027331,00000805,O,AIRPORT,0000
300,QF,0005,2028-08-12,00027113,00000805,O,AIRPORT,0000
300,LH,0400,2028-08-06,00025928,00000805,O,AIRPORT,0000
300,AZ,0555,2028-09-18,00034870,00000805,O,AIRPORT,0000
300,QF,0005,2028-09-15,00033611,00000805,O,AIRPORT,0000
300,QF,0005,2028-09-17,00034075,00000805,O,AIRPORT,0000
300,LH,0400,2028-09-22,00035848,00000805,O,AIRPORT,0000
300,JL,0408,2028-06-15,00036183,00000805,O,AIRPORT,0000
300,AZ,0555,2028-09-03,00031835,00000805,O,AIRPORT,0000
300,DL,0106,2028-09-04,00031645,00000805,O,AIRPORT,0000
300,QF,0005,2028-08-30,00030690,00000805,O,AIRPORT,0000
300,UA,0941,2028-05-06,00032243,00000805,O,AIRPORT,0000
300,JL,0408,2028-05-13,00032498,00000805,O,AIRPORT,0000
300,UA,0941,2028-05-06,00032435,00000805,O,AIRPORT,0000
300,UA,3504,2028-05-30,00062935,00000805,O,AIRPORT,0000
300,DL,1699,2028-08-04,00062839,00000805,O,AIRPORT,0000
300,AA,0026,2028-09-16,00062843,00000805,O,AIRPORT,0000
300,AZ,0788,2028-08-02,00063169,00000805,O,AIRPORT,0000
300,LH,0401,2028-06-17,00055954,00000805,O,AIRPORT,0000
300,AA,0026,2028-10-11,00064927,00000805,O,AIRPORT,0000
300,AZ,0788,2028-07-11,00058813,00000805,O,AIRPORT,0000
300,AZ,0788,2028-07-15,00059914,00000805,O,AIRPORT,0000
300,AA,0026,2028-08-23,00059435,00000805,O,AIRPORT,0000
300,LH,0401,2028-07-05,00059360,00000805,O,AIRPORT,0000
300,LH,0401,2028-07-16,00061576,00000805,O,AIRPORT,0000
300,LH,0401,2028-07-16,00061333,00000805,O,AIRPORT,0000
300,AZ,0788,2028-05-25,00049749,00000805,O,AIRPORT,0000
300,QF,0006,2028-07-07,00052094,00000805,O,AIRPORT,0000
300,LH,0401,2028-05-30,00052546,00000805,O,AIRPORT,0000
300,UA,3504,2028-04-07,00052399,00000805,O,AIRPORT,0000
300,UA,3504,2028-04-07,00052712,00000805,O,AIRPORT,0000
300,AZ,0788,2028-05-23,00049512,00000805,O,AIRPORT,0000
300,UA,3504,2028-04-20,00055189,00000805,O,AIRPORT,0000
300,LH,0401,2028-06-13,00055118,00000805,O,AIRPORT,0000
300,LH,0401,2028-06-06,00053842,00000805,O,AIRPORT,0000
300,AZ,0788,2028-06-14,00053874,00000805,O,AIRPORT,0000
300,DL,1699,2028-06-21,00054306,00000805,O,AIRPORT,0000
300,UA,3504,2028-07-12,00071321,00000805,O,AIRPORT,0000
300,UA,3504,2028-07-10,00070951,00000805,O,AIRPORT,0000
300,UA,3504,2028-07-12,00071113,00000805,O,AIRPORT,0000
300,UA,3504,2028-07-14,00071958,00000805,O,AIRPORT,0000
300,DL,1984,2028-03-30,00076401,00000805,O,AIRPORT,0000
300,UA,3504,2028-07-28,00074447,00000805,O,AIRPORT,0000
300,AA,0064,2028-06-11,00074746,00000805,O,AIRPORT,0000
300,UA,3504,2028-06-20,00067144,00000805,O,AIRPORT,0000
300,UA,3504,2028-07-07,00070308,00000805,O,AIRPORT,0000
300,AZ,0788,2028-09-03,00069301,00000805,O,AIRPORT,0000
300,LH,0401,2028-10-16,00078197,00000805,O,AIRPORT,0000
300,DL,1984,2028-04-12,00078860,00000805,O,AIRPORT,0000
300,DL,1984,2028-04-06,00077578,00000805,O,AIRPORT,0000
300,DL,1984,2028-04-06,00077366,00000805,O,AIRPORT,0000
300,AZ,0789,2028-04-13,00079572,00000805,O,AIRPORT,0000
300,UA,3504,2028-09-19,00085542,00000805,O,AIRPORT,0000
300,LH,0402,2028-04-26,00085021,00000805,O,AIRPORT,0000
300,AZ,0789,2028-05-16,00086382,00000805,O,AIRPORT,0000
300,AZ,0789,2028-04-24,00082026,00000805,O,AIRPORT,0000
300,AZ,0789,2028-04-20,00080898,00000805,O,AIRPORT,0000
300,AA,0064,2028-08-28,00083415,00000805,O,AIRPORT,0000
300,LH,0402,2028-04-17,00083208,00000805,O,AIRPORT,0000
300,AZ,0789,2028-08-23,00105349,00000805,O,AIRPORT,0000
300,DL,1984,2028-09-04,00106928,00000805,O,AIRPORT,0000
300,LH,0402,2028-08-11,00106030,00000805,O,AIRPORT,0000
300,UA,3516,2028-06-03,00102708,00000805,O,AIRPORT,0000
300,UA,3516,2028-06-10,00103932,00000805,O,AIRPORT,0000
300,UA,3516,2028-06-10,00103817,00000805,O,AIRPORT,0000
300,UA,3516,2028-06-05,00103065,00000805,O,AIRPORT,0000
300,UA,3516,2028-06-05,00103346,00000805,O,AIRPORT,0000
300,DL,1984,2028-08-18,00103379,00000805,O,AIRPORT,0000
300,AZ,0789,2028-09-23,00111309,00000805,O,AIRPORT,0000
300,LH,0402,2028-09-10,00112447,00000805,O,AIRPORT,0000
300,DL,1984,2028-09-07,00107622,00000805,O,AIRPORT,0000
300,UA,3516,2028-07-11,00109932,00000805,O,AIRPORT,0000
300,UA,3516,2028-07-27,00113263,00000805,O,AIRPORT,0000
300,LH,0402,2028-05-27,00091392,00000805,O,AIRPORT,0000
300,UA,3516,2028-04-06,00091316,00000805,O,AIRPORT,0000
300,UA,3516,2028-03-30,00090191,00000805,O,AIRPORT,0000
300,LH,0402,2028-06-23,00096464,00000805,O,AIRPORT,0000
300,AZ,0789,2028-07-31,00100882,00000805,O,AIRPORT,0000
300,UA,3516,2028-04-28,00095573,00000805,O,AIRPORT,0000
300,UA,3517,2028-06-25,00145871,00000805,O,AIRPORT,0000
300,AZ,0791,2028-06-15,00150486,00000805,O,AIRPORT,0000
300,UA,3517,2028-05-29,00140851,00000805,O,AIRPORT,0000
300,UA,3517,2028-06-03,00141419,00000805,O,AIRPORT,0000
300,LH,0454,2028-09-26,00143927,00000805,O,AIRPORT,0000
300,UA,3517,2028-06-12,00143269,00000805,O,AIRPORT,0000
300,UA,3517,2028-06-05,00141917,00000805,O,AIRPORT,0000
300,LH,0455,2028-07-24,00159035,00000805,O,AIRPORT,0000
300,UA,3517,2028-07-22,00151234,00000805,O,AIRPORT,0000
300,UA,3517,2028-08-15,00156006,00000805,O,AIRPORT,0000
300,UA,3517,2028-08-13,00155471,00000805,O,AIRPORT,0000
300,AZ,0791,2028-07-25,00154939,00000805,O,AIRPORT,0000
300,LH,0454,2028-05-04,00123234,00000805,O,AIRPORT,0000
300,LH,0454,2028-04-18,00120962,00000805,O,AIRPORT,0000
300,UA,3516,2028-09-01,00120423,00000805,O,AIRPORT,0000
300,LH,0454,2028-04-23,00121651,00000805,O,AIRPORT,0000
300,UA,3516,2028-09-03,00121032,00000805,O,AIRPORT,0000
300,AZ,0790,2028-05-14,00121084,00000805,O,AIRPORT,0000
300,AZ,0790,2028-06-01,00123593,00000805,O,AIRPORT,0000
300,UA,3516,2028-08-11,00116029,00000805,O,AIRPORT,0000
300,LH,0402,2028-09-29,00116015,00000805,O,AIRPORT,0000
300,LH,0402,2028-10-12,00116815,00000805,O,AIRPORT,0000
300,AZ,0790,2028-05-01,00119401,00000805,O,AIRPORT,0000
300,UA,3517,2028-05-09,00136789,00000805,O,AIRPORT,0000
300,AZ,0790,2028-09-01,00136458,00000805,O,AIRPORT,0000
300,LH,0454,2028-06-06,00127958,00000805,O,AIRPORT,0000
300,LH,0454,2028-06-09,00128263,00000805,O,AIRPORT,0000
300,UA,3517,2028-03-30,00128993,00000805,O,AIRPORT,0000
300,UA,3516,2028-10-04,00126567,00000805,O,AIRPORT,0000
300,LH,0454,2028-05-29,00126599,00000805,O,AIRPORT,0000
300,AZ,0790,2028-07-27,00131542,00000805,O,AIRPORT,0000
300,LH,0454,2028-07-03,00131649,00000805,O,AIRPORT,0000
300,LH,0454,2028-07-03,00131622,00000805,O,AIRPORT,0000
300,LH,0454,2028-07-10,00132419,00000805,O,AIRPORT,0000
300,LH,0455,2028-09-20,00166083,00000805,O,AIRPORT,0000
300,LH,2407,2028-05-20,00196788,00000805,O,AIRPORT,0000
300,LH,2407,2028-04-27,00194198,00000805,O,AIRPORT,0000
300,LH,2407,2028-05-31,00198024,00000805,O,AIRPORT,0000
300,LH,2402,2028-08-04,00182839,00000805,O,AIRPORT,0000
300,LH,0455,2028-10-01,00167020,00000805,O,AIRPORT,0000
300,LH,2402,2028-04-09,00169813,00000805,O,AIRPORT,0000
300,LH,2402,2028-07-06,00179638,00000805,O,AIRPORT,0000
300,LH,2402,2028-06-29,00178818,00000805,O,AIRPORT,0000
300,LH,2402,2028-07-21,00181402,00000805,O,AIRPORT,0000
300,LH,2402,2028-07-10,00180137,00000805,O,AIRPORT,0000
300,LH,2463,2028-04-12,00269680,00000805,O,AIRPORT,0000
300,LH,2462,2028-07-28,00259389,00000805,O,AIRPORT,0000
300,LH,2462,2028-08-08,00260598,00000805,O,AIRPORT,0000
300,LH,2462,2028-08-03,00260150,00000805,O,AIRPORT,0000
300,LH,2462,2028-08-03,00260177,00000805,O,AIRPORT,0000
300,LH,2415,2028-10-14,00231895,00000805,O,AIRPORT,0000
300,LH,2415,2028-09-12,00230038,00000805,O,AIRPORT,0000
300,LH,2415,2028-09-19,00230630,00000805,O,AIRPORT,0000
300,LH,2436,2028-10-21,00245400,00000805,O,AIRPORT,0000
300,LH,2436,2028-09-10,00243586,00000805,O,AIRPORT,0000
300,LH,2436,2028-09-04,00243180,00000805,O,AIRPORT,0000
300,LH,2436,2028-06-29,00238671,00000805,O,AIRPORT,0000
300,LH,3577,2028-03-31,00291480,00000805,O,AIRPORT,0000
300,LH,2463,2028-10-18,00290242,00000805,O,AIRPORT,0000
300,LH,2463,2028-10-12,00289940,00000805,O,AIRPORT,0000
300,LH,2463,2028-07-06,00279413,00000805,O,AIRPORT,0000
300,LH,2463,2028-08-17,00284077,00000805,O,AIRPORT,0000
300,LH,2463,2028-06-13,00276823,00000805,O,AIRPORT,0000
300,LH,3577,2028-08-24,00307578,00000805,O,AIRPORT,0000
300,LH,3577,2028-08-17,00306954,00000805,O,AIRPORT,0000
300,LH,2407,2028-07-17,00203417,00000805,O,AIRPORT,0000
300,LH,2407,2028-06-22,00200580,00000805,O,AIRPORT,0000
300,LH,2407,2028-07-01,00201490,00000805,O,AIRPORT,0000
300,LH,2407,2028-08-28,00208171,00000805,O,AIRPORT,0000
300,AA,17,2028-07-07,20236,2363,O,AIRPORT,
300,QF,5,2028-04-22,5499,2363,O,AIRPORT,
300,DL,106,2028-07-13,21290,2363,O,AIRPORT,
300,AA,17,2028-07-09,20508,2363,O,AIRPORT,
300,QF,5,2028-04-05,1773,2363,O,AIRPORT,
300,DL,106,2028-06-21,16984,2363,O,AIRPORT,
300,UA,7,2028-05-06,5765,2363,O,AIRPORT,
300,AZ,555,2028-06-21,17146,2363,O,AIRPORT,
300,UA,7,2028-08-08,18552,2363,O,AIRPORT,
300,QF,5,2028-08-01,24909,2363,O,AIRPORT,
300,QF,6,2028-06-12,48977,2363,O,AIRPORT,
300,LH,401,2028-05-13,48723,2363,O,AIRPORT,
300,AZ,555,2028-07-29,24845,2363,O,AIRPORT,
300,UA,7,2028-09-15,24695,2363,O,AIRPORT,
300,DL,1699,2028-05-18,47643,2363,O,AIRPORT,
300,AZ,788,2028-05-12,47283,2363,O,AIRPORT,
300,LH,401,2028-05-08,48135,2363,O,AIRPORT,
300,JL,408,2028-09-26,47773,2363,O,AIRPORT,
300,QF,5,2028-04-07,2249,2363,O,AIRPORT,
300,AA,17,2028-07-18,22206,2363,O,AIRPORT,
300,DL,106,2028-07-26,23866,2363,O,AIRPORT,
300,QF,5,2028-07-25,23634,2363,O,AIRPORT,
300,DL,106,2028-07-28,24228,2363,O,AIRPORT,
300,JL,407,2028-09-10,23378,2363,O,AIRPORT,
300,AZ,555,2028-04-29,6591,2363,O,AIRPORT,
300,JL,407,2028-05-19,7508,2363,O,AIRPORT,
300,LH,400,2028-05-22,11200,2363,O,AIRPORT,
300,AZ,555,2028-05-19,10854,2363,O,AIRPORT,
300,AZ,555,2028-05-12,9396,2363,O,AIRPORT,
300,AZ,555,2028-05-14,9610,2363,O,AIRPORT,
300,UA,7,2028-07-12,15039,2363,O,AIRPORT,
300,JL,407,2028-07-07,14383,2363,O,AIRPORT,
300,AA,17,2028-06-06,14246,2363,O,AIRPORT,
300,LH,400,2028-06-18,16357,2363,O,AIRPORT,
300,QF,5,2028-06-17,16233,2363,O,AIRPORT,
300,JL,407,2028-07-16,15749,2363,O,AIRPORT,
300,AA,17,2028-06-14,15718,2363,O,AIRPORT,
300,AA,17,2028-06-14,16069,2363,O,AIRPORT,
300,LH,400,2028-06-15,15859,2363,O,AIRPORT,
300,DL,106,2028-05-29,12342,2363,O,AIRPORT,
300,AZ,555,2028-05-25,12075,2363,O,AIRPORT,
300,QF,5,2028-06-06,14131,2363,O,AIRPORT,
300,DL,106,2028-06-03,13266,2363,O,AIRPORT,
300,DL,106,2028-06-03,13096,2363,O,AIRPORT,
300,UA,7,2028-07-01,13494,2363,O,AIRPORT,
300,AA,17,2028-06-01,13320,2363,O,AIRPORT,
300,LH,400,2028-09-06,32666,2363,O,AIRPORT,
300,AA,17,2028-09-05,32019,2363,O,AIRPORT,
300,JL,408,2028-05-02,31152,2363,O,AIRPORT,
300,AZ,555,2028-08-29,30852,2363,O,AIRPORT,
300,JL,407,2028-04-18,3170,2363,O,AIRPORT,
300,AZ,555,2028-09-05,31921,2363,O,AIRPORT,
300,DL,106,2028-09-07,31885,2363,O,AIRPORT,
300,QF,5,2028-04-14,3525,2363,O,AIRPORT,
300,LH,400,2028-09-11,33840,2363,O,AIRPORT,
300,LH,400,2028-09-13,34461,2363,O,AIRPORT,
300,UA,941,2028-05-23,34358,2363,O,AIRPORT,
300,LH,400,2028-08-10,26741,2363,O,AIRPORT,
300,DL,106,2028-08-13,27384,2363,O,AIRPORT,
300,QF,5,2028-08-08,26204,2363,O,AIRPORT,
300,UA,941,2028-04-09,29306,2363,O,AIRPORT,
300,AA,17,2028-08-27,30305,2363,O,AIRPORT,
300,UA,941,2028-04-20,30634,2363,O,AIRPORT,
300,AZ,555,2028-08-18,28520,2363,O,AIRPORT,
300,AA,17,2028-08-16,28192,2363,O,AIRPORT,
300,JL,408,2028-04-05,28160,2363,O,AIRPORT,
300,LH,401,2028-04-14,43424,2363,O,AIRPORT,
300,AA,26,2028-04-26,43070,2363,O,AIRPORT,
300,AA,26,2028-05-07,44771,2363,O,AIRPORT,
300,LH,401,2028-04-20,44538,2363,O,AIRPORT,
300,QF,6,2028-05-19,45542,2363,O,AIRPORT,
300,AZ,555,2028-04-17,4510,2363,O,AIRPORT,
300,UA,941,2028-06-24,37756,2363,O,AIRPORT,
300,AZ,555,2028-09-25,36196,2363,O,AIRPORT,
300,JL,408,2028-06-13,36129,2363,O,AIRPORT,
300,UA,941,2028-06-19,37236,2363,O,AIRPORT,
300,LH,401,2028-04-05,41350,2363,O,AIRPORT,
300,UA,941,2028-07-27,41553,2363,O,AIRPORT,
300,UA,941,2028-07-23,41024,2363,O,AIRPORT,
300,AZ,788,2028-04-04,39903,2363,O,AIRPORT,
300,AA,26,2028-04-02,39822,2363,O,AIRPORT,
300,UA,3504,2028-05-13,59384,2363,O,AIRPORT,
300,AA,26,2028-08-09,57710,2363,O,AIRPORT,
300,QF,5,2028-03-29,586,2363,O,AIRPORT,
300,AZ,788,2028-08-07,64008,2363,O,AIRPORT,
300,QF,6,2028-10-02,63859,2363,O,AIRPORT,
300,QF,6,2028-09-12,61457,2363,O,AIRPORT,
300,QF,6,2028-09-23,62908,2363,O,AIRPORT,
300,DL,1699,2028-08-06,63301,2363,O,AIRPORT,
300,LH,401,2028-06-02,52709,2363,O,AIRPORT,
300,LH,401,2028-05-22,50675,2363,O,AIRPORT,
300,DL,1699,2028-05-31,50240,2363,O,AIRPORT,
300,AA,26,2028-06-17,50153,2363,O,AIRPORT,
300,QF,6,2028-08-03,55816,2363,O,AIRPORT,
300,LH,401,2028-06-15,55411,2363,O,AIRPORT,
300,DL,1699,2028-07-02,56296,2363,O,AIRPORT,
300,DL,1699,2028-06-16,53467,2363,O,AIRPORT,
300,DL,1699,2028-06-25,54873,2363,O,AIRPORT,
300,UA,3504,2028-04-16,54174,2363,O,AIRPORT,
300,AZ,788,2028-06-16,53953,2363,O,AIRPORT,
300,UA,3504,2028-06-28,68501,2363,O,AIRPORT,
300,LH,401,2028-08-28,69962,2363,O,AIRPORT,
300,UA,3504,2028-07-03,69773,2363,O,AIRPORT,
300,DL,1699,2028-09-04,69013,2363,O,AIRPORT,
300,DL,1699,2028-08-20,66105,2363,O,AIRPORT,
300,AA,64,2028-03-27,66274,2363,O,AIRPORT,
300,AZ,788,2028-08-18,66343,2363,O,AIRPORT,
300,AA,64,2028-04-07,67503,2363,O,AIRPORT,
300,DL,1984,2028-05-16,85121,2363,O,AIRPORT,
300,AA,64,2028-06-13,75013,2363,O,AIRPORT,
300,UA,3504,2028-08-10,77179,2363,O,AIRPORT,
300,DL,1984,2028-04-01,76654,2363,O,AIRPORT,
300,AA,64,2028-05-17,71936,2363,O,AIRPORT,
300,AA,64,2028-05-17,72071,2363,O,AIRPORT,
300,LH,401,2028-08-31,70681,2363,O,AIRPORT,
300,AA,64,2028-05-08,71032,2363,O,AIRPORT,
300,AA,64,2028-05-24,72681,2363,O,AIRPORT,
300,LH,402,2028-04-12,82342,2363,O,AIRPORT,
300,LH,402,2028-04-06,81296,2363,O,AIRPORT,
300,AA,64,2028-09-03,84157,2363,O,AIRPORT,
300,AA,64,2028-08-30,83734,2363,O,AIRPORT,
300,UA,3504,2028-08-19,78529,2363,O,AIRPORT,
300,UA,3504,2028-08-14,77979,2363,O,AIRPORT,
300,LH,401,2028-10-11,77640,2363,O,AIRPORT,
300,AZ,789,2028-04-02,77702,2363,O,AIRPORT,
300,AA,64,2028-07-12,78245,2363,O,AIRPORT,
300,AZ,789,2028-04-17,80424,2363,O,AIRPORT,
300,DL,1984,2028-04-23,81008,2363,O,AIRPORT,
300,UA,3516,2028-07-27,113056,2363,O,AIRPORT,
300,LH,402,2028-09-13,113318,2363,O,AIRPORT,
300,UA,3516,2028-06-12,104643,2363,O,AIRPORT,
300,UA,3516,2028-06-07,103621,2363,O,AIRPORT,
300,AZ,789,2028-08-27,106024,2363,O,AIRPORT,
300,UA,3516,2028-06-21,106134,2363,O,AIRPORT,
300,AZ,789,2028-07-29,100449,2363,O,AIRPORT,
300,LH,402,2028-08-29,109580,2363,O,AIRPORT,
300,DL,1984,2028-10-01,111427,2363,O,AIRPORT,
300,LH,402,2028-09-09,111989,2363,O,AIRPORT,
300,DL,1984,2028-09-07,107454,2363,O,AIRPORT,
300,DL,1984,2028-06-12,90406,2363,O,AIRPORT,
300,LH,402,2028-05-22,90450,2363,O,AIRPORT,
300,LH,402,2028-06-05,92952,2363,O,AIRPORT,
300,DL,1984,2028-06-18,91855,2363,O,AIRPORT,
300,LH,402,2028-07-08,99652,2363,O,AIRPORT,
300,LH,402,2028-07-08,99409,2363,O,AIRPORT,
300,UA,3516,2028-04-28,95661,2363,O,AIRPORT,
300,UA,3516,2028-04-22,94598,2363,O,AIRPORT,
300,AZ,789,2028-07-02,95370,2363,O,AIRPORT,
300,AZ,789,2028-06-30,94740,2363,O,AIRPORT,
300,AZ,789,2028-07-13,97339,2363,O,AIRPORT,
300,AZ,790,2028-06-08,124585,2363,O,AIRPORT,
300,UA,3516,2028-09-11,123111,2363,O,AIRPORT,
300,AZ,790,2028-07-16,129866,2363,O,AIRPORT,
300,LH,402,2028-10-03,116274,2363,O,AIRPORT,
300,AZ,789,2028-11-04,113946,2363,O,AIRPORT,
300,LH,402,2028-09-18,114230,2363,O,AIRPORT,
300,UA,3516,2028-09-05,121237,2363,O,AIRPORT,
300,LH,454,2028-03-27,117819,2363,O,AIRPORT,
300,AZ,790,2028-05-01,119468,2363,O,AIRPORT,
300,LH,455,2028-05-22,152060,2363,O,AIRPORT,
300,UA,3517,2028-07-24,151459,2363,O,AIRPORT,
300,UA,3517,2028-08-06,154278,2363,O,AIRPORT,
300,AZ,791,2028-05-15,146879,2363,O,AIRPORT,
300,LH,455,2028-04-03,146617,2363,O,AIRPORT,
300,LH,455,2028-04-30,149741,2363,O,AIRPORT,
300,AZ,791,2028-06-15,150545,2363,O,AIRPORT,
300,LH,455,2028-04-26,149044,2363,O,AIRPORT,
300,AZ,791,2028-06-06,149463,2363,O,AIRPORT,
300,AZ,791,2028-09-12,160292,2363,O,AIRPORT,
300,LH,455,2028-08-18,161898,2363,O,AIRPORT,
300,AZ,791,2028-09-25,161878,2363,O,AIRPORT,
300,UA,3517,2028-08-15,155688,2363,O,AIRPORT,
300,LH,455,2028-07-13,157846,2363,O,AIRPORT,
300,UA,3517,2028-05-07,136448,2363,O,AIRPORT,
300,AZ,790,2028-09-05,137068,2363,O,AIRPORT,
300,UA,3517,2028-04-12,131417,2363,O,AIRPORT,
300,LH,454,2028-06-27,130488,2363,O,AIRPORT,
300,AZ,790,2028-08-09,133433,2363,O,AIRPORT,
300,AZ,790,2028-08-07,132925,2363,O,AIRPORT,
300,UA,3517,2028-06-09,142744,2363,O,AIRPORT,
300,LH,454,2028-09-02,140195,2363,O,AIRPORT,
300,UA,3517,2028-09-29,164886,2363,O,AIRPORT,
300,LH,2462,2028-09-08,264507,2363,O,AIRPORT,
300,LH,2462,2028-07-10,257415,2363,O,AIRPORT,
300,LH,2462,2028-07-23,258884,2363,O,AIRPORT,
300,LH,2463,2028-05-17,273897,2363,O,AIRPORT,
300,LH,2436,2028-04-18,234001,2363,O,AIRPORT,
300,LH,2436,2028-04-25,234379,2363,O,AIRPORT,
300,LH,2436,2028-06-24,238275,2363,O,AIRPORT,
300,LH,2415,2028-09-06,229142,2363,O,AIRPORT,
300,LH,2415,2028-08-28,228109,2363,O,AIRPORT,
300,LH,2436,2028-04-09,233364,2363,O,AIRPORT,
300,LH,2415,2028-09-30,231538,2363,O,AIRPORT,
300,LH,2462,2028-04-29,249400,2363,O,AIRPORT,
300,LH,2462,2028-06-04,253345,2363,O,AIRPORT,
300,LH,2436,2028-09-17,244109,2363,O,AIRPORT,
300,LH,2436,2028-09-10,243554,2363,O,AIRPORT,
300,LH,2462,2028-03-31,246093,2363,O,AIRPORT,
300,LH,2462,2028-04-11,247402,2363,O,AIRPORT,
300,LH,3577,2028-09-08,309679,2363,O,AIRPORT,
300,LH,3577,2028-09-13,310513,2363,O,AIRPORT,
300,LH,3577,2028-09-13,310420,2363,O,AIRPORT,
300,LH,2463,2028-08-04,282698,2363,O,AIRPORT,
300,LH,3577,2028-06-27,301130,2363,O,AIRPORT,
300,LH,3577,2028-08-10,306091,2363,O,AIRPORT,
300,LH,3577,2028-08-08,305973,2363,O,AIRPORT,
300,LH,3577,2028-07-30,304914,2363,O,AIRPORT,
300,LH,2407,2028-05-24,197176,2363,O,AIRPORT,
300,LH,2407,2028-05-11,195894,2363,O,AIRPORT,
300,LH,2407,2028-05-04,195049,2363,O,AIRPORT,
300,LH,2415,2028-05-10,217561,2363,O,AIRPORT,
300,LH,2415,2028-04-02,213894,2363,O,AIRPORT,
300,LH,2402,2028-07-17,180818,2363,O,AIRPORT,
300,LH,2402,2028-07-06,179440,2363,O,AIRPORT,
300,LH,2402,2028-09-10,187280,2363,O,AIRPORT,
300,LH,2402,2028-04-30,172050,2363,O,AIRPORT,
300,DL,1699,2028-05-25,00048822,00004173,O,AIRPORT,0000
300,SQ,0117,2028-05-09,00153356,00004405,O,AIRPORT,0000
300,UA,0007,2028-07-21,00016290,00004173,O,AIRPORT,0000
300,AZ,0555,2028-06-12,00015361,00004173,O,AIRPORT,0000
300,SQ,0117,2028-05-09,00153388,00001448,O,AIRPORT,0000
300,DL,0106,2028-06-16,00015811,00004173,O,AIRPORT,0000
300,SQ,0117,2028-05-09,00153400,00003935,O,AIRPORT,0000
300,QF,0005,2028-06-15,00015963,00004173,O,AIRPORT,0000
300,SQ,0117,2028-05-09,00153349,00003935,O,AIRPORT,0000
300,AA,0017,2028-06-23,00017746,00004173,O,AIRPORT,0000
300,SQ,0117,2028-05-09,00153216,00002032,O,AIRPORT,0000
300,DL,0106,2028-05-29,00012252,00004173,O,AIRPORT,0000
300,SQ,0117,2028-05-09,00153362,00001004,O,AIRPORT,0000
300,QF,0005,2028-05-30,00012748,00004173,O,AIRPORT,0000
300,SQ,0117,2028-05-09,00153237,00003106,O,AIRPORT,0000
300,AZ,0555,2028-06-03,00013730,00004173,O,AIRPORT,0000
300,AA,0017,2028-07-16,00022085,00004173,O,AIRPORT,0000
300,SQ,0117,2028-05-09,00153344,00003151,O,AIRPORT,0000
300,LH,0400,2028-07-19,00022257,00004173,O,AIRPORT,0000
300,SQ,0117,2028-05-09,00153209,00002689,O,AIRPORT,0000
300,LH,0400,2028-07-21,00022774,00004173,O,AIRPORT,0000
300,SQ,0117,2028-05-09,00153357,00001685,O,AIRPORT,0000
300,UA,0007,2028-09-02,00022461,00004173,O,AIRPORT,0000
300,SQ,0117,2028-05-09,00153212,00004433,O,AIRPORT,0000
300,LH,0400,2028-07-17,00021862,00004173,O,AIRPORT,0000
300,SQ,0117,2028-05-09,00153277,00002906,O,AIRPORT,0000
300,LH,0400,2028-07-28,00024160,00004173,O,AIRPORT,0000
300,AZ,0555,2028-06-28,00018495,00004173,O,AIRPORT,0000
300,SQ,0117,2028-05-09,00153415,00001156,O,AIRPORT,0000
300,QF,0005,2028-07-12,00020998,00004173,O,AIRPORT,0000
300,SQ,0117,2028-05-09,00153248,00000855,O,AIRPORT,0000
300,DL,0106,2028-07-13,00021067,00004173,O,AIRPORT,0000
300,SQ,0117,2028-05-09,00153278,00000001,O,AIRPORT,0000
300,LH,0400,2028-07-08,00020196,00004173,O,AIRPORT,0000
300,SQ,0117,2028-05-09,00153255,00002862,O,AIRPORT,0000
300,JL,0407,2028-04-25,00004088,00004173,O,AIRPORT,0000
300,SQ,0117,2028-05-09,00153235,00000663,O,AIRPORT,0000
300,JL,0407,2028-04-20,00003480,00004173,O,AIRPORT,0000
300,UA,0007,2028-04-21,00003545,00004173,O,AIRPORT,0000
300,SQ,0117,2028-05-09,00153322,00001565,O,AIRPORT,0000
300,JL,0407,2028-04-29,00004789,00004173,O,AIRPORT,0000
300,SQ,0117,2028-05-09,00153321,00001565,O,AIRPORT,0000
300,UA,0007,2028-04-03,00000972,00004173,O,AIRPORT,0000
300,SQ,0117,2028-05-09,00153271,00001580,O,AIRPORT,0000
300,DL,0106,2028-03-30,00000833,00004173,O,AIRPORT,0000
300,SQ,0117,2028-05-09,00153422,00001081,O,AIRPORT,0000
300,QF,0005,2028-03-31,00000925,00004173,O,AIRPORT,0000
300,SQ,0117,2028-05-09,00153241,00001100,O,AIRPORT,0000
300,JL,0407,2028-04-05,00001411,00004173,O,AIRPORT,0000
300,LH,0400,2028-03-31,00001303,00004173,O,AIRPORT,0000
300,SQ,0117,2028-05-09,00153281,00002248,O,AIRPORT,0000
300,JL,0407,2028-04-14,00002741,00004173,O,AIRPORT,0000
300,SQ,0117,2028-05-09,00153418,00001890,O,AIRPORT,0000
300,UA,0007,2028-06-06,00010113,00004173,O,AIRPORT,0000
300,SQ,0117,2028-05-09,00153346,00000226,O,AIRPORT,0000
300,UA,0007,2028-06-06,00009991,00004173,O,AIRPORT,0000
300,SQ,0117,2028-05-09,00153375,00001326,O,AIRPORT,0000
300,UA,0007,2028-06-09,00010459,00004173,O,AIRPORT,0000
300,SQ,0117,2028-05-09,00153334,00000692,O,AIRPORT,0000
300,DL,0106,2028-05-27,00011787,00004173,O,AIRPORT,0000
300,SQ,0117,2028-05-09,00153312,00002578,O,AIRPORT,0000
300,JL,0407,2028-06-22,00012137,00004173,O,AIRPORT,0000
300,SQ,0117,2028-05-09,00153353,00003634,O,AIRPORT,0000
300,AZ,0555,2028-05-25,00011984,00004173,O,AIRPORT,0000
300,SQ,0117,2028-05-09,00153205,00003634,O,AIRPORT,0000
300,AA,0017,2028-05-21,00011116,00004173,O,AIRPORT,0000
300,SQ,0117,2028-05-09,00153411,00003423,O,AIRPORT,0000
300,AA,0017,2028-05-21,00011036,00004173,O,AIRPORT,0000
300,AZ,0555,2028-05-01,00007184,00004173,O,AIRPORT,0000
300,SQ,0117,2028-05-09,00153190,00004488,O,AIRPORT,0000
300,DL,0106,2028-05-05,00007475,00004173,O,AIRPORT,0000
300,SQ,0117,2028-05-09,00153260,00001941,O,AIRPORT,0000
300,JL,0407,2028-05-19,00007427,00004173,O,AIRPORT,0000
300,SQ,0117,2028-05-09,00153247,00001155,O,AIRPORT,0000
300,JL,0407,2028-05-15,00006838,00004173,O,AIRPORT,0000
300,SQ,0117,2028-05-09,00153423,00002773,O,AIRPORT,0000
300,JL,0407,2028-05-30,00009128,00004173,O,AIRPORT,0000
300,SQ,0117,2028-05-09,00153405,00002964,O,AIRPORT,0000
300,QF,0005,2028-05-10,00008752,00004173,O,AIRPORT,0000
300,SQ,0117,2028-05-09,00153350,00000674,O,AIRPORT,0000
300,LH,0401,2028-03-31,00040574,00004173,O,AIRPORT,0000
300,SQ,0117,2028-05-09,00153249,00002279,O,AIRPORT,0000
300,QF,0006,2028-04-06,00039710,00004173,O,AIRPORT,0000
300,LH,0401,2028-03-27,00039536,00004173,O,AIRPORT,0000
300,SQ,0117,2028-05-09,00153392,00000821,O,AIRPORT,0000
300,AZ,0788,2028-04-06,00040011,00004173,O,AIRPORT,0000
300,SQ,0117,2028-05-09,00153397,00003278,O,AIRPORT,0000
300,QF,0006,2028-04-11,00040101,00004173,O,AIRPORT,0000
300,SQ,0117,2028-05-09,00153396,00003278,O,AIRPORT,0000
300,AZ,0788,2028-03-26,00037911,00004173,O,AIRPORT,0000
300,SQ,0117,2028-05-09,00153332,00000871,O,AIRPORT,0000
300,AA,0026,2028-03-31,00039395,00004173,O,AIRPORT,0000
300,SQ,0117,2028-05-09,00153274,00001245,O,AIRPORT,0000
300,DL,1699,2028-03-30,00038137,00004173,O,AIRPORT,0000
300,SQ,0117,2028-05-09,00153381,00001403,O,AIRPORT,0000
300,DL,1699,2028-04-30,00043936,00004173,O,AIRPORT,0000
300,SQ,0117,2028-05-09,00153259,00001403,O,AIRPORT,0000
300,DL,1699,2028-04-21,00042545,00004173,O,AIRPORT,0000
300,SQ,0117,2028-05-09,00153219,00000232,O,AIRPORT,0000
300,SQ,0117,2028-05-09,00153378,00001885,O,AIRPORT,0000
300,SQ,0117,2028-05-09,00153416,00002500,O,AIRPORT,0000
300,SQ,0117,2028-05-09,00153227,00002311,O,AIRPORT,0000
300,SQ,0117,2028-05-09,00153345,00000269,O,AIRPORT,0000
300,SQ,0117,2028-05-09,00153303,00001878,O,AIRPORT,0000
300,SQ,0117,2028-05-09,00153379,00003908,O,AIRPORT,0000
300,SQ,0117,2028-05-09,00153316,00000921,O,AIRPORT,0000
300,SQ,0117,2028-05-09,00153202,00003965,O,AIRPORT,0000
300,SQ,0117,2028-05-09,00153224,00003541,O,AIRPORT,0000
300,SQ,0117,2028-05-09,00153363,00003562,O,AIRPORT,0000
300,SQ,0117,2028-05-09,00153384,00003476,O,AIRPORT,0000
300,SQ,0117,2028-05-09,00153401,00001351,O,AIRPORT,0000
300,SQ,0117,2028-05-09,00153234,00004288,O,AIRPORT,0000
300,SQ,0117,2028-05-09,00153232,00003785,O,AIRPORT,0000
300,SQ,0117,2028-05-09,00153300,00002385,O,AIRPORT,0000
300,SQ,0117,2028-05-09,00153368,00002921,O,AIRPORT,0000
300,SQ,0117,2028-05-09,00153338,00000413,O,AIRPORT,0000
300,SQ,0117,2028-05-09,00153282,00002982,O,AIRPORT,0000
300,SQ,0117,2028-05-09,00153231,00002334,O,AIRPORT,0000
300,SQ,0117,2028-05-09,00153222,00002856,O,AIRPORT,0000
300,SQ,0117,2028-05-09,00153221,00002856,O,AIRPORT,0000
300,SQ,0117,2028-05-09,00153308,00000879,O,AIRPORT,0000
300,SQ,0117,2028-05-09,00153186,00000623,O,AIRPORT,0000
300,SQ,0117,2028-05-09,00153244,00003530,O,AIRPORT,0000
300,SQ,0117,2028-05-09,00153199,00000959,O,AIRPORT,0000
300,SQ,0117,2028-05-09,00153348,00001137,O,AIRPORT,0000
300,SQ,0117,2028-05-09,00153192,00000033,O,AIRPORT,0000
300,SQ,0117,2028-05-09,00153245,00001687,O,AIRPORT,0000
300,SQ,0117,2028-05-09,00153297,00004526,O,AIRPORT,0000
300,SQ,0117,2028-05-09,00153273,00004330,O,AIRPORT,0000
300,SQ,0117,2028-05-09,00153342,00001261,O,AIRPORT,0000
300,SQ,0117,2028-05-09,00153414,00004432,O,AIRPORT,0000
300,SQ,0117,2028-05-09,00153361,00001819,O,AIRPORT,0000
300,SQ,0117,2028-05-09,00153377,00001980,O,AIRPORT,0000
300,SQ,0117,2028-05-09,00153218,00003667,O,AIRPORT,0000
300,SQ,0117,2028-05-09,00153419,00004386,O,AIRPORT,0000
300,SQ,0117,2028-05-09,00153288,00002290,O,AIRPORT,0000
300,SQ,0117,2028-05-09,00153257,00002290,O,AIRPORT,0000
300,SQ,0117,2028-05-09,00153289,00003711,O,AIRPORT,0000
300,SQ,0117,2028-05-09,00153225,00001387,O,AIRPORT,0000
300,SQ,0117,2028-05-09,00153403,00001192,O,AIRPORT,0000
300,SQ,0117,2028-05-09,00153185,00001254,O,AIRPORT,0000
300,SQ,0117,2028-05-09,00153238,00003155,O,AIRPORT,0000
300,SQ,0117,2028-05-09,00153409,00001174,O,AIRPORT,0000
300,SQ,0117,2028-05-09,00153365,00002845,O,AIRPORT,0000
300,SQ,0117,2028-05-09,00153270,00001572,O,AIRPORT,0000
300,SQ,0117,2028-05-09,00153399,00003074,O,AIRPORT,0000
300,SQ,0117,2028-05-09,00153367,00000163,O,AIRPORT,0000
300,SQ,0117,2028-05-09,00153291,00000666,O,AIRPORT,0000
300,SQ,0117,2028-05-09,00153336,00002823,O,AIRPORT,0000
300,SQ,0117,2028-05-09,00153410,00001802,O,AIRPORT,0000
300,SQ,0117,2028-05-09,00153266,00000883,O,AIRPORT,0000
300,SQ,0117,2028-05-09,00153431,00000876,O,AIRPORT,0000
300,SQ,0117,2028-05-09,00153230,00002115,O,AIRPORT,0000
300,SQ,0117,2028-05-09,00153302,00003572,O,AIRPORT,0000
300,SQ,0117,2028-05-09,00153236,00000014,O,AIRPORT,0000
300,SQ,0117,2028-05-09,00153425,00003005,O,AIRPORT,0000
300,SQ,0117,2028-05-09,00153323,00002912,O,AIRPORT,0000
300,SQ,0117,2028-05-09,00153211,00002448,O,AIRPORT,0000
300,SQ,0117,2028-05-09,00153296,00001764,O,AIRPORT,0000
300,SQ,0117,2028-05-09,00153333,00001154,O,AIRPORT,0000
300,SQ,0117,2028-05-09,00153290,00000272,O,AIRPORT,0000
300,SQ,0117,2028-05-09,00153382,00000965,O,AIRPORT,0000
300,SQ,0117,2028-05-09,00153424,00000287,O,AIRPORT,0000
300,SQ,0117,2028-05-09,00153428,00003851,O,AIRPORT,0000
300,SQ,0117,2028-05-09,00153220,00003227,O,AIRPORT,0000
300,SQ,0117,2028-05-09,00153314,00000474,O,AIRPORT,0000
300,SQ,0117,2028-05-09,00153306,00000773,O,AIRPORT,0000
300,SQ,0117,2028-05-09,00153310,00000862,O,AIRPORT,0000
300,SQ,0117,2028-05-09,00153187,00001431,O,AIRPORT,0000
300,SQ,0117,2028-05-09,00153327,00002599,O,AIRPORT,0000
300,SQ,0117,2028-05-09,00153214,00002434,O,AIRPORT,0000
300,SQ,0117,2028-05-09,00153243,00004174,O,AIRPORT,0000
300,SQ,0117,2028-05-09,00153201,00004254,O,AIRPORT,0000
300,SQ,0117,2028-05-09,00153213,00002841,O,AIRPORT,0000
300,SQ,0117,2028-05-09,00153197,00003183,O,AIRPORT,0000
300,SQ,0117,2028-05-09,00153203,00004543,O,AIRPORT,0000
300,SQ,0117,2028-05-09,00153391,00001651,O,AIRPORT,0000
300,SQ,0117,2028-05-09,00153318,00003164,O,AIRPORT,0000
300,SQ,0117,2028-05-09,00153341,00001022,O,AIRPORT,0000
300,SQ,0117,2028-05-09,00153252,00004455,O,AIRPORT,0000
300,SQ,0117,2028-05-09,00153304,00002918,O,AIRPORT,0000
300,SQ,0117,2028-05-09,00153385,00003650,O,AIRPORT,0000
300,SQ,0117,2028-05-09,00153254,00000245,O,AIRPORT,0000
300,SQ,0117,2028-05-09,00153359,00001161,O,AIRPORT,0000
300,SQ,0117,2028-05-09,00153193,00003354,O,AIRPORT,0000
300,SQ,0117,2028-05-09,00153208,00003481,O,AIRPORT,0000
300,SQ,0117,2028-05-09,00153374,00000253,O,AIRPORT,0000
300,SQ,0117,2028-05-09,00153408,00002997,O,AIRPORT,0000
300,SQ,0117,2028-05-09,00153292,00004404,O,AIRPORT,0000
300,SQ,0117,2028-05-09,00153311,00000700,O,AIRPORT,0000
300,SQ,0117,2028-05-09,00153317,00001699,O,AIRPORT,0000
300,SQ,0117,2028-05-09,00153432,00001691,O,AIRPORT,0000
300,SQ,0117,2028-05-09,00153189,00002707,O,AIRPORT,0000
300,SQ,0117,2028-05-09,00153253,00002707,O,AIRPORT,0000
300,SQ,0117,2028-05-09,00153435,00003198,O,AIRPORT,0000
300,SQ,0117,2028-05-09,00153239,00002133,O,AIRPORT,0000
300,SQ,0117,2028-05-09,00153279,00000237,O,AIRPORT,0000
300,SQ,0117,2028-05-09,00153339,00002303,O,AIRPORT,0000
300,SQ,0117,2028-05-09,00153369,00002941,O,AIRPORT,0000
300,SQ,0117,2028-05-09,00153426,00004440,O,AIRPORT,0000
300,SQ,0117,2028-05-09,00153366,00000390,O,AIRPORT,0000
300,SQ,0117,2028-05-09,00153421,00003246,O,AIRPORT,0000
300,SQ,0117,2028-05-09,00153395,00000328,O,AIRPORT,0000
300,SQ,0117,2028-05-09,00153398,00002265,O,AIRPORT,0000
300,SQ,0117,2028-05-09,00153229,00001726,O,AIRPORT,0000
300,SQ,0117,2028-05-09,00153371,00002686,O,AIRPORT,0000
300,SQ,0117,2028-05-09,00153315,00002686,O,AIRPORT,0000
300,SQ,0117,2028-05-09,00153433,00002232,O,AIRPORT,0000
300,SQ,0117,2028-05-09,00153305,00002437,O,AIRPORT,0000
300,SQ,0117,2028-05-09,00153256,00000918,O,AIRPORT,0000
300,SQ,0117,2028-05-09,00153389,00002924,O,AIRPORT,0000
300,SQ,0117,2028-05-09,00153223,00000356,O,AIRPORT,0000
300,SQ,0117,2028-05-09,00153275,00004216,O,AIRPORT,0000
300,SQ,0117,2028-05-09,00153195,00000345,O,AIRPORT,0000
300,SQ,0117,2028-05-09,00153299,00000984,O,AIRPORT,0000
300,SQ,0117,2028-05-09,00153204,00002246,O,AIRPORT,0000
300,SQ,0117,2028-05-09,00153354,00000379,O,AIRPORT,0000
300,SQ,0117,2028-05-09,00153262,00002784,O,AIRPORT,0000
300,SQ,0117,2028-05-09,00153380,00001993,O,AIRPORT,0000
300,SQ,0117,2028-05-09,00153242,00002679,O,AIRPORT,0000
300,SQ,0117,2028-05-09,00153412,00002650,O,AIRPORT,0000
300,SQ,0117,2028-05-09,00153373,00004136,O,AIRPORT,0000
300,SQ,0117,2028-05-09,00153337,00004136,O,AIRPORT,0000
300,SQ,0117,2028-05-09,00153268,00004557,O,AIRPORT,0000
300,SQ,0117,2028-05-09,00153347,00002992,O,AIRPORT,0000
300,SQ,0117,2028-05-09,00153196,00003109,O,AIRPORT,0000
300,SQ,0117,2028-05-09,00153264,00002055,O,AIRPORT,0000
300,SQ,0117,2028-05-09,00153434,00003007,O,AIRPORT,0000
300,SQ,0117,2028-05-09,00153294,00002213,O,AIRPORT,0000
300,SQ,0117,2028-05-09,00153394,00001874,O,AIRPORT,0000
300,SQ,0117,2028-05-09,00153364,00004215,O,AIRPORT,0000
300,SQ,0117,2028-05-09,00153340,00002790,O,AIRPORT,0000
300,SQ,0117,2028-05-09,00153263,00000099,O,AIRPORT,0000
300,SQ,0117,2028-05-09,00153251,00004588,O,AIRPORT,0000
300,SQ,0117,2028-05-09,00153226,00002107,O,AIRPORT,0000
300,SQ,0117,2028-05-09,00153402,00002106,O,AIRPORT,0000
300,SQ,0117,2028-05-09,00153295,00000157,O,AIRPORT,0000
300,SQ,0117,2028-05-09,00153406,00001441,O,AIRPORT,0000
300,SQ,0117,2028-05-09,00153287,00001451,O,AIRPORT,0000
300,SQ,0117,2028-05-09,00153352,00001581,O,AIRPORT,0000
300,SQ,0117,2028-05-09,00153206,00000744,O,AIRPORT,0000
300,SQ,0117,2028-05-09,00153261,00000844,O,AIRPORT,0000
300,SQ,0117,2028-05-09,00153258,00004112,O,AIRPORT,0000
300,SQ,0117,2028-05-09,00153326,00003092,O,AIRPORT,0000
300,SQ,0117,2028-05-09,00153215,00004512,O,AIRPORT,0000
300,SQ,0117,2028-05-09,00153404,00003809,O,AIRPORT,0000
300,SQ,0117,2028-05-09,00153343,00004378,O,AIRPORT,0000
300,SQ,0117,2028-05-09,00153413,00001849,O,AIRPORT,0000
300,SQ,0117,2028-05-09,00153301,00001926,O,AIRPORT,0000
300,SQ,0117,2028-05-09,00153358,00002443,O,AIRPORT,0000
300,SQ,0117,2028-05-09,00153283,00003719,O,AIRPORT,0000
300,SQ,0117,2028-05-09,00153370,00003503,O,AIRPORT,0000
300,SQ,0117,2028-05-09,00153233,00003832,O,AIRPORT,0000
300,SQ,0117,2028-05-09,00153328,00003524,O,AIRPORT,0000
300,SQ,0117,2028-05-09,00153387,00000396,O,AIRPORT,0000
300,SQ,0117,2028-05-09,00153324,00001136,O,AIRPORT,0000
300,SQ,0117,2028-05-09,00153320,00000529,O,AIRPORT,0000
300,SQ,0117,2028-08-18,00164579,00000542,O,AIRPORT,0000
300,SQ,0117,2028-08-18,00164472,00001528,O,AIRPORT,0000
300,SQ,0117,2028-08-18,00164386,00000285,O,AIRPORT,0000
300,SQ,0117,2028-08-18,00164404,00004412,O,AIRPORT,0000
300,SQ,0117,2028-08-18,00164519,00003710,O,AIRPORT,0000
300,SQ,0117,2028-08-18,00164417,00000956,O,AIRPORT,0000
300,SQ,0117,2028-08-18,00164388,00002913,O,AIRPORT,0000
300,SQ,0117,2028-08-18,00164466,00002350,O,AIRPORT,0000
300,SQ,0117,2028-08-18,00164548,00003059,O,AIRPORT,0000
300,SQ,0117,2028-08-18,00164428,00001827,O,AIRPORT,0000
300,SQ,0117,2028-08-18,00164628,00004093,O,AIRPORT,0000
300,SQ,0117,2028-08-18,00164566,00000647,O,AIRPORT,0000
300,SQ,0117,2028-08-18,00164546,00000928,O,AIRPORT,0000
300,SQ,0117,2028-08-18,00164610,00002586,O,AIRPORT,0000
300,SQ,0117,2028-08-18,00164457,00004595,O,AIRPORT,0000
300,SQ,0117,2028-08-18,00164607,00001615,O,AIRPORT,0000
300,SQ,0117,2028-08-18,00164464,00000972,O,AIRPORT,0000
300,SQ,0117,2028-08-18,00164418,00001110,O,AIRPORT,0000
300,QF,0006,2028-05-03,00043144,00004173,O,AIRPORT,0000
300,SQ,0117,2028-08-18,00164382,00002214,O,AIRPORT,0000
300,AZ,0788,2028-04-22,00043155,00004173,O,AIRPORT,0000
300,SQ,0117,2028-08-18,00164565,00003345,O,AIRPORT,0000
300,AA,0026,2028-05-10,00045084,00004173,O,AIRPORT,0000
300,SQ,0117,2028-08-18,00164563,00001051,O,AIRPORT,0000
300,QF,0006,2028-05-16,00045104,00004173,O,AIRPORT,0000
300,SQ,0117,2028-08-18,00164558,00002170,O,AIRPORT,0000
300,LH,0401,2028-04-22,00044846,00004173,O,AIRPORT,0000
300,SQ,0117,2028-08-18,00164384,00001735,O,AIRPORT,0000
300,QF,0006,2028-05-07,00044007,00004173,O,AIRPORT,0000
300,SQ,0117,2028-08-18,00164581,00004162,O,AIRPORT,0000
300,SQ,0117,2028-08-18,00164514,00000777,O,AIRPORT,0000
300,AA,0026,2028-05-07,00044606,00004173,O,AIRPORT,0000
300,SQ,0117,2028-08-18,00164487,00000667,O,AIRPORT,0000
300,QF,0005,2028-08-26,00029828,00004173,O,AIRPORT,0000
300,SQ,0117,2028-08-18,00164409,00003794,O,AIRPORT,0000
300,QF,0005,2028-08-01,00025117,00004173,O,AIRPORT,0000
300,SQ,0117,2028-08-18,00164405,00000527,O,AIRPORT,0000
300,JL,0407,2028-09-21,00024912,00004173,O,AIRPORT,0000
300,SQ,0117,2028-08-18,00164522,00002367,O,AIRPORT,0000
300,DL,0106,2028-08-11,00026644,00004173,O,AIRPORT,0000
300,SQ,0117,2028-08-18,00164493,00000462,O,AIRPORT,0000
300,QF,0005,2028-08-12,00027361,00004173,O,AIRPORT,0000
300,SQ,0117,2028-08-18,00164507,00001363,O,AIRPORT,0000
300,AZ,0555,2028-08-12,00027161,00004173,O,AIRPORT,0000
300,SQ,0117,2028-08-18,00164621,00000805,O,AIRPORT,0000
300,UA,0941,2028-05-19,00033784,00004173,O,AIRPORT,0000
300,JL,0408,2028-06-11,00035741,00004173,O,AIRPORT,0000
300,SQ,0117,2028-08-18,00164455,00002486,O,AIRPORT,0000
300,DL,0106,2028-09-27,00035776,00004173,O,AIRPORT,0000
300,SQ,0117,2028-08-18,00164486,00003218,O,AIRPORT,0000
300,AA,0017,2028-09-25,00035769,00004173,O,AIRPORT,0000
300,SQ,0117,2028-08-18,00164489,00000496,O,AIRPORT,0000
300,AZ,0555,2028-09-25,00036080,00004173,O,AIRPORT,0000
300,SQ,0117,2028-08-18,00164475,00002901,O,AIRPORT,0000
300,UA,0941,2028-05-30,00035105,00004173,O,AIRPORT,0000
300,SQ,0117,2028-08-18,00164395,00003668,O,AIRPORT,0000
300,DL,0106,2028-09-22,00034963,00004173,O,AIRPORT,0000
300,SQ,0117,2028-08-18,00164611,00000141,O,AIRPORT,0000
300,UA,0941,2028-06-01,00035272,00004173,O,AIRPORT,0000
300,SQ,0117,2028-08-18,00164588,00001501,O,AIRPORT,0000
300,UA,0941,2028-05-10,00032881,00004173,O,AIRPORT,0000
300,SQ,0117,2028-08-18,00164414,00001707,O,AIRPORT,0000
300,DL,1699,2028-08-11,00064267,00004173,O,AIRPORT,0000
300,SQ,0117,2028-08-18,00164592,00001774,O,AIRPORT,0000
300,UA,3504,2028-06-06,00064390,00004173,O,AIRPORT,0000
300,SQ,0117,2028-08-18,00164503,00001722,O,AIRPORT,0000
300,UA,3504,2028-05-28,00062716,00004173,O,AIRPORT,0000
300,SQ,0117,2028-08-18,00164567,00000796,O,AIRPORT,0000
300,AZ,0788,2028-07-04,00057454,00004173,O,AIRPORT,0000
300,SQ,0117,2028-08-18,00164550,00000642,O,AIRPORT,0000
300,QF,0006,2028-08-12,00057322,00004173,O,AIRPORT,0000
300,LH,0401,2028-05-24,00051175,00004173,O,AIRPORT,0000
300,SQ,0117,2028-08-18,00164554,00002379,O,AIRPORT,0000
300,AA,0026,2028-08-20,00059162,00004173,O,AIRPORT,0000
300,SQ,0117,2028-08-18,00164538,00004519,O,AIRPORT,0000
300,AZ,0788,2028-07-11,00058969,00004173,O,AIRPORT,0000
300,SQ,0117,2028-08-18,00164399,00004501,O,AIRPORT,0000
300,AA,0026,2028-08-16,00058698,00004173,O,AIRPORT,0000
300,SQ,0117,2028-08-18,00164485,00002339,O,AIRPORT,0000
300,UA,3504,2028-05-06,00058171,00004173,O,AIRPORT,0000
300,SQ,0117,2028-08-18,00164593,00003317,O,AIRPORT,0000
300,AA,0026,2028-09-12,00062300,00004173,O,AIRPORT,0000
300,SQ,0117,2028-08-18,00164431,00003138,O,AIRPORT,0000
300,QF,0006,2028-07-07,00052223,00004173,O,AIRPORT,0000
300,SQ,0117,2028-08-18,00164430,00003138,O,AIRPORT,0000
300,UA,3504,2028-04-11,00053462,00004173,O,AIRPORT,0000
300,SQ,0117,2028-08-18,00164471,00001835,O,AIRPORT,0000
300,AZ,0788,2028-06-12,00053084,00004173,O,AIRPORT,0000
300,SQ,0117,2028-08-18,00164470,00001835,O,AIRPORT,0000
300,DL,1699,2028-06-07,00051441,00004173,O,AIRPORT,0000
300,SQ,0117,2028-08-18,00164497,00002643,O,AIRPORT,0000
300,DL,1699,2028-06-18,00053867,00004173,O,AIRPORT,0000
300,UA,3504,2028-04-16,00054283,00004173,O,AIRPORT,0000
300,SQ,0117,2028-08-18,00164534,00003226,O,AIRPORT,0000
300,QF,0006,2028-07-02,00051531,00004173,O,AIRPORT,0000
300,SQ,0117,2028-08-18,00164583,00002059,O,AIRPORT,0000
300,LH,0401,2028-09-10,00073090,00004173,O,AIRPORT,0000
300,SQ,0117,2028-08-18,00164498,00002805,O,AIRPORT,0000
300,DL,1699,2028-09-29,00073534,00004173,O,AIRPORT,0000
300,SQ,0117,2028-08-18,00164587,00003624,O,AIRPORT,0000
300,AZ,0788,2028-09-25,00073822,00004173,O,AIRPORT,0000
300,SQ,0117,2028-08-18,00164505,00000826,O,AIRPORT,0000
300,UA,3504,2028-07-25,00073735,00004173,O,AIRPORT,0000
300,SQ,0117,2028-08-18,00164394,00001256,O,AIRPORT,0000
300,AZ,0788,2028-09-23,00073238,00004173,O,AIRPORT,0000
300,SQ,0117,2028-08-18,00164609,00004165,O,AIRPORT,0000
300,UA,3504,2028-07-10,00070996,00004173,O,AIRPORT,0000
300,SQ,0117,2028-08-18,00164415,00002931,O,AIRPORT,0000
300,AZ,0788,2028-09-16,00071991,00004173,O,AIRPORT,0000
300,AZ,0788,2028-10-26,00075385,00004173,O,AIRPORT,0000
300,SQ,0117,2028-08-18,00164397,00002821,O,AIRPORT,0000
300,AZ,0788,2028-10-28,00075586,00004173,O,AIRPORT,0000
300,SQ,0117,2028-08-18,00164411,00002902,O,AIRPORT,0000
300,SQ,0117,2028-08-18,00164532,00001347,O,AIRPORT,0000
300,AA,0064,2028-04-02,00067064,00004173,O,AIRPORT,0000
300,SQ,0117,2028-08-18,00164456,00004205,O,AIRPORT,0000
300,LH,0401,2028-08-10,00066145,00004173,O,AIRPORT,0000
300,AZ,0788,2028-09-07,00070387,00004173,O,AIRPORT,0000
300,SQ,0117,2028-08-18,00164586,00003374,O,AIRPORT,0000
300,UA,3504,2028-06-28,00068504,00004173,O,AIRPORT,0000
300,SQ,0117,2028-08-18,00164570,00004573,O,AIRPORT,0000
300,UA,3504,2028-06-28,00068666,00004173,O,AIRPORT,0000
300,SQ,0117,2028-08-18,00164423,00000064,O,AIRPORT,0000
300,UA,3504,2028-07-03,00069453,00004173,O,AIRPORT,0000
300,SQ,0117,2028-08-18,00164389,00002239,O,AIRPORT,0000
300,UA,3504,2028-08-19,00078909,00004173,O,AIRPORT,0000
300,SQ,0117,2028-08-18,00164491,00000564,O,AIRPORT,0000
300,AZ,0789,2028-03-31,00077221,00004173,O,AIRPORT,0000
300,SQ,0117,2028-08-18,00164604,00001759,O,AIRPORT,0000
300,UA,3504,2028-09-21,00086143,00004173,O,AIRPORT,0000
300,SQ,0117,2028-08-18,00164517,00002920,O,AIRPORT,0000
300,AA,0064,2028-09-19,00085884,00004173,O,AIRPORT,0000
300,SQ,0117,2028-08-18,00164582,00002543,O,AIRPORT,0000
300,LH,0402,2028-04-26,00085056,00004173,O,AIRPORT,0000
300,SQ,0117,2028-08-18,00164453,00004115,O,AIRPORT,0000
300,AA,0064,2028-09-26,00086659,00004173,O,AIRPORT,0000
300,SQ,0117,2028-08-18,00164488,00002578,O,AIRPORT,0000
300,AA,0064,2028-09-24,00086372,00004173,O,AIRPORT,0000
300,SQ,0117,2028-08-18,00164454,00002670,O,AIRPORT,0000
300,UA,3504,2028-09-03,00082149,00004173,O,AIRPORT,0000
300,SQ,0117,2028-08-18,00164510,00003427,O,AIRPORT,0000
300,AZ,0789,2028-05-07,00084327,00004173,O,AIRPORT,0000
300,SQ,0117,2028-08-18,00164452,00000930,O,AIRPORT,0000
300,DL,1984,2028-05-05,00082957,00004173,O,AIRPORT,0000
300,SQ,0117,2028-08-18,00164541,00000430,O,AIRPORT,0000
300,LH,0402,2028-08-06,00105278,00004173,O,AIRPORT,0000
300,DL,1984,2028-09-04,00106917,00004173,O,AIRPORT,0000
300,SQ,0117,2028-08-18,00164551,00001495,O,AIRPORT,0000
300,AZ,0789,2028-09-01,00107245,00004173,O,AIRPORT,0000
300,SQ,0117,2028-08-18,00164573,00004434,O,AIRPORT,0000
300,LH,0402,2028-08-13,00106318,00004173,O,AIRPORT,0000
300,SQ,0117,2028-08-18,00164557,00001558,O,AIRPORT,0000
300,AZ,0789,2028-08-16,00104056,00004173,O,AIRPORT,0000
300,SQ,0117,2028-08-18,00164542,00002393,O,AIRPORT,0000
300,LH,0402,2028-09-04,00110986,00004173,O,AIRPORT,0000
300,SQ,0117,2028-08-18,00164525,00002325,O,AIRPORT,0000
300,DL,1984,2028-09-09,00107940,00004173,O,AIRPORT,0000
300,SQ,0117,2028-08-18,00164446,00003581,O,AIRPORT,0000
300,UA,3516,2028-07-09,00109659,00004173,O,AIRPORT,0000
300,SQ,0117,2028-08-18,00164449,00004366,O,AIRPORT,0000
300,AZ,0789,2028-09-12,00109167,00004173,O,AIRPORT,0000
300,SQ,0117,2028-08-18,00164381,00003486,O,AIRPORT,0000
300,LH,0402,2028-08-27,00108919,00004173,O,AIRPORT,0000
300,AZ,0789,2028-10-06,00112775,00004173,O,AIRPORT,0000
300,SQ,0117,2028-08-18,00164547,00000248,O,AIRPORT,0000
300,LH,0402,2028-06-12,00094341,00004173,O,AIRPORT,0000
300,SQ,0117,2028-08-18,00164623,00002453,O,AIRPORT,0000
300,LH,0402,2028-05-25,00090918,00004173,O,AIRPORT,0000
300,SQ,0117,2028-08-18,00164380,00004201,O,AIRPORT,0000
300,DL,1984,2028-06-25,00093209,00004173,O,AIRPORT,0000
300,SQ,0117,2028-08-18,00164393,00001878,O,AIRPORT,0000
300,DL,1984,2028-06-25,00092999,00004173,O,AIRPORT,0000
300,SQ,0117,2028-08-18,00164529,00003130,O,AIRPORT,0000
300,UA,3516,2028-04-13,00092608,00004173,O,AIRPORT,0000
300,SQ,0117,2028-08-18,00164577,00001483,O,AIRPORT,0000
300,AZ,0789,2028-06-19,00092560,00004173,O,AIRPORT,0000
300,AZ,0789,2028-06-01,00089457,00004173,O,AIRPORT,0000
300,SQ,0117,2028-08-18,00164524,00003977,O,AIRPORT,0000
300,LH,0402,2028-06-12,00094103,00004173,O,AIRPORT,0000
300,SQ,0117,2028-08-18,00164552,00002795,O,AIRPORT,0000
300,AZ,0789,2028-07-09,00096582,00004173,O,AIRPORT,0000
300,SQ,0117,2028-08-18,00164606,00003563,O,AIRPORT,0000
300,DL,1984,2028-07-22,00098266,00004173,O,AIRPORT,0000
300,SQ,0117,2028-08-18,00164474,00003274,O,AIRPORT,0000
300,LH,0402,2028-07-13,00100169,00004173,O,AIRPORT,0000
300,SQ,0117,2028-08-18,00164520,00002293,O,AIRPORT,0000
300,DL,1984,2028-08-02,00100409,00004173,O,AIRPORT,0000
300,SQ,0117,2028-08-18,00164450,00002191,O,AIRPORT,0000
300,DL,1984,2028-07-31,00099888,00004173,O,AIRPORT,0000
300,SQ,0117,2028-08-18,00164614,00000834,O,AIRPORT,0000
300,UA,3516,2028-05-09,00098014,00004173,O,AIRPORT,0000
300,SQ,0117,2028-08-18,00164434,00003167,O,AIRPORT,0000
300,UA,3516,2028-04-28,00095565,00004173,O,AIRPORT,0000
300,SQ,0117,2028-08-18,00164408,00001766,O,AIRPORT,0000
300,AZ,0789,2028-10-20,00113525,00004173,O,AIRPORT,0000
300,SQ,0117,2028-08-18,00164619,00003871,O,AIRPORT,0000
300,AZ,0791,2028-05-01,00145452,00004173,O,AIRPORT,0000
300,AZ,0791,2028-05-06,00145954,00004173,O,AIRPORT,0000
300,SQ,0117,2028-08-18,00164518,00001567,O,AIRPORT,0000
300,AZ,0791,2028-05-01,00145573,00004173,O,AIRPORT,0000
300,SQ,0117,2028-08-18,00164459,00004006,O,AIRPORT,0000
300,AZ,0791,2028-05-03,00145632,00004173,O,AIRPORT,0000
300,SQ,0117,2028-08-18,00164392,00001514,O,AIRPORT,0000
300,UA,3517,2028-06-25,00145743,00004173,O,AIRPORT,0000
300,SQ,0117,2028-08-18,00164549,00002881,O,AIRPORT,0000
300,LH,0455,2028-04-30,00149622,00004173,O,AIRPORT,0000
300,SQ,0117,2028-08-18,00164543,00000910,O,AIRPORT,0000
300,AZ,0790,2028-09-21,00139180,00004173,O,AIRPORT,0000
300,SQ,0117,2028-08-18,00164412,00003256,O,AIRPORT,0000
300,UA,3517,2028-06-07,00142537,00004173,O,AIRPORT,0000
300,SQ,0117,2028-08-18,00164476,00001627,O,AIRPORT,0000
300,AZ,0791,2028-08-25,00158364,00004173,O,AIRPORT,0000
300,SQ,0117,2028-08-18,00164509,00004177,O,AIRPORT,0000
300,SQ,0117,2028-08-18,00164468,00001614,O,AIRPORT,0000
300,SQ,0117,2028-08-18,00164545,00000879,O,AIRPORT,0000
300,SQ,0117,2028-08-18,00164562,00000575,O,AIRPORT,0000
300,SQ,0117,2028-08-18,00164410,00000290,O,AIRPORT,0000
300,SQ,0117,2028-08-18,00164559,00000742,O,AIRPORT,0000
300,UA,3517,2028-08-29,00158501,00004173,O,AIRPORT,0000
300,SQ,0117,2028-08-18,00164622,00002416,O,AIRPORT,0000
300,AZ,0791,2028-08-25,00158452,00004173,O,AIRPORT,0000
300,SQ,0117,2028-08-18,00164501,00001900,O,AIRPORT,0000
300,UA,3517,2028-09-18,00162994,00004173,O,AIRPORT,0000
300,SQ,0117,2028-08-18,00164427,00001980,O,AIRPORT,0000
300,AZ,0791,2028-09-17,00160939,00004173,O,AIRPORT,0000
300,SQ,0117,2028-08-18,00164537,00003438,O,AIRPORT,0000
300,AZ,0791,2028-07-03,00152502,00004173,O,AIRPORT,0000
300,SQ,0117,2028-08-18,00164523,00003479,O,AIRPORT,0000
300,AZ,0791,2028-07-16,00153959,00004173,O,AIRPORT,0000
300,SQ,0117,2028-08-18,00164627,00003667,O,AIRPORT,0000
300,UA,3517,2028-07-24,00151347,00004173,O,AIRPORT,0000
300,SQ,0117,2028-08-18,00164441,00002677,O,AIRPORT,0000
300,LH,0455,2028-05-25,00152379,00004173,O,AIRPORT,0000
300,SQ,0117,2028-08-18,00164597,00000505,O,AIRPORT,0000
300,LH,0455,2028-05-20,00151838,00004173,O,AIRPORT,0000
300,UA,3516,2028-09-07,00122028,00004173,O,AIRPORT,0000
300,SQ,0117,2028-08-18,00164479,00001882,O,AIRPORT,0000
300,LH,0454,2028-05-22,00125578,00004173,O,AIRPORT,0000
300,SQ,0117,2028-08-18,00164508,00003148,O,AIRPORT,0000
300,UA,3516,2028-09-29,00126247,00004173,O,AIRPORT,0000
300,SQ,0117,2028-08-18,00164396,00001283,O,AIRPORT,0000
300,AZ,0790,2028-06-03,00123861,00004173,O,AIRPORT,0000
300,SQ,0117,2028-08-18,00164599,00001590,O,AIRPORT,0000
300,LH,0454,2028-05-13,00124455,00004173,O,AIRPORT,0000
300,SQ,0117,2028-08-18,00164608,00004304,O,AIRPORT,0000
300,UA,3516,2028-08-09,00115945,00004173,O,AIRPORT,0000
300,UA,3516,2028-08-13,00116439,00004173,O,AIRPORT,0000
300,SQ,0117,2028-08-18,00164425,00000331,O,AIRPORT,0000
300,AZ,0790,2028-04-11,00116682,00004173,O,AIRPORT,0000
300,SQ,0117,2028-08-18,00164506,00000471,O,AIRPORT,0000
300,LH,0402,2028-11-04,00117595,00004173,O,AIRPORT,0000
300,SQ,0117,2028-08-18,00164512,00004577,O,AIRPORT,0000
300,LH,0454,2028-03-29,00118240,00004173,O,AIRPORT,0000
300,SQ,0117,2028-08-18,00164482,00000060,O,AIRPORT,0000
300,AZ,0790,2028-08-18,00134660,00004173,O,AIRPORT,0000
300,UA,3517,2028-04-19,00132700,00004173,O,AIRPORT,0000
300,SQ,0117,2028-08-18,00164419,00000063,O,AIRPORT,0000
300,AZ,0790,2028-09-10,00137515,00004173,O,AIRPORT,0000
300,SQ,0117,2028-08-18,00164391,00000874,O,AIRPORT,0000
300,UA,3517,2028-05-11,00137313,00004173,O,AIRPORT,0000
300,SQ,0117,2028-08-18,00164469,00003428,O,AIRPORT,0000
300,LH,0454,2028-08-21,00138392,00004173,O,AIRPORT,0000
300,SQ,0117,2028-08-18,00164495,00000628,O,AIRPORT,0000
300,LH,0454,2028-08-21,00138206,00004173,O,AIRPORT,0000
300,SQ,0117,2028-08-18,00164530,00000804,O,AIRPORT,0000
300,UA,3517,2028-05-05,00135872,00004173,O,AIRPORT,0000
300,SQ,0117,2028-08-18,00164385,00002266,O,AIRPORT,0000
300,AZ,0790,2028-07-09,00128996,00004173,O,AIRPORT,0000
300,SQ,0117,2028-08-18,00164595,00002317,O,AIRPORT,0000
300,AZ,0790,2028-07-16,00129744,00004173,O,AIRPORT,0000
300,LH,0454,2028-06-29,00130898,00004173,O,AIRPORT,0000
300,SQ,0117,2028-08-18,00164496,00000894,O,AIRPORT,0000
300,UA,3517,2028-11-15,00166582,00004173,O,AIRPORT,0000
300,SQ,0117,2028-08-18,00164516,00004094,O,AIRPORT,0000
300,LH,2402,2028-08-28,00185613,00004173,O,AIRPORT,0000
300,SQ,0117,2028-08-18,00164540,00003775,O,AIRPORT,0000
300,LH,2402,2028-08-01,00182611,00004173,O,AIRPORT,0000
300,SQ,0117,2028-08-18,00164603,00002907,O,AIRPORT,0000
300,LH,0455,2028-11-06,00168075,00004173,O,AIRPORT,0000
300,SQ,0117,2028-08-18,00164617,00001649,O,AIRPORT,0000
300,LH,2402,2028-07-19,00181022,00004173,O,AIRPORT,0000
300,LH,2402,2028-05-20,00174163,00004173,O,AIRPORT,0000
300,SQ,0117,2028-08-18,00164629,00002733,O,AIRPORT,0000
300,LH,2462,2028-07-07,00257218,00004173,O,AIRPORT,0000
300,SQ,0117,2028-08-18,00164624,00004114,O,AIRPORT,0000
300,LH,2462,2028-06-04,00253517,00004173,O,AIRPORT,0000
300,SQ,0117,2028-08-18,00164515,00001372,O,AIRPORT,0000
300,LH,2462,2028-08-21,00262070,00004173,O,AIRPORT,0000
300,SQ,0117,2028-08-18,00164625,00004184,O,AIRPORT,0000
300,LH,2462,2028-08-21,00262249,00004173,O,AIRPORT,0000
300,SQ,0117,2028-08-18,00164461,00003565,O,AIRPORT,0000
300,LH,2462,2028-04-09,00247148,00004173,O,AIRPORT,0000
300,SQ,0117,2028-08-18,00164473,00002833,O,AIRPORT,0000
300,LH,2436,2028-06-20,00238072,00004173,O,AIRPORT,0000
300,SQ,0117,2028-08-18,00164630,00001886,O,AIRPORT,0000
300,LH,3577,2028-03-31,00291298,00004173,O,AIRPORT,0000
300,LH,3577,2028-05-13,00296245,00004173,O,AIRPORT,0000
300,SQ,0117,2028-08-18,00164602,00004353,O,AIRPORT,0000
300,LH,3577,2028-04-30,00294751,00004173,O,AIRPORT,0000
300,SQ,0117,2028-08-18,00164574,00000191,O,AIRPORT,0000
300,LH,3577,2028-04-30,00294705,00004173,O,AIRPORT,0000
300,SQ,0117,2028-08-18,00164426,00003039,O,AIRPORT,0000
300,LH,3577,2028-05-08,00295725,00004173,O,AIRPORT,0000
300,SQ,0117,2028-08-18,00164383,00001031,O,AIRPORT,0000
300,LH,2463,2028-07-14,00280203,00004173,O,AIRPORT,0000
300,SQ,0117,2028-08-18,00164433,00003630,O,AIRPORT,0000
300,LH,2463,2028-07-06,00279399,00004173,O,AIRPORT,0000
300,SQ,0117,2028-08-18,00164598,00003696,O,AIRPORT,0000
300,LH,2463,2028-06-18,00277274,00004173,O,AIRPORT,0000
300,SQ,0117,2028-08-18,00164504,00004423,O,AIRPORT,0000
300,LH,2463,2028-05-08,00272751,00004173,O,AIRPORT,0000
300,SQ,0117,2028-08-18,00164561,00004029,O,AIRPORT,0000
300,LH,3577,2028-07-08,00302513,00004173,O,AIRPORT,0000
300,SQ,0117,2028-08-18,00164589,00004002,O,AIRPORT,0000
300,LH,3577,2028-06-18,00300119,00004173,O,AIRPORT,0000
300,SQ,0117,2028-08-18,00164568,00000764,O,AIRPORT,0000
300,LH,3577,2028-06-24,00300886,00004173,O,AIRPORT,0000
300,SQ,0117,2028-08-18,00164438,00003385,O,AIRPORT,0000
300,LH,3577,2028-09-02,00308900,00004173,O,AIRPORT,0000
300,SQ,0117,2028-08-18,00164578,00001714,O,AIRPORT,0000
300,LH,2407,2028-07-10,00202537,00004173,O,AIRPORT,0000
300,SQ,0117,2028-08-18,00164406,00003753,O,AIRPORT,0000
300,LH,2407,2028-07-19,00203593,00004173,O,AIRPORT,0000
300,SQ,0117,2028-08-18,00164528,00003636,O,AIRPORT,0000
300,LH,2415,2028-04-09,00214482,00004173,O,AIRPORT,0000
300,SQ,0117,2028-08-18,00164502,00001428,O,AIRPORT,0000
300,LH,2415,2028-04-05,00214086,00004173,O,AIRPORT,0000
300,LH,2415,2028-07-19,00224124,00004173,O,AIRPORT,0000
300,SQ,0117,2028-08-18,00164401,00003733,O,AIRPORT,0000
300,LH,2415,2028-05-01,00216689,00004173,O,AIRPORT,0000
300,SQ,0117,2028-08-18,00164585,00000196,O,AIRPORT,0000
300,LH,2407,2028-07-26,00204415,00004173,O,AIRPORT,0000
300,SQ,0117,2028-08-18,00164448,00000059,O,AIRPORT,0000
300,LH,2407,2028-08-06,00205562,00004173,O,AIRPORT,0000
300,SQ,0117,2028-08-18,00164467,00002609,O,AIRPORT,0000
300,AZ,0555,2028-06-17,00016459,00004176,O,AIRPORT,0000
300,SQ,0117,2028-08-18,00164445,00003904,O,AIRPORT,0000
300,JL,0407,2028-07-16,00015469,00004176,O,AIRPORT,0000
300,SQ,0117,2028-08-18,00164511,00004616,O,AIRPORT,0000
300,AA,0017,2028-06-19,00016868,00004176,O,AIRPORT,0000
300,SQ,0117,2028-08-18,00164615,00004616,O,AIRPORT,0000
300,SQ,0117,2028-08-18,00164584,00000429,O,AIRPORT,0000
300,JL,0407,2028-06-28,00013171,00004176,O,AIRPORT,0000
300,SQ,0117,2028-08-18,00164539,00004174,O,AIRPORT,0000
300,DL,0106,2028-05-31,00012959,00004176,O,AIRPORT,0000
300,SQ,0117,2028-08-18,00164443,00002181,O,AIRPORT,0000
300,AA,0017,2028-06-01,00013077,00004176,O,AIRPORT,0000
300,SQ,0117,2028-08-18,00164544,00003281,O,AIRPORT,0000
300,AA,0017,2028-06-03,00013599,00004176,O,AIRPORT,0000
300,SQ,0117,2028-08-18,00164572,00003281,O,AIRPORT,0000
300,AZ,0555,2028-06-03,00013681,00004176,O,AIRPORT,0000
300,SQ,0117,2028-08-18,00164560,00002067,O,AIRPORT,0000
300,AZ,0555,2028-05-28,00012264,00004176,O,AIRPORT,0000
300,SQ,0117,2028-08-18,00164533,00004033,O,AIRPORT,0000
300,LH,0400,2028-05-26,00012179,00004176,O,AIRPORT,0000
300,SQ,0117,2028-08-18,00164605,00001730,O,AIRPORT,0000
300,QF,0005,2028-05-28,00012291,00004176,O,AIRPORT,0000
300,SQ,0117,2028-08-18,00164600,00001022,O,AIRPORT,0000
300,AA,0017,2028-05-30,00012850,00004176,O,AIRPORT,0000
300,SQ,0117,2028-08-18,00164379,00000974,O,AIRPORT,0000
300,LH,0400,2028-06-09,00014603,00004176,O,AIRPORT,0000
300,SQ,0117,2028-08-18,00164612,00003288,O,AIRPORT,0000
300,JL,0407,2028-09-01,00022146,00004176,O,AIRPORT,0000
300,SQ,0117,2028-08-18,00164460,00003363,O,AIRPORT,0000
300,DL,0106,2028-07-17,00022089,00004176,O,AIRPORT,0000
300,SQ,0117,2028-08-18,00164626,00001964,O,AIRPORT,0000
300,DL,0106,2028-07-20,00022255,00004176,O,AIRPORT,0000
300,SQ,0117,2028-08-18,00164480,00004498,O,AIRPORT,0000
300,AZ,0555,2028-07-18,00022630,00004176,O,AIRPORT,0000
300,SQ,0117,2028-08-18,00164390,00001668,O,AIRPORT,0000
300,LH,0400,2028-07-14,00021372,00004176,O,AIRPORT,0000
300,SQ,0117,2028-08-18,00164400,00002356,O,AIRPORT,0000
300,JL,0407,2028-08-28,00021495,00004176,O,AIRPORT,0000
300,SQ,0117,2028-08-18,00164403,00002969,O,AIRPORT,0000
300,LH,0400,2028-07-26,00023737,00004176,O,AIRPORT,0000
300,JL,0407,2028-09-10,00023459,00004176,O,AIRPORT,0000
300,SQ,0117,2028-08-18,00164387,00004403,O,AIRPORT,0000
300,AA,0017,2028-07-02,00019449,00004176,O,AIRPORT,0000
300,SQ,0117,2028-08-18,00164620,00003742,O,AIRPORT,0000
300,AA,0017,2028-06-30,00018967,00004176,O,AIRPORT,0000
300,SQ,0117,2028-08-18,00164492,00000476,O,AIRPORT,0000
300,LH,0400,2028-07-10,00020631,00004176,O,AIRPORT,0000
300,SQ,0117,2028-08-18,00164465,00000714,O,AIRPORT,0000
300,QF,0005,2028-04-11,00003361,00004176,O,AIRPORT,0000
300,SQ,0117,2028-08-18,00164407,00000736,O,AIRPORT,0000
300,AA,0017,2028-04-11,00003107,00004176,O,AIRPORT,0000
300,SQ,0117,2028-08-18,00164591,00002374,O,AIRPORT,0000
300,AZ,0555,2028-04-08,00002707,00004176,O,AIRPORT,0000
300,SQ,0117,2028-08-18,00164483,00002133,O,AIRPORT,0000
300,AA,0017,2028-04-08,00002836,00004176,O,AIRPORT,0000
300,SQ,0117,2028-08-18,00164536,00003291,O,AIRPORT,0000
300,AZ,0555,2028-05-16,00010219,00004176,O,AIRPORT,0000
300,SQ,0117,2028-08-18,00164484,00003820,O,AIRPORT,0000
300,AZ,0555,2028-05-12,00009389,00004176,O,AIRPORT,0000
300,AA,0017,2028-05-23,00011366,00004176,O,AIRPORT,0000
300,SQ,0117,2028-08-18,00164477,00002450,O,AIRPORT,0000
300,AA,0017,2028-05-21,00011044,00004176,O,AIRPORT,0000
300,SQ,0117,2028-08-18,00164618,00002450,O,AIRPORT,0000
300,LH,0400,2028-05-22,00011137,00004176,O,AIRPORT,0000
300,SQ,0117,2028-08-18,00164490,00002255,O,AIRPORT,0000
300,UA,0007,2028-05-15,00007086,00004176,O,AIRPORT,0000
300,SQ,0117,2028-08-18,00164402,00003967,O,AIRPORT,0000
300,AA,0017,2028-04-29,00006947,00004176,O,AIRPORT,0000
300,SQ,0117,2028-08-18,00164444,00002086,O,AIRPORT,0000
300,UA,0007,2028-05-20,00007554,00004176,O,AIRPORT,0000
300,SQ,0117,2028-08-18,00164398,00002086,O,AIRPORT,0000
300,AA,0017,2028-04-29,00006643,00004176,O,AIRPORT,0000
300,SQ,0117,2028-08-18,00164521,00004057,O,AIRPORT,0000
300,AA,0017,2028-05-03,00007730,00004176,O,AIRPORT,0000
300,SQ,0117,2028-08-18,00164439,00002827,O,AIRPORT,0000
300,UA,0941,2028-07-23,00041078,00004176,O,AIRPORT,0000
300,SQ,0117,2028-08-18,00164436,00002563,O,AIRPORT,0000
300,DL,0106,2028-11-02,00037145,00004176,O,AIRPORT,0000
300,SQ,0117,2028-08-18,00164462,00000039,O,AIRPORT,0000
300,UA,0941,2028-07-03,00038761,00004176,O,AIRPORT,0000
300,SQ,0117,2028-08-18,00164440,00002505,O,AIRPORT,0000
300,AA,0017,2028-10-31,00038183,00004176,O,AIRPORT,0000
300,SQ,0117,2028-08-18,00164555,00004287,O,AIRPORT,0000
300,DL,1699,2028-04-01,00038377,00004176,O,AIRPORT,0000
300,SQ,0117,2028-08-18,00164420,00002184,O,AIRPORT,0000
300,AA,0026,2028-05-23,00046741,00004176,O,AIRPORT,0000
300,SQ,0117,2028-08-18,00164556,00002854,O,AIRPORT,0000
300,JL,0408,2028-10-03,00048055,00004176,O,AIRPORT,0000
300,SQ,0117,2028-08-18,00164616,00000043,O,AIRPORT,0000
300,AZ,0788,2028-05-16,00048045,00004176,O,AIRPORT,0000
300,SQ,0117,2028-08-18,00164442,00000535,O,AIRPORT,0000
300,LH,0401,2028-05-10,00048243,00004176,O,AIRPORT,0000
300,SQ,0117,2028-08-18,00164571,00001884,O,AIRPORT,0000
300,QF,0006,2028-05-03,00043324,00004176,O,AIRPORT,0000
300,SQ,0117,2028-08-18,00164580,00000401,O,AIRPORT,0000
300,AA,0026,2028-04-26,00043190,00004176,O,AIRPORT,0000
300,AA,0026,2028-04-26,00043210,00004176,O,AIRPORT,0000
300,SQ,0117,2028-08-18,00164432,00001236,O,AIRPORT,0000
300,UA,0941,2028-08-25,00044843,00004176,O,AIRPORT,0000
300,SQ,0117,2028-08-18,00164478,00004311,O,AIRPORT,0000
300,LH,0401,2028-04-25,00045484,00004176,O,AIRPORT,0000
300,SQ,0117,2028-08-18,00164481,00000583,O,AIRPORT,0000
300,UA,0941,2028-08-21,00044303,00004176,O,AIRPORT,0000
300,SQ,0117,2028-08-18,00164535,00000400,O,AIRPORT,0000
300,LH,0401,2028-04-20,00044719,00004176,O,AIRPORT,0000
300,SQ,0117,2028-08-18,00164422,00001085,O,AIRPORT,0000
300,AZ,0788,2028-04-28,00044445,00004176,O,AIRPORT,0000
300,SQ,0117,2028-08-18,00164458,00001076,O,AIRPORT,0000
300,QF,0006,2028-05-12,00044408,00004176,O,AIRPORT,0000
300,SQ,0117,2028-08-18,00164575,00003761,O,AIRPORT,0000
300,DL,0106,2028-08-22,00028787,00004176,O,AIRPORT,0000
300,SQ,0117,2028-08-18,00164413,00003847,O,AIRPORT,0000
300,JL,0408,2028-04-21,00029872,00004176,O,AIRPORT,0000
300,SQ,0117,2028-08-18,00164499,00002254,O,AIRPORT,0000
300,LH,0400,2028-08-26,00029886,00004176,O,AIRPORT,0000
300,JL,0408,2028-04-18,00029802,00004176,O,AIRPORT,0000
300,SQ,0117,2028-08-18,00164553,00003599,O,AIRPORT,0000
300,AZ,0555,2028-08-23,00029285,00004176,O,AIRPORT,0000
300,SQ,0117,2028-08-18,00164429,00000472,O,AIRPORT,0000
300,AZ,0555,2028-08-20,00029226,00004176,O,AIRPORT,0000
300,SQ,0117,2028-08-18,00164424,00003204,O,AIRPORT,0000
300,UA,0941,2028-04-07,00029041,00004176,O,AIRPORT,0000
300,SQ,0117,2028-08-18,00164613,00002765,O,AIRPORT,0000
300,JL,0408,2028-04-18,00029623,00004176,O,AIRPORT,0000
300,SQ,0117,2028-08-18,00164494,00004363,O,AIRPORT,0000
300,JL,0408,2028-04-16,00029412,00004176,O,AIRPORT,0000
300,SQ,0117,2028-08-18,00164451,00003982,O,AIRPORT,0000
300,QF,0005,2028-08-03,00025459,00004176,O,AIRPORT,0000
300,SQ,0117,2028-08-18,00164569,00003121,O,AIRPORT,0000
300,JL,0407,2028-09-19,00024567,00004176,O,AIRPORT,0000
300,JL,0407,2028-09-17,00024403,00004176,O,AIRPORT,0000
300,LH,0400,2028-08-12,00027246,00004176,O,AIRPORT,0000
300,SQ,0117,2028-08-18,00164447,00004329,O,AIRPORT,0000
300,AZ,0555,2028-08-05,00025983,00004176,O,AIRPORT,0000
300,SQ,0117,2028-08-18,00164500,00003166,O,AIRPORT,0000
300,AZ,0555,2028-09-16,00034456,00004176,O,AIRPORT,0000
300,SQ,0117,2028-08-18,00164590,00002408,O,AIRPORT,0000
300,LH,0400,2028-09-15,00034850,00004176,O,AIRPORT,0000
300,SQ,0117,2028-08-18,00164601,00000042,O,AIRPORT,0000
300,UA,0941,2028-05-19,00033796,00004176,O,AIRPORT,0000
300,SQ,0117,2028-08-18,00164531,00000744,O,AIRPORT,0000
300,DL,0106,2028-09-16,00033878,00004176,O,AIRPORT,0000
300,SQ,0117,2028-08-18,00164437,00003746,O,AIRPORT,0000
300,JL,0408,2028-06-11,00035720,00004176,O,AIRPORT,0000
300,SQ,0117,2028-08-18,00164463,00004112,O,AIRPORT,0000
300,DL,0106,2028-10-08,00036336,00004176,O,AIRPORT,0000
300,SQ,0117,2028-08-18,00164526,00002039,O,AIRPORT,0000
300,LH,0400,2028-09-19,00035451,00004176,O,AIRPORT,0000
300,SQ,0117,2028-08-18,00164527,00003873,O,AIRPORT,0000
300,AZ,0555,2028-09-05,00031930,00004176,O,AIRPORT,0000
300,SQ,0117,2028-08-18,00164435,00003528,O,AIRPORT,0000
300,AA,0017,2028-08-29,00030773,00004176,O,AIRPORT,0000
300,SQ,0117,2028-08-18,00164576,00000614,O,AIRPORT,0000
300,DL,0106,2028-09-02,00031016,00004176,O,AIRPORT,0000
300,SQ,0117,2028-08-18,00164564,00003537,O,AIRPORT,0000
300,LH,0400,2028-09-08,00032821,00004176,O,AIRPORT,0000
300,DL,0106,2028-09-11,00033008,00004176,O,AIRPORT,0000
300,SQ,0117,2028-08-18,00164596,00002583,O,AIRPORT,0000
300,DL,1699,2028-08-13,00064523,00004176,O,AIRPORT,0000
300,SQ,0117,2028-08-18,00164421,00002404,O,AIRPORT,0000
300,QF,0006,2028-09-21,00062775,00004176,O,AIRPORT,0000
300,SQ,0117,2028-08-18,00164416,00001533,O,AIRPORT,0000
300,LH,0401,2028-07-21,00062471,00004176,O,AIRPORT,0000
300,SQ,0117,2028-08-18,00164594,00000943,O,AIRPORT,0000
300,DL,1699,2028-05-31,00050162,00004176,O,AIRPORT,0000
300,SQ,0117,2028-08-18,00164513,00004109,O,AIRPORT,0000
300,UA,3504,2028-04-25,00056220,00004176,O,AIRPORT,0000
300,SQ,0117,2028-08-15,00164280,00003158,O,AIRPORT,0000
300,QF,0006,2028-08-14,00057500,00004176,O,AIRPORT,0000
300,SQ,0117,2028-08-15,00164264,00004437,O,AIRPORT,0000
300,AZ,0788,2028-07-02,00057117,00004176,O,AIRPORT,0000
300,SQ,0117,2028-08-15,00164134,00001528,O,AIRPORT,0000
300,UA,3504,2028-05-10,00059327,00004176,O,AIRPORT,0000
300,SQ,0117,2028-08-15,00164195,00000979,O,AIRPORT,0000
300,DL,1699,2028-07-28,00061457,00004176,O,AIRPORT,0000
300,SQ,0117,2028-08-15,00164289,00003000,O,AIRPORT,0000
300,QF,0006,2028-09-01,00060019,00004176,O,AIRPORT,0000
300,SQ,0117,2028-08-15,00164372,00003000,O,AIRPORT,0000
300,DL,1699,2028-06-03,00050735,00004176,O,AIRPORT,0000
300,SQ,0117,2028-08-15,00164316,00003627,O,AIRPORT,0000
300,LH,0401,2028-07-14,00061019,00004176,O,AIRPORT,0000
300,SQ,0117,2028-08-15,00164342,00000004,O,AIRPORT,0000
300,UA,0941,2028-09-28,00049011,00004176,O,AIRPORT,0000
300,SQ,0117,2028-08-15,00164303,00002944,O,AIRPORT,0000
300,AZ,0788,2028-06-05,00052114,00004176,O,AIRPORT,0000
300,SQ,0117,2028-08-15,00164313,00003910,O,AIRPORT,0000
300,LH,0401,2028-06-02,00052760,00004176,O,AIRPORT,0000
300,SQ,0117,2028-08-15,00164312,00003910,O,AIRPORT,0000
300,QF,0006,2028-07-25,00054790,00004176,O,AIRPORT,0000
300,SQ,0117,2028-08-15,00164281,00001833,O,AIRPORT,0000
300,LH,0401,2028-06-13,00054820,00004176,O,AIRPORT,0000
300,SQ,0117,2028-08-15,00164370,00002701,O,AIRPORT,0000
300,DL,1699,2028-06-23,00054720,00004176,O,AIRPORT,0000
300,SQ,0117,2028-08-15,00164362,00003485,O,AIRPORT,0000
300,UA,0941,2028-11-07,00050063,00004176,O,AIRPORT,0000
300,SQ,0117,2028-08-15,00164196,00002913,O,AIRPORT,0000
300,AZ,0788,2028-05-27,00050015,00004176,O,AIRPORT,0000
300,SQ,0117,2028-08-15,00164165,00002238,O,AIRPORT,0000
300,LH,0401,2028-09-10,00072777,00004176,O,AIRPORT,0000
300,SQ,0117,2028-08-15,00164268,00001891,O,AIRPORT,0000
300,AZ,0789,2028-03-26,00076087,00004176,O,AIRPORT,0000
300,SQ,0117,2028-08-15,00164248,00002270,O,AIRPORT,0000
300,AA,0064,2028-06-24,00076283,00004176,O,AIRPORT,0000
300,SQ,0117,2028-08-15,00164262,00002251,O,AIRPORT,0000
300,AA,0064,2028-06-08,00074357,00004176,O,AIRPORT,0000
300,SQ,0117,2028-08-15,00164155,00001781,O,AIRPORT,0000
300,AZ,0788,2028-10-06,00074784,00004176,O,AIRPORT,0000
300,SQ,0117,2028-08-15,00164174,00000669,O,AIRPORT,0000
300,AZ,0788,2028-08-20,00066577,00004176,O,AIRPORT,0000
300,SQ,0117,2028-08-15,00164272,00001438,O,AIRPORT,0000
300,AA,0064,2028-04-09,00067664,00004176,O,AIRPORT,0000
300,AZ,0788,2028-08-29,00068300,00004176,O,AIRPORT,0000
300,SQ,0117,2028-08-15,00164269,00000831,O,AIRPORT,0000
300,DL,1699,2028-09-04,00069097,00004176,O,AIRPORT,0000
300,SQ,0117,2028-08-15,00164231,00002312,O,AIRPORT,0000
300,LH,0401,2028-08-23,00068997,00004176,O,AIRPORT,0000
300,SQ,0117,2028-08-15,00164190,00003870,O,AIRPORT,0000
300,DL,1984,2028-04-03,00077175,00004176,O,AIRPORT,0000
300,SQ,0117,2028-08-15,00164238,00002826,O,AIRPORT,0000
300,AA,0064,2028-07-07,00077823,00004176,O,AIRPORT,0000
300,SQ,0117,2028-08-15,00164184,00001780,O,AIRPORT,0000
300,AZ,0789,2028-04-11,00079406,00004176,O,AIRPORT,0000
300,SQ,0117,2028-08-15,00164320,00003712,O,AIRPORT,0000
300,AA,0064,2028-07-25,00079623,00004176,O,AIRPORT,0000
300,SQ,0117,2028-08-15,00164376,00000947,O,AIRPORT,0000
300,LH,0402,2028-05-05,00086883,00004176,O,AIRPORT,0000
300,SQ,0117,2028-08-15,00164286,00001263,O,AIRPORT,0000
300,LH,0402,2028-04-12,00082401,00004176,O,AIRPORT,0000
300,SQ,0117,2028-08-15,00164345,00001521,O,AIRPORT,0000
300,DL,1984,2028-05-02,00082561,00004176,O,AIRPORT,0000
300,SQ,0117,2028-08-15,00164226,00004402,O,AIRPORT,0000
300,UA,3504,2028-09-03,00082206,00004176,O,AIRPORT,0000
300,SQ,0117,2028-08-15,00164244,00003987,O,AIRPORT,0000
300,AA,0064,2028-08-05,00080917,00004176,O,AIRPORT,0000
300,SQ,0117,2028-08-15,00164186,00003896,O,AIRPORT,0000
300,LH,0402,2028-04-08,00081603,00004176,O,AIRPORT,0000
300,SQ,0117,2028-08-15,00164147,00001443,O,AIRPORT,0000
300,DL,1984,2028-04-26,00081424,00004176,O,AIRPORT,0000
300,SQ,0117,2028-08-15,00164246,00001187,O,AIRPORT,0000
300,AZ,0789,2028-05-05,00083884,00004176,O,AIRPORT,0000
300,SQ,0117,2028-08-15,00164203,00002766,O,AIRPORT,0000
300,UA,3504,2028-09-10,00083547,00004176,O,AIRPORT,0000
300,SQ,0117,2028-08-15,00164247,00000408,O,AIRPORT,0000
300,UA,3504,2028-09-10,00083471,00004176,O,AIRPORT,0000
300,SQ,0117,2028-08-15,00164270,00004161,O,AIRPORT,0000
300,AA,0064,2028-08-26,00083247,00004176,O,AIRPORT,0000
300,SQ,0117,2028-08-15,00164317,00002575,O,AIRPORT,0000
300,LH,0402,2028-04-15,00083158,00004176,O,AIRPORT,0000
300,SQ,0117,2028-08-15,00164324,00001339,O,AIRPORT,0000
300,UA,3516,2028-06-16,00105300,00004176,O,AIRPORT,0000
300,SQ,0117,2028-08-15,00164323,00003196,O,AIRPORT,0000
300,UA,3516,2028-06-23,00106501,00004176,O,AIRPORT,0000
300,SQ,0117,2028-08-15,00164159,00000978,O,AIRPORT,0000
300,AZ,0789,2028-08-16,00103805,00004176,O,AIRPORT,0000
300,SQ,0117,2028-08-15,00164358,00004270,O,AIRPORT,0000
300,UA,3516,2028-06-05,00103073,00004176,O,AIRPORT,0000
300,SQ,0117,2028-08-15,00164343,00000145,O,AIRPORT,0000
300,UA,3516,2028-06-07,00103475,00004176,O,AIRPORT,0000
300,SQ,0117,2028-08-15,00164183,00000223,O,AIRPORT,0000
300,AZ,0789,2028-09-23,00111288,00004176,O,AIRPORT,0000
300,SQ,0117,2028-08-15,00164212,00001163,O,AIRPORT,0000
300,LH,0402,2028-09-02,00110874,00004176,O,AIRPORT,0000
300,SQ,0117,2028-08-15,00164211,00001626,O,AIRPORT,0000
300,UA,3516,2028-07-22,00112160,00004176,O,AIRPORT,0000
300,SQ,0117,2028-08-15,00164252,00000516,O,AIRPORT,0000
300,UA,3516,2028-07-06,00109283,00004176,O,AIRPORT,0000
300,SQ,0117,2028-08-15,00164173,00000539,O,AIRPORT,0000
300,DL,1984,2028-11-08,00113283,00004176,O,AIRPORT,0000
300,SQ,0117,2028-08-15,00164172,00001513,O,AIRPORT,0000
300,UA,3516,2028-04-22,00094556,00004176,O,AIRPORT,0000
300,SQ,0117,2028-08-15,00164307,00003273,O,AIRPORT,0000
300,DL,1984,2028-07-04,00094875,00004176,O,AIRPORT,0000
300,SQ,0117,2028-08-15,00164237,00001501,O,AIRPORT,0000
300,AZ,0789,2028-06-12,00091390,00004176,O,AIRPORT,0000
300,SQ,0117,2028-08-15,00164257,00003622,O,AIRPORT,0000
300,LH,0402,2028-06-03,00092640,00004176,O,AIRPORT,0000
300,SQ,0117,2028-08-15,00164337,00003935,O,AIRPORT,0000
300,UA,3516,2028-04-10,00092467,00004176,O,AIRPORT,0000
300,SQ,0117,2028-08-15,00164242,00002052,O,AIRPORT,0000
300,DL,1984,2028-06-03,00088817,00004176,O,AIRPORT,0000
300,LH,0402,2028-06-12,00094140,00004176,O,AIRPORT,0000
300,AZ,0789,2028-06-06,00090238,00004176,O,AIRPORT,0000
300,LH,0402,2028-07-08,00099469,00004176,O,AIRPORT,0000
300,DL,1984,2028-07-22,00098284,00004176,O,AIRPORT,0000
300,LH,0402,2028-07-13,00100292,00004176,O,AIRPORT,0000
300,UA,3516,2028-05-21,00100262,00004176,O,AIRPORT,0000
300,UA,3516,2028-05-09,00097691,00004176,O,AIRPORT,0000
300,LH,0402,2028-06-18,00095566,00004176,O,AIRPORT,0000
300,DL,1984,2028-07-06,00095326,00004176,O,AIRPORT,0000
300,DL,1984,2028-07-06,00095360,00004176,O,AIRPORT,0000
300,AZ,0791,2028-06-08,00149577,00004176,O,AIRPORT,0000
300,UA,3517,2028-07-22,00150904,00004176,O,AIRPORT,0000
300,UA,3517,2028-09-01,00159366,00004176,O,AIRPORT,0000
300,UA,3517,2028-09-07,00160389,00004176,O,AIRPORT,0000
300,AZ,0791,2028-06-28,00151927,00004176,O,AIRPORT,0000
300,AZ,0791,2028-08-10,00156754,00004176,O,AIRPORT,0000
300,AZ,0791,2028-07-18,00154196,00004176,O,AIRPORT,0000
300,UA,3516,2028-09-09,00122371,00004176,O,AIRPORT,0000
300,LH,0454,2028-04-25,00121812,00004176,O,AIRPORT,0000
300,UA,3516,2028-09-01,00120477,00004176,O,AIRPORT,0000
300,UA,3516,2028-09-23,00125507,00004176,O,AIRPORT,0000
300,AZ,0790,2028-06-21,00126326,00004176,O,AIRPORT,0000
300,LH,0454,2028-04-05,00119248,00004176,O,AIRPORT,0000
300,AZ,0790,2028-04-17,00117560,00004176,O,AIRPORT,0000
300,UA,3517,2028-04-26,00134221,00004176,O,AIRPORT,0000
300,UA,3517,2028-04-21,00133273,00004176,O,AIRPORT,0000
300,UA,3517,2028-05-16,00138200,00004176,O,AIRPORT,0000
300,UA,3517,2028-05-16,00138206,00004176,O,AIRPORT,0000
300,LH,0454,2028-06-13,00128608,00004176,O,AIRPORT,0000
300,LH,0454,2028-06-13,00128895,00004176,O,AIRPORT,0000
300,UA,3516,2028-10-06,00126791,00004176,O,AIRPORT,0000
300,AZ,0790,2028-06-23,00126855,00004176,O,AIRPORT,0000
300,LH,0454,2028-06-02,00127205,00004176,O,AIRPORT,0000
300,AZ,0790,2028-06-28,00127410,00004176,O,AIRPORT,0000
300,AZ,0790,2028-07-16,00129997,00004176,O,AIRPORT,0000
300,LH,0454,2028-06-22,00129846,00004176,O,AIRPORT,0000
300,LH,0454,2028-06-27,00130519,00004176,O,AIRPORT,0000
300,LH,2407,2028-05-11,00195902,00004176,O,AIRPORT,0000
300,LH,2407,2028-06-11,00199210,00004176,O,AIRPORT,0000
300,LH,2407,2028-06-06,00198863,00004176,O,AIRPORT,0000
300,LH,2402,2028-09-08,00187111,00004176,O,AIRPORT,0000
300,LH,2402,2028-10-21,00190248,00004176,O,AIRPORT,0000
300,LH,2402,2028-07-01,00179017,00004176,O,AIRPORT,0000
300,LH,2402,2028-07-10,00180086,00004176,O,AIRPORT,0000
300,LH,2402,2028-06-20,00177824,00004176,O,AIRPORT,0000
300,LH,2462,2028-06-15,00254691,00004176,O,AIRPORT,0000
300,LH,2462,2028-07-25,00259174,00004176,O,AIRPORT,0000
300,LH,2462,2028-10-16,00267253,00004176,O,AIRPORT,0000
300,LH,2415,2028-11-07,00232428,00004176,O,AIRPORT,0000
300,LH,2436,2028-06-02,00236856,00004176,O,AIRPORT,0000
300,LH,2436,2028-06-22,00238147,00004176,O,AIRPORT,0000
300,LH,2463,2028-09-26,00289138,00004176,O,AIRPORT,0000
300,LH,2463,2028-11-03,00290634,00004176,O,AIRPORT,0000
300,LH,3577,2028-05-24,00297446,00004176,O,AIRPORT,0000
300,LH,3577,2028-05-13,00296264,00004176,O,AIRPORT,0000
300,LH,2463,2028-08-04,00282569,00004176,O,AIRPORT,0000
300,LH,2463,2028-06-29,00278648,00004176,O,AIRPORT,0000
300,LH,2463,2028-07-01,00278729,00004176,O,AIRPORT,0000
300,LH,2463,2028-09-06,00286578,00004176,O,AIRPORT,0000
300,LH,2463,2028-08-31,00285966,00004176,O,AIRPORT,0000
300,LH,3577,2028-09-10,00309839,00004176,O,AIRPORT,0000
300,LH,2463,2028-04-21,00270688,00004176,O,AIRPORT,0000
300,LH,3577,2028-06-15,00299787,00004176,O,AIRPORT,0000
300,LH,3577,2028-09-06,00309444,00004176,O,AIRPORT,0000
300,LH,3577,2028-08-06,00305748,00004176,O,AIRPORT,0000
300,LH,2407,2028-07-12,00202817,00004176,O,AIRPORT,0000
300,LH,2407,2028-07-12,00202676,00004176,O,AIRPORT,0000
300,LH,2407,2028-10-18,00212605,00004176,O,AIRPORT,0000
300,LH,2415,2028-03-31,00213576,00004176,O,AIRPORT,0000
300,LH,2415,2028-06-22,00221651,00004176,O,AIRPORT,0000
300,LH,2415,2028-07-25,00224774,00004176,O,AIRPORT,0000
300,LH,2415,2028-06-20,00221308,00004176,O,AIRPORT,0000
300,DL,1699,2028-05-25,00048900,00001676,O,AIRPORT,0000
300,QF,0005,2028-06-17,00016229,00001676,O,AIRPORT,0000
300,DL,0106,2028-06-25,00017678,00001676,O,AIRPORT,0000
300,AZ,0555,2028-06-26,00017977,00001676,O,AIRPORT,0000
300,LH,0400,2028-05-31,00012884,00001676,O,AIRPORT,0000
300,AZ,0555,2028-06-08,00014721,00001676,O,AIRPORT,0000
300,QF,0005,2028-06-11,00014838,00001676,O,AIRPORT,0000
300,QF,0005,2028-07-14,00021585,00001676,O,AIRPORT,0000
300,UA,0007,2028-09-11,00023876,00001676,O,AIRPORT,0000
300,DL,0106,2028-07-26,00023913,00001676,O,AIRPORT,0000
300,QF,0005,2028-07-03,00019177,00001676,O,AIRPORT,0000
300,AZ,0555,2028-06-30,00019019,00001676,O,AIRPORT,0000
300,DL,0106,2028-07-11,00020715,00001676,O,AIRPORT,0000
300,JL,0407,2028-08-21,00020642,00001676,O,AIRPORT,0000
300,AZ,0555,2028-04-15,00004168,00001676,O,AIRPORT,0000
300,UA,0007,2028-04-16,00003081,00001676,O,AIRPORT,0000
300,UA,0007,2028-04-21,00003607,00001676,O,AIRPORT,0000
300,JL,0407,2028-04-05,00001277,00001676,O,AIRPORT,0000
300,QF,0005,2028-03-27,00000242,00001676,O,AIRPORT,0000
300,AA,0017,2028-04-08,00002725,00001676,O,AIRPORT,0000
300,AA,0017,2028-05-14,00009817,00001676,O,AIRPORT,0000
300,QF,0005,2028-05-15,00009586,00001676,O,AIRPORT,0000
300,JL,0407,2028-06-17,00011541,00001676,O,AIRPORT,0000
300,QF,0005,2028-04-27,00006354,00001676,O,AIRPORT,0000
300,AZ,0555,2028-04-26,00006493,00001676,O,AIRPORT,0000
300,JL,0407,2028-05-26,00008377,00001676,O,AIRPORT,0000
300,LH,0400,2028-05-11,00008809,00001676,O,AIRPORT,0000
300,JL,0407,2028-05-24,00008102,00001676,O,AIRPORT,0000
300,QF,0006,2028-04-11,00040199,00001676,O,AIRPORT,0000
300,UA,0941,2028-07-16,00040346,00001676,O,AIRPORT,0000
300,AA,0026,2028-04-04,00040052,00001676,O,AIRPORT,0000
300,QF,0006,2028-04-08,00039997,00001676,O,AIRPORT,0000
300,LH,0400,2028-10-03,00037472,00001676,O,AIRPORT,0000
300,UA,0941,2028-06-19,00037237,00001676,O,AIRPORT,0000
300,LH,0400,2028-11-10,00039381,00001676,O,AIRPORT,0000
300,DL,1699,2028-04-01,00038643,00001676,O,AIRPORT,0000
300,UA,0941,2028-06-30,00038612,00001676,O,AIRPORT,0000
300,DL,1699,2028-05-09,00045722,00001676,O,AIRPORT,0000
300,AA,0026,2028-05-14,00045521,00001676,O,AIRPORT,0000
300,JL,0408,2028-09-26,00047826,00001676,O,AIRPORT,0000
300,LH,0401,2028-05-08,00047869,00001676,O,AIRPORT,0000
300,JL,0408,2028-10-07,00048339,00001676,O,AIRPORT,0000
300,JL,0408,2028-09-22,00047342,00001676,O,AIRPORT,0000
300,AA,0026,2028-05-28,00047453,00001676,O,AIRPORT,0000
300,JL,0408,2028-09-24,00047423,00001676,O,AIRPORT,0000
300,LH,0401,2028-04-16,00043502,00001676,O,AIRPORT,0000
300,UA,0941,2028-08-12,00043460,00001676,O,AIRPORT,0000
300,AA,0026,2028-04-24,00042755,00001676,O,AIRPORT,0000
300,LH,0401,2028-04-14,00043062,00001676,O,AIRPORT,0000
300,JL,0408,2028-08-17,00043208,00001676,O,AIRPORT,0000
300,QF,0006,2028-05-16,00045055,00001676,O,AIRPORT,0000
300,JL,0408,2028-08-28,00044516,00001676,O,AIRPORT,0000
300,AZ,0555,2028-08-18,00028721,00001676,O,AIRPORT,0000
300,QF,0005,2028-08-19,00028638,00001676,O,AIRPORT,0000
300,AA,0017,2028-08-20,00028975,00001676,O,AIRPORT,0000
300,DL,0106,2028-08-24,00029545,00001676,O,AIRPORT,0000
300,AA,0017,2028-08-03,00025514,00001676,O,AIRPORT,0000
300,QF,0005,2028-08-01,00024829,00001676,O,AIRPORT,0000
300,DL,0106,2028-08-13,00027268,00001676,O,AIRPORT,0000
300,JL,0407,2028-10-09,00026110,00001676,O,AIRPORT,0000
300,UA,0007,2028-09-26,00026109,00001676,O,AIRPORT,0000
300,LH,0400,2028-08-08,00026228,00001676,O,AIRPORT,0000
300,UA,0007,2028-10-05,00026537,00001676,O,AIRPORT,0000
300,LH,0400,2028-09-13,00034131,00001676,O,AIRPORT,0000
300,UA,0941,2028-05-21,00034159,00001676,O,AIRPORT,0000
300,DL,0106,2028-09-22,00035258,00001676,O,AIRPORT,0000
300,QF,0005,2028-09-21,00034997,00001676,O,AIRPORT,0000
300,QF,0005,2028-09-24,00035511,00001676,O,AIRPORT,0000
300,UA,0941,2028-06-04,00035591,00001676,O,AIRPORT,0000
300,DL,0106,2028-08-31,00030640,00001676,O,AIRPORT,0000
300,LH,0400,2028-08-28,00030501,00001676,O,AIRPORT,0000
300,AZ,0788,2028-08-07,00064092,00001676,O,AIRPORT,0000
300,UA,3504,2028-06-04,00064118,00001676,O,AIRPORT,0000
300,LH,0401,2028-08-01,00064682,00001676,O,AIRPORT,0000
300,AZ,0788,2028-08-09,00064623,00001676,O,AIRPORT,0000
300,UA,3504,2028-05-28,00062753,00001676,O,AIRPORT,0000
300,UA,3504,2028-05-28,00062754,00001676,O,AIRPORT,0000
300,DL,1699,2028-08-04,00062827,00001676,O,AIRPORT,0000
300,UA,3504,2028-05-10,00059056,00001676,O,AIRPORT,0000
300,QF,0006,2028-08-23,00058762,00001676,O,AIRPORT,0000
300,DL,1699,2028-06-05,00051048,00001676,O,AIRPORT,0000
300,DL,1699,2028-06-05,00051047,00001676,O,AIRPORT,0000
300,AA,0026,2028-09-05,00061499,00001676,O,AIRPORT,0000
300,UA,3504,2028-05-22,00061499,00001676,O,AIRPORT,0000
300,UA,3504,2028-05-26,00062330,00001676,O,AIRPORT,0000
300,AA,0026,2028-06-19,00050612,00001676,O,AIRPORT,0000
300,AZ,0788,2028-07-20,00060821,00001676,O,AIRPORT,0000
300,DL,1699,2028-06-14,00052643,00001676,O,AIRPORT,0000
300,LH,0401,2028-06-11,00054517,00001676,O,AIRPORT,0000
300,LH,0401,2028-06-15,00055515,00001676,O,AIRPORT,0000
300,UA,3504,2028-04-22,00055683,00001676,O,AIRPORT,0000
300,UA,3504,2028-04-20,00055172,00001676,O,AIRPORT,0000
300,UA,3504,2028-04-20,00055210,00001676,O,AIRPORT,0000
300,UA,3504,2028-04-20,00055372,00001676,O,AIRPORT,0000
300,AA,0064,2028-06-24,00076329,00001676,O,AIRPORT,0000
300,AZ,0789,2028-03-26,00076223,00001676,O,AIRPORT,0000
300,AA,0064,2028-06-13,00075046,00001676,O,AIRPORT,0000
300,LH,0401,2028-09-17,00074786,00001676,O,AIRPORT,0000
300,UA,3504,2028-06-24,00067727,00001676,O,AIRPORT,0000
300,AZ,0788,2028-09-09,00070742,00001676,O,AIRPORT,0000
300,DL,1699,2028-09-13,00070926,00001676,O,AIRPORT,0000
300,AA,0064,2028-04-14,00068245,00001676,O,AIRPORT,0000
300,UA,3504,2028-07-01,00069338,00001676,O,AIRPORT,0000
300,LH,0401,2028-11-01,00078961,00001676,O,AIRPORT,0000
300,DL,1984,2028-04-12,00078709,00001676,O,AIRPORT,0000
300,DL,1984,2028-04-06,00077498,00001676,O,AIRPORT,0000
300,AZ,0789,2028-04-17,00080425,00001676,O,AIRPORT,0000
300,AZ,0789,2028-05-07,00084406,00001676,O,AIRPORT,0000
300,LH,0402,2028-04-23,00084628,00001676,O,AIRPORT,0000
300,DL,1984,2028-05-27,00087422,00001676,O,AIRPORT,0000
300,DL,1984,2028-05-29,00088014,00001676,O,AIRPORT,0000
300,AA,0064,2028-09-26,00086635,00001676,O,AIRPORT,0000
300,DL,1984,2028-04-28,00081960,00001676,O,AIRPORT,0000
300,DL,1984,2028-04-23,00080862,00001676,O,AIRPORT,0000
300,UA,3504,2028-09-06,00082758,00001676,O,AIRPORT,0000
300,UA,3516,2028-06-19,00105763,00001676,O,AIRPORT,0000
300,DL,1984,2028-09-07,00107355,00001676,O,AIRPORT,0000
300,DL,1984,2028-09-02,00106412,00001676,O,AIRPORT,0000
300,AZ,0789,2028-08-05,00101656,00001676,O,AIRPORT,0000
300,UA,3516,2028-05-29,00101866,00001676,O,AIRPORT,0000
300,LH,0402,2028-07-31,00103658,00001676,O,AIRPORT,0000
300,LH,0402,2028-09-07,00111647,00001676,O,AIRPORT,0000
300,LH,0402,2028-08-24,00108410,00001676,O,AIRPORT,0000
300,DL,1984,2028-09-16,00109027,00001676,O,AIRPORT,0000
300,UA,3516,2028-04-13,00092865,00001676,O,AIRPORT,0000
300,LH,0402,2028-06-05,00092898,00001676,O,AIRPORT,0000
300,LH,0402,2028-06-07,00093421,00001676,O,AIRPORT,0000
300,AZ,0789,2028-06-17,00092372,00001676,O,AIRPORT,0000
300,LH,0402,2028-05-16,00088884,00001676,O,AIRPORT,0000
300,DL,1984,2028-05-31,00088562,00001676,O,AIRPORT,0000
300,UA,3516,2028-04-19,00094069,00001676,O,AIRPORT,0000
300,UA,3516,2028-05-07,00097269,00001676,O,AIRPORT,0000
300,UA,3516,2028-04-30,00096062,00001676,O,AIRPORT,0000
300,SQ,0117,2028-08-15,00164273,00004501,O,AIRPORT,0000
300,SQ,0117,2028-08-15,00164167,00003106,O,AIRPORT,0000
300,SQ,0117,2028-08-15,00164127,00001385,O,AIRPORT,0000
300,SQ,0117,2028-08-15,00164143,00001906,O,AIRPORT,0000
300,SQ,0117,2028-08-15,00164139,00002480,O,AIRPORT,0000
300,SQ,0117,2028-08-15,00164336,00001416,O,AIRPORT,0000
300,SQ,0117,2028-08-15,00164161,00001881,O,AIRPORT,0000
300,SQ,0117,2028-08-15,00164373,00001288,O,AIRPORT,0000
300,SQ,0117,2028-08-15,00164311,00003501,O,AIRPORT,0000
300,SQ,0117,2028-08-15,00164169,00000708,O,AIRPORT,0000
300,SQ,0117,2028-08-15,00164368,00000924,O,AIRPORT,0000
300,SQ,0117,2028-08-15,00164318,00000855,O,AIRPORT,0000
300,SQ,0117,2028-08-15,00164204,00001978,O,AIRPORT,0000
300,SQ,0117,2028-08-15,00164325,00000811,O,AIRPORT,0000
300,SQ,0117,2028-08-15,00164131,00002341,O,AIRPORT,0000
300,SQ,0117,2028-08-15,00164188,00004456,O,AIRPORT,0000
300,SQ,0117,2028-08-15,00164354,00002257,O,AIRPORT,0000
300,SQ,0117,2028-08-15,00164344,00001759,O,AIRPORT,0000
300,SQ,0117,2028-08-15,00164292,00000784,O,AIRPORT,0000
300,SQ,0117,2028-08-15,00164306,00001399,O,AIRPORT,0000
300,SQ,0117,2028-08-15,00164194,00004614,O,AIRPORT,0000
300,SQ,0117,2028-08-15,00164299,00000913,O,AIRPORT,0000
300,SQ,0117,2028-08-15,00164130,00002336,O,AIRPORT,0000
300,SQ,0117,2028-08-15,00164355,00003918,O,AIRPORT,0000
300,SQ,0117,2028-08-15,00164199,00002407,O,AIRPORT,0000
300,SQ,0117,2028-08-15,00164314,00004434,O,AIRPORT,0000
300,SQ,0117,2028-08-15,00164235,00002773,O,AIRPORT,0000
300,SQ,0117,2028-08-15,00164192,00003876,O,AIRPORT,0000
300,SQ,0117,2028-08-15,00164333,00002883,O,AIRPORT,0000
300,SQ,0117,2028-08-15,00164332,00001065,O,AIRPORT,0000
300,SQ,0117,2028-08-15,00164278,00002281,O,AIRPORT,0000
300,SQ,0117,2028-08-15,00164164,00000212,O,AIRPORT,0000
300,SQ,0117,2028-08-15,00164309,00000162,O,AIRPORT,0000
300,SQ,0117,2028-08-15,00164140,00003985,O,AIRPORT,0000
300,SQ,0117,2028-08-15,00164236,00004366,O,AIRPORT,0000
300,SQ,0117,2028-08-15,00164233,00003025,O,AIRPORT,0000
300,SQ,0117,2028-08-15,00164266,00002427,O,AIRPORT,0000
300,SQ,0117,2028-08-15,00164156,00001910,O,AIRPORT,0000
300,SQ,0117,2028-08-15,00164245,00004611,O,AIRPORT,0000
300,SQ,0117,2028-08-15,00164361,00002260,O,AIRPORT,0000
300,SQ,0117,2028-08-15,00164308,00000070,O,AIRPORT,0000
300,SQ,0117,2028-08-15,00164275,00004222,O,AIRPORT,0000
300,SQ,0117,2028-08-15,00164208,00002644,O,AIRPORT,0000
300,SQ,0117,2028-08-15,00164209,00000269,O,AIRPORT,0000
300,SQ,0117,2028-08-15,00164202,00000814,O,AIRPORT,0000
300,SQ,0117,2028-08-15,00164285,00002934,O,AIRPORT,0000
300,SQ,0117,2028-08-15,00164168,00003430,O,AIRPORT,0000
300,SQ,0117,2028-08-15,00164256,00003476,O,AIRPORT,0000
300,SQ,0117,2028-08-15,00164374,00002148,O,AIRPORT,0000
300,SQ,0117,2028-08-15,00164305,00001160,O,AIRPORT,0000
300,SQ,0117,2028-08-15,00164282,00004570,O,AIRPORT,0000
300,SQ,0117,2028-08-15,00164221,00002291,O,AIRPORT,0000
300,SQ,0117,2028-08-15,00164276,00001653,O,AIRPORT,0000
300,SQ,0117,2028-08-15,00164346,00000701,O,AIRPORT,0000
300,SQ,0117,2028-08-15,00164182,00000522,O,AIRPORT,0000
300,SQ,0117,2028-08-15,00164137,00001614,O,AIRPORT,0000
300,SQ,0117,2028-08-15,00164322,00002116,O,AIRPORT,0000
300,SQ,0117,2028-08-15,00164304,00003497,O,AIRPORT,0000
300,SQ,0117,2028-08-15,00164225,00001325,O,AIRPORT,0000
300,SQ,0117,2028-08-15,00164187,00004194,O,AIRPORT,0000
300,SQ,0117,2028-08-15,00164170,00001900,O,AIRPORT,0000
300,SQ,0117,2028-08-15,00164232,00003462,O,AIRPORT,0000
300,SQ,0117,2028-08-15,00164356,00004239,O,AIRPORT,0000
300,SQ,0117,2028-08-15,00164128,00003479,O,AIRPORT,0000
300,SQ,0117,2028-08-15,00164258,00003578,O,AIRPORT,0000
300,SQ,0117,2028-08-15,00164359,00002879,O,AIRPORT,0000
300,SQ,0117,2028-08-15,00164129,00004438,O,AIRPORT,0000
300,SQ,0117,2028-08-15,00164162,00002677,O,AIRPORT,0000
300,SQ,0117,2028-08-15,00164290,00000672,O,AIRPORT,0000
300,SQ,0117,2028-08-15,00164220,00001417,O,AIRPORT,0000
300,SQ,0117,2028-08-15,00164240,00000520,O,AIRPORT,0000
300,SQ,0117,2028-08-15,00164239,00000520,O,AIRPORT,0000
300,SQ,0117,2028-08-15,00164177,00000505,O,AIRPORT,0000
300,SQ,0117,2028-08-15,00164284,00001560,O,AIRPORT,0000
300,SQ,0117,2028-08-15,00164283,00001560,O,AIRPORT,0000
300,SQ,0117,2028-08-15,00164250,00003148,O,AIRPORT,0000
300,SQ,0117,2028-08-15,00164228,00002473,O,AIRPORT,0000
300,SQ,0117,2028-08-15,00164135,00002888,O,AIRPORT,0000
300,SQ,0117,2028-08-15,00164198,00002874,O,AIRPORT,0000
300,SQ,0117,2028-08-15,00164297,00002692,O,AIRPORT,0000
300,SQ,0117,2028-08-15,00164205,00003002,O,AIRPORT,0000
300,SQ,0117,2028-08-15,00164229,00000367,O,AIRPORT,0000
300,SQ,0117,2028-08-15,00164353,00004085,O,AIRPORT,0000
300,SQ,0117,2028-08-15,00164133,00004482,O,AIRPORT,0000
300,SQ,0117,2028-08-15,00164350,00003560,O,AIRPORT,0000
300,SQ,0117,2028-08-15,00164185,00003948,O,AIRPORT,0000
300,SQ,0117,2028-08-15,00164138,00003947,O,AIRPORT,0000
300,SQ,0117,2028-08-15,00164213,00000791,O,AIRPORT,0000
300,SQ,0117,2028-08-15,00164132,00001981,O,AIRPORT,0000
300,SQ,0117,2028-08-15,00164146,00002675,O,AIRPORT,0000
300,SQ,0117,2028-08-15,00164339,00000302,O,AIRPORT,0000
300,SQ,0117,2028-08-15,00164263,00003154,O,AIRPORT,0000
300,SQ,0117,2028-08-15,00164287,00002748,O,AIRPORT,0000
300,SQ,0117,2028-08-15,00164149,00001649,O,AIRPORT,0000
300,SQ,0117,2028-08-15,00164296,00002916,O,AIRPORT,0000
300,SQ,0117,2028-08-15,00164335,00003673,O,AIRPORT,0000
300,SQ,0117,2028-08-15,00164360,00001037,O,AIRPORT,0000
300,SQ,0117,2028-08-15,00164367,00000768,O,AIRPORT,0000
300,SQ,0117,2028-08-15,00164338,00001405,O,AIRPORT,0000
300,SQ,0117,2028-08-15,00164377,00003840,O,AIRPORT,0000
300,SQ,0117,2028-08-15,00164274,00000875,O,AIRPORT,0000
300,SQ,0117,2028-08-15,00164294,00002026,O,AIRPORT,0000
300,SQ,0117,2028-08-15,00164334,00004265,O,AIRPORT,0000
300,SQ,0117,2028-08-15,00164271,00004360,O,AIRPORT,0000
300,SQ,0117,2028-08-15,00164375,00001301,O,AIRPORT,0000
300,SQ,0117,2028-08-15,00164277,00004328,O,AIRPORT,0000
300,SQ,0117,2028-08-15,00164261,00002237,O,AIRPORT,0000
300,SQ,0117,2028-08-15,00164171,00002504,O,AIRPORT,0000
300,SQ,0117,2028-08-15,00164210,00001442,O,AIRPORT,0000
300,SQ,0117,2028-08-15,00164326,00002551,O,AIRPORT,0000
300,SQ,0117,2028-08-15,00164369,00002551,O,AIRPORT,0000
300,SQ,0117,2028-08-15,00164327,00002599,O,AIRPORT,0000
300,SQ,0117,2028-08-15,00164181,00001918,O,AIRPORT,0000
300,SQ,0117,2028-08-15,00164151,00000571,O,AIRPORT,0000
300,SQ,0117,2028-08-15,00164295,00000312,O,AIRPORT,0000
300,SQ,0117,2028-08-15,00164315,00004480,O,AIRPORT,0000
300,SQ,0117,2028-08-15,00164224,00001337,O,AIRPORT,0000
300,SQ,0117,2028-08-15,00164201,00003185,O,AIRPORT,0000
300,SQ,0117,2028-08-15,00164298,00001908,O,AIRPORT,0000
300,SQ,0117,2028-08-15,00164217,00000036,O,AIRPORT,0000
300,SQ,0117,2028-08-15,00164136,00002780,O,AIRPORT,0000
300,SQ,0117,2028-08-15,00164347,00002791,O,AIRPORT,0000
300,SQ,0117,2028-08-15,00164378,00002978,O,AIRPORT,0000
300,SQ,0117,2028-08-15,00164341,00000327,O,AIRPORT,0000
300,SQ,0117,2028-08-15,00164150,00002208,O,AIRPORT,0000
300,SQ,0117,2028-08-15,00164218,00002532,O,AIRPORT,0000
300,SQ,0117,2028-08-15,00164180,00000626,O,AIRPORT,0000
300,SQ,0117,2028-08-15,00164352,00003915,O,AIRPORT,0000
300,SQ,0117,2028-08-15,00164348,00002072,O,AIRPORT,0000
300,SQ,0117,2028-08-15,00164163,00000917,O,AIRPORT,0000
300,SQ,0117,2028-08-15,00164148,00003169,O,AIRPORT,0000
300,SQ,0117,2028-08-15,00164207,00000447,O,AIRPORT,0000
300,SQ,0117,2028-08-15,00164293,00003144,O,AIRPORT,0000
300,SQ,0117,2028-08-15,00164365,00003040,O,AIRPORT,0000
300,SQ,0117,2028-08-15,00164255,00002657,O,AIRPORT,0000
300,SQ,0117,2028-08-15,00164254,00002154,O,AIRPORT,0000
300,SQ,0117,2028-08-15,00164206,00000318,O,AIRPORT,0000
300,SQ,0117,2028-08-15,00164223,00002129,O,AIRPORT,0000
300,SQ,0117,2028-08-15,00164145,00002954,O,AIRPORT,0000
300,SQ,0117,2028-08-15,00164301,00001525,O,AIRPORT,0000
300,SQ,0117,2028-08-15,00164340,00004495,O,AIRPORT,0000
300,SQ,0117,2028-08-15,00164329,00001394,O,AIRPORT,0000
300,SQ,0117,2028-08-15,00164154,00003337,O,AIRPORT,0000
300,SQ,0117,2028-08-15,00164243,00002207,O,AIRPORT,0000
300,SQ,0117,2028-08-15,00164166,00004361,O,AIRPORT,0000
300,SQ,0117,2028-08-15,00164157,00004398,O,AIRPORT,0000
300,SQ,0117,2028-08-15,00164176,00000142,O,AIRPORT,0000
300,SQ,0117,2028-08-15,00164330,00004131,O,AIRPORT,0000
300,SQ,0117,2028-08-15,00164179,00002757,O,AIRPORT,0000
300,SQ,0117,2028-08-15,00164302,00002847,O,AIRPORT,0000
300,SQ,0117,2028-08-15,00164364,00002827,O,AIRPORT,0000
300,SQ,0117,2028-08-15,00164259,00003311,O,AIRPORT,0000
300,SQ,0117,2028-08-15,00164189,00004287,O,AIRPORT,0000
300,SQ,0117,2028-08-15,00164227,00001296,O,AIRPORT,0000
300,SQ,0117,2028-08-15,00164158,00000556,O,AIRPORT,0000
300,SQ,0117,2028-08-15,00164222,00004634,O,AIRPORT,0000
300,SQ,0117,2028-08-15,00164152,00002882,O,AIRPORT,0000
300,SQ,0117,2028-08-15,00164191,00001945,O,AIRPORT,0000
300,SQ,0117,2028-08-15,00164241,00004556,O,AIRPORT,0000
300,SQ,0117,2028-08-15,00164175,00000798,O,AIRPORT,0000
300,SQ,0117,2028-08-15,00164251,00004219,O,AIRPORT,0000
300,SQ,0117,2028-08-15,00164249,00002201,O,AIRPORT,0000
300,SQ,0117,2028-08-15,00164328,00003566,O,AIRPORT,0000
300,SQ,0117,2028-08-15,00164363,00000336,O,AIRPORT,0000
300,SQ,0117,2028-08-15,00164216,00002550,O,AIRPORT,0000
300,SQ,0117,2028-08-15,00164260,00003759,O,AIRPORT,0000
300,SQ,2,2028-09-08,18620,1414,O,AIRPORT,
300,SQ,0117,2028-08-15,00164331,00000195,O,AIRPORT,0000
300,SQ,2,2028-09-08,18728,423,O,AIRPORT,
300,SQ,0117,2028-08-15,00164279,00002679,O,AIRPORT,0000
300,SQ,2,2028-09-08,18510,864,O,AIRPORT,
300,SQ,0117,2028-08-15,00164291,00000534,O,AIRPORT,0000
300,SQ,0117,2028-08-15,00164265,00000444,O,AIRPORT,0000
300,SQ,2,2028-09-08,18702,3053,O,AIRPORT,
300,SQ,0117,2028-08-15,00164153,00001537,O,AIRPORT,0000
300,SQ,2,2028-09-08,18531,491,O,AIRPORT,
300,SQ,0117,2028-08-15,00164288,00003454,O,AIRPORT,0000
300,SQ,2,2028-09-08,18527,3525,O,AIRPORT,
300,SQ,0117,2028-08-15,00164310,00001181,O,AIRPORT,0000
300,SQ,2,2028-09-08,18664,407,O,AIRPORT,
300,SQ,0117,2028-08-15,00164300,00003613,O,AIRPORT,0000
300,SQ,2,2028-09-08,18567,2779,O,AIRPORT,
300,SQ,0117,2028-08-15,00164197,00003707,O,AIRPORT,0000
300,SQ,0117,2028-08-15,00164351,00001617,O,AIRPORT,0000
300,SQ,0117,2028-08-15,00164253,00002568,O,AIRPORT,0000
300,SQ,2,2028-09-08,18660,2376,O,AIRPORT,
300,SQ,0117,2028-08-15,00164234,00001227,O,AIRPORT,0000
300,SQ,2,2028-09-08,18659,2376,O,AIRPORT,
300,SQ,2,2028-09-08,18548,738,O,AIRPORT,
300,SQ,0117,2028-08-15,00164230,00002940,O,AIRPORT,0000
300,SQ,0117,2028-08-15,00164200,00000510,O,AIRPORT,0000
300,SQ,2,2028-09-08,18487,2593,O,AIRPORT,
300,SQ,0117,2028-08-15,00164349,00004182,O,AIRPORT,0000
300,SQ,2,2028-09-08,18497,1187,O,AIRPORT,
300,SQ,2,2028-09-08,18555,2177,O,AIRPORT,
300,SQ,0117,2028-08-15,00164214,00002106,O,AIRPORT,0000
300,SQ,0117,2028-08-15,00164178,00003917,O,AIRPORT,0000
300,SQ,2,2028-09-08,18500,1604,O,AIRPORT,
300,SQ,0117,2028-08-15,00164366,00003279,O,AIRPORT,0000
300,SQ,2,2028-09-08,18529,1604,O,AIRPORT,
300,SQ,0117,2028-08-15,00164267,00002383,O,AIRPORT,0000
300,SQ,2,2028-09-08,18553,1854,O,AIRPORT,
300,SQ,0117,2028-08-15,00164321,00001315,O,AIRPORT,0000
300,SQ,2,2028-09-08,18605,377,O,AIRPORT,
300,SQ,0117,2028-08-15,00164160,00001315,O,AIRPORT,0000
300,SQ,2,2028-09-08,18543,377,O,AIRPORT,
300,SQ,0117,2028-08-15,00164141,00001522,O,AIRPORT,0000
300,SQ,2,2028-09-08,18589,1203,O,AIRPORT,
300,SQ,0117,2028-08-15,00164319,00003289,O,AIRPORT,0000
300,SQ,2,2028-09-08,18640,462,O,AIRPORT,
300,SQ,0117,2028-08-15,00164357,00001184,O,AIRPORT,0000
300,SQ,2,2028-09-08,18673,3251,O,AIRPORT,
300,SQ,0117,2028-08-15,00164215,00000309,O,AIRPORT,0000
300,SQ,2,2028-09-08,18560,859,O,AIRPORT,
300,SQ,0117,2028-08-15,00164371,00003909,O,AIRPORT,0000
300,SQ,2,2028-09-08,18585,1425,O,AIRPORT,
300,SQ,0117,2028-08-15,00164142,00001103,O,AIRPORT,0000
300,SQ,2,2028-09-08,18599,126,O,AIRPORT,
300,SQ,0117,2028-08-15,00164193,00004015,O,AIRPORT,0000
300,SQ,2,2028-09-08,18498,4200,O,AIRPORT,
300,SQ,0117,2028-08-15,00164219,00002564,O,AIRPORT,0000
300,SQ,2,2028-09-08,18499,4200,O,AIRPORT,
300,SQ,0117,2028-08-15,00164144,00003443,O,AIRPORT,0000
300,SQ,2,2028-09-08,18520,239,O,AIRPORT,
300,SQ,0117,2028-09-07,00166726,00003158,O,AIRPORT,0000
300,SQ,2,2028-09-08,18597,554,O,AIRPORT,
300,SQ,0117,2028-09-07,00166725,00001528,O,AIRPORT,0000
300,SQ,2,2028-09-08,18655,580,O,AIRPORT,
300,SQ,0117,2028-09-07,00166852,00001088,O,AIRPORT,0000
300,SQ,2,2028-09-08,18696,347,O,AIRPORT,
300,SQ,0117,2028-09-07,00166657,00000285,O,AIRPORT,0000
300,SQ,0117,2028-09-07,00166876,00000892,O,AIRPORT,0000
300,SQ,2,2028-09-08,18593,2081,O,AIRPORT,
300,SQ,0117,2028-09-07,00166758,00000817,O,AIRPORT,0000
300,SQ,2,2028-09-08,18700,2792,O,AIRPORT,
300,SQ,0117,2028-09-07,00166872,00004276,O,AIRPORT,0000
300,SQ,2,2028-09-08,18568,4445,O,AIRPORT,
300,SQ,0117,2028-09-07,00166660,00002680,O,AIRPORT,0000
300,SQ,2,2028-09-08,18630,1142,O,AIRPORT,
300,SQ,0117,2028-09-07,00166771,00002175,O,AIRPORT,0000
300,SQ,2,2028-09-08,18492,2647,O,AIRPORT,
300,SQ,0117,2028-09-07,00166858,00002175,O,AIRPORT,0000
300,SQ,0117,2028-09-07,00166861,00001781,O,AIRPORT,0000
300,SQ,0117,2028-09-07,00166687,00002660,O,AIRPORT,0000
300,SQ,0117,2028-09-07,00166683,00001317,O,AIRPORT,0000
300,SQ,0117,2028-09-07,00166838,00001834,O,AIRPORT,0000
300,SQ,0117,2028-09-07,00166690,00000214,O,AIRPORT,0000
300,SQ,0117,2028-09-07,00166671,00004546,O,AIRPORT,0000
300,SQ,0117,2028-09-07,00166665,00003053,O,AIRPORT,0000
300,SQ,0117,2028-09-07,00166850,00004374,O,AIRPORT,0000
300,SQ,0117,2028-09-07,00166809,00004409,O,AIRPORT,0000
300,SQ,0117,2028-09-07,00166673,00002355,O,AIRPORT,0000
300,SQ,0117,2028-09-07,00166834,00003571,O,AIRPORT,0000
300,SQ,0117,2028-09-07,00166739,00003006,O,AIRPORT,0000
300,SQ,0117,2028-09-07,00166879,00002732,O,AIRPORT,0000
300,SQ,0117,2028-09-07,00166681,00000407,O,AIRPORT,0000
300,SQ,0117,2028-09-07,00166666,00002371,O,AIRPORT,0000
300,SQ,0117,2028-09-07,00166688,00004101,O,AIRPORT,0000
300,SQ,0117,2028-09-07,00166715,00002995,O,AIRPORT,0000
300,SQ,0117,2028-09-07,00166814,00002722,O,AIRPORT,0000
300,SQ,0117,2028-09-07,00166729,00000443,O,AIRPORT,0000
300,SQ,0117,2028-09-07,00166813,00004416,O,AIRPORT,0000
300,SQ,0117,2028-09-07,00166846,00001377,O,AIRPORT,0000
300,SQ,0117,2028-09-07,00166754,00003608,O,AIRPORT,0000
300,SQ,0117,2028-09-07,00166823,00001266,O,AIRPORT,0000
300,SQ,0117,2028-09-07,00166756,00002475,O,AIRPORT,0000
300,SQ,0117,2028-09-07,00166731,00002143,O,AIRPORT,0000
300,SQ,0117,2028-09-07,00166767,00003586,O,AIRPORT,0000
300,SQ,0117,2028-09-07,00166637,00001578,O,AIRPORT,0000
300,SQ,0117,2028-09-07,00166796,00004066,O,AIRPORT,0000
300,SQ,0117,2028-09-07,00166822,00002909,O,AIRPORT,0000
300,SQ,0117,2028-09-07,00166635,00001299,O,AIRPORT,0000
300,SQ,0117,2028-09-07,00166639,00004513,O,AIRPORT,0000
300,SQ,0117,2028-09-07,00166764,00004026,O,AIRPORT,0000
300,SQ,0117,2028-09-07,00166664,00002052,O,AIRPORT,0000
300,SQ,0117,2028-09-07,00166710,00001004,O,AIRPORT,0000
300,SQ,0117,2028-09-07,00166800,00002007,O,AIRPORT,0000
300,SQ,0117,2028-09-07,00166785,00001800,O,AIRPORT,0000
300,SQ,0117,2028-09-07,00166819,00001816,O,AIRPORT,0000
300,SQ,0117,2028-09-07,00166680,00000305,O,AIRPORT,0000
300,SQ,0117,2028-09-07,00166848,00004155,O,AIRPORT,0000
300,SQ,2,2028-09-08,18719,1774,O,AIRPORT,
300,SQ,0117,2028-09-07,00166684,00000515,O,AIRPORT,0000
300,SQ,2,2028-09-08,18675,1774,O,AIRPORT,
300,SQ,0117,2028-09-07,00166646,00000660,O,AIRPORT,0000
300,SQ,2,2028-09-08,18668,3190,O,AIRPORT,
300,SQ,0117,2028-09-07,00166827,00002615,O,AIRPORT,0000
300,SQ,2,2028-09-08,18572,252,O,AIRPORT,
300,SQ,0117,2028-09-07,00166875,00003309,O,AIRPORT,0000
300,SQ,2,2028-09-08,18721,2922,O,AIRPORT,
300,SQ,0117,2028-09-07,00166882,00002986,O,AIRPORT,0000
300,SQ,2,2028-09-08,18596,1549,O,AIRPORT,
300,SQ,0117,2028-09-07,00166793,00001499,O,AIRPORT,0000
300,SQ,2,2028-09-08,18547,4084,O,AIRPORT,
300,SQ,0117,2028-09-07,00166774,00000884,O,AIRPORT,0000
300,SQ,2,2028-09-08,18656,3539,O,AIRPORT,
300,SQ,0117,2028-09-07,00166761,00003535,O,AIRPORT,0000
300,SQ,2,2028-09-08,18598,2713,O,AIRPORT,
300,SQ,0117,2028-09-07,00166869,00004208,O,AIRPORT,0000
300,SQ,2,2028-09-08,18583,30,O,AIRPORT,
300,SQ,0117,2028-09-07,00166651,00004208,O,AIRPORT,0000
300,SQ,2,2028-09-08,18574,1500,O,AIRPORT,
300,SQ,0117,2028-09-07,00166871,00003656,O,AIRPORT,0000
300,SQ,2,2028-09-08,18549,1532,O,AIRPORT,
300,SQ,0117,2028-09-07,00166770,00002413,O,AIRPORT,0000
300,SQ,2,2028-09-08,18539,3460,O,AIRPORT,
300,SQ,0117,2028-09-07,00166633,00004456,O,AIRPORT,0000
300,SQ,2,2028-09-08,18628,3601,O,AIRPORT,
300,SQ,0117,2028-09-07,00166804,00001432,O,AIRPORT,0000
300,SQ,2,2028-09-08,18677,3601,O,AIRPORT,
300,SQ,0117,2028-09-07,00166755,00003070,O,AIRPORT,0000
300,SQ,2,2028-09-08,18577,1385,O,AIRPORT,
300,SQ,2,2028-09-08,18482,1341,O,AIRPORT,
300,SQ,0117,2028-09-07,00166818,00001580,O,AIRPORT,0000
300,SQ,2,2028-09-08,18565,515,O,AIRPORT,
300,SQ,0117,2028-09-07,00166674,00001489,O,AIRPORT,0000
300,SQ,2,2028-09-08,18645,2017,O,AIRPORT,
300,SQ,0117,2028-09-07,00166851,00000570,O,AIRPORT,0000
300,SQ,2,2028-09-08,18692,1114,O,AIRPORT,
300,SQ,0117,2028-09-07,00166716,00001663,O,AIRPORT,0000
300,SQ,2,2028-09-08,18564,1499,O,AIRPORT,
300,SQ,0117,2028-09-07,00166810,00004205,O,AIRPORT,0000
300,SQ,2,2028-09-08,18570,3489,O,AIRPORT,
300,SQ,0117,2028-09-07,00166808,00001135,O,AIRPORT,0000
300,SQ,2,2028-09-08,18507,3489,O,AIRPORT,
300,SQ,0117,2028-09-07,00166841,00002782,O,AIRPORT,0000
300,SQ,2,2028-09-08,18490,3489,O,AIRPORT,
300,SQ,0117,2028-09-07,00166751,00003984,O,AIRPORT,0000
300,SQ,2,2028-09-08,18603,2397,O,AIRPORT,
300,SQ,0117,2028-09-07,00166685,00000973,O,AIRPORT,0000
300,SQ,2,2028-09-08,18488,2652,O,AIRPORT,
300,SQ,0117,2028-09-07,00166784,00001759,O,AIRPORT,0000
300,SQ,2,2028-09-08,18552,2659,O,AIRPORT,
300,SQ,0117,2028-09-07,00166799,00001326,O,AIRPORT,0000
300,SQ,2,2028-09-08,18480,3374,O,AIRPORT,
300,SQ,0117,2028-09-07,00166640,00003459,O,AIRPORT,0000
300,SQ,2,2028-09-08,18566,1534,O,AIRPORT,
300,SQ,2,2028-09-08,18594,64,O,AIRPORT,
300,SQ,0117,2028-09-07,00166805,00003756,O,AIRPORT,0000
300,SQ,2,2028-09-08,18678,64,O,AIRPORT,
300,SQ,0117,2028-09-07,00166727,00003030,O,AIRPORT,0000
300,SQ,2,2028-09-08,18559,1353,O,AIRPORT,
300,SQ,0117,2028-09-07,00166732,00001694,O,AIRPORT,0000
300,SQ,2,2028-09-08,18521,639,O,AIRPORT,
300,SQ,0117,2028-09-07,00166795,00003554,O,AIRPORT,0000
300,SQ,2,2028-09-08,18516,4115,O,AIRPORT,
300,SQ,0117,2028-09-07,00166855,00004430,O,AIRPORT,0000
300,SQ,2,2028-09-08,18595,4302,O,AIRPORT,
300,SQ,0117,2028-09-07,00166815,00001678,O,AIRPORT,0000
300,SQ,2,2028-09-08,18612,1195,O,AIRPORT,
300,SQ,0117,2028-09-07,00166842,00001270,O,AIRPORT,0000
300,SQ,2,2028-09-08,18646,4613,O,AIRPORT,
300,SQ,0117,2028-09-07,00166750,00003380,O,AIRPORT,0000
300,SQ,2,2028-09-08,18647,3791,O,AIRPORT,
300,SQ,0117,2028-09-07,00166670,00000674,O,AIRPORT,0000
300,SQ,2,2028-09-08,18701,3730,O,AIRPORT,
300,SQ,2,2028-09-08,18688,4525,O,AIRPORT,
300,SQ,0117,2028-09-07,00166736,00000837,O,AIRPORT,0000
300,SQ,2,2028-09-08,18504,3802,O,AIRPORT,
300,SQ,0117,2028-09-07,00166783,00001287,O,AIRPORT,0000
300,SQ,2,2028-09-08,18494,2770,O,AIRPORT,
300,SQ,0117,2028-09-07,00166691,00001304,O,AIRPORT,0000
300,SQ,2,2028-09-08,18523,569,O,AIRPORT,
300,SQ,2,2028-09-08,18725,1878,O,AIRPORT,
300,SQ,2,2028-09-08,18582,1449,O,AIRPORT,
300,SQ,0117,2028-09-07,00166645,00002346,O,AIRPORT,0000
300,SQ,2,2028-09-08,18491,2642,O,AIRPORT,
300,SQ,0117,2028-09-07,00166791,00002211,O,AIRPORT,0000
300,SQ,2,2028-09-08,18546,1705,O,AIRPORT,
300,SQ,0117,2028-09-07,00166870,00000718,O,AIRPORT,0000
300,SQ,2,2028-09-08,18720,4027,O,AIRPORT,
300,SQ,0117,2028-09-07,00166847,00003816,O,AIRPORT,0000
300,SQ,2,2028-09-08,18576,2167,O,AIRPORT,
300,SQ,0117,2028-09-07,00166694,00001660,O,AIRPORT,0000
300,SQ,2,2028-09-08,18638,1852,O,AIRPORT,
300,SQ,2,2028-09-08,18639,70,O,AIRPORT,
300,SQ,0117,2028-09-07,00166648,00000132,O,AIRPORT,0000
300,SQ,2,2028-09-08,18584,2840,O,AIRPORT,
300,SQ,0117,2028-09-07,00166641,00002008,O,AIRPORT,0000
300,SQ,2,2028-09-08,18540,3881,O,AIRPORT,
300,SQ,0117,2028-09-07,00166658,00000380,O,AIRPORT,0000
300,SQ,2,2028-09-08,18690,388,O,AIRPORT,
300,SQ,0117,2028-09-07,00166719,00004356,O,AIRPORT,0000
300,SQ,2,2028-09-08,18619,1795,O,AIRPORT,
300,SQ,0117,2028-09-07,00166829,00001858,O,AIRPORT,0000
300,SQ,2,2028-09-08,18575,1404,O,AIRPORT,
300,SQ,0117,2028-09-07,00166696,00000814,O,AIRPORT,0000
300,SQ,2,2028-09-08,18610,2911,O,AIRPORT,
300,SQ,2,2028-09-08,18609,2911,O,AIRPORT,
300,SQ,0117,2028-09-07,00166711,00003130,O,AIRPORT,0000
300,SQ,2,2028-09-08,18604,2291,O,AIRPORT,
300,SQ,0117,2028-09-07,00166776,00003203,O,AIRPORT,0000
300,SQ,2,2028-09-08,18606,1913,O,AIRPORT,
300,SQ,0117,2028-09-07,00166749,00001145,O,AIRPORT,0000
300,SQ,2,2028-09-08,18727,1116,O,AIRPORT,
300,SQ,0117,2028-09-07,00166636,00003320,O,AIRPORT,0000
300,SQ,2,2028-09-08,18710,1683,O,AIRPORT,
300,SQ,0117,2028-09-07,00166718,00000569,O,AIRPORT,0000
300,SQ,2,2028-09-08,18515,500,O,AIRPORT,
300,SQ,0117,2028-09-07,00166874,00002789,O,AIRPORT,0000
300,SQ,2,2028-09-08,18726,2457,O,AIRPORT,
300,SQ,0117,2028-09-07,00166705,00001035,O,AIRPORT,0000
300,SQ,2,2028-09-08,18580,1271,O,AIRPORT,
300,SQ,2,2028-09-08,18579,1323,O,AIRPORT,
300,SQ,0117,2028-09-07,00166649,00003051,O,AIRPORT,0000
300,SQ,2,2028-09-08,18631,3216,O,AIRPORT,
300,SQ,0117,2028-09-07,00166738,00000726,O,AIRPORT,0000
300,SQ,2,2028-09-08,18670,71,O,AIRPORT,
300,SQ,0117,2028-09-07,00166709,00003102,O,AIRPORT,0000
300,SQ,2,2028-09-08,18513,251,O,AIRPORT,
300,SQ,0117,2028-09-07,00166825,00001514,O,AIRPORT,0000
300,SQ,2,2028-09-08,18712,593,O,AIRPORT,
300,SQ,0117,2028-09-07,00166786,00000404,O,AIRPORT,0000
300,SQ,2,2028-09-08,18484,424,O,AIRPORT,
300,SQ,0117,2028-09-07,00166692,00001605,O,AIRPORT,0000
300,SQ,2,2028-09-08,18479,4106,O,AIRPORT,
300,SQ,0117,2028-09-07,00166747,00001623,O,AIRPORT,0000
300,SQ,2,2028-09-08,18478,4106,O,AIRPORT,
300,SQ,0117,2028-09-07,00166859,00000697,O,AIRPORT,0000
300,SQ,2,2028-09-08,18713,2549,O,AIRPORT,
300,SQ,0117,2028-09-07,00166837,00000606,O,AIRPORT,0000
300,SQ,2,2028-09-08,18709,4181,O,AIRPORT,
300,SQ,0117,2028-09-07,00166686,00001194,O,AIRPORT,0000
300,SQ,2,2028-09-08,18679,4379,O,AIRPORT,
300,SQ,0117,2028-09-07,00166677,00002089,O,AIRPORT,0000
300,SQ,2,2028-09-08,18495,4267,O,AIRPORT,
300,SQ,0117,2028-09-07,00166714,00001137,O,AIRPORT,0000
300,SQ,2,2028-09-08,18557,2399,O,AIRPORT,
300,SQ,0117,2028-09-07,00166644,00000033,O,AIRPORT,0000
300,SQ,2,2028-09-08,18505,3704,O,AIRPORT,
300,SQ,0117,2028-09-07,00166730,00001588,O,AIRPORT,0000
300,SQ,2,2028-09-08,18714,2411,O,AIRPORT,
300,SQ,0117,2028-09-07,00166782,00001588,O,AIRPORT,0000
300,SQ,2,2028-09-08,18642,3303,O,AIRPORT,
300,SQ,0117,2028-09-07,00166707,00003455,O,AIRPORT,0000
300,SQ,2,2028-09-08,18618,3618,O,AIRPORT,
300,SQ,2,2028-09-08,18522,1199,O,AIRPORT,
300,SQ,0117,2028-09-07,00166706,00003455,O,AIRPORT,0000
300,SQ,2,2028-09-08,18622,3931,O,AIRPORT,
300,SQ,0117,2028-09-07,00166652,00001325,O,AIRPORT,0000
300,SQ,2,2028-09-08,18633,2709,O,AIRPORT,
300,SQ,0117,2028-09-07,00166712,00001940,O,AIRPORT,0000
300,SQ,2,2028-09-08,18508,2879,O,AIRPORT,
300,SQ,0117,2028-09-07,00166693,00001963,O,AIRPORT,0000
300,SQ,2,2028-09-08,18626,4589,O,AIRPORT,
300,SQ,0117,2028-09-07,00166721,00000362,O,AIRPORT,0000
300,SQ,2,2028-09-08,18512,4608,O,AIRPORT,
300,SQ,0117,2028-09-07,00166724,00000829,O,AIRPORT,0000
300,SQ,2,2028-09-08,18641,1002,O,AIRPORT,
300,SQ,0117,2028-09-07,00166788,00003041,O,AIRPORT,0000
300,SQ,2,2028-09-08,18674,987,O,AIRPORT,
300,SQ,0117,2028-09-07,00166759,00003303,O,AIRPORT,0000
300,SQ,2,2028-09-08,18684,2874,O,AIRPORT,
300,SQ,0117,2028-09-07,00166723,00004387,O,AIRPORT,0000
300,SQ,2,2028-09-08,18635,1972,O,AIRPORT,
300,SQ,0117,2028-09-07,00166699,00001563,O,AIRPORT,0000
300,SQ,2,2028-09-08,18644,706,O,AIRPORT,
300,SQ,0117,2028-09-07,00166700,00001199,O,AIRPORT,0000
300,SQ,2,2028-09-08,18503,4150,O,AIRPORT,
300,SQ,0117,2028-09-07,00166787,00001241,O,AIRPORT,0000
300,SQ,2,2028-09-08,18502,4150,O,AIRPORT,
300,SQ,2,2028-09-08,18662,3775,O,AIRPORT,
300,SQ,0117,2028-09-07,00166862,00001594,O,AIRPORT,0000
300,SQ,2,2028-09-08,18636,1742,O,AIRPORT,
300,SQ,0117,2028-09-07,00166807,00000035,O,AIRPORT,0000
300,SQ,2,2028-09-08,18509,2197,O,AIRPORT,
300,SQ,0117,2028-09-07,00166701,00001264,O,AIRPORT,0000
300,SQ,2,2028-09-08,18489,4000,O,AIRPORT,
300,SQ,0117,2028-09-07,00166854,00000470,O,AIRPORT,0000
300,SQ,2,2028-09-08,18694,3974,O,AIRPORT,
300,SQ,0117,2028-09-07,00166790,00000485,O,AIRPORT,0000
300,SQ,2,2028-09-08,18663,586,O,AIRPORT,
300,SQ,0117,2028-09-07,00166801,00000900,O,AIRPORT,0000
300,SQ,2,2028-09-08,18693,2916,O,AIRPORT,
300,SQ,0117,2028-09-07,00166708,00003520,O,AIRPORT,0000
300,SQ,2,2028-09-08,18657,3139,O,AIRPORT,
300,SQ,0117,2028-09-07,00166878,00003401,O,AIRPORT,0000
300,SQ,2,2028-09-08,18614,2925,O,AIRPORT,
300,SQ,0117,2028-09-07,00166668,00002329,O,AIRPORT,0000
300,SQ,2,2028-09-08,18704,4070,O,AIRPORT,
300,SQ,0117,2028-09-07,00166675,00002266,O,AIRPORT,0000
300,SQ,2,2028-09-08,18705,4070,O,AIRPORT,
300,SQ,0117,2028-09-07,00166794,00000080,O,AIRPORT,0000
300,SQ,2,2028-09-08,18545,948,O,AIRPORT,
300,SQ,0117,2028-09-07,00166792,00001075,O,AIRPORT,0000
300,SQ,2,2028-09-08,18561,835,O,AIRPORT,
300,SQ,0117,2028-09-07,00166840,00002673,O,AIRPORT,0000
300,SQ,2,2028-09-08,18695,630,O,AIRPORT,
300,SQ,0117,2028-09-07,00166863,00002605,O,AIRPORT,0000
300,SQ,2,2028-09-08,18518,2945,O,AIRPORT,
300,SQ,0117,2028-09-07,00166740,00001535,O,AIRPORT,0000
300,SQ,2,2028-09-08,18718,2234,O,AIRPORT,
300,SQ,2,2028-09-08,18629,330,O,AIRPORT,
300,SQ,0117,2028-09-07,00166650,00003118,O,AIRPORT,0000
300,SQ,2,2028-09-08,18661,2078,O,AIRPORT,
300,SQ,0117,2028-09-07,00166778,00002182,O,AIRPORT,0000
300,SQ,2,2028-09-08,18485,1098,O,AIRPORT,
300,SQ,0117,2028-09-07,00166703,00004385,O,AIRPORT,0000
300,SQ,2,2028-09-08,18634,3373,O,AIRPORT,
300,SQ,0117,2028-09-07,00166802,00000263,O,AIRPORT,0000
300,SQ,2,2028-09-08,18483,3976,O,AIRPORT,
300,SQ,0117,2028-09-07,00166806,00001372,O,AIRPORT,0000
300,SQ,2,2028-09-08,18556,3131,O,AIRPORT,
300,SQ,0117,2028-09-07,00166768,00002467,O,AIRPORT,0000
300,SQ,2,2028-09-08,18672,3015,O,AIRPORT,
300,SQ,0117,2028-09-07,00166844,00000227,O,AIRPORT,0000
300,SQ,2,2028-09-08,18569,44,O,AIRPORT,
300,SQ,0117,2028-09-07,00166663,00003555,O,AIRPORT,0000
300,SQ,2,2028-09-08,18666,2054,O,AIRPORT,
300,SQ,0117,2028-09-07,00166766,00004544,O,AIRPORT,0000
300,SQ,2,2028-09-08,18648,22,O,AIRPORT,
300,SQ,0117,2028-09-07,00166661,00001314,O,AIRPORT,0000
300,SQ,2,2028-09-08,18632,1934,O,AIRPORT,
300,SQ,0117,2028-09-07,00166678,00000032,O,AIRPORT,0000
300,SQ,2,2028-09-08,18613,3936,O,AIRPORT,
300,SQ,0117,2028-09-07,00166856,00002123,O,AIRPORT,0000
300,SQ,2,2028-09-08,18722,3936,O,AIRPORT,
300,SQ,2,2028-09-08,18542,3813,O,AIRPORT,
300,SQ,0117,2028-09-07,00166682,00001011,O,AIRPORT,0000
300,SQ,2,2028-09-08,18524,3813,O,AIRPORT,
300,SQ,0117,2028-09-07,00166757,00004029,O,AIRPORT,0000
300,SQ,2,2028-09-08,18617,4166,O,AIRPORT,
300,SQ,0117,2028-09-07,00166735,00003753,O,AIRPORT,0000
300,SQ,2,2028-09-08,18601,3348,O,AIRPORT,
300,SQ,0117,2028-09-07,00166816,00000474,O,AIRPORT,0000
300,SQ,2,2028-09-08,18699,2378,O,AIRPORT,
300,SQ,0117,2028-09-07,00166704,00001370,O,AIRPORT,0000
300,SQ,2,2028-09-08,18525,3689,O,AIRPORT,
300,SQ,0117,2028-09-07,00166769,00003718,O,AIRPORT,0000
300,SQ,2,2028-09-08,18514,2580,O,AIRPORT,
300,SQ,0117,2028-09-07,00166781,00003718,O,AIRPORT,0000
300,SQ,2,2028-09-08,18554,3903,O,AIRPORT,
300,SQ,0117,2028-09-07,00166833,00000856,O,AIRPORT,0000
300,SQ,2,2028-09-08,18703,2718,O,AIRPORT,
300,SQ,0117,2028-09-07,00166832,00000856,O,AIRPORT,0000
300,SQ,2,2028-09-08,18643,4603,O,AIRPORT,
300,SQ,0117,2028-09-07,00166722,00000015,O,AIRPORT,0000
300,SQ,2,2028-09-08,18573,785,O,AIRPORT,
300,SQ,0117,2028-09-07,00166713,00004313,O,AIRPORT,0000
300,SQ,2,2028-09-08,18665,1164,O,AIRPORT,
300,SQ,0117,2028-09-07,00166734,00004174,O,AIRPORT,0000
300,SQ,2,2028-09-08,18486,3732,O,AIRPORT,
300,SQ,0117,2028-09-07,00166865,00003868,O,AIRPORT,0000
300,SQ,2,2028-09-08,18621,1316,O,AIRPORT,
300,SQ,0117,2028-09-07,00166720,00003482,O,AIRPORT,0000
300,SQ,2,2028-09-08,18590,3084,O,AIRPORT,
300,SQ,0117,2028-09-07,00166773,00000912,O,AIRPORT,0000
300,SQ,2,2028-09-08,18586,1221,O,AIRPORT,
300,SQ,0117,2028-09-07,00166763,00003474,O,AIRPORT,0000
300,SQ,2,2028-09-08,18607,1384,O,AIRPORT,
300,SQ,0117,2028-09-07,00166655,00004636,O,AIRPORT,0000
300,SQ,2,2028-09-08,18536,2127,O,AIRPORT,
300,SQ,2,2028-09-08,18667,530,O,AIRPORT,
300,SQ,0117,2028-09-07,00166737,00001061,O,AIRPORT,0000
300,SQ,2,2028-09-08,18550,4268,O,AIRPORT,
300,SQ,0117,2028-09-07,00166777,00003467,O,AIRPORT,0000
300,SQ,2,2028-09-08,18676,4268,O,AIRPORT,
300,SQ,0117,2028-09-07,00166830,00001579,O,AIRPORT,0000
300,SQ,2,2028-09-08,18711,3676,O,AIRPORT,
300,SQ,0117,2028-09-07,00166864,00004478,O,AIRPORT,0000
300,SQ,2,2028-09-08,18658,2446,O,AIRPORT,
300,SQ,0117,2028-09-07,00166748,00000352,O,AIRPORT,0000
300,SQ,2,2028-09-08,18654,3094,O,AIRPORT,
300,SQ,0117,2028-09-07,00166743,00003745,O,AIRPORT,0000
300,SQ,2,2028-09-08,18698,2137,O,AIRPORT,
300,SQ,0117,2028-09-07,00166845,00000024,O,AIRPORT,0000
300,SQ,2,2028-09-08,18717,2190,O,AIRPORT,
300,SQ,0117,2028-09-07,00166695,00002730,O,AIRPORT,0000
300,SQ,2,2028-09-08,18697,2190,O,AIRPORT,
300,SQ,0117,2028-09-07,00166779,00003076,O,AIRPORT,0000
300,SQ,2,2028-09-08,18511,142,O,AIRPORT,
300,SQ,0117,2028-09-07,00166741,00000861,O,AIRPORT,0000
300,SQ,2,2028-09-08,18530,514,O,AIRPORT,
300,SQ,0117,2028-09-07,00166742,00002969,O,AIRPORT,0000
300,SQ,2,2028-09-08,18592,4485,O,AIRPORT,
300,SQ,0117,2028-09-07,00166868,00001435,O,AIRPORT,0000
300,SQ,2,2028-09-08,18707,746,O,AIRPORT,
300,SQ,0117,2028-09-07,00166867,00001435,O,AIRPORT,0000
300,SQ,2,2028-09-08,18506,1322,O,AIRPORT,
300,SQ,0117,2028-09-07,00166647,00003742,O,AIRPORT,0000
300,SQ,2,2028-09-08,18534,2797,O,AIRPORT,
300,SQ,0117,2028-09-07,00166820,00000531,O,AIRPORT,0000
300,SQ,2,2028-09-08,18558,1966,O,AIRPORT,
300,SQ,0117,2028-09-07,00166662,00000684,O,AIRPORT,0000
300,SQ,2,2028-09-08,18533,1054,O,AIRPORT,
300,SQ,0117,2028-09-07,00166656,00000514,O,AIRPORT,0000
300,SQ,2,2028-09-08,18608,2000,O,AIRPORT,
300,SQ,2,2028-09-08,18723,2806,O,AIRPORT,
300,SQ,0117,2028-09-07,00166765,00000732,O,AIRPORT,0000
300,SQ,2,2028-09-08,18501,1085,O,AIRPORT,
300,SQ,0117,2028-09-07,00166698,00000402,O,AIRPORT,0000
300,SQ,2,2028-09-08,18517,1034,O,AIRPORT,
300,SQ,0117,2028-09-07,00166697,00003198,O,AIRPORT,0000
300,SQ,2,2028-09-08,18624,845,O,AIRPORT,
300,SQ,0117,2028-09-07,00166798,00004495,O,AIRPORT,0000
300,SQ,2,2028-09-08,18681,609,O,AIRPORT,
300,SQ,0117,2028-09-07,00166659,00002430,O,AIRPORT,0000
300,SQ,2,2028-09-08,18541,3313,O,AIRPORT,
300,SQ,0117,2028-09-07,00166835,00001621,O,AIRPORT,0000
300,SQ,2,2028-09-08,18637,512,O,AIRPORT,
300,SQ,0117,2028-09-07,00166762,00001043,O,AIRPORT,0000
300,SQ,2,2028-09-08,18602,1048,O,AIRPORT,
300,SQ,0117,2028-09-07,00166789,00000410,O,AIRPORT,0000
300,SQ,2,2028-09-08,18615,147,O,AIRPORT,
300,SQ,0117,2028-09-07,00166667,00000609,O,AIRPORT,0000
300,SQ,2,2028-09-08,18587,725,O,AIRPORT,
300,SQ,0117,2028-09-07,00166672,00003773,O,AIRPORT,0000
300,SQ,2,2028-09-08,18537,2996,O,AIRPORT,
300,SQ,0117,2028-09-07,00166812,00002232,O,AIRPORT,0000
300,SQ,2,2028-09-08,18650,621,O,AIRPORT,
300,SQ,0117,2028-09-07,00166733,00002996,O,AIRPORT,0000
300,SQ,2,2028-09-08,18551,138,O,AIRPORT,
300,SQ,0117,2028-09-07,00166745,00000798,O,AIRPORT,0000
300,SQ,2,2028-09-08,18680,909,O,AIRPORT,
300,SQ,0117,2028-09-07,00166744,00000798,O,AIRPORT,0000
300,SQ,2,2028-09-08,18724,3174,O,AIRPORT,
300,SQ,0117,2028-09-07,00166828,00003729,O,AIRPORT,0000
300,SQ,2,2028-09-08,18526,4290,O,AIRPORT,
300,SQ,0117,2028-09-07,00166753,00003258,O,AIRPORT,0000
300,SQ,2,2028-09-08,18689,316,O,AIRPORT,
300,SQ,0117,2028-09-07,00166728,00004216,O,AIRPORT,0000
300,SQ,2,2028-09-08,18651,3551,O,AIRPORT,
300,SQ,0117,2028-09-07,00166843,00004362,O,AIRPORT,0000
300,SQ,2,2028-09-08,18652,3551,O,AIRPORT,
300,SQ,0117,2028-09-07,00166877,00004629,O,AIRPORT,0000
300,SQ,2,2028-09-08,18683,2669,O,AIRPORT,
300,SQ,0117,2028-09-07,00166780,00002784,O,AIRPORT,0000
300,SQ,2,2028-09-08,18682,2669,O,AIRPORT,
300,SQ,0117,2028-09-07,00166634,00003759,O,AIRPORT,0000
300,SQ,2,2028-09-08,18578,2702,O,AIRPORT,
300,SQ,0117,2028-09-07,00166752,00003680,O,AIRPORT,0000
300,SQ,2,2028-09-08,18623,2702,O,AIRPORT,
300,SQ,2,2028-09-08,18653,2058,O,AIRPORT,
300,SQ,0117,2028-09-07,00166717,00002669,O,AIRPORT,0000
300,SQ,2,2028-09-08,18496,2079,O,AIRPORT,
300,SQ,0117,2028-09-07,00166642,00002650,O,AIRPORT,0000
300,SQ,2,2028-09-08,18716,3613,O,AIRPORT,
300,SQ,0117,2028-09-07,00166654,00004241,O,AIRPORT,0000
300,SQ,2,2028-09-08,18715,3415,O,AIRPORT,
300,SQ,0117,2028-09-07,00166760,00004359,O,AIRPORT,0000
300,SQ,2,2028-09-08,18519,1733,O,AIRPORT,
300,SQ,0117,2028-09-07,00166772,00001138,O,AIRPORT,0000
300,SQ,2,2028-09-08,18611,1395,O,AIRPORT,
300,SQ,0117,2028-09-07,00166881,00002894,O,AIRPORT,0000
300,SQ,2,2028-09-08,18591,3692,O,AIRPORT,
300,SQ,0117,2028-09-07,00166775,00000927,O,AIRPORT,0000
300,SQ,2,2028-09-08,18686,2790,O,AIRPORT,
300,SQ,2,2028-09-08,18685,2790,O,AIRPORT,
300,SQ,0117,2028-09-07,00166821,00000927,O,AIRPORT,0000
300,SQ,2,2028-09-08,18562,2103,O,AIRPORT,
300,SQ,0117,2028-09-07,00166860,00001461,O,AIRPORT,0000
300,SQ,2,2028-09-08,18669,4439,O,AIRPORT,
300,SQ,0117,2028-09-07,00166866,00004620,O,AIRPORT,0000
300,SQ,2,2028-09-08,18477,4439,O,AIRPORT,
300,SQ,0117,2028-09-07,00166883,00000698,O,AIRPORT,0000
300,SQ,2,2028-09-08,18600,880,O,AIRPORT,
300,SQ,0117,2028-09-07,00166857,00001056,O,AIRPORT,0000
300,SQ,2,2028-09-08,18532,2377,O,AIRPORT,
300,SQ,0117,2028-09-07,00166831,00000664,O,AIRPORT,0000
300,SQ,2,2028-09-08,18588,2435,O,AIRPORT,
300,SQ,0117,2028-09-07,00166880,00004350,O,AIRPORT,0000
300,SQ,2,2028-09-08,18627,1338,O,AIRPORT,
300,SQ,0117,2028-09-07,00166638,00003912,O,AIRPORT,0000
300,SQ,2,2028-09-08,18625,4368,O,AIRPORT,
300,SQ,0117,2028-09-07,00166826,00001727,O,AIRPORT,0000
300,SQ,2,2028-09-08,18538,3920,O,AIRPORT,
300,SQ,0117,2028-09-07,00166873,00002736,O,AIRPORT,0000
300,SQ,2,2028-09-08,18528,1836,O,AIRPORT,
300,SQ,0117,2028-09-07,00166817,00001472,O,AIRPORT,0000
300,SQ,2,2028-09-08,18493,309,O,AIRPORT,
300,SQ,2,2028-09-08,18563,396,O,AIRPORT,
300,SQ,0117,2028-09-07,00166746,00002267,O,AIRPORT,0000
300,SQ,2,2028-09-08,18616,4541,O,AIRPORT,
300,SQ,0117,2028-09-07,00166824,00002799,O,AIRPORT,0000
300,SQ,2,2028-09-08,18481,2788,O,AIRPORT,
300,SQ,0117,2028-09-07,00166797,00002616,O,AIRPORT,0000
300,SQ,2,2028-04-15,2420,624,O,AIRPORT,
300,SQ,0117,2028-09-07,00166803,00004534,O,AIRPORT,0000
300,SQ,2,2028-04-15,2429,2726,O,AIRPORT,
300,SQ,0117,2028-09-07,00166669,00003797,O,AIRPORT,0000
300,SQ,2,2028-04-15,2303,3157,O,AIRPORT,
300,SQ,0117,2028-09-07,00166853,00000051,O,AIRPORT,0000
300,SQ,2,2028-04-15,2384,1149,O,AIRPORT,
300,SQ,0117,2028-09-07,00166811,00000648,O,AIRPORT,0000
300,SQ,0117,2028-09-07,00166836,00000710,O,AIRPORT,0000
300,SQ,0117,2028-09-07,00166702,00003557,O,AIRPORT,0000
300,SQ,2,2028-04-15,2349,3855,O,AIRPORT,
300,SQ,2,2028-04-15,2215,2010,O,AIRPORT,
300,SQ,2,2028-04-15,2376,2639,O,AIRPORT,
300,SQ,0117,2028-09-07,00166676,00000466,O,AIRPORT,0000
300,SQ,2,2028-04-15,2242,2701,O,AIRPORT,
300,SQ,0117,2028-09-07,00166849,00003620,O,AIRPORT,0000
300,SQ,2,2028-04-15,2399,1716,O,AIRPORT,
300,SQ,0117,2028-09-07,00166653,00003981,O,AIRPORT,0000
300,SQ,2,2028-04-15,2301,3485,O,AIRPORT,
300,SQ,0117,2028-09-07,00166679,00001684,O,AIRPORT,0000
300,SQ,2,2028-04-15,2291,1781,O,AIRPORT,
300,SQ,0117,2028-09-07,00166643,00000729,O,AIRPORT,0000
300,SQ,2,2028-04-15,2354,1121,O,AIRPORT,
300,SQ,0117,2028-09-07,00166689,00001047,O,AIRPORT,0000
300,SQ,2,2028-04-15,2239,3145,O,AIRPORT,
300,SQ,0117,2028-09-07,00166839,00001569,O,AIRPORT,0000
300,SQ,2,2028-04-15,2452,2487,O,AIRPORT,
300,SQ,0117,2028-07-31,00162489,00002587,O,AIRPORT,0000
300,SQ,2,2028-04-15,2267,56,O,AIRPORT,
300,SQ,0117,2028-07-31,00162471,00002441,O,AIRPORT,0000
300,SQ,2,2028-04-15,2342,2672,O,AIRPORT,
300,SQ,0117,2028-07-31,00162368,00001916,O,AIRPORT,0000
300,SQ,2,2028-04-15,2451,1172,O,AIRPORT,
300,SQ,0117,2028-07-31,00162580,00004043,O,AIRPORT,0000
300,SQ,2,2028-04-15,2274,1172,O,AIRPORT,
300,SQ,0117,2028-07-31,00162423,00002010,O,AIRPORT,0000
300,SQ,2,2028-04-15,2330,2355,O,AIRPORT,
300,SQ,2,2028-04-15,2310,3372,O,AIRPORT,
300,SQ,0117,2028-07-31,00162419,00002701,O,AIRPORT,0000
300,SQ,2,2028-04-15,2347,4374,O,AIRPORT,
300,SQ,0117,2028-07-31,00162606,00001414,O,AIRPORT,0000
300,SQ,2,2028-04-15,2297,753,O,AIRPORT,
300,SQ,0117,2028-07-31,00162417,00001608,O,AIRPORT,0000
300,SQ,2,2028-04-15,2416,4324,O,AIRPORT,
300,SQ,0117,2028-07-31,00162498,00003386,O,AIRPORT,0000
300,SQ,2,2028-04-15,2331,2202,O,AIRPORT,
300,SQ,0117,2028-07-31,00162562,00001598,O,AIRPORT,0000
300,SQ,2,2028-04-15,2271,1664,O,AIRPORT,
300,SQ,0117,2028-07-31,00162545,00000613,O,AIRPORT,0000
300,SQ,2,2028-04-15,2370,2873,O,AIRPORT,
300,SQ,0117,2028-07-31,00162525,00000528,O,AIRPORT,0000
300,SQ,2,2028-04-15,2237,1177,O,AIRPORT,
300,SQ,2,2028-04-15,2298,2025,O,AIRPORT,
300,SQ,0117,2028-07-31,00162472,00003028,O,AIRPORT,0000
300,SQ,2,2028-04-15,2270,1732,O,AIRPORT,
300,SQ,0117,2028-07-31,00162501,00000864,O,AIRPORT,0000
300,SQ,2,2028-04-15,2254,2503,O,AIRPORT,
300,SQ,0117,2028-07-31,00162392,00003145,O,AIRPORT,0000
300,SQ,2,2028-04-15,2206,3456,O,AIRPORT,
300,SQ,0117,2028-07-31,00162518,00000661,O,AIRPORT,0000
300,SQ,2,2028-04-15,2218,2170,O,AIRPORT,
300,SQ,0117,2028-07-31,00162452,00002355,O,AIRPORT,0000
300,SQ,2,2028-04-15,2319,2804,O,AIRPORT,
300,SQ,0117,2028-07-31,00162605,00003340,O,AIRPORT,0000
300,SQ,2,2028-04-15,2393,2367,O,AIRPORT,
300,SQ,2,2028-04-15,2350,1339,O,AIRPORT,
300,SQ,0117,2028-07-31,00162563,00004601,O,AIRPORT,0000
300,SQ,2,2028-04-15,2408,3490,O,AIRPORT,
300,SQ,0117,2028-07-31,00162514,00001311,O,AIRPORT,0000
300,SQ,2,2028-04-15,2305,262,O,AIRPORT,
300,SQ,0117,2028-07-31,00162558,00002297,O,AIRPORT,0000
300,SQ,2,2028-04-15,2369,88,O,AIRPORT,
300,SQ,0117,2028-07-31,00162487,00001096,O,AIRPORT,0000
300,SQ,2,2028-04-15,2314,3251,O,AIRPORT,
300,SQ,0117,2028-07-31,00162449,00001292,O,AIRPORT,0000
300,SQ,2,2028-04-15,2358,3860,O,AIRPORT,
300,SQ,0117,2028-07-31,00162491,00002586,O,AIRPORT,0000
300,SQ,2,2028-04-15,2397,3153,O,AIRPORT,
300,SQ,0117,2028-07-31,00162390,00003349,O,AIRPORT,0000
300,SQ,2,2028-04-15,2311,796,O,AIRPORT,
300,SQ,0117,2028-07-31,00162583,00002807,O,AIRPORT,0000
300,SQ,2,2028-04-15,2234,1815,O,AIRPORT,
300,SQ,0117,2028-07-31,00162542,00001943,O,AIRPORT,0000
300,SQ,2,2028-04-15,2407,3815,O,AIRPORT,
300,SQ,0117,2028-07-31,00162508,00000895,O,AIRPORT,0000
300,SQ,2,2028-04-15,2220,3815,O,AIRPORT,
300,SQ,0117,2028-07-31,00162369,00001506,O,AIRPORT,0000
300,SQ,2,2028-04-15,2285,141,O,AIRPORT,
300,SQ,0117,2028-07-31,00162401,00000667,O,AIRPORT,0000
300,SQ,2,2028-04-15,2266,3769,O,AIRPORT,
300,SQ,2,2028-04-15,2337,1576,O,AIRPORT,
300,SQ,0117,2028-07-31,00162520,00003351,O,AIRPORT,0000
300,SQ,2,2028-04-15,2348,1578,O,AIRPORT,
300,SQ,0117,2028-07-31,00162536,00002553,O,AIRPORT,0000
300,SQ,2,2028-04-15,2360,3346,O,AIRPORT,
300,SQ,0117,2028-07-31,00162515,00000088,O,AIRPORT,0000
300,SQ,2,2028-04-15,2378,1452,O,AIRPORT,
300,SQ,0117,2028-07-31,00162546,00004223,O,AIRPORT,0000
300,SQ,2,2028-04-15,2259,2861,O,AIRPORT,
300,SQ,0117,2028-07-31,00162431,00004380,O,AIRPORT,0000
300,SQ,2,2028-04-15,2295,3171,O,AIRPORT,
300,SQ,0117,2028-07-31,00162459,00000335,O,AIRPORT,0000
300,SQ,2,2028-04-15,2244,4405,O,AIRPORT,
300,SQ,0117,2028-07-31,00162458,00000335,O,AIRPORT,0000
300,SQ,2,2028-04-15,2243,3841,O,AIRPORT,
300,SQ,0117,2028-07-31,00162371,00001312,O,AIRPORT,0000
300,SQ,2,2028-04-15,2308,2600,O,AIRPORT,
300,SQ,0117,2028-07-31,00162460,00003324,O,AIRPORT,0000
300,SQ,2,2028-04-15,2293,2560,O,AIRPORT,
300,SQ,0117,2028-07-31,00162564,00002139,O,AIRPORT,0000
300,SQ,2,2028-04-15,2355,4096,O,AIRPORT,
300,SQ,0117,2028-07-31,00162527,00001038,O,AIRPORT,0000
300,SQ,2,2028-04-15,2208,1420,O,AIRPORT,
300,SQ,0117,2028-07-31,00162468,00003244,O,AIRPORT,0000
300,SQ,2,2028-04-15,2436,3523,O,AIRPORT,
300,SQ,0117,2028-07-31,00162467,00003244,O,AIRPORT,0000
300,SQ,2,2028-04-15,2351,4612,O,AIRPORT,
300,SQ,0117,2028-07-31,00162405,00000201,O,AIRPORT,0000
300,SQ,2,2028-04-15,2400,3713,O,AIRPORT,
300,SQ,0117,2028-07-31,00162473,00001490,O,AIRPORT,0000
300,SQ,2,2028-04-15,2250,1897,O,AIRPORT,
300,SQ,0117,2028-07-31,00162505,00001549,O,AIRPORT,0000
300,SQ,2,2028-04-15,2325,1832,O,AIRPORT,
300,SQ,0117,2028-07-31,00162410,00002999,O,AIRPORT,0000
300,SQ,2,2028-04-15,2322,3507,O,AIRPORT,
300,SQ,0117,2028-07-31,00162402,00001523,O,AIRPORT,0000
300,SQ,2,2028-04-15,2362,1151,O,AIRPORT,
300,SQ,0117,2028-07-31,00162516,00002295,O,AIRPORT,0000
300,SQ,2,2028-04-15,2380,1807,O,AIRPORT,
300,SQ,2,2028-04-15,2377,2233,O,AIRPORT,
300,SQ,0117,2028-07-31,00162372,00001965,O,AIRPORT,0000
300,SQ,2,2028-04-15,2439,1587,O,AIRPORT,
300,SQ,0117,2028-07-31,00162429,00000929,O,AIRPORT,0000
300,SQ,2,2028-04-15,2221,2585,O,AIRPORT,
300,SQ,0117,2028-07-31,00162412,00002033,O,AIRPORT,0000
300,SQ,2,2028-04-15,2203,2476,O,AIRPORT,
300,SQ,0117,2028-07-31,00162478,00004501,O,AIRPORT,0000
300,SQ,2,2028-04-15,2422,4034,O,AIRPORT,
300,SQ,0117,2028-07-31,00162502,00003317,O,AIRPORT,0000
300,SQ,2,2028-04-15,2387,3071,O,AIRPORT,
300,SQ,0117,2028-07-31,00162486,00002007,O,AIRPORT,0000
300,SQ,2,2028-04-15,2409,3709,O,AIRPORT,
300,SQ,0117,2028-07-31,00162444,00000793,O,AIRPORT,0000
300,SQ,2,2028-04-15,2276,3570,O,AIRPORT,
300,SQ,2,2028-04-15,2341,4383,O,AIRPORT,
300,SQ,0117,2028-07-31,00162595,00001921,O,AIRPORT,0000
300,SQ,2,2028-04-15,2334,3260,O,AIRPORT,
300,SQ,0117,2028-07-31,00162426,00003309,O,AIRPORT,0000
300,SQ,2,2028-04-15,2328,3070,O,AIRPORT,
300,SQ,0117,2028-07-31,00162557,00001826,O,AIRPORT,0000
300,SQ,2,2028-04-15,2211,1976,O,AIRPORT,
300,SQ,0117,2028-07-31,00162496,00000186,O,AIRPORT,0000
300,SQ,2,2028-04-15,2435,1959,O,AIRPORT,
300,SQ,0117,2028-07-31,00162614,00004424,O,AIRPORT,0000
300,SQ,2,2028-04-15,2327,1079,O,AIRPORT,
300,SQ,0117,2028-07-31,00162568,00000001,O,AIRPORT,0000
300,SQ,2,2028-04-15,2339,2506,O,AIRPORT,
300,SQ,0117,2028-07-31,00162394,00001939,O,AIRPORT,0000
300,SQ,2,2028-04-15,2398,2559,O,AIRPORT,
300,SQ,0117,2028-07-31,00162597,00002991,O,AIRPORT,0000
300,SQ,2,2028-04-15,2448,3459,O,AIRPORT,
300,SQ,0117,2028-07-31,00162575,00001359,O,AIRPORT,0000
300,SQ,2,2028-04-15,2253,2835,O,AIRPORT,
300,SQ,2,2028-04-15,2230,2427,O,AIRPORT,
300,SQ,2,2028-04-15,2257,3682,O,AIRPORT,
300,SQ,2,2028-04-15,2329,3409,O,AIRPORT,
300,SQ,2,2028-04-15,2316,1036,O,AIRPORT,
300,SQ,2,2028-04-15,2217,433,O,AIRPORT,
300,SQ,2,2028-04-15,2286,3284,O,AIRPORT,
300,SQ,2,2028-04-15,2403,674,O,AIRPORT,
300,SQ,2,2028-04-15,2338,4562,O,AIRPORT,
300,SQ,2,2028-04-15,2251,1558,O,AIRPORT,
300,SQ,2,2028-04-15,2340,1162,O,AIRPORT,
300,SQ,2,2028-04-15,2278,3023,O,AIRPORT,
300,SQ,2,2028-04-15,2288,568,O,AIRPORT,
300,SQ,2,2028-04-15,2219,1705,O,AIRPORT,
300,SQ,2,2028-04-15,2309,469,O,AIRPORT,
300,SQ,2,2028-04-15,2379,501,O,AIRPORT,
300,SQ,2,2028-04-15,2406,2960,O,AIRPORT,
300,SQ,2,2028-04-15,2437,2921,O,AIRPORT,
300,SQ,2,2028-04-15,2417,1605,O,AIRPORT,
300,SQ,2,2028-04-15,2312,1426,O,AIRPORT,
300,SQ,2,2028-04-15,2449,2927,O,AIRPORT,
300,SQ,2,2028-04-15,2434,137,O,AIRPORT,
300,SQ,2,2028-04-15,2442,587,O,AIRPORT,
300,SQ,2,2028-04-15,2279,2694,O,AIRPORT,
300,SQ,2,2028-04-15,2453,361,O,AIRPORT,
300,SQ,2,2028-04-15,2256,1137,O,AIRPORT,
300,SQ,2,2028-04-15,2365,4260,O,AIRPORT,
300,SQ,2,2028-04-15,2364,4260,O,AIRPORT,
300,SQ,2,2028-04-15,2272,4288,O,AIRPORT,
300,SQ,2,2028-04-15,2273,4528,O,AIRPORT,
300,SQ,2,2028-04-15,2255,4528,O,AIRPORT,
300,SQ,2,2028-04-15,2321,3448,O,AIRPORT,
300,SQ,2,2028-04-15,2441,1927,O,AIRPORT,
300,SQ,2,2028-04-15,2336,1116,O,AIRPORT,
300,SQ,2,2028-04-15,2245,1766,O,AIRPORT,
300,SQ,2,2028-04-15,2367,3824,O,AIRPORT,
300,SQ,2,2028-04-15,2227,1721,O,AIRPORT,
300,SQ,2,2028-04-15,2411,500,O,AIRPORT,
300,SQ,2,2028-04-15,2249,3497,O,AIRPORT,
300,SQ,2,2028-04-15,2421,3429,O,AIRPORT,
300,SQ,2,2028-04-15,2222,3643,O,AIRPORT,
300,SQ,2,2028-04-15,2268,76,O,AIRPORT,
300,SQ,2,2028-04-15,2210,3583,O,AIRPORT,
300,SQ,2,2028-04-15,2447,2497,O,AIRPORT,
300,SQ,2,2028-04-15,2226,4203,O,AIRPORT,
300,SQ,2,2028-04-15,2388,4177,O,AIRPORT,
300,SQ,2,2028-04-15,2366,4221,O,AIRPORT,
300,SQ,2,2028-04-15,2289,1797,O,AIRPORT,
300,SQ,2,2028-04-15,2440,4234,O,AIRPORT,
300,SQ,2,2028-04-15,2209,2436,O,AIRPORT,
300,SQ,2,2028-04-15,2381,2598,O,AIRPORT,
300,SQ,2,2028-04-15,2300,3573,O,AIRPORT,
300,SQ,2,2028-04-15,2357,3578,O,AIRPORT,
300,SQ,2,2028-04-15,2204,458,O,AIRPORT,
300,SQ,2,2028-04-15,2304,1176,O,AIRPORT,
300,SQ,2,2028-04-15,2414,1466,O,AIRPORT,
300,SQ,2,2028-04-15,2315,1466,O,AIRPORT,
300,SQ,2,2028-04-15,2258,1429,O,AIRPORT,
300,SQ,2,2028-04-15,2390,2687,O,AIRPORT,
300,SQ,2,2028-04-15,2280,1152,O,AIRPORT,
300,SQ,2,2028-04-15,2438,2738,O,AIRPORT,
300,SQ,2,2028-04-15,2236,2178,O,AIRPORT,
300,SQ,2,2028-04-15,2235,2178,O,AIRPORT,
300,SQ,2,2028-04-15,2382,1390,O,AIRPORT,
300,SQ,2,2028-04-15,2431,3002,O,AIRPORT,
300,SQ,2,2028-04-15,2240,3693,O,AIRPORT,
300,SQ,2,2028-04-15,2424,1252,O,AIRPORT,
300,SQ,2,2028-04-15,2343,1421,O,AIRPORT,
300,SQ,2,2028-04-15,2213,80,O,AIRPORT,
300,SQ,2,2028-04-15,2345,94,O,AIRPORT,
300,SQ,2,2028-04-15,2361,2970,O,AIRPORT,
300,SQ,2,2028-04-15,2261,768,O,AIRPORT,
300,SQ,2,2028-04-15,2225,489,O,AIRPORT,
300,SQ,2,2028-04-15,2260,2912,O,AIRPORT,
300,SQ,2,2028-04-15,2263,3806,O,AIRPORT,
300,SQ,2,2028-04-15,2412,4622,O,AIRPORT,
300,SQ,2,2028-04-15,2401,3856,O,AIRPORT,
300,SQ,2,2028-04-15,2282,4074,O,AIRPORT,
300,SQ,2,2028-04-15,2333,2237,O,AIRPORT,
300,SQ,2,2028-04-15,2323,58,O,AIRPORT,
300,SQ,2,2028-04-15,2430,4152,O,AIRPORT,
300,SQ,2,2028-04-15,2433,4343,O,AIRPORT,
300,SQ,2,2028-04-15,2413,835,O,AIRPORT,
300,SQ,2,2028-04-15,2443,1376,O,AIRPORT,
300,SQ,2,2028-04-15,2294,2952,O,AIRPORT,
300,SQ,2,2028-04-15,2313,2952,O,AIRPORT,
300,SQ,2,2028-04-15,2353,2592,O,AIRPORT,
300,SQ,2,2028-04-15,2252,1873,O,AIRPORT,
300,SQ,2,2028-04-15,2391,2654,O,AIRPORT,
300,SQ,2,2028-04-15,2373,1862,O,AIRPORT,
300,SQ,2,2028-04-15,2223,1291,O,AIRPORT,
300,SQ,2,2028-04-15,2446,3406,O,AIRPORT,
300,SQ,2,2028-04-15,2419,3400,O,AIRPORT,
300,SQ,2,2028-04-15,2346,2834,O,AIRPORT,
300,SQ,2,2028-04-15,2283,2889,O,AIRPORT,
300,SQ,2,2028-04-15,2426,2532,O,AIRPORT,
300,SQ,2,2028-04-15,2445,905,O,AIRPORT,
300,SQ,2,2028-04-15,2324,3207,O,AIRPORT,
300,SQ,2,2028-04-15,2344,3893,O,AIRPORT,
300,SQ,2,2028-04-15,2385,1463,O,AIRPORT,
300,SQ,2,2028-04-15,2356,2767,O,AIRPORT,
300,SQ,2,2028-04-15,2216,782,O,AIRPORT,
300,SQ,2,2028-04-15,2296,454,O,AIRPORT,
300,SQ,2,2028-04-15,2233,810,O,AIRPORT,
300,SQ,2,2028-04-15,2302,610,O,AIRPORT,
300,SQ,2,2028-04-15,2248,3327,O,AIRPORT,
300,SQ,2,2028-04-15,2368,3739,O,AIRPORT,
300,SQ,2,2028-04-15,2214,2308,O,AIRPORT,
300,SQ,2,2028-04-15,2410,887,O,AIRPORT,
300,SQ,2,2028-04-15,2371,182,O,AIRPORT,
300,SQ,2,2028-04-15,2247,1435,O,AIRPORT,
300,SQ,2,2028-04-15,2418,2764,O,AIRPORT,
300,SQ,2,2028-04-15,2269,808,O,AIRPORT,
300,SQ,2,2028-04-15,2432,4307,O,AIRPORT,
300,SQ,2,2028-04-15,2326,2793,O,AIRPORT,
300,SQ,2,2028-04-15,2212,602,O,AIRPORT,
300,SQ,2,2028-04-15,2318,3956,O,AIRPORT,
300,SQ,2,2028-04-15,2277,4317,O,AIRPORT,
300,SQ,2,2028-04-15,2383,2926,O,AIRPORT,
300,SQ,2,2028-04-15,2427,3027,O,AIRPORT,
300,SQ,2,2028-04-15,2317,1085,O,AIRPORT,
300,SQ,2,2028-04-15,2372,3483,O,AIRPORT,
300,SQ,2,2028-04-15,2299,2607,O,AIRPORT,
300,SQ,2,2028-04-15,2207,2496,O,AIRPORT,
300,SQ,2,2028-04-15,2292,582,O,AIRPORT,
300,SQ,2,2028-04-15,2454,2505,O,AIRPORT,
300,SQ,2,2028-04-15,2423,4131,O,AIRPORT,
300,SQ,2,2028-04-15,2284,4136,O,AIRPORT,
300,SQ,2,2028-04-15,2415,238,O,AIRPORT,
300,SQ,2,2028-04-15,2307,1647,O,AIRPORT,
300,SQ,2,2028-04-15,2450,2854,O,AIRPORT,
300,SQ,2,2028-04-15,2425,2915,O,AIRPORT,
300,SQ,2,2028-04-15,2352,2915,O,AIRPORT,
300,SQ,2,2028-04-15,2375,3178,O,AIRPORT,
300,SQ,2,2028-04-15,2228,2784,O,AIRPORT,
300,SQ,2,2028-04-15,2396,4394,O,AIRPORT,
300,SQ,2,2028-04-15,2405,3735,O,AIRPORT,
300,SQ,2,2028-04-15,2363,3465,O,AIRPORT,
300,SQ,2,2028-04-15,2374,2364,O,AIRPORT,
300,SQ,2,2028-04-15,2275,2364,O,AIRPORT,
300,SQ,2,2028-04-15,2231,2079,O,AIRPORT,
300,SQ,2,2028-04-15,2265,1860,O,AIRPORT,
300,SQ,2,2028-04-15,2392,4306,O,AIRPORT,
300,SQ,2,2028-04-15,2232,680,O,AIRPORT,
300,SQ,2,2028-04-15,2246,3193,O,AIRPORT,
300,SQ,2,2028-04-15,2306,3224,O,AIRPORT,
300,SQ,2,2028-04-15,2262,381,O,AIRPORT,
300,SQ,2,2028-04-15,2320,1217,O,AIRPORT,
300,SQ,2,2028-04-15,2287,65,O,AIRPORT,
300,SQ,2,2028-04-15,2241,2568,O,AIRPORT,
300,SQ,2,2028-04-15,2290,4625,O,AIRPORT,
300,SQ,2,2028-04-15,2428,461,O,AIRPORT,
300,SQ,2,2028-04-15,2335,2071,O,AIRPORT,
300,SQ,2,2028-04-15,2389,3396,O,AIRPORT,
300,SQ,2,2028-04-15,2404,4329,O,AIRPORT,
300,SQ,2,2028-04-15,2359,648,O,AIRPORT,
300,SQ,2,2028-04-15,2229,157,O,AIRPORT,
300,SQ,2,2028-04-15,2394,2981,O,AIRPORT,
300,SQ,2,2028-04-15,2332,3801,O,AIRPORT,
300,SQ,2,2028-04-15,2386,436,O,AIRPORT,
300,SQ,2,2028-04-15,2205,2646,O,AIRPORT,
300,SQ,2,2028-04-15,2281,925,O,AIRPORT,
300,SQ,2,2028-04-15,2395,1877,O,AIRPORT,
300,SQ,2,2028-04-15,2264,2030,O,AIRPORT,
300,SQ,2,2028-04-15,2402,3033,O,AIRPORT,
300,SQ,2,2028-04-15,2224,3033,O,AIRPORT,
300,SQ,2,2028-04-15,2444,1761,O,AIRPORT,
300,SQ,2,2028-04-15,2238,2119,O,AIRPORT,
300,SQ,2,2028-04-18,2500,3110,O,AIRPORT,
300,SQ,2,2028-04-18,2552,743,O,AIRPORT,
300,SQ,2,2028-04-18,2493,3627,O,AIRPORT,
300,SQ,2,2028-04-18,2681,2754,O,AIRPORT,
300,SQ,2,2028-04-18,2527,3639,O,AIRPORT,
300,SQ,2,2028-04-18,2559,2117,O,AIRPORT,
300,SQ,2,2028-04-18,2540,2606,O,AIRPORT,
300,SQ,2,2028-04-18,2468,1947,O,AIRPORT,
300,SQ,2,2028-04-18,2473,1736,O,AIRPORT,
300,SQ,2,2028-04-18,2617,864,O,AIRPORT,
300,SQ,2,2028-04-18,2589,2487,O,AIRPORT,
300,SQ,2,2028-04-18,2665,4299,O,AIRPORT,
300,SQ,2,2028-04-18,2675,831,O,AIRPORT,
300,SQ,2,2028-04-18,2629,2134,O,AIRPORT,
300,SQ,2,2028-04-18,2471,1737,O,AIRPORT,
300,SQ,2,2028-04-18,2531,1062,O,AIRPORT,
300,SQ,2,2028-04-18,2636,2362,O,AIRPORT,
300,SQ,2,2028-04-18,2657,2836,O,AIRPORT,
300,SQ,0117,2028-07-31,00162534,00002627,O,AIRPORT,0000
300,SQ,0117,2028-07-31,00162435,00004349,O,AIRPORT,0000
300,SQ,0117,2028-07-31,00162414,00002051,O,AIRPORT,0000
300,SQ,0117,2028-07-31,00162533,00000963,O,AIRPORT,0000
300,SQ,0117,2028-07-31,00162434,00004550,O,AIRPORT,0000
300,SQ,0117,2028-07-31,00162388,00000960,O,AIRPORT,0000
300,SQ,0117,2028-07-31,00162590,00000960,O,AIRPORT,0000
300,SQ,0117,2028-07-31,00162612,00001805,O,AIRPORT,0000
300,SQ,0117,2028-07-31,00162572,00001094,O,AIRPORT,0000
300,SQ,0117,2028-07-31,00162380,00000040,O,AIRPORT,0000
300,SQ,0117,2028-07-31,00162382,00003219,O,AIRPORT,0000
300,SQ,0117,2028-07-31,00162464,00004195,O,AIRPORT,0000
300,SQ,0117,2028-07-31,00162476,00001065,O,AIRPORT,0000
300,SQ,0117,2028-07-31,00162554,00002080,O,AIRPORT,0000
300,SQ,0117,2028-07-31,00162375,00003119,O,AIRPORT,0000
300,SQ,0117,2028-07-31,00162603,00001597,O,AIRPORT,0000
300,SQ,0117,2028-07-31,00162413,00002325,O,AIRPORT,0000
300,SQ,0117,2028-07-31,00162513,00002286,O,AIRPORT,0000
300,SQ,0117,2028-07-31,00162591,00002286,O,AIRPORT,0000
300,SQ,0117,2028-07-31,00162510,00001660,O,AIRPORT,0000
300,SQ,0117,2028-07-31,00162607,00000374,O,AIRPORT,0000
300,SQ,0117,2028-07-31,00162577,00002525,O,AIRPORT,0000
300,SQ,0117,2028-07-31,00162585,00000599,O,AIRPORT,0000
300,SQ,0117,2028-07-31,00162566,00003800,O,AIRPORT,0000
300,SQ,0117,2028-07-31,00162385,00003977,O,AIRPORT,0000
300,SQ,0117,2028-07-31,00162374,00001139,O,AIRPORT,0000
300,SQ,0117,2028-07-31,00162442,00001584,O,AIRPORT,0000
300,SQ,0117,2028-07-31,00162411,00003511,O,AIRPORT,0000
300,SQ,0117,2028-07-31,00162407,00003377,O,AIRPORT,0000
300,SQ,0117,2028-07-31,00162573,00000525,O,AIRPORT,0000
300,SQ,0117,2028-07-31,00162416,00004369,O,AIRPORT,0000
300,SQ,0117,2028-07-31,00162547,00001902,O,AIRPORT,0000
300,SQ,0117,2028-07-31,00162447,00001824,O,AIRPORT,0000
300,SQ,0117,2028-07-31,00162418,00003274,O,AIRPORT,0000
300,SQ,0117,2028-07-31,00162469,00003779,O,AIRPORT,0000
300,SQ,0117,2028-07-31,00162377,00001222,O,AIRPORT,0000
300,SQ,0117,2028-07-31,00162604,00001953,O,AIRPORT,0000
300,SQ,0117,2028-07-31,00162406,00002728,O,AIRPORT,0000
300,SQ,0117,2028-07-31,00162454,00002676,O,AIRPORT,0000
300,SQ,0117,2028-07-31,00162482,00002903,O,AIRPORT,0000
300,SQ,0117,2028-07-31,00162404,00002768,O,AIRPORT,0000
300,SQ,0117,2028-07-31,00162587,00002264,O,AIRPORT,0000
300,SQ,0117,2028-07-31,00162569,00000561,O,AIRPORT,0000
300,SQ,0117,2028-07-31,00162477,00004056,O,AIRPORT,0000
300,SQ,0117,2028-07-31,00162571,00003497,O,AIRPORT,0000
300,SQ,0117,2028-07-31,00162619,00002063,O,AIRPORT,0000
300,SQ,0117,2028-07-31,00162425,00001159,O,AIRPORT,0000
300,SQ,0117,2028-07-31,00162383,00001940,O,AIRPORT,0000
300,SQ,0117,2028-07-31,00162602,00000675,O,AIRPORT,0000
300,SQ,0117,2028-07-31,00162483,00000342,O,AIRPORT,0000
300,SQ,0117,2028-07-31,00162481,00003829,O,AIRPORT,0000
300,SQ,0117,2028-07-31,00162559,00001971,O,AIRPORT,0000
300,SQ,0117,2028-07-31,00162495,00001797,O,AIRPORT,0000
300,SQ,0117,2028-07-31,00162387,00003041,O,AIRPORT,0000
300,SQ,0117,2028-07-31,00162373,00003825,O,AIRPORT,0000
300,SQ,0117,2028-07-31,00162592,00002420,O,AIRPORT,0000
300,SQ,0117,2028-07-31,00162589,00003303,O,AIRPORT,0000
300,SQ,0117,2028-07-31,00162436,00000696,O,AIRPORT,0000
300,SQ,0117,2028-07-31,00162535,00000505,O,AIRPORT,0000
300,SQ,0117,2028-07-31,00162551,00001661,O,AIRPORT,0000
300,SQ,0117,2028-07-31,00162561,00001751,O,AIRPORT,0000
300,SQ,0117,2028-07-31,00162511,00001196,O,AIRPORT,0000
300,SQ,0117,2028-07-31,00162465,00001176,O,AIRPORT,0000
300,SQ,0117,2028-07-31,00162422,00003081,O,AIRPORT,0000
300,SQ,0117,2028-07-31,00162456,00004197,O,AIRPORT,0000
300,SQ,0117,2028-07-31,00162443,00004021,O,AIRPORT,0000
300,SQ,0117,2028-07-31,00162528,00004021,O,AIRPORT,0000
300,SQ,0117,2028-07-31,00162552,00003623,O,AIRPORT,0000
300,SQ,0117,2028-07-31,00162549,00003560,O,AIRPORT,0000
300,SQ,0117,2028-07-31,00162438,00001002,O,AIRPORT,0000
300,SQ,0117,2028-07-31,00162393,00003401,O,AIRPORT,0000
300,SQ,0117,2028-07-31,00162378,00003364,O,AIRPORT,0000
300,SQ,0117,2028-07-31,00162570,00000806,O,AIRPORT,0000
300,SQ,0117,2028-07-31,00162512,00000306,O,AIRPORT,0000
300,SQ,0117,2028-07-31,00162499,00004468,O,AIRPORT,0000
300,SQ,0117,2028-07-31,00162574,00003836,O,AIRPORT,0000
300,SQ,0117,2028-07-31,00162506,00000263,O,AIRPORT,0000
300,SQ,0117,2028-07-31,00162397,00001372,O,AIRPORT,0000
300,SQ,0117,2028-07-31,00162441,00003927,O,AIRPORT,0000
300,SQ,0117,2028-07-31,00162379,00001518,O,AIRPORT,0000
300,SQ,0117,2028-07-31,00162463,00002908,O,AIRPORT,0000
300,SQ,0117,2028-07-31,00162560,00000143,O,AIRPORT,0000
300,SQ,0117,2028-07-31,00162526,00004170,O,AIRPORT,0000
300,SQ,0117,2028-07-31,00162509,00000267,O,AIRPORT,0000
300,SQ,0117,2028-07-31,00162470,00002284,O,AIRPORT,0000
300,SQ,0117,2028-07-31,00162400,00000630,O,AIRPORT,0000
300,SQ,0117,2028-07-31,00162530,00001243,O,AIRPORT,0000
300,SQ,0117,2028-07-31,00162507,00000068,O,AIRPORT,0000
300,SQ,0117,2028-07-31,00162446,00002234,O,AIRPORT,0000
300,SQ,0117,2028-07-31,00162448,00003373,O,AIRPORT,0000
300,SQ,0117,2028-07-31,00162492,00000446,O,AIRPORT,0000
300,SQ,0117,2028-07-31,00162409,00003636,O,AIRPORT,0000
300,SQ,0117,2028-07-31,00162437,00004401,O,AIRPORT,0000
300,SQ,0117,2028-07-31,00162490,00001470,O,AIRPORT,0000
300,SQ,0117,2028-07-31,00162615,00001918,O,AIRPORT,0000
300,SQ,0117,2028-07-31,00162386,00001214,O,AIRPORT,0000
300,SQ,0117,2028-07-31,00162420,00004166,O,AIRPORT,0000
300,SQ,0117,2028-07-31,00162480,00004166,O,AIRPORT,0000
300,SQ,0117,2028-07-31,00162565,00000745,O,AIRPORT,0000
300,SQ,0117,2028-07-31,00162579,00003085,O,AIRPORT,0000
300,SQ,0117,2028-07-31,00162613,00000682,O,AIRPORT,0000
300,SQ,0117,2028-07-31,00162450,00000644,O,AIRPORT,0000
300,SQ,0117,2028-07-31,00162440,00000974,O,AIRPORT,0000
300,SQ,0117,2028-07-31,00162523,00004078,O,AIRPORT,0000
300,SQ,0117,2028-07-31,00162616,00000218,O,AIRPORT,0000
300,SQ,0117,2028-07-31,00162493,00001434,O,AIRPORT,0000
300,SQ,0117,2028-07-31,00162484,00003331,O,AIRPORT,0000
300,SQ,0117,2028-07-31,00162461,00002308,O,AIRPORT,0000
300,SQ,0117,2028-07-31,00162370,00002849,O,AIRPORT,0000
300,SQ,0117,2028-07-31,00162548,00000610,O,AIRPORT,0000
300,SQ,0117,2028-07-31,00162451,00000778,O,AIRPORT,0000
300,SQ,0117,2028-07-31,00162578,00000778,O,AIRPORT,0000
300,SQ,0117,2028-07-31,00162430,00001540,O,AIRPORT,0000
300,SQ,0117,2028-07-31,00162618,00001740,O,AIRPORT,0000
300,SQ,0117,2028-07-31,00162519,00000905,O,AIRPORT,0000
300,SQ,0117,2028-07-31,00162396,00000896,O,AIRPORT,0000
300,SQ,0117,2028-07-31,00162488,00000447,O,AIRPORT,0000
300,SQ,0117,2028-07-31,00162517,00002492,O,AIRPORT,0000
300,SQ,0117,2028-07-31,00162398,00004610,O,AIRPORT,0000
300,SQ,0117,2028-07-31,00162421,00004160,O,AIRPORT,0000
300,SQ,0117,2028-07-31,00162522,00001681,O,AIRPORT,0000
300,SQ,0117,2028-07-31,00162521,00001681,O,AIRPORT,0000
300,SQ,0117,2028-07-31,00162567,00001681,O,AIRPORT,0000
300,SQ,0117,2028-07-31,00162556,00002567,O,AIRPORT,0000
300,SQ,0117,2028-07-31,00162540,00001525,O,AIRPORT,0000
300,SQ,0117,2028-07-31,00162601,00002793,O,AIRPORT,0000
300,SQ,0117,2028-07-31,00162389,00002797,O,AIRPORT,0000
300,SQ,0117,2028-07-31,00162586,00003359,O,AIRPORT,0000
300,SQ,0117,2028-07-31,00162395,00003375,O,AIRPORT,0000
300,SQ,0117,2028-07-31,00162611,00001083,O,AIRPORT,0000
300,SQ,0117,2028-07-31,00162500,00002468,O,AIRPORT,0000
300,SQ,0117,2028-07-31,00162596,00000414,O,AIRPORT,0000
300,SQ,0117,2028-07-31,00162408,00004287,O,AIRPORT,0000
300,SQ,0117,2028-07-31,00162485,00000292,O,AIRPORT,0000
300,SQ,0117,2028-07-31,00162593,00000054,O,AIRPORT,0000
300,SQ,0117,2028-07-31,00162541,00002496,O,AIRPORT,0000
300,SQ,0117,2028-07-31,00162538,00000823,O,AIRPORT,0000
300,SQ,0117,2028-07-31,00162550,00001078,O,AIRPORT,0000
300,SQ,0117,2028-07-31,00162445,00001255,O,AIRPORT,0000
300,SQ,0117,2028-07-31,00162432,00002915,O,AIRPORT,0000
300,SQ,0117,2028-07-31,00162594,00000438,O,AIRPORT,0000
300,SQ,0117,2028-07-31,00162462,00001236,O,AIRPORT,0000
300,SQ,0117,2028-07-31,00162555,00003566,O,AIRPORT,0000
300,SQ,0117,2028-07-31,00162543,00000621,O,AIRPORT,0000
300,SQ,0117,2028-07-31,00162439,00000010,O,AIRPORT,0000
300,SQ,0117,2028-07-31,00162428,00000512,O,AIRPORT,0000
300,SQ,0117,2028-07-31,00162582,00000848,O,AIRPORT,0000
300,SQ,0117,2028-07-31,00162581,00000848,O,AIRPORT,0000
300,SQ,0117,2028-07-31,00162529,00001993,O,AIRPORT,0000
300,SQ,0117,2028-07-31,00162504,00003726,O,AIRPORT,0000
300,SQ,0117,2028-07-31,00162576,00001969,O,AIRPORT,0000
300,SQ,0117,2028-07-31,00162600,00001760,O,AIRPORT,0000
300,SQ,0117,2028-07-31,00162524,00004470,O,AIRPORT,0000
300,SQ,0117,2028-07-31,00162598,00000016,O,AIRPORT,0000
300,SQ,0117,2028-07-31,00162479,00001063,O,AIRPORT,0000
300,SQ,0117,2028-07-31,00162403,00003100,O,AIRPORT,0000
300,SQ,0117,2028-07-31,00162497,00000472,O,AIRPORT,0000
300,SQ,0117,2028-07-31,00162553,00004410,O,AIRPORT,0000
300,SQ,0117,2028-07-31,00162384,00003600,O,AIRPORT,0000
300,SQ,0117,2028-07-31,00162503,00004348,O,AIRPORT,0000
300,SQ,0117,2028-07-31,00162544,00003055,O,AIRPORT,0000
300,SQ,0117,2028-07-31,00162391,00003421,O,AIRPORT,0000
300,SQ,0117,2028-07-31,00162494,00002843,O,AIRPORT,0000
300,SQ,0117,2028-07-31,00162455,00003410,O,AIRPORT,0000
300,SQ,0117,2028-07-31,00162532,00001097,O,AIRPORT,0000
300,SQ,0117,2028-07-31,00162588,00002384,O,AIRPORT,0000
300,SQ,0117,2028-07-31,00162381,00004588,O,AIRPORT,0000
300,SQ,0117,2028-07-31,00162599,00001290,O,AIRPORT,0000
300,SQ,0117,2028-07-31,00162537,00000664,O,AIRPORT,0000
300,SQ,0117,2028-07-31,00162608,00000727,O,AIRPORT,0000
300,SQ,0117,2028-07-31,00162609,00000803,O,AIRPORT,0000
300,SQ,0117,2028-07-31,00162475,00002106,O,AIRPORT,0000
300,SQ,0117,2028-07-31,00162424,00000573,O,AIRPORT,0000
300,SQ,0117,2028-07-31,00162415,00000867,O,AIRPORT,0000
300,SQ,0117,2028-07-31,00162531,00001298,O,AIRPORT,0000
300,SQ,0117,2028-07-31,00162610,00003521,O,AIRPORT,0000
300,SQ,0117,2028-07-31,00162617,00003125,O,AIRPORT,0000
300,SQ,0117,2028-07-31,00162376,00002068,O,AIRPORT,0000
300,SQ,0117,2028-07-31,00162453,00001765,O,AIRPORT,0000
300,SQ,0117,2028-07-31,00162457,00001198,O,AIRPORT,0000
300,SQ,0117,2028-07-31,00162474,00004300,O,AIRPORT,0000
300,SQ,0117,2028-07-31,00162584,00000451,O,AIRPORT,0000
300,SQ,0117,2028-07-31,00162433,00000925,O,AIRPORT,0000
300,SQ,0117,2028-07-31,00162399,00003747,O,AIRPORT,0000
300,SQ,0117,2028-07-31,00162427,00000396,O,AIRPORT,0000
300,SQ,0117,2028-07-31,00162466,00003862,O,AIRPORT,0000
300,SQ,0117,2028-08-09,00163407,00000542,O,AIRPORT,0000
300,SQ,0117,2028-08-09,00163379,00001189,O,AIRPORT,0000
300,SQ,0117,2028-08-09,00163606,00000994,O,AIRPORT,0000
300,SQ,0117,2028-08-09,00163419,00003514,O,AIRPORT,0000
300,SQ,0117,2028-08-09,00163468,00003855,O,AIRPORT,0000
300,SQ,0117,2028-08-09,00163492,00003710,O,AIRPORT,0000
300,SQ,0117,2028-08-09,00163495,00002639,O,AIRPORT,0000
300,SQ,0117,2028-08-09,00163449,00004536,O,AIRPORT,0000
300,SQ,0117,2028-08-09,00163543,00004245,O,AIRPORT,0000
300,SQ,0117,2028-08-09,00163415,00000536,O,AIRPORT,0000
300,SQ,0117,2028-08-09,00163406,00004429,O,AIRPORT,0000
300,SQ,0117,2028-08-09,00163444,00002268,O,AIRPORT,0000
300,SQ,0117,2028-08-09,00163520,00000592,O,AIRPORT,0000
300,SQ,0117,2028-08-09,00163531,00000613,O,AIRPORT,0000
300,SQ,0117,2028-08-09,00163480,00002672,O,AIRPORT,0000
300,SQ,0117,2028-08-09,00163498,00003414,O,AIRPORT,0000
300,SQ,0117,2028-08-09,00163604,00003408,O,AIRPORT,0000
300,SQ,0117,2028-08-09,00163484,00004093,O,AIRPORT,0000
300,SQ,0117,2028-08-09,00163611,00000478,O,AIRPORT,0000
300,SQ,0117,2028-08-09,00163380,00003064,O,AIRPORT,0000
300,SQ,0117,2028-08-09,00163455,00002082,O,AIRPORT,0000
300,SQ,0117,2028-08-09,00163555,00004571,O,AIRPORT,0000
300,SQ,0117,2028-08-09,00163579,00003475,O,AIRPORT,0000
300,SQ,0117,2028-08-09,00163537,00000026,O,AIRPORT,0000
300,SQ,0117,2028-08-09,00163556,00003349,O,AIRPORT,0000
300,SQ,0117,2028-08-09,00163494,00004121,O,AIRPORT,0000
300,SQ,0117,2028-08-09,00163490,00004012,O,AIRPORT,0000
300,SQ,0117,2028-08-09,00163375,00002807,O,AIRPORT,0000
300,SQ,0117,2028-08-09,00163600,00000765,O,AIRPORT,0000
300,SQ,0117,2028-08-09,00163607,00004053,O,AIRPORT,0000
300,SQ,2,2028-04-18,2472,1263,O,AIRPORT,
300,SQ,0117,2028-08-09,00163539,00002077,O,AIRPORT,0000
300,SQ,2,2028-04-18,2486,1119,O,AIRPORT,
300,SQ,0117,2028-08-09,00163514,00003671,O,AIRPORT,0000
300,SQ,2,2028-04-18,2599,4402,O,AIRPORT,
300,SQ,0117,2028-08-09,00163463,00004332,O,AIRPORT,0000
300,SQ,2,2028-04-18,2603,1664,O,AIRPORT,
300,SQ,0117,2028-08-09,00163442,00003750,O,AIRPORT,0000
300,SQ,2,2028-04-18,2619,386,O,AIRPORT,
300,SQ,0117,2028-08-09,00163493,00002070,O,AIRPORT,0000
300,SQ,2,2028-04-18,2485,4344,O,AIRPORT,
300,SQ,0117,2028-08-09,00163587,00000223,O,AIRPORT,0000
300,SQ,2,2028-04-18,2637,354,O,AIRPORT,
300,SQ,0117,2028-08-09,00163432,00003858,O,AIRPORT,0000
300,SQ,2,2028-04-18,2649,1193,O,AIRPORT,
300,SQ,2,2028-04-18,2664,3543,O,AIRPORT,
300,SQ,0117,2028-08-09,00163592,00004089,O,AIRPORT,0000
300,SQ,2,2028-04-18,2630,1107,O,AIRPORT,
300,SQ,0117,2028-08-09,00163580,00001479,O,AIRPORT,0000
300,SQ,2,2028-04-18,2551,1585,O,AIRPORT,
300,SQ,0117,2028-08-09,00163599,00003866,O,AIRPORT,0000
300,SQ,2,2028-04-18,2609,1430,O,AIRPORT,
300,SQ,0117,2028-08-09,00163529,00002537,O,AIRPORT,0000
300,SQ,2,2028-04-18,2558,4162,O,AIRPORT,
300,SQ,0117,2028-08-09,00163466,00000197,O,AIRPORT,0000
300,SQ,2,2028-04-18,2591,4101,O,AIRPORT,
300,SQ,2,2028-04-18,2677,2426,O,AIRPORT,
300,SQ,0117,2028-08-09,00163568,00002419,O,AIRPORT,0000
300,SQ,2,2028-04-18,2579,3453,O,AIRPORT,
300,SQ,0117,2028-08-09,00163439,00003622,O,AIRPORT,0000
300,SQ,2,2028-04-18,2469,2610,O,AIRPORT,
300,SQ,0117,2028-08-09,00163428,00002345,O,AIRPORT,0000
300,SQ,2,2028-04-18,2627,1066,O,AIRPORT,
300,SQ,0117,2028-08-09,00163440,00002818,O,AIRPORT,0000
300,SQ,2,2028-04-18,2539,756,O,AIRPORT,
300,SQ,0117,2028-08-09,00163612,00003841,O,AIRPORT,0000
300,SQ,2,2028-04-18,2581,300,O,AIRPORT,
300,SQ,0117,2028-08-09,00163609,00004083,O,AIRPORT,0000
300,SQ,2,2028-04-18,2640,1861,O,AIRPORT,
300,SQ,0117,2028-08-09,00163454,00000598,O,AIRPORT,0000
300,SQ,2,2028-04-18,2706,383,O,AIRPORT,
300,SQ,2,2028-04-18,2702,2486,O,AIRPORT,
300,SQ,0117,2028-08-09,00163508,00002379,O,AIRPORT,0000
300,SQ,2,2028-04-18,2477,676,O,AIRPORT,
300,SQ,0117,2028-08-09,00163482,00000970,O,AIRPORT,0000
300,SQ,2,2028-04-18,2543,3197,O,AIRPORT,
300,SQ,0117,2028-08-09,00163585,00003460,O,AIRPORT,0000
300,SQ,0117,2028-08-09,00163564,00003516,O,AIRPORT,0000
300,SQ,0117,2028-08-09,00163546,00004489,O,AIRPORT,0000
300,SQ,2,2028-04-18,2474,3671,O,AIRPORT,
300,SQ,2,2028-04-18,2537,617,O,AIRPORT,
300,SQ,2,2028-04-18,2577,3013,O,AIRPORT,
300,SQ,2,2028-04-18,2585,398,O,AIRPORT,
300,SQ,2,2028-04-18,2633,2600,O,AIRPORT,
300,SQ,2,2028-04-18,2481,3526,O,AIRPORT,
300,SQ,2,2028-04-18,2597,1568,O,AIRPORT,
